"gene","GSM3191893","GSM3191894","GSM3191895","GSM3191896","GSM3191897","GSM3191898","GSM3191899","GSM3191900","GSM3191901","GSM3191902","GSM3191903","GSM3191904","GSM3191905","GSM3191906","GSM3191907","GSM3191908","GSM3191909","GSM3191910","GSM3191911","GSM3191912","GSM3191913","GSM3191914","GSM3191915","GSM3191916","GSM3191917","GSM3191918","GSM3191919","GSM3191920","GSM3191921","GSM3191922","GSM3191923","GSM3191924","GSM3191925","GSM3191926","GSM3191927","GSM3191928","GSM3191929","GSM3191930","GSM3191931","GSM3191932","GSM3191933","GSM3191934","GSM3191935","GSM3191936","GSM3191937","GSM3191938","GSM3191939","GSM3191940","GSM3191941","GSM3191942","GSM3191943","GSM3191944","GSM3191945","GSM3191946","GSM3191947","GSM3191948","GSM3191949","GSM3191950","GSM3191951","GSM3191952","GSM3191953","GSM3191954","GSM3191955","GSM3191956","GSM3191957","GSM3191958","GSM3191959","GSM3191960","GSM3191961","GSM3191962","GSM3191963","GSM3191964","GSM3191965","GSM3191966","GSM3191967","GSM3191968","GSM3191969","GSM3191970","GSM3191971","GSM3191972","GSM3191973","GSM3191974","GSM3191975","GSM3191976","GSM3191977","GSM3191978"
"NDNF",1.01173709651163,1.85673374034884,1.22945026267442,-0.358404799209302,0.774850900546512,0.156017626348837,0.848715346744186,0.378468220453488,-0.0167383504651163,0.131228754081395,1.09200190697674,1.41620094918605,1.06674477593023,0.399785118151163,1.5862041194186,-0.332132514593023,-0.295667729581395,0.863984958255814,-0.077919109744186,-0.217172817709302,0.159255870093023,0.45477613344186,1.15999868406977,1.21787792988372,0.169122290081395,0.0384993557906977,-0.102100583116279,0.454609146872093,-0.0873401918372093,0.256935150255814,0.449047479255814,-0.0839746177093023,0.881193297093023,1.92721913174419,-0.549044531046512,0.223668107686047,-0.457165002267442,0.0431372039767442,-0.0234154993953488,0.0209824783139535,-0.230517332790698,-0.265695064872093,0.138013082034884,-0.489409426209302,-0.195991862081395,0.297293084162791,-0.133804321523256,0.210777059616279,0.0647565429534884,0.579410908093023,-0.204730592151163,-0.041367169244186,0.0428645798953488,-0.00798378638372093,-0.371229485197674,1.07878492918605,1.59871501953488,1.25822018697674,1.4640228772093,0.887075099534884,2.65090101104651,2.71692129767442,-0.252362960360465,1.63176204372093,1.21221525883721,0.220933346011628,1.04400977976744,2.46402719488372,2.94745527523256,1.33473004872093,1.71416594918605,2.68152310116279,1.71313380418605,2.52713995232558,0.251420161825581,1.83626535046512,0.689889225406977,2.26479455930233,-0.0626591100232558,1.12063931337209,-0.0880681301627907,1.95293395313953,2.53405203406977,0.389875965383721,-0.381541935813953,-0.112575660255814
"COXFA4L2",0.939826411976744,2.25896810767442,1.34738393930233,0.0170426991162791,0.307702311662791,0.165464631895349,1.20363324476744,0.196400956895349,1.17566135581395,1.02145889755814,1.39169589081395,1.44365999302326,1.29028514360465,1.04959598081395,1.90707793569767,0.500133227813954,0.659709596686047,0.735287901616279,0.386162185581395,0.440802111790698,0.230920522837209,1.1419933044186,1.86930378918605,0.956258327325581,0.471183713697674,0.338302615476744,0.280663547534884,1.38995843511628,1.57539338081395,0.590212519139535,1.09882524406977,0.848348312093023,1.40756089127907,2.57157737209302,-0.24783268705814,-0.427775820697674,-0.223778807790698,-0.265922849290698,0.342904580267442,-0.00600040811627907,-0.0919452800930233,-0.276257296209302,-0.201947147372093,-0.102392149697674,-0.150884497302326,-0.0169403258488372,0.0252160685581395,0.0241325504767442,-0.32082979105814,0.315183525197674,0.470464562790698,-0.214253973046512,0.0228589885,-0.209671698186047,-0.383557415848837,0.873323579302326,0.315705207872093,0.0416348341046512,-0.0781415932790698,0.0765932597906977,0.7355717795,0.564041441383721,0.0773576734418605,0.914405631162791,1.53066486034884,0.117663803511628,0.83602536372093,1.53272339639535,1.04413131093023,1.11703631232558,1.85085952290698,1.13878538104651,1.20293721930233,0.814697134418605,0.496728204953488,1.26757854755814,1.27129917325581,3.10278278604651,1.419106115,2.17884343546512,0.651928118523256,0.751551555,0.790058966906977,0.462635137209302,0.898639296162791,0.232248953116279
"LRRC18",1.0542503722093,1.46350545848837,0.897845021627907,0.560543098953488,0.737243877930233,0.681488006744186,1.35401247093023,0.649436405186047,1.27643280313953,0.810782411744186,1.31226820767442,1.55833554290698,1.35163851790698,1.73672853837209,1.32947642360465,-0.201342154174419,0.705255950093023,-0.00436242147674418,0.160363973186047,0.746240899813953,0.0160853944302326,1.32924577337209,1.88724524383721,0.686193207651163,1.61003623860465,0.688584457953488,0.759095125511628,0.940748953604651,1.09624983186047,1.00719036476744,1.32155199930233,1.18987890034884,0.828365198139535,1.83536911581395,0.0175472719186047,-0.218091270848837,-0.194772892406977,0.0765932597906977,-0.110467895267442,0.0258650824534884,-0.141968202813953,-0.176198326290698,0.587515561755814,0.0387303875581395,0.137256765081395,0.152838351674419,0.131943435313953,0.0146263647790698,-0.377749781569767,0.882819427093023,0.0607405069302326,-0.195213396232558,0.142733637383721,-0.239570037453488,0.0233589381511628,1.35505771383721,0.491490395418605,1.07165743697674,0.768605679883721,1.42297497337209,1.56403122069767,1.46943196081395,-0.408971588453488,1.44229953581395,1.9631141894186,-0.0656574088488372,0.941078713604651,1.37835226267442,1.13252585930233,0.844161389069767,1.31957384930233,1.90271001406977,0.58513883072093,0.735194346046512,1.07064171244186,1.43876760046512,0.315768859302326,1.1463166222093,0.0964395112441861,1.40221139406977,-0.604375899418605,0.380686188209302,0.901166083255814,0.931661615348837,0.658662806651163,0.00977576373255814
"IL12RB1",0.345722447581395,1.01929310162791,0.709920342325581,0.866630559883721,0.921534800116279,1.15167193162791,0.369550563313953,0.974345427790698,1.46091741174419,1.44031529569767,1.18882865697674,1.15992851325581,0.371804161837209,0.566801123267442,0.573374613232558,1.46911710313953,0.874323983837209,0.413892811511628,0.925410161046512,0.987252764883721,1.38662792313953,0.552921883406977,1.20834170837209,0.811345260302326,1.17907157255814,1.27410802325581,1.22809244523256,0.684518053430233,1.27895575674419,0.825400188139535,0.712889508488372,1.05010634744186,0.562641129465116,0.552645049360465,1.77831691465116,1.29396751395349,1.70890240953488,1.33286123744186,1.47279990139535,1.24034068662791,1.2360138,1.4873412544186,0.928134097093023,1.4560527072093,1.46512756593023,1.30130918883721,1.24996568767442,1.26341795232558,1.42005092267442,1.39686779616279,1.39341220534884,1.50602478988372,1.10599752569767,1.50559487046512,2.47589744534884,0.713804586244186,0.756781759534884,0.881508535465116,0.84095471127907,0.766704585,0.604738699104651,0.850678074302326,2.03164833604651,0.769597010848837,0.781834770348837,0.670054871825581,0.813704529186047,0.776844974825581,0.601123387953488,0.85781077755814,0.799991133837209,0.786147739837209,0.676061253372093,0.701714557313953,0.864328077209302,0.736186698488372,0.414239115267442,0.716702180418605,0.923661646744186,0.958866666627907,1.15932970639535,0.553615825174419,0.436992641534884,0.904019642093023,0.499962649848837,1.14107316872093
"ACAT1",1.18714188546512,0.940910191744186,1.7579962394186,0.711200232767442,0.725431126872093,0.861114045697674,1.50016218767442,-0.099072095872093,1.45593004686047,1.43470919593023,1.58683551662791,1.69701452627907,1.57704039,1.13530628604651,1.48059645767442,-0.0475043960697674,0.425288421767442,0.548476305546512,0.352951710627907,0.800179113069767,0.371939144034884,1.21625964360465,1.3593641344186,0.627573687790698,1.53272339639535,0.214247118569767,0.86101050744186,0.851299492325581,0.91636636872093,0.606235759569767,1.20678659360465,0.993114677325581,1.07609078918605,1.4295712105814,0.0452085282790698,-0.10845167622093,-0.37094242744186,0.820625370290698,0.0331140285116279,0.388182649093023,-0.164658265011628,0.227437710627907,0.578382753569767,0.454269132930233,0.601884314930233,0.336397325197674,0.0767865302674419,0.465114767418605,0.152652361406977,0.671518189372093,1.01232809372093,0.0548058408488372,0.379598149488372,0.00449515904651163,-0.298431815616279,1.11422631186047,1.34368483848837,1.15479539360465,0.458649589709302,1.58266561023256,1.19804988755814,1.35880809395349,-0.255152388523256,1.08353991511628,1.10720505976744,-0.13518942222093,0.363832267418605,1.267448055,0.902144615581395,1.01660581093023,1.03085702011628,0.819143963255814,1.786204405,0.76182618955814,0.953104364302326,0.715642475093023,0.89431661627907,1.32089850953488,0.867320349418605,1.5746873694186,0.874133187674419,2.11392422267442,2.00706202127907,0.716858973581395,0.906053910930233,0.813094133906977
"TAFA1",0.305981582674419,0.497372996406977,0.72791989222093,0.962487025465116,0.427721940151163,1.46207298232558,0.375371001744186,0.95892386,0.796091504302326,1.15094173511628,0.789797415697674,0.783144942790698,0.672477831581395,0.578279902406977,0.822160680755814,2.60231086593023,1.00370925186047,0.598803796406977,1.20820944151163,1.17258681174419,1.36709081313953,0.715586392174419,0.476216402965116,0.596808135639535,1.19159772162791,1.14449871151163,1.49498745918605,0.785384173139535,0.678075871488372,0.850917290465116,0.911447274186047,0.938675804186047,0.688071416116279,0.738900554360465,1.34001115186047,1.53975049476744,1.1036061194186,1.67819789790698,1.12234602953488,1.39695944011628,1.22771696406977,1.38955803011628,1.37323061255814,1.25665447906977,1.35918815372093,1.60376596453488,1.36489801313953,1.54327389953488,1.37111705011628,1.54134564523256,1.29485342546512,1.73621972930233,1.25293690616279,1.60226216732558,1.57170745290698,0.253117407011628,1.06478901116279,0.906519402790698,0.80284113372093,0.990175733604651,0.927206692790698,1.23641126651163,1.07178717046512,0.564824740174419,0.250393484348837,0.938630669302326,1.08644884593023,0.959692996744186,0.75522481144186,0.430740647593023,0.508076398395349,0.443732038302326,0.705844940744186,0.549759151837209,1.26239191197674,0.68817150194186,0.625101486988372,0.437436530255814,1.99483793406977,0.647013217813953,0.859220545697674,0.674816990116279,0.538460501837209,1.03429753023256,0.317097609313953,1.56282635616279
"PPP4R3C",0.439929457127907,0.667701536325581,0.610610936046512,0.885165728837209,0.583987815639535,0.961025931627907,0.553559643895349,1.02098359093023,0.981233087790698,1.0099007222093,0.886126580581395,0.77620025,0.663366431569767,0.566742731348837,0.792195539069767,2.84276195465116,0.951956815232558,0.677747291837209,1.13544779337209,1.11973695139535,1.22375576616279,0.626262012337209,0.578635332302326,0.615978493313953,1.10638628360465,1.06729759848837,1.15633574406977,0.891581111395349,0.819349969116279,0.798797807906977,0.862907084069767,0.768919557034884,0.892726360813954,0.762952726976744,1.14945319581395,1.28905091267442,1.54687621709302,1.27619455848837,1.0187877927907,1.23485629697674,1.5697576755814,1.01850832988372,1.38769118337209,1.20785579511628,1.25680934104651,1.06444488918605,1.17100540406977,1.38479398930233,1.57013101976744,1.34028181127907,1.5188934327907,1.12156205104651,1.33379382569767,1.62708886802326,1.56959369186047,0.512995881953488,1.00505159209302,0.93178510255814,0.843828194418605,0.932437372674419,1.24420834302326,0.867885986162791,1.1654063755814,0.361598356976744,0.620404609872093,0.91842119127907,0.635330193906977,0.752489652988372,0.544543309325581,0.533358857313953,0.378414140093023,0.541932072406977,0.825079087790698,0.444593269825581,0.968120376744186,0.1836316075,0.432618960267442,0.839786037093023,2.24445625697674,0.568817552709302,0.530499093604651,0.700281562546512,0.744521542953488,0.776253200023256,0.640207906837209,1.25361530511628
"ANKLE1",0.31492131122093,0.764495188255814,0.527791580197674,0.813994848325581,0.451954268116279,2.55915908372093,0.448506596593023,1.06944149848837,1.27726296465116,0.949488273255814,0.81349837372093,0.719579946093023,0.47980665522093,0.346476477139535,0.595793294686046,1.82303049209302,0.667508029488372,0.593610287825581,1.00752365360465,1.0571603094186,1.02312585569767,0.745799999302326,0.394437653046512,0.66006343777907,0.992831849302326,1.34974856244186,1.10703489976744,0.665679735174419,0.564824740174419,0.784040480232558,0.945195478953488,0.761018945709302,0.827969393837209,0.775539928232558,2.21012325465116,3.01153079767442,1.37148904023256,1.31390560127907,1.239969765,1.2811444972093,1.49200202023256,1.62501429697674,1.0733009727907,1.55806318290698,1.22152932709302,0.937557628953488,1.37984813313953,1.32027189755814,1.3403645194186,1.56584151534884,1.32543645430233,1.89301722709302,1.88813700709302,3.45122769651163,1.37714921581395,0.240719766906977,0.909311014418605,0.881239860697674,0.833361719651163,2.09029071046512,0.66258199894186,0.801438044406977,1.13035779534884,0.374259990081395,0.216303282883721,0.558032323255814,1.03596392651163,0.550411721244186,0.357574390546512,0.716161825430233,0.6650150255,0.234061086034884,0.658132859732558,0.623395771081395,0.98555634255814,0.268761662732558,0.590807567255814,1.76021274023256,1.94992021627907,0.646764552406977,0.588483626616279,0.702225081186047,0.714119392860465,0.843512063372093,0.35569717077907,1.3664373172093
"CALM1",1.27028434383721,1.26025476151163,0.820385505465116,0.478217837511628,0.250975193744186,0.86709157372093,0.943732808953488,0.80448964344186,2.08753366651163,1.98804986744186,2.27755477162791,1.7654172355814,1.04234774802326,0.997659106046512,1.20132235488372,-0.0280165460232558,-0.0702175771860465,0.181101451151163,-0.1843678215,0.825890854418605,0.599915459406977,1.3312053944186,1.25167649953488,1.13350397116279,1.61734655686047,0.732226021895349,0.452646548023256,1.38706828174419,1.22102315732558,0.541829470930233,0.905051454534884,0.552161229104651,0.901514528604651,1.4298582255814,-0.312541763383721,-0.175434832627907,-0.0903433917325581,-0.029132866755814,0.282165280360465,-0.104735755988372,0.339430340139535,-0.135692337209302,-0.0764971955697674,-0.163383171639535,0.0380152039883721,0.469678266662791,-0.23606462527907,-0.043610184627907,-0.229967178209302,0.320017219174419,0.407064053906977,0.188242184418605,0.187245952988372,-0.117500355662791,-0.239221966232558,1.35279936383721,0.493152488395349,0.310913564372093,0.323456891674419,0.484245180313953,1.71744039360465,0.78069689344186,0.369221233197674,1.32543645430233,1.26898106953488,0.296569138360465,0.841921837093023,0.971568366860465,1.14026386697674,0.979522953372093,1.08219386127907,1.40788515523256,0.933739196511628,1.05998986453488,0.157599689325581,1.97437955965116,1.02191435465116,1.30045745953488,0.976122266744186,1.34758462302326,0.259376520453488,0.839731424651163,1.17305848081395,0.6171431605,1.26089818686047,0.856894870697674
"LY9",0.438547314406977,0.737957778383721,0.816500774534884,0.80506782472093,0.824690044534884,0.812087696046512,0.501657133906977,1.69701452627907,1.10986188976744,0.915965821162791,0.875225497325581,0.666406954744186,0.53144008094186,0.626722596860465,0.819437249767442,1.69335864418605,0.876208910116279,1.3035480977907,0.971111314069767,1.11396264372093,1.29912681651163,0.631028043616279,0.722118678488372,0.764337879034884,1.15825352093023,1.14810196139535,1.12930854465116,0.738187182406977,2.30292078488372,0.895802745697674,0.772298596023256,1.39180041395349,0.718974676046512,0.560184414709302,1.98722012686047,1.64485433139535,1.57949352255814,1.75382400813953,1.19103078430233,1.69798947395349,1.80862069895349,2.28740744918605,1.27619455848837,1.15957917232558,1.13871471081395,1.19356373232558,1.49513595534884,1.22345396151163,1.12199738546512,1.23363888593023,1.54759463313953,1.34157363383721,1.19379323918605,1.3357243622093,2.28449899848837,0.368883110901163,1.510879065,0.946914442906977,0.861279835697674,1.01666089872093,0.907592171976744,0.806338043372093,1.78400778093023,0.239881638511628,0.362296427767442,0.855775826511628,0.656744158825581,0.525358748302326,0.568341015511628,0.804577655465116,0.740466853930233,0.405561697465116,0.559577309534884,0.899140490581395,1.01018546965116,0.396356214686047,1.22764860872093,0.474577805151163,1.22345396151163,0.466707598976744,0.806896252372093,0.805680392441861,0.582983153465116,0.689678030709302,0.321978309081395,1.5945291027907
"CLEC12A",0.497902150488372,0.53341500572093,0.950631935697674,1.15792376976744,0.715037604511628,0.966630510465116,0.461310381883721,0.901566858372093,0.902785383023256,1.11323595965116,0.965403624651163,0.875413308953488,0.457855107674419,0.442763179732558,0.604581841116279,1.33784191372093,0.695477665790698,1.41934035232558,0.889832963023256,1.19264667104651,1.73092550953488,0.642460048290698,0.465392784651163,0.756963659488372,1.00052381837209,1.04530135325581,0.961941307906977,0.547799941337209,0.627614711209302,1.16423863232558,0.738801551813953,1.34249261313953,1.15778522837209,0.977518053488372,1.57968582151163,1.7049213505814,1.94849218593023,1.16630251686047,1.12898556104651,1.35207862116279,1.1566662577907,1.22906609744186,1.16801186872093,1.30258418395349,0.822946954302326,0.92197303872093,1.12560971523256,2.37875600511628,1.37217719488372,1.2588454344186,1.20963400837209,1.40764201697674,1.29126390302326,1.13724697139535,1.88756222360465,0.427838591174419,0.803239627674419,0.670819065383721,0.628941366383721,0.878991879186046,0.774562462674419,1.19583947127907,1.43922009313953,0.163450891918605,0.31026205227907,0.740301798674419,0.961886416511628,0.592211317302326,0.611078999383721,1.14603717325581,0.883045049883721,0.976604443488372,0.427433509616279,0.820133095697674,0.863301565,0.464624595465116,0.92381319744186,0.479861403127907,1.86115548860465,0.403448877081395,1.56877849930233,0.509151618523256,0.616692337290698,1.44483716581395,0.300222620453488,1.19869602534884
"SYNGR3",0.070987284872093,0.226759252406977,0.331441133988372,0.78090301372093,0.344196807639535,2.07853763488372,0.259163954209302,0.762067485511628,1.25673521372093,0.923138391046512,0.572858634988372,0.664613813255814,0.351462359813953,0.27907629455814,0.435013747767442,3.41109282093023,0.451403631476744,0.38163181705814,0.896910589883721,0.928282935348837,1.00063642581395,0.471919899918605,0.191893374662791,0.566086626546512,0.856377608255814,0.991198710232558,0.92202372127907,0.537380164453488,0.568817552709302,0.681807330593023,0.525477799662791,0.480683088534884,0.500344912476744,0.480358020709302,1.76917751104651,1.07219277383721,1.05297281197674,1.3374918505814,1.4993135377907,1.12010566581395,0.821238191802326,1.04766077674419,0.967843654767442,2.31552291325581,0.821285614255814,1.31767044604651,1.18161961523256,1.22317239290698,1.0093368494186,1.14020197081395,1.49733203151163,1.20285737732558,0.957988983139535,1.21221525883721,1.02896662360465,0.150342973965116,0.641845483127907,0.823397357267442,6.42000089651163,0.694351138267442,0.716161825430233,0.548275097813953,1.38718067011628,0.190086463174419,0.932709436744186,0.454826713837209,0.383839369453488,0.42446349377907,0.229266395534884,0.0955699849883721,0.317311553813953,0.37710397594186,0.339674899976744,0.463848003186047,0.817345857093023,0.155839754488372,0.375863032825581,0.345907105302326,1.22866727406977,0.225055682116279,0.413004088139535,0.476346629872093,0.310470430232558,0.580612718406977,0.195183021872093,1.08911770895349
"ADGRG5",1.02444274093023,1.52220440860465,1.38615199372093,0.577509017174419,0.707129716965116,0.920417281162791,1.35863322,0.60232677355814,1.48641438139535,1.67857869755814,1.36797975627907,1.34045268104651,0.551102027453488,1.18154577127907,1.26764903686047,0.161524029697674,0.443497301348837,1.35863322,0.520341255837209,0.620404609872093,0.360959850011628,1.12944755139535,0.901017228139535,1.08379862569767,0.642181701488372,-0.0379004746744186,0.938389363953488,0.642181701488372,1.12797125802326,0.683549099383721,1.29515547488372,1.17411743906977,1.20863692360465,1.41694313255814,0.582598864534884,0.836221793372093,-0.157896881930233,0.530858790081395,0.420635500581395,0.741442111616279,0.614948966883721,0.972103545465116,0.676589276,0.727373867813954,0.482621112825581,1.20225821162791,0.0137229748953488,0.466872473732558,0.263703579813953,0.808086075,0.379288500709302,0.402990193325581,0.628107982662791,0.137178096744186,0.357270980988372,1.0393392005814,0.933571915348837,0.818994858651163,0.966530579767442,1.14297090232558,1.39501050732558,0.904601674186047,0.569884931255814,1.09152026,0.989391732325581,0.847768265232558,1.00797396616279,1.24242621872093,1.13932497802326,1.48032951186047,0.925312834883721,0.890372473023256,1.31372625837209,1.0296034444186,0.356142162325581,1.297150585,0.852297826976744,1.54226806197674,1.22847128174419,1.1495070977907,1.02074955127907,1.25072949418605,0.693895892767442,0.756864224767442,0.992504592209302,1.02745860662791
"VAV3",1.55862403523256,1.18667921627907,0.813953136046512,0.394203818802326,1.01472509476744,1.071552715,1.05349735430233,0.745950289639535,0.790107798255814,0.692012037151163,0.958041189883721,1.11712359174419,1.73317313674419,0.984612975,0.949263015930233,0.343425405802326,0.40867975472093,0.594566548988372,1.13029105360465,0.624459514139535,0.557497137325581,1.3705989522093,1.26838311360465,0.775893758639535,0.357270980988372,0.492444207534884,0.492496930174419,1.81772774174419,1.06878922639535,0.478752831372093,1.04680206,0.827518949534884,0.650372756906977,0.963789977325581,0.307102702674419,0.234061086034884,0.338108530976744,0.639946226383721,0.418342306744186,0.28030848044186,0.925410161046512,0.900485227790698,0.550462679523256,0.853442746511628,0.731034494488372,1.0453553694186,0.185210579965116,0.249459828860465,0.753638609488372,0.350671086186047,0.248372139186047,0.0861272405930232,0.647707775197674,0.0284407656162791,0.0337926952325581,1.21918269290698,0.417262010325581,0.417262010325581,0.85152025255814,0.317311553813953,0.883729542674419,0.670219432906977,-0.1494804205,1.36947826197674,1.30928847127907,0.98605298,0.824829285348837,1.53418499081395,0.952071535581395,0.885276895465116,1.78158702011628,1.40636922453488,1.57088549953488,0.816350745116279,0.246095618744186,1.15003897069767,1.18357005883721,1.3766905477907,0.667797526906977,1.41943286395349,0.691001720813954,1.44080009906977,0.946208093953488,0.29099382455814,1.54226806197674,0.351990949348837
"MIR320B2",1.30238985604651,0.672122961639535,0.770581567395349,0.855775826511628,0.378973906697674,1.79861286046512,0.527583295825581,1.06612988534884,1.05515065186047,1.00304579244186,0.886765425348837,0.807587975930233,0.78485589377907,0.66430582972093,0.709362648313953,3.25909265232558,0.689940685523256,0.806956799023256,1.10495899790698,1.1942168355814,1.15120595709302,0.722685417046512,0.407698067139535,0.689312889976744,1.14205778918605,1.29254239069767,1.42005092267442,0.805368691162791,0.703631767674419,0.918360105348837,0.905282487093023,0.799243191639535,0.720675265709302,0.811758620930233,1.18227700662791,1.14330708604651,1.26710695011628,1.31356055581395,1.44549738209302,1.19434563267442,1.4005825827907,1.37080625860465,1.60815514825581,1.4927512294186,1.10991700395349,1.54484905837209,1.64037333837209,1.6921270677907,1.74369111162791,1.51917607151163,1.890679975,1.46339142046512,1.14435686848837,2.06793250883721,1.21363679313953,0.222692816011628,0.812630051860465,0.951196237674419,0.931980032209302,1.10862333732558,0.875961569302326,1.05491918069767,1.29221602906977,0.290934614034884,0.38923014627907,1.14161518093023,0.842126025,0.578538360255814,0.6131279005,0.393735499860465,0.369163699197674,0.734155218988372,1.02619439430233,0.818631001511628,1.03057096197674,0.459261409302326,0.531972162755814,0.713130875523256,0.905757935581395,0.368909942430233,0.6005562295,0.895698540232558,0.741847751627907,1.03524388755814,0.336397325197674,1.63942404244186
"PLAAT3",1.57949352255814,0.296236163523256,0.745640332348837,3.05733471127907,0.259102438593023,0.233367003976744,0.343558600639535,0.936073682558139,1.36746103151163,1.00063642581395,0.979184920116279,0.776492136395349,0.429863638848837,0.922680183139535,0.516216692348837,2.90522490534884,0.821962660348837,0.490589352674419,1.05955001872093,1.00353772860465,1.07381551546512,0.540077608662791,1.76730385023256,0.61583212027907,1.26290390674419,1.17419887267442,1.13450982988372,0.626876836686047,0.521752208174419,0.641983303,0.675348385313953,0.711967259476744,0.604635311581395,0.591788568255814,2.30537385104651,1.23003604930233,1.14231864244186,1.32188291906977,0.928337296976744,0.983258424186046,0.962953636976744,1.01696274430233,1.17871293825581,1.15079830662791,1.6760597105814,1.01723879383721,1.2992108477907,1.09645473511628,1.0161017544186,1.234638095,1.57408284116279,2.51785500813953,1.15860383639535,1.59224326267442,1.29618802197674,0.174353341,0.821820582034884,0.739730094662791,0.737558513372093,0.887174859418605,0.704506654116279,0.691104893476744,0.80400530872093,0.143962583244186,0.300222620453488,0.697743414848837,0.297373461918605,0.493254994523256,0.452809838476744,0.647707775197674,1.19462930895349,0.384882014790698,0.459583641593023,0.317787116290698,0.972758180813953,0.353898940569767,0.331002210488372,0.438610424034884,1.03757287244186,0.259316434011628,0.774608190976744,0.827920835395349,0.442867179174419,0.648728203848837,0.279140834267442,1.21394428813953
"CALB1",1.64324301616279,2.51785500813953,1.60376596453488,0.112673532162791,-0.0265081860116279,1.03366153360465,1.03787137465116,0.146409851104651,1.37922835104651,1.71332754290698,1.46790152930233,1.43756266686047,1.601948385,1.16454309802326,1.62094588651163,-0.249842688511628,-0.286130256186047,1.16128682244186,-0.246068937697674,0.377963373546512,0.308938662872093,0.245803610686047,0.906959482325581,1.26923002,0.796285210116279,0.0976464755930233,0.532129560627907,0.276993838488372,1.38965039465116,0.135819752430233,0.870078219186047,0.679916427023256,1.36556485267442,1.35326650837209,-0.0766045542325581,0.45744462977907,-0.4267372105,0.519488127604651,-0.391757934360465,0.667296248674419,-0.371229485197674,0.15434855772093,0.122168050569767,-0.550523953255814,0.0597676808488372,1.29970193395349,-0.13704906577907,0.554645979139535,-0.372469843116279,0.322595678325581,-0.0411460918604651,-0.470298588488372,0.635681342313953,-0.326696312709302,-0.560901050930233,1.23159381244186,1.37395558093023,0.748688983325581,0.880626127209302,1.15127376988372,1.64037333837209,1.53704488732558,-0.389633447383721,1.75018291488372,1.1105530072093,0.536232308244186,0.0252160685581395,2.30857614244186,0.809289090930233,1.62231523267442,1.21335714255814,0.912964453953488,1.18450102174419,1.91496815069767,0.480683088534884,1.50095560930233,0.493905528976744,2.17113795860465,1.4661086944186,0.0953653569069767,-0.062894874755814,1.99483793406977,1.5678330372093,0.430740647593023,-0.258765767034884,0.731840083325581
"CALCOCO1",0.910883215116279,1.27081882244186,1.64094411151163,0.685310411406977,0.945589304767442,0.758788429802326,1.5931988605814,1.37334045651163,1.15387792290698,0.942073261976744,1.35041537802326,1.42695794116279,0.740930175232558,0.678227067034884,1.11805987127907,0.424995621011628,0.494238034232558,1.09839790755814,0.359359324976744,0.509937971360465,0.348218491302326,1.27504037837209,1.24666868151163,0.614296020476744,1.07476175209302,1.46570894709302,1.67731237395349,1.27006513104651,0.748983393151163,0.769745355348837,1.64134780697674,1.22095836674419,1.13343539755814,1.47064846744186,0.183037524302326,-0.436739043406977,-0.188931696174419,0.388808498674419,0.532727372744186,0.480418899360465,0.127469472593023,-0.287985812267442,0.657557431534884,0.0241325504767442,0.534872718534884,0.558288652,0.547385291802326,0.590212519139535,-0.180454013,0.176566019162791,-0.0468634859651163,-0.228988444290698,-0.0494281506860465,-0.134057212151163,0.155449388581395,1.21741602581395,0.710988815674419,0.610708647662791,0.735287901616279,0.393735499860465,0.891419673837209,1.10474820116279,0.508696099325581,1.39501050732558,1.34938964930233,0.797166914651163,0.910077393023256,0.873787112093023,1.19110360593023,1.43922009313953,0.557667173988372,0.535649695686046,0.613542869546512,1.21918269290698,0.702137165302326,0.685118944872093,0.663258489151163,1.40788515523256,0.527062909953488,0.671936964034884,1.04228180360465,1.87126417848837,0.940910191744186,1.9517300144186,1.17683941209302,1.69478544953488
"CSPG5",1.30164780430233,2.24510442395349,1.00115383755814,1.20910795302326,1.26158967139535,0.895255061046512,1.27352477151163,1.12247869616279,1.16788791046512,0.573271002988372,0.690226650686046,1.2344613805814,1.55475345825581,0.747237438593023,2.4448175377907,0.35328922072093,-0.0669235116046512,1.02300658348837,1.15999868406977,0.758603494686046,-0.16097291244186,0.372661009011628,1.48499925104651,1.61288673023256,0.53519474127907,0.12631939944186,-0.0282263613488372,0.230199513430233,0.726248359593023,0.605895880395349,0.177269394406977,0.356945106872093,0.893044587325581,1.63472416093023,-0.311487073325581,-0.406896370162791,-0.112315850790698,0.0813969577441861,-0.0350478257790698,0.313081672093023,-0.0701033016395349,-0.186984627686047,0.129928433174419,-0.32801393377907,-0.205612051918605,0.49629907172093,-0.00732928759302326,0.510865619174419,-0.176198326290698,-0.0993041283488372,-0.322976313953488,-0.103695182244186,0.458649589709302,0.422916728127907,-0.314462016686047,2.15454019104651,0.0814738874418605,0.380364550604651,0.696508267686046,-0.0350478257790698,0.554415038709302,0.2511934905,0.146061294581395,1.37364956348837,3.20277360930233,0.256458313639535,0.19210814,0.472391492,0.949321370813954,0.930332989883721,0.117850955523256,0.425577676581395,1.31092900302326,1.37312559651163,0.0678455920348837,1.16808227569767,0.378906939651163,1.20302355895349,0.855513856046512,0.843828194418605,0.72245511255814,1.05774594511628,1.83658797860465,0.893321533372093,1.18957832395349,0.275670701046512
"MYH1",0.428763433802326,0.513629773255814,1.29167814930233,1.05889376790698,0.494962167069767,0.455379312930233,0.621516671651163,0.937247565116279,0.842420279767442,1.08372972906977,0.932709436744186,0.896910589883721,0.709616148534884,0.490876111906977,0.602428964895349,2.69457271976744,1.24398836267442,0.997050568139535,1.39397382523256,1.22049598662791,1.33581635197674,0.531122950058139,0.483585489127907,0.855719887209302,1.15387792290698,1.35583450197674,1.48695690546512,0.896156576744186,0.624128403465116,0.758551245697674,0.862022725930233,0.874280438488372,0.667343596081395,0.91219637244186,1.3979706177907,1.31065868511628,1.55119720883721,1.69415944988372,1.56215709744186,1.15479539360465,1.13588789011628,1.73621972930233,1.19292271872093,1.28319933755814,1.52989404453488,1.4257638905814,2.07754923953488,1.54834603093023,1.4742971094186,1.23339719406977,1.51668265313953,1.41854617081395,1.64361081244186,1.78479396488372,1.93613250290698,0.436385556360465,0.93543626627907,0.975627022674419,1.04771608430233,1.60276470976744,1.04552826069767,1.1791508294186,0.864215749302326,0.601988814930233,0.731840083325581,0.993790606046512,0.623312123976744,0.668135134383721,0.523723979488372,0.571685581430233,0.50064160205814,0.483034007488372,0.891278808953488,0.70226634772093,1.17767985372093,0.405427623953488,0.554314308337209,0.674997389244186,1.58085224302326,0.862948746046512,0.636656610023256,0.886365803488372,0.806841815348837,1.10367841046512,0.505653996069767,1.54240968069767
"OR5AK2",0.321103517418605,0.503801002313954,0.685453010651163,0.781934585232558,0.391507802186047,0.442316951732558,0.511884527430233,1.03865629453488,0.828811905930233,1.28898115639535,0.731497737069767,0.817733632325581,0.91229659872093,0.676730390081395,0.631969120569767,1.07720684011628,0.732816126151163,0.428074570186046,1.07968619139535,1.28090126732558,1.27580013825581,0.692262714627907,0.439485968593023,0.472391492,1.06985415,1.08699466104651,1.15778522837209,0.6171431605,0.903731560697674,0.843316494767442,0.70345060672093,0.602428964895349,0.76182618955814,0.674288642034884,1.16161832337209,1.27643280313953,2.2319039194186,1.23295445337209,1.49828840034884,1.20980955116279,1.32723062348837,1.2560825277907,1.3370288155814,1.18860297383721,0.983133344534884,1.31646855813954,1.52313936813953,1.46570894709302,1.24413786453488,1.27442643872093,1.36480518906977,1.67377957418605,1.17937267616279,1.69356436813953,1.26418620837209,0.214415608139535,0.963674518488372,0.832337889767442,0.888994588488372,1.02559257837209,1.09100077081395,0.792079520348837,1.16728120127907,0.387020606290698,0.367609446976744,0.999353557325581,0.664355470034884,0.607906906441861,0.395377265593023,0.668696940395349,0.432041140906977,0.722925246081395,0.820711429883721,0.56365340127907,2.82738664883721,0.283432836802326,0.480418899360465,0.52393203755814,2.63324845034884,0.376864987093023,0.746626080093023,0.705307968697674,0.580406177639535,0.828019393139535,0.567417055697674,1.25144261104651
"PCDHB7",0.243835957372093,0.439601656093023,0.786576235697674,0.808739625465116,0.483296327104651,1.97399306127907,0.515193954709302,1.15874479511628,0.923286415930233,1.03205132744186,0.838755539069767,1.09019874476744,0.766895545581395,0.580349440127907,0.608813838895349,3.53422015,0.895630827093023,0.712938308837209,1.24162026034884,1.19897508523256,1.16459789872093,0.997659106046512,0.49916102922093,0.846897186627907,1.16454309802326,1.34084504976744,1.35194150174419,0.630712490325581,0.954104678023256,1.08400690511628,0.748186419476744,0.653850333918605,0.997847940930233,0.841453521860465,1.01279876337209,1.29507165825581,1.18515573034884,1.71838264127907,1.6984460755814,1.50696676476744,2.11538353883721,1.19748489755814,1.89770757744186,1.39675003302326,1.13731543848837,0.993443333372093,1.7523367794186,1.83687335639535,1.27386665988372,1.38552568569767,1.78859426988372,1.49250421534884,1.27521682174419,1.99450336406977,1.83224349860465,0.269114799662791,0.941500761627907,0.91061083244186,0.757163518244186,1.01006273581395,0.792246405290698,0.985271218023256,1.26507393093023,0.33061899594186,0.377906382965116,0.797548100813953,0.494181443872093,0.73277376,0.528163428476744,0.407642434976744,0.609988305372093,0.284320692337209,1.35272460872093,0.606012811139535,0.98521667372093,0.487451360837209,0.48724591505814,0.472728203162791,0.655668818174419,0.594865794116279,0.474170190639535,0.941826234069767,0.90090480127907,1.07449037569767,0.541216099883721,1.40477746162791
"TPSB2",0.319914487982558,0.440216706767442,0.895016960813954,0.910190508255814,0.259515332232558,0.550898376127907,0.403448877081395,0.940748953604651,0.79187226372093,1.11020351337209,0.690769258569767,1.13182223802326,0.386345105883721,0.667948138232558,0.786342037209302,2.38853729430233,0.839526643604651,0.58513883072093,1.05267943325581,1.30535127383721,1.09779416593023,0.633631744360465,0.396190836930233,0.706000193023256,0.998532440697674,1.13377062244186,1.4234152027907,0.761382218476744,0.839982500697674,0.769695958767442,0.656645646686047,0.738187182406977,0.602081000569767,0.829482865813953,0.978281166395349,1.32053296488372,2.90067845116279,1.1534610494186,1.02844104627907,1.3705989522093,1.16637189174419,2.00110748918605,1.45158309627907,1.16609922639535,1.70449601453488,2.50228510813953,1.22823459232558,1.51681376162791,1.31037873139535,1.25853719593023,1.73409445023256,2.65174920348837,1.50124793406977,3.8421150244186,2.02629195802326,0.662053631267442,1.19180789081395,0.83845034755814,0.97741344627907,1.14710610081395,0.853442746511628,1.04530135325581,1.04589941209302,0.292873046337209,1.30903582325581,2.4010200694186,1.71454058988372,0.798997843255814,0.401420176872093,1.12083821267442,0.977518053488372,0.665424348023256,0.684276647651163,0.62383531372093,1.01975444337209,0.392108777732558,0.380947243662791,0.611798886151163,0.562084480627907,0.432041140906977,0.554032868011628,0.658567566488372,0.560543098953488,0.711355729697674,0.42355451177907,1.18048953325581
"MIR1236",0.510603595674419,0.595793294686046,0.817543690930233,1.15443954895349,0.772961741593023,0.77970786755814,0.522714150918605,1.36595106790698,1.05456109046512,1.1833459094186,0.848623613139535,1.07772467604651,0.739570463872093,0.689634249767442,1.06663350895349,1.0517715555814,0.791817618732558,0.842173657325581,1.32560772348837,1.07106142906977,1.21319632895349,0.730768988895349,0.474527642604651,0.675508606174419,1.21229106395349,1.50179824569767,1.73802264593023,0.716346090034884,1.04008051023256,1.07470175151163,0.690177950906977,0.874652014302326,0.871699138023256,0.700383697895349,1.71949920511628,1.56494007965116,2.22069125,1.531989215,1.28905091267442,1.59514695488372,1.42628351046512,1.40323265802326,1.96239516662791,1.545827855,1.12586798395349,1.01970790790698,1.91425784162791,1.36355062953488,1.62794944488372,1.26530378360465,1.59341461005814,2.01802744186047,1.50030064755814,1.40649662406977,1.39675003302326,0.362034625011628,1.59382865313953,1.19110360593023,1.27394995988372,1.32298751011628,0.927585517209302,0.926800475813954,0.903348816976744,0.449996034418605,0.57247976627907,1.1284626355814,0.795781394302326,0.906298435930233,0.875273905813953,0.629752994465116,0.486119860023256,0.590712787953488,1.09417493651163,0.984443657093023,1.26089818686047,0.774415011011628,0.886126580581395,0.548578127976744,0.982582162790698,0.69120313055814,0.775156579,1.1125351322093,1.02676905581395,1.10111372616279,0.52630228694186,2.09769926697674
"SUSD4",0.563096719476744,0.668322596732558,0.878649036627907,1.00542904174419,0.531751083825581,0.614247318093023,0.656428552627907,1.21068728406977,0.785534814244186,1.46289213604651,1.12227150825581,1.0296034444186,0.723822955534884,0.745246723325581,0.86286120627907,1.23243838209302,1.20717874116279,0.746781781139535,1.28436450360465,1.3942938955814,1.29011895674419,0.569308239906977,0.499230267965116,1.03264367197674,1.10381157825581,1.34111458918605,1.44893663918605,0.912449824186046,0.754657334255814,0.951896809651163,0.737605451965116,0.977465061976744,0.899724874302326,0.906416749069767,1.80782429453488,2.17884343546512,2.04136109430233,2.25399410348837,1.34574065848837,1.42197919302326,1.95423607093023,2.0524481244186,1.58533723395349,1.19076204348837,1.18083891581395,1.30474641755814,1.92889201302326,1.52626543651163,2.10948394953488,1.31804508523256,2.45789724534884,1.55963420930233,1.386736255,2.39465721104651,1.69398581825581,0.454880497825581,1.07935080511628,1.12534343290698,1.24791327976744,1.45833882139535,1.04124128093023,0.988854319534884,1.28010717837209,0.544749190244186,0.483868311616279,1.00420440709302,0.806078544767442,0.932287066627907,0.927815739302326,1.00586372906977,0.546850390162791,0.451850838918605,0.829744623023256,0.691951923895349,1.19434563267442,0.594216242162791,0.732625391244186,0.78388878877907,0.616990351546512,0.591788568255814,0.702879236825581,1.0851745727907,0.950815126511628,0.878171738372093,0.468536830906977,1.51726630976744
"SYT14P1",0.229266395534884,0.482056181918605,0.563896400802326,0.855670351860465,0.362599395732558,2.52919209883721,0.514659522511628,0.982343009069767,0.803703717325581,0.983638303604651,0.775539928232558,0.844926421627907,0.718330794686047,0.473120860081395,0.531173923755814,4.02500927441861,0.820133095697674,0.54292430555814,1.07867849302326,1.02030032197674,1.07370055162791,0.726723571255814,0.333183558081395,0.690177950906977,1.04119179348837,1.29461022860465,0.973513026162791,0.657142283151163,0.642236793337209,0.743859497093023,1.11475390593023,0.627487393418605,0.819202385697674,0.569040803569767,0.965925151395349,1.26799660372093,1.23648152639535,1.71394061127907,1.08067782255814,2.04500016627907,1.70297960127907,1.5259679005814,1.07627436546512,1.13911523372093,1.01862357837209,1.02115556523256,1.2344613805814,1.41694313255814,1.01885715686047,1.11376139813953,1.33334490232558,1.10393368883721,1.36797975627907,1.48710007034884,1.16568235232558,0.530076031139535,0.921534800116279,0.860146586162791,0.714456293255814,1.06160822290698,0.747820860430233,0.865739697906977,0.919337956511628,0.246398435848837,0.417454868395349,0.539593502732558,0.372548020662791,0.692068678883721,0.4818226965,0.313284959244186,0.33202771422093,0.361660320093023,0.462039522604651,0.458941446674419,0.998584217093023,0.25199233905814,3.13835876046512,0.445581120418605,1.36281433755814,0.413693037093023,0.488081885918605,0.740749839662791,0.75985177294186,0.769186454651163,0.442316951732558,1.38371998093023
"RRAGB",1.04684994523256,1.27189427732558,1.39600223534884,0.747150226511628,1.19505114453488,1.06767915581395,1.09894607883721,1.13512283255814,0.804878305581395,0.925464053139535,0.81423630122093,1.16035988174419,1.12653883267442,1.13574947093023,1.0393392005814,0.173279942709302,0.739145482674419,0.323581028744186,0.984780881860465,0.932492628604651,0.873643155697674,1.34536110662791,0.925953279883721,0.836221793372093,1.0410347727907,0.467339187906977,0.490976384953488,0.456720570139535,0.874231285,0.849800756976744,1.59382865313953,1.2680751955814,1.27782039127907,1.35383592174419,0.391136879930233,0.217764911372093,0.215667948313953,0.233529295372093,0.497225977023256,0.651374534348837,0.376988449953488,0.0863172527674419,0.764242728569767,-0.0139401234883721,0.486745650116279,0.832721209767442,-0.00720382529069767,0.0903287197093023,-0.0931544563604651,0.695023658837209,0.737152970406977,0.410011063209302,0.511826802383721,0.354413040604651,0.189509654895349,0.967285791627907,1.99782019651163,1.34157363383721,1.1291763727907,1.60486626023256,1.31983191267442,1.39695944011628,0.655768649116279,0.809990101674419,1.24227911674419,0.700281562546512,0.942163045348837,1.03451680244186,1.26547861116279,1.36556485267442,0.943849783023256,0.745205704593023,1.32471398267442,1.28367854337209,0.776394927837209,0.847316248953488,1.01161402232558,0.646076888616279,1.17024170581395,0.707623008813953,0.974881240813953,1.30456728476744,1.24220620023256,1.43583481604651,0.991842591860465,0.702827904348837
"CLEC2B",0.265470390476744,1.04629840267442,0.637856632104651,0.804390322209302,0.361538423069767,1.30984368337209,0.773692096802326,0.951196237674419,0.786147739837209,0.836326084302326,0.758648037674419,0.850207623953488,0.894380426395349,0.773490457093023,0.692677517581395,1.63922586174419,0.983187223604651,1.13759275116279,1.04466052616279,0.980012789651163,0.992831849302326,0.65499486677907,0.706500859790698,0.899188450813953,1.11600801523256,1.08682407232558,1.13698044418605,0.849539733023256,1.36412524116279,0.756308359848837,0.746333483046512,0.784136883651163,0.711725036313953,1.32118106755814,1.38748810965116,1.13132791151163,1.54948496674419,1.22651734244186,1.077049845,1.16121659674419,1.63452464976744,1.55907113709302,1.11137931023256,1.7659769555814,0.688584457953488,0.963238556744186,1.35909693034884,1.27021745906977,2.41082734453488,1.47609812686047,1.29634994825581,1.34758462302326,1.20103871116279,2.68739474813954,1.30004497534884,0.719326584744186,0.769298100965116,0.727323492255814,0.866014113139535,0.989501001046512,0.793374600767442,0.862354445697674,1.0851745727907,0.934377549186047,0.978325154651163,0.892566924069767,0.677843839453488,0.935854931395349,1.00791965709302,0.946208093953488,0.33627904472093,1.52838071,1.11297769534884,1.14657407372093,1.05410476697674,1.18590600476744,0.586708500709302,0.627240854790698,1.23948576662791,0.444363102988372,0.658916296813953,0.747285494209302,0.937722274418605,0.904381750465116,0.690952294023256,1.40457615313953
"TNP2",0.355824955709302,0.796133545,0.613276131651163,1.234638095,0.36778898122093,0.980859603488372,0.66425237855814,1.27964094523256,1.07312599825581,1.04283241197674,1.20917369139535,1.01355083232558,0.5858501015,0.699833535418605,0.845231505116279,0.998741258023256,0.855976331627907,0.596336572674419,1.13684750662791,1.18625565081395,1.23128183988372,0.754267401825581,0.31611444122093,0.658439296569767,1.25106364139535,1.30676887825581,1.2797133894186,0.90357352627907,0.499373621534884,0.98493900744186,0.544494607,1.02371126209302,1.14810196139535,0.586708500709302,1.68610450418605,1.67819789790698,1.96725549918605,1.30248535162791,1.1134335227907,2.14241062511628,1.57088549953488,1.3979706177907,2.16516800511628,1.24467987232558,1.25624056023256,1.15792376976744,1.464650635,1.4330836527907,1.93325112651163,1.46478008255814,2.09448989767442,1.33590923825581,1.75126199325581,1.43823680767442,1.73120630034884,0.279967344930233,0.904215183953488,0.827426446976744,1.29103038883721,0.979037430465116,1.3511534672093,0.773351511348837,1.25521269151163,0.467662362325581,0.644503039348837,0.747820860430233,0.45643430905814,0.693647454988372,0.86709157372093,0.313081672093023,0.445416015930233,0.805730317395349,0.65097147744186,1.20554259476744,1.02891171081395,0.354523289174419,0.616339604895349,0.676589276,1.94143985813953,0.622393987837209,0.680816384,1.14099684883721,0.820669280348837,0.958759108953488,0.494498340860465,1.8557729727907
"AGER",0.30438909644186,0.438610424034884,0.611514832581395,0.791715242790698,0.442090850023256,1.0702064005814,1.58036556965116,0.970181722209302,1.15946746360465,0.806479325348837,0.791659888488372,0.815493473023256,0.387806620255814,0.821604455290698,0.461931296744186,1.85734483453488,2.19178428139535,0.44910407427907,1.002827175,1.22623702662791,1.0708047805814,0.824560681697674,0.412157707244186,0.591470522360465,1.0526386244186,1.10407736744186,1.21690124348837,0.767931674627907,0.699051641755814,0.890322325465116,0.619823786023256,0.550103297697674,0.613404749372093,0.711040411976744,1.29228351302326,1.27452011965116,1.40068470011628,1.55873476906977,1.33207343081395,1.46029098232558,1.32376731406977,1.21632719267442,1.49526510139535,1.39079359860465,1.41370605406977,1.42673959395349,1.23876621348837,1.45403366476744,2.26768574011628,1.71684448186047,1.39559486965116,1.47027838418605,1.63348818906977,1.37559572697674,1.08613384034884,0.779183688197674,0.727323492255814,0.807879323209302,0.889892386162791,0.764286052988372,0.897894987209302,0.630133210290698,1.2546777894186,0.287041401686047,0.224106275790698,1.1146866927907,0.482497038686047,0.562184187267442,0.599107803046512,0.901885756744186,0.428574509348837,0.388247097813954,0.404322749732558,2.61847220232558,2.54959217674419,0.223953556906977,0.481413179209302,1.87221556837209,1.02041981127907,0.348420966151163,0.801748698197674,0.62719421477907,0.664823881453488,0.815090542604651,1.44461877023256,1.32828579
"TPSD1",0.400889849011628,0.560761659744186,0.794924993546512,0.906416749069767,0.659443106837209,0.658967711034884,0.534072060104651,0.966894241162791,1.05907005802326,1.07518434360465,1.35401247093023,1.24377110093023,0.646359029465116,0.537737116616279,0.828365198139535,2.00238047674419,0.879283981744186,0.634553186755814,1.22332065872093,1.41147933697674,1.42479911662791,0.928282935348837,0.587018150581395,0.810106664534884,1.48166811093023,1.33286123744186,1.24726784360465,0.788205885348837,1.39087338930233,0.879857105697674,0.806613364418605,0.96846690627907,1.10998456813953,0.833361719651163,1.6105559955814,1.55119720883721,1.78018021360465,1.38842343627907,1.46065419918605,2.04969261360465,1.86440559476744,1.53819844546512,1.37132764593023,1.67398248116279,1.49611831627907,1.17830010186047,1.73778341895349,1.31183587604651,1.19784145523256,1.32263923406977,2.26715528488372,1.73849102697674,1.76520040313953,3.0499874627907,1.48921305197674,0.296301916604651,1.11009403895349,1.17419887267442,0.682183989686047,0.921824059418605,1.52989404453488,0.864942200930233,1.15416371930233,0.203829547534884,0.380880890604651,1.10353998174419,0.524850290953488,0.787689716348837,0.848051830116279,0.713414790488372,0.293114814325581,0.446380361046512,0.887125946046512,0.979088373604651,0.97767368755814,0.719989184,0.681441678023256,0.870806554767442,0.920784224534884,0.435013747767442,0.624178206244186,1.34045268104651,0.574994435174419,0.831721298953488,0.309509667488372,2.51903543604651
"CCDC60",0.536491791151163,0.49975914827907,0.589506879523256,0.932031259883721,0.49975914827907,0.563293713406977,0.660006203662791,0.975274206046512,0.807737875930233,0.893372465232558,1.06197514209302,1.00813319953488,0.763740190639535,0.523103314546512,0.729159154953488,3.36120015581395,0.822208143534884,0.761522431686046,1.15456339116279,1.15297667965116,1.11131118895349,0.545415663976744,0.455213354976744,0.5610227525,1.31436811337209,1.44298706406977,1.38391279593023,0.932437372674419,0.872358896395349,0.821604455290698,0.810730240581395,0.949119309767442,0.853803368139535,0.528598834872093,2.46783885639535,1.71454058988372,1.40244181011628,1.45233674883721,1.546256815,1.65266612953488,1.38266492604651,1.24212210860465,1.83435267372093,1.76730385023256,1.13343539755814,1.04858039604651,1.35401247093023,1.33177268837209,1.35661634023256,1.56720827430233,1.44893663918605,2.40294826744186,1.80947766523256,1.33003628360465,1.97606176523256,0.337780380802326,0.999622258139535,0.756452002767442,0.774275113895349,1.15853244151163,1.18647662534884,1.06148413825581,0.918970688488372,0.405427623953488,0.434816600883721,1.13588789011628,0.403752555046512,1.00499944906977,0.377466363825581,0.535315252848837,0.419388524569767,0.432554772302326,2.6899243527907,0.753448342395349,0.965818840465116,0.304815963930233,0.464321659162791,0.62938786155814,0.690075920069767,0.431980134674419,0.560238324860465,0.707316721593023,0.59467108144186,0.691634559744186,1.25030483209302,1.85339325348837
"CIBAR2",1.48085158453488,1.37846684534884,0.590760771976744,0.4376064135,1.11435906744186,1.32298751011628,1.86175099825581,-0.233417978744186,0.558618352360465,0.544388063011628,0.686106048860465,0.831670403488372,1.18175500209302,2.07254330348837,1.7063031127907,0.0895636350813954,0.402232932453488,1.09343374465116,0.594165945151163,0.931413918023256,-0.348969357011628,0.324245051581395,1.27931314639535,0.568872508313954,0.654229460639535,-0.0808190641860465,0.399173411732558,0.572048105930233,1.13891803174419,-0.0278104570581395,1.19791888569767,0.274501167523256,0.168559777546512,1.33095116116279,0.121331485151163,-0.218438721186047,0.271597942348837,-0.117354116837209,0.452122959034884,-0.243765829348837,0.340043670883721,0.0184640823255814,0.246095618744186,-0.393212486802326,-0.106388367546512,0.841808400813953,0.238847255,-0.169342873604651,-0.0506433238953488,0.312665262348837,0.219955146244186,0.148988281534884,-0.168217494255814,0.357441202802326,0.536531482139535,2.31857765383721,1.3575511177907,0.400767965755814,0.413455383569767,0.458256491895349,1.42719232511628,1.13132791151163,0.455329311093023,1.19442826639535,1.77050423686047,-0.0615556819883721,1.28055874546512,1.3284056355814,1.99483793406977,1.36500445069767,2.01763782255814,1.22332065872093,0.723348436639535,1.32783679209302,0.639999150767442,2.0924881605814,0.53542760105814,0.790510423255814,0.738494566372093,0.637763168790698,0.294327952093023,1.73041948162791,1.90885894709302,0.410711519837209,1.00102869174419,0.145489692313953
"MIR1246",0.437110953488372,0.484195967639535,0.699457097686046,0.771347925697674,0.287458142430233,0.78069689344186,0.590959740186046,0.962693137093023,1.01940871232558,1.27100075011628,0.952221215348837,0.755597540360465,0.861160853488372,0.486916639232558,0.712018508790698,3.06984553372093,0.796658294883721,0.665324808802326,1.380519795,1.42522739604651,1.27554161686047,0.690026791802326,0.474356300476744,0.670477981348837,1.13182223802326,1.28099102476744,1.22785979116279,0.927361839883721,0.923230564534884,0.92922633255814,0.759959583255814,0.679292451860465,0.641007136883721,0.926907438604651,1.78805301465116,1.33216858825581,4.42223587790698,1.43249799883721,1.18695185802326,1.22801194872093,3.70959121046512,1.11843052069767,1.3374918505814,1.30004497534884,1.04240759976744,1.06723052255814,1.55845685569767,1.28803373290698,1.72927940732558,1.32887334430233,1.31767044604651,1.48600880244186,1.38362283895349,1.42115215453488,1.3966339,0.436838540883721,1.41650985174419,0.799401738837209,1.37185661651163,0.987133815348837,1.26606732255814,1.09074965337209,0.837024270232558,0.365236294406977,0.438380466081395,0.989759105581395,0.729319747209302,0.519233359918605,0.462366566616279,0.654838260476744,0.471305760581395,0.661167780732558,0.736288732523256,0.684328322767442,1.0063166727907,0.569560850813953,0.707623008813953,0.409281477430233,0.721889064534884,0.745640332348837,0.665779503848837,0.965664417558139,0.706704900406977,1.03769564686047,0.540855803,1.18435360883721
"SERINC1",1.2830271755814,1.41845496011628,0.630454999034884,0.320825104116279,1.00849735837209,1.14931228639535,0.771297299906977,0.279410302523256,0.705307968697674,0.536686762662791,0.973299384651163,1.21956576465116,1.40180585069767,1.41641443837209,1.24467987232558,0.467775437162791,0.297086674732558,0.48348087194186,0.305291303825581,0.411372349616279,0.798661703883721,0.621001061697674,1.18408462988372,1.29499862093023,0.606793647709302,0.283002188872093,0.628451358965116,0.825456332093023,1.23693299813953,0.644503039348837,1.19116653918605,1.19180789081395,0.959692996744186,1.10849751232558,0.355001367430233,0.356346968686046,0.385419851581395,0.528262227965116,0.595648328093023,0.591523624697674,0.671101814744186,0.0160853944302326,0.0365422537906977,0.256114392604651,0.218067801744186,1.31135188395349,0.0225787997906977,-0.0815579394302326,-0.145613167511628,0.322526507430233,0.406829622860465,0.598403305418605,0.372780826651163,-0.225536099267442,0.573011255593023,1.31314237627907,0.752972617930233,0.747003383604651,0.820625370290698,0.905494894883721,1.20971513011628,1.22261866616279,0.574583534255814,1.34613454488372,1.62231523267442,0.869038351860465,1.04518066895349,1.48590212348837,1.29271770511628,1.59575461383721,1.20534881604651,0.931874715813954,1.38324839988372,1.04878373127907,0.402927472465116,1.58206129290698,1.00272461232558,1.38718067011628,0.856894870697674,0.81992493755814,0.24163264422093,1.2251226777907,1.45685926232558,0.907488540348837,1.46478008255814,0.273853588081395
"ESCO1",0.224979191337209,0.817087235465116,0.816190958430233,1.03680149825581,0.310992742511628,0.445981574569767,0.869138973023256,1.20925644372093,1.17719522430233,1.2050840627907,0.696211275174419,0.859780677790698,0.459475549069767,1.09404656011628,0.612435915046512,1.15971322918605,0.914241285232558,1.07813148988372,1.0993780705814,1.48349353162791,1.14506968453488,0.759255209267442,0.443109173418605,0.531383460790698,1.21647338895349,1.31289287348837,1.38862485872093,0.987252764883721,0.746901415848837,0.801010019465116,0.871501405930233,0.736981202430233,0.815543601162791,0.735329921232558,1.70297960127907,1.48454081325581,1.67709021825581,1.35069445209302,1.50483174383721,1.38718067011628,1.35401247093023,1.54368855988372,1.34157363383721,2.05476423848837,1.45742003523256,1.09760633093023,1.78296944476744,1.7065141372093,1.55921550790698,1.53169833581395,1.49540980116279,1.38062226639535,1.41816826453488,2.38760454697674,2.54959217674419,0.820385505465116,0.998034427790698,1.11678652232558,0.970130188023256,0.918970688488372,0.90850414127907,1.16474179767442,1.39079359860465,0.434880436953488,0.814794836790698,0.682628611686046,0.747867168593023,0.584497591523256,0.755708137023256,0.844757942674419,0.449810982069767,0.440959211883721,0.8440665,0.773201818174419,1.41380756023256,0.728065936755814,1.08905100488372,0.643420781697674,1.30920396813953,0.668274891453488,0.740405016593023,0.85246464755814,0.711095093639535,1.84502431930233,0.407363483197674,1.28865984511628
"TMEM170B",1.33344608290698,1.02908777906977,1.46512756593023,-0.165424843046512,1.09772092651163,1.05227398244186,1.15892865930233,0.361859149860465,1.22397394186047,1.35242426,1.21881183244186,1.38391279593023,0.922131979418605,1.35992861302326,1.75425347255814,0.285240247686046,1.01885715686047,1.36489801313953,-0.318881133860465,0.53639001322093,-0.00264268480232558,1.14849239697674,1.31037873139535,0.522341173372093,0.510755926046512,0.642460048290698,0.638580878197674,0.955679040348837,1.23502838872093,1.00086319930233,0.235687121593023,1.05948468360465,0.805017927674419,1.27545715790698,0.303066601767442,-0.190866657953488,0.234564866337209,0.154741100569767,0.13905181772093,0.0495581635,0.519384672034884,-0.359679676372093,0.120755054569767,0.245173010337209,0.182096839325581,0.603718995244186,0.0474358824418605,0.197353156767442,0.0599596094651163,0.134334103174419,0.622015651767442,0.61708439205814,-0.0670391235232558,-0.472800749069767,0.393185238697674,1.57918855034884,1.33324306197674,0.429366215453488,0.52652257205814,1.56202758627907,1.75997246872093,1.21258655162791,0.475659327081395,1.08135735872093,1.41661505418605,0.321029155116279,1.29428499430233,1.42976004918605,1.04949228674419,1.10703489976744,1.16562139011628,0.830028781802326,1.4749180894186,0.772566738651163,0.794730452034884,1.30371854465116,1.13991730709302,1.34964294674419,0.615006041197674,1.33057897534884,0.652450112488372,1.1576250177907,1.32289371290698,-0.0681107958023256,1.38530189790698,0.325897242360465
"KIR2DL3",0.455160786848837,0.357622663581395,0.949755719069767,0.901514528604651,0.537556602337209,0.62583948122093,0.672361929744186,1.22623702662791,1.08576581034884,1.08662758313953,1.1163031294186,0.662248174546512,0.60520184477907,0.515683252197674,0.8255551725,1.04942629453488,0.884589923139535,0.786670985116279,1.00488071488372,1.30490894267442,1.46632667325581,0.993332537093023,0.768810738325581,0.903731560697674,1.38112264430233,1.48290768453488,1.43297450069767,0.815005621627907,0.932872786744186,1.14249527895349,0.786290361976744,1.14828749430233,0.756732982848837,1.03495678151163,1.56814884116279,1.4680130544186,2.0099408722093,2.03074484255814,1.77493499965116,2.15283093255814,2.23720278098837,1.51751201313953,1.72019074093023,1.73206549976744,1.6169975972093,1.08366433732558,1.65033479616279,1.77607992,2.23679664802326,1.53644997313953,1.54429694244186,2.21280339965116,1.19320418023256,2.00450440139535,1.4350524355814,0.328033494034884,1.35517876906977,1.06637718988372,1.23096728430233,1.28237998604651,0.828173117790698,1.23495103488372,1.27922652511628,0.34847839072093,0.645540828593023,0.987645895697674,0.458256491895349,0.516168411534884,0.744937869523256,0.781441260372093,0.489653699906977,0.626415252476744,0.63832407022093,1.0273408027907,1.09889096569767,0.71152665972093,0.576770016325581,0.595134957116279,1.16373336825581,0.479210986174419,0.959899556046512,0.907910567558139,0.663006915162791,1.20582938267442,0.507973898523256,1.9768387605814
"SYNPO",0.5322974095,0.727166369534884,0.825687035,1.08682407232558,0.748235338267442,0.604789676406977,1.01178722872093,1.55724920662791,0.952116587325581,1.22073606802326,0.818994858651163,0.855670351860465,1.08432815732558,0.910777393604651,0.749089333965116,1.47416403174419,1.01395507069767,0.555595266825581,1.72088204837209,1.0565165377907,0.95985470627907,0.529445719151163,0.783185341325581,0.622056232418605,0.958420293953488,1.31508415744186,1.16651736651163,0.653197775883721,0.603879870337209,0.898843326627907,1.04065099825581,0.719741605104651,0.661774914627907,0.554750610790698,1.59657867883721,1.78774870290698,1.18042563290698,1.57317111162791,1.7921182872093,1.49023241046512,1.07518434360465,0.891071222325581,1.13795443034884,1.50135922767442,1.29428499430233,1.10474820116279,1.43781070023256,1.34974856244186,1.10876286860465,1.29835394872093,1.22049598662791,1.36262693593023,1.267448055,1.83626535046512,1.4512459622093,0.775444406046512,0.855240747906977,1.25130031674419,0.934476530581395,1.28204533918605,1.02982779627907,0.963842854418605,0.951572831744186,0.969687120116279,0.904969008255814,1.16991614790698,0.793333909534884,1.13678450069767,1.52324860686047,0.808739625465116,0.896861341860465,0.846057736627907,0.94462470627907,1.11787336755814,0.797905813430233,0.653740154662791,0.525194158825581,0.883359591046512,1.05745919093023,0.239084529639535,0.692577997837209,0.844365544883721,0.462886041360465,0.859478399534884,0.718547735104651,1.25353781709302
"CDK15",0.312665262348837,0.557497137325581,0.838048817209302,1.02173841069767,0.509727886232558,1.05836674569767,0.641447655895349,1.0912411955814,0.981964775348837,1.11658720197674,0.910345218837209,0.942919886860465,0.58484804122093,0.784040480232558,0.933457982325581,1.57770966732558,0.738801551813953,0.623496684755814,1.32848224523256,1.1491259644186,1.21033896104651,0.821448279883721,0.480418899360465,0.721529023151163,0.996263254534884,1.30648767418605,1.22668425360465,0.755277394023256,0.740142930116279,1.08480480953488,1.01321000418605,2.63030226046512,0.792439055232558,0.712164845058139,1.16423863232558,1.31913319930233,1.358243895,1.85608555162791,0.911243662906977,1.3322723027907,1.98422451186047,2.37713919476744,1.76274426825581,1.92540271465116,1.17286054093023,0.965767876162791,1.35062088034884,1.68591444360465,1.26341795232558,1.35374975802326,1.30834796081395,1.69741794023256,1.52653643139535,1.76463335011628,1.33493939976744,0.704648402,1.17699681709302,0.944797304302326,1.09305555244186,1.18674624872093,0.816872971930233,0.907973602790698,1.10268537593023,0.259249662581395,0.592775627709302,0.735033140151163,0.666994971860465,0.693129918965116,1.64877630395349,0.910247561046512,0.419504600639535,0.420635500581395,0.863003799302326,0.602518869197674,0.926498066976744,0.339852290755814,0.492210862965116,0.440104255732558,0.775796283662791,0.445003059209302,0.465114767418605,0.829322470465116,0.677804328069767,0.815005621627907,0.858625097209302,1.39341220534884
"LCE3D",0.518182478395349,0.818294105290698,1.04524325883721,1.06523351104651,0.372305814581395,0.479461910186047,0.544052941616279,1.00426763697674,1.36767297825581,1.59332688709302,0.893161719069767,0.884917870930233,0.977465061976744,0.650740909430233,0.925570484651163,1.16623203104651,0.876056284186047,0.649676432627907,1.1332995627907,1.32314461139535,1.2659838477907,0.707399629604651,0.601433953063953,0.889832963023256,1.20678659360465,1.67123824069767,1.26498354697674,1.060980915,0.886316845465116,1.01279876337209,0.754602311686047,0.753926438767442,1.00120573104651,0.604487701255814,1.33294785825581,2.01511562627907,2.40383390825581,1.57738797418605,1.38575093697674,2.28449899848837,1.42428914755814,1.43030720639535,1.16754877616279,1.29028514360465,1.07363834697674,1.23135253651163,1.64094411151163,1.91770087976744,1.37427712476744,1.47944595383721,1.29359568604651,1.73876869104651,1.55080054569767,2.31857765383721,1.31622985872093,0.375745886848837,1.03623613872093,1.25088884232558,1.28898115639535,1.11520526104651,1.25316978767442,0.98493900744186,0.994643364883721,0.508076398395349,0.506708443569767,0.888294037906977,0.576286713593023,0.86174245255814,0.771990034511628,0.504204629197674,0.460197653767442,0.441286758662791,0.939665056511628,1.05227398244186,1.10905314988372,0.293249982511628,0.704316868197674,0.862907084069767,1.19230597883721,0.487920781,0.851779831860465,2.05708550976744,1.0654906727907,0.843161680930233,0.582794627465116,2.12189188953488
"SYCE1",0.59598308972093,0.742453981139535,0.925895686511628,0.792883513953488,0.577015124406977,0.816399330348837,0.86713830372093,1.19349170581395,1.02705471395349,1.02059408232558,0.982958305813953,0.851661366860465,0.705844940744186,0.679391827895349,0.799447080232558,1.17010849255814,1.33692551732558,0.763624451976744,1.05273582988372,1.7228551194186,1.23105241953488,0.949975676744186,0.709616148534884,0.768810738325581,1.16929394453488,1.49059399395349,1.51099951511628,0.968849472674419,0.858242128953488,1.14685447325581,1.03237313453488,1.00542904174419,0.831118805697674,0.947411195813953,2.48250217732558,1.79313533186047,2.23390520744186,1.66773651313953,1.69741794023256,1.24910097418605,1.19913648383721,1.62745820709302,1.45209943523256,1.41854617081395,1.47268465313954,0.976324875116279,1.63310820848837,1.65667866360465,1.41866966639535,1.97063860802326,1.5429742322093,1.38995843511628,1.44712281697674,1.92177828930233,1.37694121755814,0.396010014639535,1.08062121069767,1.02259636197674,1.03114061186047,1.28890786034884,0.993332537093023,0.802080454767442,0.917526219302326,0.607038617,0.503590635732558,1.01365432232558,0.599455265267442,1.05431673790698,0.620404609872093,0.863583394883721,0.948899721046512,0.850477686860465,0.684967767872093,0.890322325465116,1.13336139348837,0.590006661395349,0.544494607,0.838251065348837,0.577420496802326,0.866564822209302,0.696715422313953,0.930528108488372,0.708772879290698,1.25144261104651,0.424335765093023,1.48921305197674
"KRT12",0.250468043348837,0.189741448767442,0.438091030244186,0.705691363976744,0.247720771895349,0.206780038267442,0.373809145476744,0.807304061162791,0.727519195104651,0.80506782472093,0.723588665860465,0.788449606162791,0.356279650174419,0.177866519476744,0.370488646895349,2.95419607267442,0.671261473023256,0.280802711616279,0.894435836627907,0.832428972093023,0.855459033255814,0.430149909069767,0.265312104476744,0.472891127604651,0.887221913488372,1.04159964430233,0.873266653604651,0.558892684755814,0.52934214227907,0.606527141860465,0.516379307197674,0.527533857430233,0.553400666337209,0.46522579105814,1.52989404453488,0.980540304186047,1.07602600872093,1.13361401395349,0.917807397325581,1.04645860569767,1.62501429697674,0.728855914965116,0.983017514883721,1.04843732895349,0.675905330023256,1.10334129662791,1.18536674244186,1.02849506011628,0.762106370523256,1.01655507116279,1.09790991337209,1.0459552855814,1.00227993604651,1.18695185802326,1.09833749360465,0.266615870104651,0.718049572918605,0.720343012569767,0.71152665972093,0.623028651744186,0.549290088197674,0.685171534023256,0.747336876011628,0.197758734848837,0.32852170255814,1.19942299965116,0.242474421546512,0.377779405872093,0.206090894651163,0.122490873476744,0.18439110844186,0.219108923872093,0.383774718232558,0.260883694465116,3.41109282093023,0.182096839325581,0.249384965127907,0.311762483965116,2.91498735116279,0.262110924151163,2.29277155046512,0.520243175744186,0.294194778383721,0.578538360255814,0.355824955709302,0.901365654767442
"TGM5",0.514816472732558,0.713550400383721,0.961175227093023,1.07265784813953,0.713804586244186,0.402341095651163,0.775796283662791,0.966630510465116,1.32766580290698,1.05365757930233,1.20611983255814,0.795449914139535,0.649436405186047,0.740142930116279,0.744720785639535,1.03068606790698,1.01964643488372,0.674032638197674,0.996921383139535,1.31028241755814,1.50400088081395,0.752972617930233,0.764540933662791,0.814891076976744,1.38902649151163,1.18119348069767,1.27091245895349,0.901987563488372,0.827074295116279,0.946100563372093,0.799763067674419,0.7064470205,1.17332684023256,0.975395058023256,1.85608555162791,1.29835394872093,1.97399306127907,2.03402267348837,1.35624071034884,1.43529072965116,1.21986722093023,1.33361395860465,1.20348577813953,1.51992954430233,1.41393531895349,0.982746062674419,1.26268507872093,1.4687229105814,1.68949045,1.43493183162791,1.6758424544186,1.52721879151163,1.47547098883721,2.19309085174419,1.80667263151163,0.439166270069767,1.10291856023256,0.83256704872093,0.985606805813953,1.15485945732558,1.28367854337209,1.20480716848837,0.913611607209302,0.640207906837209,0.717911732139535,0.69085356327907,0.448343516930233,0.724546524174419,0.834354234302326,0.795828331627907,0.7805493025,0.906351452325581,0.793777100116279,0.777948373139535,1.08969352011628,0.764242728569767,0.461688150395349,0.949006941395349,1.17774943825581,0.858477715697674,0.916879132674419,1.33810352430233,0.651524281313953,1.11099520581395,0.682473095848837,1.59732801872093
"MYMK",0.519866371348837,0.454938557523256,0.772404378488372,0.854716507790698,0.563293713406977,0.612625794034884,0.804618321918605,1.171508825,1.27759731627907,1.22018812418605,0.91071051,0.913983857906977,0.696668619593023,0.818348681,0.920673636395349,1.02312585569767,1.07306094034884,0.763580080651163,1.19083096348837,1.46374932174419,1.24192064651163,0.837791640813954,0.587067206418605,0.671059947476744,1.09503136662791,1.52963317848837,1.33933602174419,0.880042218139535,0.927585517209302,0.890143642325581,0.66430582972093,0.888748964767442,1.08759466651163,0.680816384,1.47880748034884,1.88913105651163,2.10254866453488,1.50881169627907,1.60118652639535,1.45616407034884,1.12063931337209,1.25221049383721,1.38729618744186,1.5734759377907,1.5711844022093,1.28549227651163,2.14131626453488,1.59289095569767,1.53004966406977,1.35946411627907,2.09814918837209,2.21743162325581,1.81633350825581,1.88944032860465,1.29044975162791,0.526742971709302,1.27658828965116,1.13864913069767,1.06749394465116,1.38807824267442,1.03473938569767,1.05710476,1.22152932709302,0.528770497011628,0.523001134976744,0.888994588488372,1.89500465348837,0.973942743372093,0.649436405186047,0.698103889104651,0.53362664555814,0.429243004848837,0.689157600511628,1.11949158348837,1.43922009313953,0.504257776081395,0.948489325697674,0.664764449011628,0.654333890674419,0.624783321011628,0.94079776244186,0.886421660116279,0.719382560604651,1.00342496755814,0.468236261232558,1.62413084546512
"DDA1",1.44880967116279,1.5648094877907,1.13132791151163,0.344948277837209,0.901119573023256,0.79297002144186,1.265391105,0.233658577139535,1.29491253825581,1.12076937837209,1.23332563465116,1.13396372627907,1.48994603093023,1.81077706848837,0.916521416046512,-0.0282263613488372,0.302722694837209,0.360707987616279,-0.13913937394186,-0.0896297720116279,-0.00860295880232558,0.383716564825581,0.957791199534884,0.340361222348837,0.486916639232558,-0.0400531581162791,0.334381172674419,0.300447729313953,1.48059645767442,0.0652978465116279,0.619680118883721,0.740930175232558,0.927921558488372,1.84975351755814,0.00215550167441861,-0.42008951394186,0.0613218771511628,-0.0176049523837209,0.212452058139535,-0.213753895744186,0.0853248843604651,0.151077946197674,-0.262126316116279,-0.30595294577907,-0.113985132023256,1.44133385895349,-0.0557280445465116,-0.282144730011628,0.183463807616279,0.190248456860465,0.946153683953488,0.321642847406977,0.146409851104651,-0.220122521348837,-0.173916717872093,1.96762822104651,0.644033488348837,0.129666562232558,0.418000417383721,0.680169457034884,0.58859178422093,1.6961027955814,-0.347377918976744,1.60054097197674,1.92759479313953,-0.0970709190116279,0.877768754186046,1.68801386313953,1.00029084104651,1.80719304488372,1.41466429523256,1.25347226360465,2.09194257313953,1.1459161844186,0.461153144953488,1.361888735,0.814336706395349,1.13505355744186,1.00802427151163,1.30483244534884,-0.322745316476744,1.20024491639535,2.0099408722093,0.706204254616279,1.25421587337209,0.238772241930233
"TBL1XR1",1.35899948848837,0.804436329767442,0.42207788477907,0.126232216883721,1.1495070977907,1.19055167837209,1.02167886639535,0.49159687622093,1.10658655151163,0.762659698790698,1.10910530406977,1.0771001022093,1.36891950674419,1.5005476677907,1.24720355627907,0.332740384209302,0.597702430965116,0.580008962,0.790008069837209,0.584497591523256,0.532833205197674,1.3282018805814,1.91148076406977,1.55567744930233,0.644391766883721,1.05710476,0.599209494488372,1.46921174372093,1.13698044418605,0.308666562197674,0.465965421348837,0.601254294534884,0.443555702837209,1.10737752174419,0.494791723674419,0.534356548313954,0.462739103162791,0.767586692290698,0.662106565418605,0.463458884104651,0.678034746476744,0.599740304453488,0.155449388581395,0.313741495267442,0.344010574232558,0.369282900023256,0.421055859837209,0.671261473023256,0.47743876727907,0.35556468022093,0.509727886232558,0.47516193377907,0.10747979744186,0.551102027453488,0.146061294581395,1.52265009093023,0.426843156895349,0.2782655755,0.252680456872093,0.454559339034884,0.334323670069767,0.748539548081395,0.161363652023256,0.842882885232558,1.21941176453488,0.686738123872093,1.0568867905814,1.42566043674419,1.66958124953488,2.018964725,0.955243035813954,2.35485895290698,0.790846722906977,0.781441260372093,0.266533595976744,1.49611831627907,1.09429336662791,0.460252657569767,0.550947579755814,1.23096728430233,1.30508980104651,0.487978693686047,1.35126291744186,0.69889613044186,1.44483716581395,0.58864252844186
"RDH10",1.50005005686047,2.12626040372093,1.19855066406977,0.861963905232558,1.2517515055814,0.429795025534884,1.06284478674419,-0.222759027232558,1.38227543488372,1.52433298965116,1.10618696627907,1.06891678406977,2.11337901569767,1.26128965627907,0.656588985325581,-0.211166841988372,0.183106587139535,0.221321125930233,1.38446527197674,0.47710236144186,0.171077294569767,1.08528473,1.22471894918605,0.553361865627907,0.268696628511628,0.691832692465116,0.423832684674419,0.30716330905814,0.716209966523256,0.430500737709302,1.06755675081395,0.729819597465116,-0.458447595232558,1.24850194069767,0.699352689988372,-0.0989322351395349,-0.168651444767442,0.238847255,0.242970627639535,-0.300073711755814,0.704892571290698,0.0189608604767442,-0.175268797476744,0.0820606184418605,0.578838637813954,0.182420180069767,0.104643806465116,0.352495832895349,0.0872743312674419,0.321029155116279,-0.115470452988372,-0.234802390383721,0.133150982453488,0.332909825511628,-0.205612051918605,1.37704530104651,0.998139778604651,0.399486329744186,0.642342810569767,1.09586109209302,1.86830906953488,1.26011286267442,-0.330924840034884,1.42479911662791,1.61402832581395,0.755277394023256,0.49282439377907,1.24413786453488,0.446712973825581,0.663152734197674,1.12097635546512,1.38112264430233,2.27616841,0.520619959697674,0.318460380848837,1.52351782988372,0.868073092325581,1.25307997662791,0.567417055697674,1.12839812988372,0.608311446081395,1.44495651034884,1.74301056965116,0.334008558023256,1.51531688802326,-0.0551264710116279
"MIR27B",0.451558503744186,0.492104313116279,0.908916780813953,1.08721974186047,0.438610424034884,0.270883634209302,2.53280288604651,1.14804024011628,1.05234107162791,1.35287321767442,0.949430897209302,0.938942997558139,0.583889403883721,0.493640157709302,1.13886063860465,2.03164833604651,0.825987126046512,0.898738305348837,1.25853719593023,1.23842943232558,1.31083220232558,0.636185347581395,0.411420278639535,0.637974148360465,1.12281462302326,1.51284344755814,1.57906050476744,0.779506408837209,0.905332366395349,0.968349106511628,0.871855285,0.927815739302326,0.825170248767442,0.835098969767442,1.58789327453488,1.26371797674419,1.66620411837209,1.32235315662791,1.16998211034884,1.76493272581395,1.08261083360465,1.18484894046512,1.24362050767442,1.98422451186047,1.09081794151163,1.2970646327907,1.70072397604651,1.7009060577907,1.24926015034884,1.32657128,1.45328660988372,2.14461638616279,1.34010969604651,1.41226309627907,1.44495651034884,0.393602739837209,1.27717413034884,1.05745919093023,0.869366931511628,1.02902771069767,0.992447474883721,1.16921874511628,0.879637764883721,0.37809451877907,0.819778451046512,1.76730385023256,0.693078754581395,0.789074290593023,0.564295163825581,0.756495157209302,0.362549222593023,0.555967614465116,0.891843028837209,0.885056845581395,1.25937923790698,0.268133044662791,0.785071741465116,0.986704815465116,0.440160473209302,0.556347894965116,0.788611255581395,0.687244568837209,0.727166369534884,0.815831257093023,0.849897900581395,2.62221859453488
"STMN2",0.275594790453488,0.486011916430233,0.516919402104651,0.808786575116279,0.356945106872093,0.401183653046512,0.413577734011628,0.884538291162791,0.751753900813954,1.09152026,0.82205816244186,0.788307753604651,0.571217613930233,0.292873046337209,0.433251402755814,2.08975455569767,0.718239370372093,2.07853763488372,0.95871247244186,0.906053910930233,1.13382462023256,0.584072911476744,0.366668254872093,0.800037802674419,0.810106664534884,0.945889518255814,1.12029397488372,0.769863457604651,0.682518092174419,0.626671907651163,0.618421027988372,0.674234362639535,0.782031265348837,0.907746820348837,0.874506391395349,1.12063931337209,2.70775800581395,1.04981828627907,0.881694678488372,1.08130691906977,1.3046501294186,0.965049319883721,0.954515861511628,0.978281166395349,1.48499925104651,0.817835030697674,1.12598646883721,1.24784104197674,1.28684455104651,0.971325663488372,1.45857306546512,1.08784349151163,1.18357005883721,3.25184483372093,1.04552826069767,0.326313934627907,0.977465061976744,1.03645074127907,0.763531092209302,0.901067050348837,0.645353022593023,1.1430379622093,0.814653762790698,1.09956990872093,0.415942195744186,0.771086224813954,0.269331813430233,0.576546808755814,0.287537078546512,0.221155368965116,0.517668682651163,0.512383216697674,0.881092547906977,0.664764449011628,0.924557355232558,1.3547644577907,0.310326331523256,0.471870621011628,1.55094030918605,0.484671682534884,2.20244409023256,1.07908013755814,0.507643051546512,0.846845456744186,0.554645979139535,1.24406240093023
"ZNF142",0.425288421767442,0.483538815011628,0.719741605104651,0.803292384534884,0.713374419488372,0.818393868953488,0.602810149813954,1.17550864209302,1.14290147546512,0.949755719069767,0.868320237209302,0.977094779767442,0.731197781232558,0.544218802395349,1.01603677430233,0.978081992093023,1.02849506011628,0.911652299767442,1.01184341418605,1.18582328325581,1.27733281965116,0.681441678023256,0.723931608906977,0.882440739767442,1.08992805848837,1.03889502127907,1.11526450116279,1.0221283094186,0.667749180593023,1.09870657069767,1.02818761534884,1.01355083232558,0.988742566860465,0.833707583430233,1.4276505994186,1.47195675197674,1.5005476677907,1.42966557837209,0.797811199360465,1.25914999093023,1.25741608709302,1.33713083523256,1.31904812151163,1.31150849081395,1.35126291744186,0.930167091395349,1.5074870294186,1.4964990577907,1.5497625044186,1.26393004883721,1.33923201767442,1.40077194139535,1.7066792444186,1.33682393651163,1.30268033162791,0.639600890383721,0.955359990348837,1.11350599953488,1.24198223686047,0.962534701976744,1.28480573651163,0.981504553023256,1.48191105686047,0.569677581523256,0.468981678372093,1.00481550593023,0.674613046139535,0.712889508488372,0.901067050348837,0.719741605104651,0.810926106860465,0.828568651906977,1.35773898348837,0.973995192790698,1.34673702825581,0.597009660546512,0.809339886441861,0.741586148069767,1.31553038034884,0.717333225127907,1.47405170453488,0.97940881627907,0.876891728255814,0.949006941395349,0.67439000994186,1.45246479767442
"BRPF3",1.8267187294186,0.936172973139535,0.846006808604651,0.734454700418605,0.819390905872093,1.15079830662791,1.35545791174419,0.726145568906977,0.968802029418605,1.02139068372093,1.10401189523256,1.22034570104651,1.30330275488372,1.40625859162791,1.4401064727907,0.360649768965116,0.312887119686046,1.51681376162791,-0.148175865069767,1.19327852395349,0.193135695593023,0.878535143023256,1.28353504523256,1.09600030209302,0.449158778988372,-0.0912451530348837,0.938110634302326,1.16699669418605,1.09852029697674,-0.133520474430233,1.18471912034884,1.26371797674419,1.58533723395349,1.11520526104651,-0.157739304895349,0.321843297453488,-0.100941395662791,-0.256791054313953,0.391635224569767,0.3308829415,0.765382200023256,0.567051189767442,0.718387823209302,0.194475575976744,0.0710768341860465,0.59467108144186,-0.148934667953488,0.220267089732558,0.248441063360465,0.216695682116279,-0.0483874091511628,0.149071329360465,-0.313242887162791,-0.168217494255814,-0.014598322,1.7093391394186,0.769097322151163,0.599693753767442,0.826132957093023,0.350728289709302,0.555177458034884,0.995137778372093,0.145575659651163,1.27931314639535,1.66790352860465,0.131943435313953,1.64037333837209,1.84107838895349,1.72521676697674,0.967285791627907,0.727570606616279,0.989501001046512,0.651016417360465,0.751805547406977,0.189741448767442,1.49372956034884,1.01115683069767,0.747285494209302,0.469251347465116,0.95031341627907,0.59740437572093,0.419760362581395,0.899766461976744,1.33620688825581,0.843057288023256,0.743257333244186
"KIAA0087",0.978886735116279,0.922340169883721,1.56672909209302,0.572535857418605,0.916069986395349,0.758449030151163,1.05601906767442,0.665579451302326,1.59835818848837,1.35899948848837,1.47679799162791,1.56331691906977,1.2826262994186,0.975845683953488,1.0099007222093,0.436654200709302,0.583251236837209,0.29253925505814,0.949975676744186,0.960865850232558,0.675608619732558,1.24628636348837,0.915382407209302,0.999061500581395,1.08975058162791,0.600066795976744,0.470623216767442,1.03757287244186,1.77551515,0.88681366872093,0.729257817639535,0.658867055569767,1.22116687604651,1.87491039313953,0.514272581395349,-0.0652108163255814,0.82446499727907,-0.0416153305,0.391989013348837,0.031313418244186,0.417702348848837,0.0193748549883721,0.308806510302326,0.252283080965116,0.106661577639535,0.260657160011628,0.0245118579651163,0.0173289231395349,-0.0593511269883721,0.438989401418605,0.474747661627907,0.494552726651163,0.337588766255814,-0.265695064872093,-0.0347091125465116,1.18751373825581,1.03354436988372,0.808481108953488,0.53492831827907,0.548578127976744,1.21371407313953,0.931613834302326,0.760478384418605,1.59992441267442,1.28549227651163,0.0110660227906977,0.874702588488372,0.580505092174419,1.00414746406977,0.803196700930233,1.14480645267442,1.35212599418605,0.988681738837209,1.37793898627907,0.358803335697674,0.984213867209302,1.28480573651163,1.45328660988372,1.07935080511628,1.25504060162791,1.00221471848837,0.593610287825581,1.11832254430233,0.855135250930233,1.13068857395349,0.364263764360465
"BCL11A",0.101841646686047,0.917358092093023,0.248372139186047,0.542088604697674,0.325973733872093,1.37771617883721,0.34016068194186,0.69822512794186,0.588327203023256,0.90427478755814,0.545258964930233,0.550056593802326,0.326772430313953,1.03680149825581,0.316034883755814,2.94315053186047,0.3193211605,0.35371602027907,0.798266000581395,0.89556894372093,0.691634559744186,0.36742614427907,0.260732746406977,0.574269554093023,0.702137165302326,0.924883115348837,0.861583470697674,0.471394921186047,0.398121973674419,0.660107218372093,0.455379312930233,0.503037486790698,0.507436925918605,0.430630189174419,1.29103038883721,2.42242628837209,1.70467480267442,0.880042218139535,0.778094795697674,0.889892386162791,0.742956717534884,0.816082180465116,0.869220344069767,0.815543601162791,0.738647688965116,1.35545791174419,0.89556894372093,1.00898297988372,4.23611474651163,0.867272775232558,0.99140704372093,2.0924881605814,0.787234094139535,0.924245845465116,2.60099871162791,0.231831443127907,0.680074101139535,0.604686860930233,0.616026603453488,0.513153142360465,0.455661551197674,0.565894452895349,3.48753217790698,0.101636691965116,0.274652400511628,0.224802399976744,1.26530378360465,0.261765732546512,4.39869508488372,1.44286768104651,2.02100838744186,0.102721903662791,0.310722792639535,2.06793250883721,0.708097002476744,0.150752635697674,0.216451018104651,0.266383237302326,0.947463171744186,0.174013272511628,0.334872563767442,0.354094447023256,0.259832870639535,0.577420496802326,1.11665509162791,0.859068264767442
"NADK2",1.73452414523256,1.71247754534884,0.98676385,0.43386954355814,0.785948494244186,0.832195512325581,1.23919897883721,-0.117646170790698,0.878591160813953,0.549177921325581,1.1698490322093,1.49023241046512,1.16154416453488,1.05975703116279,0.722877492790698,0.21932124144186,0.201951804093023,0.245878089069767,1.57028240755814,0.646609181686047,-0.215458152465116,1.40190709790698,1.51206001046512,1.01018546965116,-0.152431183174419,0.0530487571046512,-0.108307086953488,1.54860929581395,1.82533234674419,0.814134362325581,0.942163045348837,0.91515482127907,0.134936385988372,1.31235833360465,-0.152857975860465,-0.150643870244186,0.145153519,0.036632930372093,0.895054906627907,-0.0704746271395349,0.882343039302326,0.444758603302326,0.235232022802326,0.47655424105814,0.315828235255814,0.280521080465116,-0.142099806395349,0.129404415348837,0.450530564360465,0.178016234255814,0.375803971337209,0.271158466709302,-0.210713519197674,0.309727188034884,-0.172835235906977,1.3677648472093,0.905757935581395,0.394741675709302,0.183301073848837,0.408109580081395,0.678941639348837,0.991018784651163,0.75078639455814,1.3734591172093,1.73292413813953,0.135143665465116,1.02041981127907,0.981803140348837,1.14872826,0.981743769883721,1.04442615081395,1.35745246895349,1.00304579244186,0.585090613337209,0.414173061151163,0.857462416046512,1.35526511197674,1.43876760046512,0.889297583139535,0.99435339744186,-0.0670391235232558,0.328730391604651,1.69144942011628,0.0882833736046512,1.91311901755814,0.437548470511628
"AMER1",0.450696482639535,0.685903373651163,0.88961233755814,0.923661646744186,0.583849836930233,0.494898218034884,0.734053150511628,1.21910468686047,1.13595196232558,1.30701488395349,0.855459033255814,1.01515033639535,0.860356111046512,0.569040803569767,0.877027907790698,1.05894654395349,0.986704815465116,0.529445719151163,1.33439015290698,1.41063785302326,1.44207362360465,0.756914214767442,0.466201683848837,0.83018096872093,1.06891678406977,1.33784191372093,1.38435640918605,0.90183144,0.974164852790698,0.899909983837209,0.927585517209302,0.864152779244186,0.873738644534884,0.973513026162791,1.72683674081395,1.60636439267442,1.22442755744186,1.75425347255814,1.34598279767442,2.13049945081395,1.38615199372093,1.85839937930233,1.4534141977907,1.8656685355814,1.67645184406977,1.36019251395349,2.12626040372093,1.49072837802326,2.08917028453488,1.26684651511628,1.89237556209302,1.20265399069767,1.3351315972093,2.27685583837209,2.23618150581395,0.604686860930233,1.34231597918605,1.18714188546512,1.32027189755814,1.32423885197674,1.20956708686047,1.01768586848837,1.23933615918605,0.592986124151163,0.66215718222093,1.02432441755814,0.849707860813953,0.811455223604651,0.682888502337209,0.570561323755814,0.53149663827907,0.589506879523256,1.24791327976744,0.861631767209302,1.2115443577907,0.404182451023256,0.714986103453488,0.971111314069767,0.530967844418605,0.602428964895349,0.914241285232558,0.772906176395349,0.932653728139535,0.856377608255814,0.596435386232558,2.35683200686047
"GPNMB",0.723128350511628,0.921932110697674,0.79676783872093,1.16128682244186,0.752139232872093,0.957306393372093,0.816399330348837,1.51403978255814,1.18209653906977,1.28081948104651,1.05222783,0.929873745697674,0.549344486988372,0.562787236069767,0.685754003302326,1.12333677209302,0.947195518604651,0.595079666953488,0.996797933604651,1.16093791,0.967679830697674,0.763531092209302,0.632333127790698,0.746284180988372,1.27751698953488,1.15621486174419,1.14085711,1.52643049174419,0.597445842034884,0.879221557906977,0.880995712325581,0.885624854069767,0.875174011744186,0.707944523383721,1.72995564186047,1.37943795860465,1.42753013197674,1.31991966337209,1.30868621872093,1.47701777465116,1.43216488918605,1.47392000488372,1.18647662534884,1.82584028,0.984612975,1.30062209732558,1.3658446422093,1.38902649151163,1.16346963674419,1.4336639627907,1.32551075872093,1.79959601302326,1.36661079534884,1.58497855732558,1.41063785302326,0.668234248627907,1.35765152290698,0.967447796162791,1.07993693348837,1.14750093069767,1.24503946918605,1.22338607755814,1.44044409616279,0.458708923093023,0.728908256465116,0.704416293360465,0.649533643674419,0.608813838895349,0.68283751672093,0.663109669686046,0.740651339418605,0.492929087023256,0.741442111616279,0.668855308930233,1.31364292174419,0.771347925697674,0.583641149453488,0.749567811069767,1.02024480697674,0.776744422151163,0.549128338965116,0.930114131162791,0.842463258139535,0.996491730465116,0.902408602790698,1.8092051922093
"PHLDB2",1.27619455848837,1.74460019523256,1.25591711453488,0.726198973034884,1.11502229976744,1.06878922639535,0.973513026162791,1.12679511360465,0.694248973686047,0.673839193406977,0.896156576744186,1.07836798116279,1.48235893046512,1.88086772697674,0.957730302790698,0.638693300930233,0.464217344546512,1.31142952604651,0.961249903023256,0.836279334302326,0.885373121627907,1.00653793337209,1.06896860662791,1.09273943267442,0.282591324093023,0.605526035034884,0.687585331488372,1.11457053569767,1.08297914604651,0.34259601527907,1.06135477186047,0.567722047662628,0.872578015116279,0.938343600348837,0.516582818883721,0.108590179627907,0.630981884860465,0.154163982186047,1.00086319930233,0.0856756816860465,0.858625097209302,0.133375256139535,0.363705569,0.272265936744186,0.411546874709302,0.798315119186046,0.211015247697674,0.45682892594186,-0.0424147830813953,-0.0197827658953488,-0.245702099232558,-0.00108621402325581,-0.233794028,-0.083855422872093,0.0423569141976744,1.16209489686047,0.894164241744186,0.605586853534884,0.768030774651163,1.26464618267442,0.669804829127907,1.19985206848837,0.814185134534884,1.20340321151163,1.74822981383721,1.11612846093023,0.919337956511628,1.26025476151163,1.06859703662791,1.33167477755814,1.24980302802326,1.07387050825581,1.39850456430233,0.955621759186047,0.57798338155814,1.11812428476744,0.817770771511628,0.974445764186047,0.399655667069767,0.549231662255814,0.485747135569767,0.960464295813954,1.16835748046512,1.30311279906977,1.36595106790698,0.0156725964302326
"ADAM6",0.335347134825581,0.324658588186047,0.83499827872093,0.998691978023256,0.567575444232558,0.765938458604651,0.891278808953488,1.17691483418605,0.78090301372093,1.10367841046512,0.930875822558139,0.998364534069767,0.845374632209302,0.710847743872093,0.944889369302326,1.10837667406977,1.15297667965116,0.751599690546512,1.17204285081395,1.21279748046512,1.49411703325581,0.945475130930233,0.669658688918605,0.560300752244186,1.71394061127907,1.36575385,1.37964647755814,0.906662698255814,0.890194690116279,1.10311672802326,0.688741697139535,0.92922633255814,0.685506674372093,0.855402114883721,1.58481761011628,2.1592143355814,1.2941242272093,1.5053223822093,1.18700637604651,1.94376649872093,1.51613256313953,1.16459789872093,1.85085952290698,2.28361544453488,1.81800770151163,1.59129959488372,1.7051442222093,1.14730474918605,1.51964754651163,1.82533234674419,1.98422451186047,1.71188844406977,1.58970796488372,2.26768574011628,2.88356578139535,0.300647383534884,1.10843370453488,1.37111705011628,1.03798721209302,1.28557229197674,1.21690124348837,1.09456237709302,1.18528978244186,0.645260182860465,0.719382560604651,0.961249903023256,0.787946824697674,1.08790038895349,0.576505945244186,0.660917184348837,0.681163003965116,0.57666488594186,0.783033951406977,0.976809858488372,1.21560296406977,0.838650533488372,0.477212552616279,0.63722598377907,0.544439477604651,0.741632934337209,0.882869712093023,0.95046096372093,0.894850431860465,0.781441260372093,0.464119264627907,1.86765897674419
"RBFOX1",0.283759160802326,0.907112195697674,0.754505910883721,0.818948074069767,0.275670701046512,0.513675476744186,0.370619984534884,1.11652799325581,0.924353391744186,0.828615537395349,0.784385954651163,1.5945291027907,0.584755877093023,0.841202319651163,0.637326608255814,2.04608578906977,0.741044082186047,0.612738976802326,0.899766461976744,1.17533693232558,1.02229638802326,0.636352926360465,0.502458332104651,0.727069088302326,1.16547384965116,1.38186429674419,1.26298597662791,0.697687313593023,0.797446389081395,1.03489734290698,0.677239054209302,0.79676783872093,0.725227744965116,0.705951561767442,1.13581973813953,1.5862041194186,2.57440372790698,1.32723062348837,1.20324454639535,1.39559486965116,1.25763584174419,1.23421446372093,1.37874963151163,1.86362967023256,1.4840224244186,1.35002668674419,2.00413649034884,2.0408644222093,2.55433779069767,1.25113970848837,1.55873476906977,3.09503888755814,1.24566850465116,1.4636460372093,1.38584763639535,0.363134842790698,1.11241360186047,0.853000873255814,0.998479240930233,1.01466324593023,0.90293138255814,1.00746932011628,1.51206001046512,0.207354480209302,0.727423806360465,0.665424348023256,0.347537808372093,1.27847609046512,0.580190010162791,0.446775168860465,0.320079489848837,0.350918279244186,0.590315129755814,0.521595264046512,0.859478399534884,0.400314172255814,0.370428052116279,0.423665025593023,1.62630706151163,0.539751768313953,1.71147446627907,0.637728802,0.631206704023256,0.74603973372093,0.840457075348837,1.2546777894186
"PHF3",0.962487025465116,1.17114002127907,1.33187871488372,1.16401799906977,1.08385675418605,0.764591002906977,1.57360033686047,1.58156211767442,1.31488913174419,1.25868329581395,1.18576549093023,1.18254316465116,1.25749301662791,1.05866452883721,1.26224451860465,0.53133582294186,0.736730185604651,1.0401398672093,0.882393849767442,0.98896133,0.850967692790698,1.15258940988372,1.39302714860465,1.11279438651163,0.988449604767442,0.978081992093023,0.993616113837209,1.10481088395349,1.18922709651163,0.522243409244186,1.22839252465116,0.715246255395349,1.25969880674419,1.45075223686047,0.325509696569767,0.00540790560465116,0.378906939651163,0.345593622534884,0.593452189267442,0.43608833672093,0.609345128906977,-0.136054792593023,0.474108896406977,0.137178096744186,0.157126515337209,0.480128783069767,0.286632677267442,0.14406144644186,0.436838540883721,0.413294047604651,0.681661687918605,0.768712619906977,0.193494226406977,-0.229320681523256,0.592101951755814,1.15846481267442,0.751444612697674,0.297601795093023,0.670722149767442,0.603672097372093,0.883359591046512,1.09637951604651,1.191313565,0.791617476046512,1.19927203593023,0.594364177488372,0.912502582325581,0.976809858488372,1.14810196139535,0.96733128744186,1.10943900348837,1.44483716581395,1.3944840694186,1.16223670244186,0.616441923593023,1.06302905186047,0.985779045465116,0.913560462906977,0.738801551813953,0.715683254802326,0.639192680348837,1.46339142046512,1.02993608174419,0.662384853,1.16161832337209,0.955419716860465
"DHFR",1.70151817569767,1.57155838895349,1.70407433,0.191580084244186,0.80643334877907,1.2213042377907,1.71974502313953,0.440393473406977,0.812630051860465,0.511363952895349,0.765886251395349,0.760081887162791,1.14492390430233,0.530548742918605,0.371557846965116,0.195110112662791,0.00440806182558139,0.199661269569767,0.536686762662791,0.435981344651163,0.493905528976744,1.84205591825581,0.874280438488372,0.93848003755814,1.04335316395349,0.749675345930233,0.18983932505814,1.07470175151163,1.39559486965116,0.581774862674419,0.515778976395349,0.3681703315,0.448612501325581,1.43991018069767,0.246769430883721,0.00215550167441861,0.258113816348837,0.0757037394883721,0.586655093593023,-0.101668288918605,0.583389656581395,0.367663834953488,0.170758040139535,0.578486744988372,0.07780437,0.424864932430233,0.325642799383721,0.530811113104651,-0.160356882244186,0.23232081944186,0.67874579572093,0.547536115906977,0.375921305511628,0.0590055569069767,0.297806754523256,1.61177580581395,0.827518949534884,0.0431372039767442,0.285240247686046,0.559629584825581,0.513910407430233,0.525994352255814,0.221717289616279,1.28157956639535,2.9070143727907,-0.0103299449651163,0.665679735174419,0.305225469546512,2.16437907023256,1.21430467418605,0.843776150930233,0.677942076883721,1.33868612965116,1.0755556294186,-0.00709455309302326,1.06461358127907,1.38697178627907,0.536580819197674,0.694816898151163,2.33254210465116,0.450403605104651,0.956004146744186,0.74838178594186,0.0724499661976744,1.63998709686047,0.0602640427558139
"FCRL2",0.511706988895349,0.60742662255814,0.721289356011628,0.893474354069767,0.422501704372093,0.367855036697674,0.499645097313954,1.14777302,0.997500972093023,1.40313939837209,0.964574666046512,1.046013875,1.09068640116279,0.628988936604651,0.704452818290698,1.35069445209302,0.783538510930233,0.717212995174419,1.20791314116279,1.1235292405814,1.18610328476744,0.63393462127907,0.971783348604651,0.584388321569767,1.08576581034884,1.08865310534884,1.17191920593023,0.669060905662791,1.55934745453488,1.03031443848837,0.663558646837209,0.852841164767442,0.721939271325581,0.58230049322093,1.42586990476744,1.13634155255814,1.06332946534884,1.39640527360465,1.26182821244186,1.46993724569767,1.56927813581395,1.64361081244186,1.19083096348837,1.30936148697674,1.07438796476744,1.51681376162791,1.4357322327907,1.27857037290698,1.61717475930233,1.53848652162791,1.54226806197674,3.05253741976744,1.07207957488372,2.23760891395349,1.29835394872093,0.366424228534884,0.931200567209302,0.880096278139535,0.72584216044186,0.93073086372093,1.09772092651163,1.03417780023256,2.18640095406977,0.34224744544186,0.530378749418605,1.04147541848837,1.06003807802326,0.827267722395349,0.698734850662791,0.559195420034884,0.805111449302326,0.445416015930233,0.741185944046512,0.940965634069767,0.891843028837209,0.345791063651163,1.78938916709302,1.30139320360465,0.769695958767442,1.09803933639535,0.615200490372093,0.704128505313954,0.732816126151163,0.910654904069767,0.40176294394186,1.39239381674419
"PPP6R1",1.15839109988372,1.21531556418605,0.812630051860465,0.711871469767442,0.926800475813954,1.15952310825581,0.491655227104651,0.376441952360465,1.71104309465116,1.92500190813953,1.66692573023256,1.64284613453488,1.25601146430233,1.32188291906977,1.29444503662791,-0.0506433238953488,0.202030415930233,0.486916639232558,0.908444993372093,0.706914504151163,0.286632677267442,0.87491155244186,1.26315159732558,0.959144403837209,0.675258154104651,-0.00233642193023256,0.50847959872093,1.42873754895349,1.25560692511628,0.761283620627907,0.941392816395349,1.04825723046512,1.2192546027907,1.78890504023256,0.0965382644302326,0.198716326662791,0.358109902209302,-0.0794856669069767,-0.00600040811627907,0.161870703244186,0.460319381953488,0.376441952360465,0.306044579290698,0.251614518011628,0.0120593709651163,0.400889849011628,-0.169184366476744,0.130366933127907,-0.0100279641395349,0.0846379256511628,0.0955699849883721,0.639652399186047,-0.00776156646511628,0.43319360327907,0.392884899581395,1.56387568569767,0.055830741755814,0.267034842581395,0.115081055581395,0.818631001511628,0.566637148534884,0.353898940569767,0.0509154001976744,1.16252366534884,1.07237907825581,0.0992126005,1.56846555011628,1.02671341988372,1.36863219244186,0.884760471162791,1.08212655034884,1.4752386994186,1.63196606744186,1.85941727511628,0.249384965127907,1.46112850651163,1.01793102325581,1.42459227604651,0.500969515616279,1.73778341895349,0.455430324162791,0.573880581883721,1.36650707802326,0.282231815116279,1.15561469395349,-0.0225847411511628
"YPEL5",1.58071216930233,1.31938427686047,1.01810584418605,0.704416293360465,1.08998941197674,1.34411688418605,1.48072043662791,0.518126797337209,1.2257253794186,1.33473004872093,1.40777130151163,1.29699583860465,1.22549519813953,1.63777404174419,1.06056801988372,-0.00319870737209302,0.565123117604651,1.11285692023256,0.395317452709302,0.709195328825581,0.237357484802326,1.03205132744186,0.991067862441861,0.843212808604651,0.887342588837209,-0.319689344418605,0.953308487790698,0.931361755116279,1.00785766662791,0.513858325732558,0.774608190976744,1.07213488534884,0.625292063081395,1.1125351322093,0.475438506616279,0.0518377575232558,0.0347554602790698,-0.151999507523256,0.479210986174419,0.0010521568255814,0.519866371348837,0.0849025914534884,-0.164979620418605,0.0748957114418605,0.0493851646395349,1.08600840186047,-0.0205554495348837,0.260516811976744,0.419882958755814,0.136297668918605,0.319613409174419,0.359693788116279,-0.295667729581395,-0.035235869244186,0.353963772837209,1.82786415290698,0.229659643046512,0.645017191197674,0.741442111616279,0.663788189197674,0.854716507790698,0.679343048604651,0.175062902395349,1.19958191430233,1.42428914755814,0.713374419488372,0.964680269651163,1.15804933906977,1.37657092930233,0.931361755116279,1.56734434546512,1.12740220848837,1.3547644577907,1.63138174127907,0.4620895845,1.15366581686047,1.13651573162791,1.1433699877907,0.967503957093023,0.962788909883721,0.492000055023256,1.01980432476744,1.24344299546512,0.341627822813953,1.31553038034884,0.822426439348837
"DNAI2",1.04436815186047,1.43876760046512,0.691882741186047,1.25986183569767,0.889992194418605,0.857065361860465,1.2035570394186,0.868520353837209,0.634831758313953,0.69822512794186,0.719579946093023,0.730974168604651,1.26298597662791,1.13310785767442,0.986593146162791,0.616089858616279,0.585359248953488,0.922783114883721,1.05028463627907,0.603819766395349,0.663062699523256,1.08392970476744,1.131947745,1.3435200272093,1.12827173906977,0.873829830581395,1.18597326825581,1.14394112127907,0.706049537325581,0.808378875534884,1.07960889209302,1.28549227651163,0.972909819418605,1.31983191267442,0.348882001965116,0.124879038151163,0.719890748837209,0.454325687325581,1.04645860569767,0.82205816244186,0.567820968034884,0.295219459244186,0.699882190767442,0.57045427444186,0.490825441430233,0.863301565,0.437664655883721,0.293464276255814,0.349512323290698,0.667155579476744,0.591221327604651,0.698789337674419,0.68086844872093,0.000633267988372095,0.8229929475,1.10998456813953,0.702567941616279,0.64189882055814,0.46186383094186,0.943627139651163,0.774608190976744,0.658230703325581,0.449520352872093,1.22854119174419,1.12938085767442,0.563599832883721,1.02844104627907,1.13445044104651,1.28913348488372,1.769656875,1.07470175151163,1.14071908430233,1.5084260694186,0.978081992093023,0.688478464023256,1.49461542372093,1.33915602046512,1.31150849081395,0.712332743313953,1.04760561069767,1.05680890209302,1.11156787372093,1.72850249186047,0.734053150511628,1.08676235302326,0.638740517511628
"HPSE",0.197283852651163,0.230920522837209,0.59870135972093,0.747770625093023,0.413455383569767,0.220933346011628,0.360268773081395,0.757629939186046,0.810358379372093,0.853442746511628,0.880145280813953,0.721632878883721,0.669307241965116,0.542088604697674,0.618720577151163,1.4254322877907,0.630882870209302,0.439431526383721,1.04640178081395,0.993665628953488,0.894535808372093,0.745298403313953,0.315768859302326,0.454385153523256,1.03645074127907,1.07300440139535,1.07069666546512,0.62070627972093,0.675905330023256,0.760478384418605,0.421417821965116,0.595134957116279,0.781626256790698,0.493414045406977,1.16637189174419,1.2812368577907,1.4108882155814,1.15436412209302,0.924557355232558,1.15026114918605,1.10387665744186,1.39159713232558,1.20421049418605,1.12408462872093,1.10381157825581,0.918678770930233,1.21313240418605,1.22854119174419,1.11600801523256,1.17266189918605,1.17900625755814,1.14756768197674,1.06433365162791,1.16842396895349,0.941392816395349,0.121719167651163,0.950415675465116,0.695679321627907,0.886922422790698,0.718932235534884,0.631688899313953,0.585949224813954,0.901885756744186,0.144809211267442,0.222056280639535,0.766036535744186,0.438610424034884,0.502868554790698,0.435376400872093,0.195508212755814,0.235748555686047,0.312887119686046,0.525836305186047,0.354218971232558,1.03388206197674,0.234130280046512,0.53519474127907,0.322526507430233,3.78268874651163,0.293321747662791,1.51845933046512,0.572917093313953,0.380947243662791,0.750040400930233,0.295219459244186,1.08873056
"MACROD2",0.202431321767442,0.2554345055,0.707022120290698,0.768758758523256,0.30134665472093,0.305551611046512,0.519606273244186,1.00752365360465,1.11690987406977,0.810525665813953,0.996373764418605,0.671015711883721,0.607637493813953,0.567154256732558,0.616490726802326,4.20307403139535,0.903680929534884,0.353898940569767,0.99547954127907,0.918190272790698,1.08545087453488,0.525836305186047,0.312149996104651,0.611415678802326,0.850574971627907,1.0912411955814,1.01822140383721,0.666603123546512,0.669403353883721,0.727726601616279,0.59375120022093,0.564041441383721,0.568454038965116,0.803101259534884,2.57037537906977,1.1566662577907,2.45993426744186,1.29491253825581,0.979522953372093,1.00802427151163,1.2128787177907,2.92311626395349,1.1968257105814,1.12827173906977,0.967843654767442,0.921534800116279,1.17616829895349,1.16236644709302,3.06264080930233,1.47405170453488,1.18357005883721,1.2213793,0.947714206860465,1.26764903686047,1.05023385627907,0.983258424186046,0.73231699272093,0.843579804418605,0.627093028651163,0.987645895697674,0.858085789651163,0.739853152569767,0.900327965,0.41036416555814,0.294948646209302,0.666994971860465,0.382029222046512,0.554086658337209,4.38719358604651,1.32696010872093,0.244035136418605,0.269865407755814,2.02459898476744,0.558288652,0.980271801511628,0.391379722104651,0.264492365151163,0.466545927534884,0.504908873197674,0.29253925505814,0.505933649546512,0.644131452546512,0.35463869355814,0.816135585744186,0.533727783325581,1.13068857395349
"C5orf46",0.416998390232558,0.705951561767442,0.800398050511628,1.09040318127907,0.417393825837209,0.708456876186046,0.730325541767442,1.08986323395349,1.06284478674419,1.12148963906977,0.907695016046512,1.10243095534884,0.465690819848837,0.830077476744186,0.88854893127907,3.90648769534884,0.886518324651163,0.660688660209302,1.24314490965116,1.31142952604651,1.15778522837209,0.786883385697674,0.434578487418605,0.592052450918605,1.20879146244186,1.30058047319767,1.23219564651163,0.810405731046512,0.580846217476744,0.986812753023256,0.657411092860465,0.936832613023256,0.766895545581395,0.784716476918605,1.56734434546512,1.38520728093023,1.32758252197674,1.55108084453488,1.20886951372093,1.64134780697674,1.74524536523256,1.12454584732558,1.48944886697674,1.59175841395349,1.42686027290698,1.06583891883721,1.72106787127907,1.14443392,1.21956576465116,1.42966557837209,2.48607149534884,1.8171365172093,1.1490575677907,1.48072043662791,1.33951518837209,0.361346440511628,1.13074628034884,1.26158967139535,0.928496065581395,1.05252472337209,0.889992194418605,0.927975919186046,1.08285749744186,0.575681859953488,0.541977160139535,0.88803150744186,0.604686860930233,0.889720531976744,0.600979699976744,0.434752357011628,0.450349820476744,0.498894477325581,0.609680068627907,0.727069088302326,0.978655699651163,0.446487792674419,0.731034494488372,0.437664655883721,0.820764678139535,0.598094942081395,0.58230049322093,0.878485346860465,0.708665967953488,0.835720332441861,0.62563695922093,1.87797387953488
"SYNE2",0.403119242290698,0.789560434418605,0.778287515581395,0.834865355697674,0.602810149813954,0.541411596825581,0.63598856944186,1.27931314639535,0.959899556046512,1.12623039883721,0.963674518488372,0.779183688197674,0.753926438767442,0.633046414686046,0.692835881813954,1.27979556232558,1.22281116302326,0.743557979139535,1.20132235488372,1.44622765372093,1.19827753813953,0.916219309418605,0.6529003075,0.862753000930233,1.57071052139535,1.52403737709302,1.31709074313953,0.727818503965116,1.16169033372093,0.908194947906977,0.932087185581395,1.01115683069767,0.817881185627907,0.692156546488372,1.90003601546512,1.37439350511628,1.25560692511628,1.96646406511628,1.6215158272093,1.62131212860465,1.25575210395349,1.9517300144186,1.12659644093023,1.87056890406977,1.06823269511628,1.18552737906977,1.72877213523256,2.06949760546512,1.2995086822093,1.2057519505814,1.82998206,1.53989727755814,1.53403741325581,2.45125977837209,1.74725875476744,0.513514924034884,1.02246081372093,1.09815532627907,1.03044869604651,1.41629795406977,1.1163031294186,0.89659538372093,1.26198778023256,0.458821497197674,0.429966058872093,1.12394225569767,0.970285875813954,1.15792376976744,0.806078544767442,0.599455265267442,0.608311446081395,0.939568448139535,0.983906168488372,0.673839193406977,1.55505776895349,0.816082180465116,0.713130875523256,0.461749222872093,1.00813319953488,0.717661310093023,0.712737951151163,1.05182740732558,0.814697134418605,1.0260304627907,0.768666632790698,1.41609121651163
"LAIR1",0.298953028372093,0.945939565232558,0.530028371197674,0.788801222209302,0.284829317604651,0.294814087813953,0.627388067930233,1.01970790790698,0.803909210465116,0.897535609418605,0.764337879034884,0.930217735232558,0.618667968488372,0.782986214069767,0.479755205453488,1.6844451994186,1.17907157255814,0.478217837511628,1.21279748046512,1.06003807802326,2.0606854244186,0.706343381430233,0.922937045465116,1.62193005348837,1.02259636197674,1.15026114918605,1.01189560255814,0.623496684755814,1.82079593837209,0.646215455116279,1.07352463116279,1.66505680976744,0.756405596465116,0.612010290604651,0.842623533255814,1.08801231139535,1.20971513011628,1.35880809395349,0.982116645930233,1.48722476546512,1.20941201813953,0.951783888953488,1.14020197081395,1.48835584860465,1.01929310162791,0.972318080813953,1.21480873848837,1.22233778802326,1.56145814093023,1.44767704965116,1.52129459465116,1.69275106488372,1.24066045418605,1.30640214139535,1.61836173511628,0.123430822093023,1.1884117894186,1.18798614569767,1.10898701686047,1.31913319930233,0.679628577569767,1.13831451465116,1.84623222046512,0.302020514523256,0.831162681744186,1.26282322813953,1.00098449255814,0.672310621604651,1.12309185883721,0.857654965116279,0.79297002144186,0.288753711116279,0.478217837511628,0.422195467755814,1.00052381837209,0.717071956697674,0.42225712455814,0.603398393767442,0.530599934139535,0.988575029651163,0.565735649883721,0.51113741344186,0.417702348848837,2.14017505930233,0.335416683709302,1.17251769430233
"SPINT4",0.712786222186046,0.751110361744186,0.731840083325581,0.926448158953488,0.482688352581395,0.754217667523256,0.795121568790698,1.30062209732558,1.02271722151163,1.39087338930233,1.14886571465116,0.749426191244186,0.583641149453488,0.519822425767442,0.841149916976744,0.966375758023256,1.1757187694186,0.901412275581395,1.25969880674419,1.32155199930233,1.35565839802326,0.681526303453488,0.758692240395349,0.902041556627907,1.67023703197674,1.44483716581395,1.35392358651163,0.813397835348837,0.735194346046512,1.13939655616279,0.90922060627907,0.89101695372093,0.920734497325581,0.892298994069767,1.37903190453488,1.70344700139535,1.71568816081395,1.64976536360465,1.43888020430233,1.67688507523256,1.59715235895349,1.29193209418605,1.72785123337209,1.41934035232558,1.94545269883721,1.35899948848837,1.88239804534884,2.02949034476744,2.12022902476744,1.86010331674419,1.83857352348837,2.10254866453488,1.23396842860465,1.48166811093023,2.49997569767442,0.351940677651163,1.50069497186047,1.10521548860465,0.910555200116279,1.05563431325581,0.945418430348837,0.936127637906977,1.32282078162791,0.446088600337209,0.432093798081395,0.846698099069767,0.780800847837209,0.840603372209302,0.746541780093023,0.686683593802326,0.342184683267442,0.68878513522093,0.954290337790698,0.580349440127907,1.63252421290698,0.322251113430233,0.644228768197674,0.784959330232558,0.76182618955814,0.610514039511628,0.790153799186047,1.03348273755814,0.628988936604651,1.08682407232558,0.549290088197674,1.67797464034884
"TMEM151A",0.278539340186047,0.7145608775,0.599915459406977,0.86207672627907,0.621866155116279,0.623544903860465,0.536845088895349,1.05699685848837,1.05140719627907,1.20700193755814,1.00314762255814,0.938630669302326,0.776683348093023,0.625202826244186,0.636085931488372,1.24004857197674,0.957730302790698,0.654786550976744,1.38779752313953,1.25771571313953,1.46911710313953,0.879474154302326,0.637911321860465,0.834961142674419,1.31629824302326,1.37540579116279,1.20996571825581,0.773155132441861,0.856076279418605,1.11856515023256,0.851246691511628,0.735145353081395,0.819721646860465,0.720089509697674,1.39860216523256,1.59528381697674,1.73149923046512,1.91280045627907,1.4398170977907,1.30685122593023,1.29668841837209,1.57906050476744,1.6025788422093,1.6075700827907,1.57028240755814,1.40127665837209,2.11809066581395,1.43109330232558,1.19697350383721,1.42606168360465,2.07394201848837,1.63998709686047,1.84915111046512,2.29525965674419,1.59938152046512,0.329144805534884,0.896258133255814,1.02711549046512,0.762699024732558,1.38955803011628,0.855459033255814,0.843512063372093,1.09193888418605,0.366480984011628,0.513101460511628,0.810926106860465,1.94776565348837,0.989188661627907,0.865525598837209,0.838806716976744,0.362162907418605,0.571855165709302,1.05491918069767,0.785384173139535,1.48762730209302,0.752025990662791,0.625893998930233,0.66279347994186,1.54747530883721,0.855513856046512,0.769863457604651,0.872963351395349,0.837943127325581,0.716702180418605,0.543117615395349,2.3268211655814
"LSM5",2.09663113267442,1.66674855302326,2.02459898476744,0.301189126837209,0.904063163488372,0.869625272325581,1.22003959744186,0.70484075894186,0.976604443488372,1.16554778046512,1.11266236290698,0.753139994186046,0.80643334877907,1.63452464976744,1.25631632883721,0.266765722837209,0.0135222707325581,0.334182144534884,0.0493851646395349,-0.0625602425930233,-0.124999068255814,0.647407008418605,0.985499147441861,0.401876995511628,-0.0846999580116279,0.153656609162791,-0.0111725389186047,1.35354389302326,1.25771571313953,0.692531977686046,1.08243797755814,1.26866252186047,0.480418899360465,0.830811695581395,-0.464990004232558,-0.138302911627907,0.0426900359651163,0.291593685534884,0.00812772302325581,0.0429515313837209,0.0561316897906977,-0.0490787196162791,-0.140093763174419,-0.26744918672093,0.129928433174419,1.24073964581395,0.049298898,0.36566620572093,-0.130772536895349,0.0122494993953488,0.0335893724186047,0.534356548313954,0.194390485837209,0.083330044127907,-0.134481912732558,1.9007374577907,0.497683308651163,0.848246740930233,0.163905767918605,0.407064053906977,0.0589186771627907,0.187324763988372,0.628739804825581,1.42586990476744,2.39910054139535,0.591221327604651,1.32676997348837,0.921824059418605,1.55119720883721,0.949873017209302,1.54876445325581,0.931661615348837,0.969195163953488,0.110857728651163,0.845176143837209,1.65750820581395,1.30546185430233,0.82268266627907,0.862461535813953,0.840149106046512,0.175214063406977,0.54832610327907,1.0483782955814,1.25197309825581,1.58716764430233,0.088998088872093
"DISC1",-0.0778029883604651,0.423494614139535,2.34444554767442,2.50542403174419,0.926601718023256,1.27260649895349,0.121532854790698,0.687244568837209,0.565123117604651,0.786388091976744,0.523052648023256,1.03596392651163,0.281956648755814,0.815980148534884,0.241854470302326,3.86343654418605,0.343167589709302,0.229659643046512,0.712838033569767,0.8255551725,2.24866506255814,0.447245519732558,0.0795434204302326,0.295805463116279,0.658230703325581,0.872621561860465,0.72681396605814,0.407583910337209,0.350277791627907,0.380623278139535,0.349134601523256,0.36040790094186,0.446663333337209,0.399655667069767,2.86983627906977,0.817980687965116,1.27204383930233,1.02198003674419,0.65410910344186,0.785849191046512,1.24888528686047,0.789346335511628,1.87281680069767,0.857462416046512,1.1224111377907,1.1102685727907,0.961725550465116,0.991198710232558,1.35918815372093,1.09250171116279,1.04524325883721,1.42028220627907,1.18729121093023,1.04530135325581,0.931200567209302,-0.0327846599534884,0.610195019918605,0.487812219825581,0.369923796186046,0.396961476383721,0.457631139790698,0.296156144744186,0.941500761627907,0.0534288412209302,0.330218924197674,0.415343355755814,-0.0710457872790698,0.137435143581395,0.49742520044186,0.523622194360465,-0.0237422794069767,1.23914100244186,0.741632934337209,1.44632073872093,0.623211818534884,1.69562627395349,2.3268211655814,0.202030415930233,1.09503136662791,0.038129856872093,0.34016068194186,1.15839109988372,0.788054646860465,2.82055116348837,0.947714206860465,0.777241185813954
"DLC1",1.72178181290698,1.796822305,0.754267401825581,0.47494128305814,1.00057188383721,0.750529046511628,2.25156617372093,0.265470390476744,-0.0882881179186046,-0.0446012686627907,0.120999012081395,0.157220736686046,1.30322125918605,1.27699858209302,1.3903832977907,0.0886484705,0.130694814709302,0.203734507232558,0.00753220498837209,0.7068630085,0.159662915197674,0.698690005848837,1.36471220604651,1.15798565918605,1.04008051023256,0.352263386383721,0.195645144523256,0.587454120127907,1.53257217372093,0.589462284418605,0.352768636860465,0.433525718337209,0.576448742395349,1.27327295511628,-0.231761715546512,-0.448306764767442,0.171657613360465,0.125890151244186,0.542137017883721,-0.219113666127907,0.235748555686047,-0.0652108163255814,0.155623651127907,-0.0310325018953488,-0.0659933460348837,-0.029392307,0.0649511267790698,-0.0283382731744186,-0.0801310199302326,0.181752777023256,0.931314944302326,0.14694874227907,0.222056280639535,0.0275547103023256,-0.0404795792325581,1.51726630976744,1.04488619069767,0.422974695848837,0.517606926976744,1.14698118093023,0.661520131267442,0.605801085267442,0.172734536197674,1.54611001302326,1.96688708523256,0.092843352872093,0.994588400465116,1.10762447511628,0.973021629302326,0.944577180232558,2.08866137755814,1.11799964918605,2.56566275116279,0.689491472813954,0.00365378904651163,1.60903075232558,1.63922586174419,1.92146308848837,0.626614849081395,1.58533723395349,0.325778888767442,1.41650985174419,1.62213515593023,0.655768649116279,1.49828840034884,0.211447352348837
"OACYLP",0.690716877255814,0.803239627674419,0.92148183127907,1.12560971523256,0.609934640616279,0.648585718197674,0.911063411162791,1.33600074965116,1.0565165377907,1.02844104627907,1.15011597802326,1.03589652837209,0.801494278953488,0.980426734069767,0.813145160813953,0.963789977325581,1.16161832337209,0.73231699272093,1.10744140069767,1.20414253895349,1.48835584860465,0.740046910825581,0.481638702872093,1.16616283802326,1.08533679697674,1.42069874406977,1.27352477151163,0.858049965581395,0.731197781232558,1.00780040186047,0.820918971860465,0.775203181593023,0.707175326488372,0.68197177,1.88695396848837,1.4735408144186,1.46846749034884,1.49919948837209,1.26555941046512,1.71811052034884,1.75548598197674,1.62668692976744,1.87652881674419,1.24050575569767,1.43130889034884,1.28526609930233,1.36100734755814,1.43075345767442,1.82027702697674,1.56494007965116,1.4685849372093,2.06117588802326,1.73120630034884,1.7051442222093,1.8052238594186,0.611755133372093,1.1091738855814,1.36157359825581,0.858085789651163,1.07237907825581,1.05461868313953,1.1721798344186,1.12586798395349,0.645308525662791,0.549128338965116,0.994482718255814,0.795556287325581,0.860036720581395,0.665880432453488,0.862601510116279,0.623171260034884,0.590910378383721,0.919774605813954,0.699295522988372,1.46091741174419,0.667895379581395,0.639946226383721,0.792931381511628,0.613276131651163,0.617858078755814,0.646655966011628,1.10618696627907,0.831841521581395,1.12426426523256,0.632990986941861,2.39299853023256
"MAF1",0.237357484802326,0.269595380593023,0.553983236988372,0.776052739604651,0.286338159569767,0.337337035372093,0.369485344686046,1.01291585116279,0.95848632627907,0.725014015930233,0.834447455348837,0.701330655860465,0.469567955174419,0.486068663883721,0.433471008790698,0.605636817034884,0.668086959918605,0.428920920976744,1.0082523055814,0.980170615348837,1.09857653116279,0.598447130197674,0.397519494023256,0.725583733313954,1.02330456093023,1.09448230372093,1.18935973174419,0.60520184477907,0.523258124674419,0.656082611116279,0.587294316895349,0.579962635767442,0.590110211686046,0.61472780444186,1.08717076639535,1.27940381639535,1.22996147802326,1.31741773023256,0.843828194418605,1.16244013325581,0.853049121860465,1.05955001872093,1.15633574406977,1.20148442406977,0.993790606046512,0.78923455627907,1.23159381244186,1.22271610953488,1.44342778918605,1.18299202651163,1.21206450825581,1.09392266476744,1.1251496305814,1.23677699430233,1.27504037837209,0.244324671965116,0.883519156511628,0.738095724744186,0.619872912697674,0.886662400813954,0.683939394976744,1.27948671895349,0.877236718139535,0.213704250465116,0.342852125872093,0.581732618383721,0.170997956674419,0.668234248627907,0.337078896569767,0.509210941744186,4.17005246627907,0.350219048313954,4.93643230465116,0.526904007883721,0.895255061046512,0.363460140360465,0.303709645023256,0.361097527197674,0.581207463755814,0.404962714674419,0.587623492837209,5.28124901162791,0.379664155581395,0.630454999034884,1.14598103372093,1.11402061093023
"MIR612",0.209918339325581,0.665968410593023,0.46284051672093,0.941298152209302,0.471010779627907,0.889559965930233,0.410770252651163,0.945832821744186,1.00454831174419,1.23899467406977,0.812476418674419,0.63722598377907,0.488424907546512,0.823974038302326,0.701041279174419,1.90461788953488,0.722975149197674,0.538404152686046,0.986870277674419,1.20407351023256,0.974881240813953,0.592775627709302,0.339051943930233,0.468704627604651,1.07165743697674,1.12924324418605,1.13775197255814,0.69780626177907,0.756963659488372,0.769552644069767,1.42017224034884,0.810825080523256,0.676004776581395,0.646215455116279,1.72947666802326,1.38552568569767,1.37092950127907,1.28360619127907,1.46512756593023,1.20879146244186,2.00823615930233,1.88334856534884,1.1491259644186,1.41866966639535,0.98741944,0.850477686860465,1.27073464337209,1.35145959418605,1.94545269883721,1.24696668813953,1.42944826988372,1.12797125802326,1.63605435581395,1.20340321151163,1.11843052069767,0.268696628511628,0.858288444534884,0.819090235930233,1.14475153953488,0.758648037674419,0.652305266034884,0.647013217813953,1.09026047523256,0.14075428494186,0.359429351406977,1.0694959394186,0.806613364418605,2.35214039395349,0.534765708581395,1.33324306197674,1.20103871116279,0.37680930055814,0.510755926046512,0.520388222813953,0.873374933488372,1.34703506953488,0.275943443581395,0.584237804197674,1.74183316988372,3.0815136844186,0.608157469034884,0.688917134465116,0.486635574209302,0.87061124744186,0.777748627302326,1.24680833465116
"ARHGAP18",1.2929935394186,1.88239804534884,1.31019264686047,0.0764295660116279,0.776538419325581,1.18214823906977,1.13978318348837,0.947247513488372,1.64898010325581,1.75575188069767,1.67416174267442,1.69586004662791,1.0851156594186,1.04300840511628,0.734841930802326,0.370688066069767,0.514025123825581,0.899231599767442,0.517294686488372,0.299156475395349,0.250975193744186,0.808042973604651,1.14315313848837,0.441817433430233,0.731143331290698,0.000958126441860466,0.817345857093023,1.11936761290698,1.41782214651163,0.887892120581395,1.07511784174419,0.732859118546512,1.09571977127907,1.73336690883721,0.776098947674419,0.0596738683837209,-0.0136285231976744,-0.219410314953488,0.67530744572093,0.302235870895349,0.718655848744186,0.323717633895349,0.450530564360465,0.266954598813954,0.395377265593023,0.274716564802326,-0.0063005298372093,0.299079334476744,0.161109421348837,0.469291985395349,-0.116975856069767,-0.105418961093023,0.299886540837209,-0.11206469772093,0.0935697591744186,1.00904147453488,0.378906939651163,0.817441059953488,0.703164755488372,0.94144786872093,1.17426225209302,0.788006568186047,0.523103314546512,1.14350251244186,1.33275352639535,0.53250612905814,0.177357900046512,1.14698118093023,0.876384028604651,1.01846268848837,1.15867518186047,1.34685339093023,0.771842311372093,1.00448480581395,0.14075428494186,1.35392358651163,1.05371628593023,1.44938878325581,0.753340834976744,0.935599339418605,0.425515114093023,1.14804024011628,1.54184024372093,0.987768395116279,1.21139386872093,0.507589604348837
"ANAPC13",1.78132889348837,1.49776202,0.379726690883721,0.240263360755814,0.815493473023256,1.0221283094186,2.07754923953488,-0.062894874755814,1.68508061023256,1.51751201313953,1.34777500744186,1.47739340534884,1.27189427732558,1.8104764594186,1.04418592476744,0.0984998051860465,0.158032745325581,0.712737951151163,-0.0813412675697674,0.0723688238023256,0.13653941955814,0.806896252372093,1.01723879383721,0.344514402465116,0.620816553011628,0.372661009011628,0.586602836918605,0.511582836732558,1.83536911581395,0.267413535244186,0.862248658372093,0.383472058883721,0.877090764418605,1.52895409313953,-0.415433093418605,-0.545954236046512,0.269189647093023,-0.016618766627907,0.428920920976744,-0.219248459569767,0.261692900511628,-0.276648437069767,-0.0169403258488372,-0.282812689453488,-0.292538132639535,0.68895599605814,-0.100816789197674,-0.264404271162791,-0.254995436686047,0.117331543639535,0.579090534162791,0.730817684988372,-0.24407210844186,0.216540205174419,0.248669036883721,1.89734176860465,0.462366566616279,-0.171453978883721,0.20867575444186,-0.23105093155814,0.553031148476744,0.423494614139535,0.273295554046512,1.12808127395349,2.13682980813953,0.489982921127907,0.395823659767442,1.14513471174419,1.49891748,1.30388675651163,0.958090407093023,1.12872587104651,0.493640157709302,0.696868601255814,-0.00319870737209302,1.82138307883721,0.972049431860465,0.974936836162791,1.26011286267442,1.31804508523256,0.00783926465116279,1.13562160895349,1.53036970895349,0.230788463337209,1.47416403174419,0.0469275924302326
"RAP2C",1.07405111976744,1.95778470639535,1.30021884174419,0.62796578177907,0.740847036186047,0.839786037093023,1.02559257837209,0.792285454534884,1.25353781709302,0.816500774534884,1.06873147639535,1.23842943232558,0.807212234302326,0.525892628616279,0.474628777162791,0.286276639860465,0.510210605023256,0.786195066337209,0.740790996790698,0.707399629604651,0.593078075418605,1.4350524355814,1.24784104197674,0.821878367395349,0.862706384418605,0.67439000994186,1.06767915581395,1.92682841395349,1.3409227755814,1.14312575622093,1.51947794313953,1.78532384732558,1.57612495476744,1.76175272325581,0.534974964895349,0.0992973444418605,-0.0501751962790698,0.122323459197674,0.63670814855814,0.600930257790698,0.553361865627907,-0.253309635581395,0.29253925505814,0.337214016732558,0.391507802186047,-0.00860295880232558,0.311635042593023,0.46522579105814,0.0257891405465116,0.132552973418605,0.344584433023256,0.128715459197674,0.493044165,-0.190424464732558,0.0335893724186047,1.04564486348837,0.837891591744186,0.435324117965116,0.315969544162791,0.755655758139535,0.784094268209302,0.777290593162791,0.600217774686047,0.735244688046512,1.05382292953488,1.43412334488372,0.462886041360465,0.311762483965116,0.477615964406977,0.43003652044186,0.981128888837209,1.17795595488372,1.23280674883721,0.880831065581395,0.90412092,1.28596152418605,0.943732808953488,1.67316382988372,1.06290307476744,1.48600880244186,1.39950570418605,1.4239753322093,0.888748964767442,1.42944826988372,0.778964496081395,0.552756445697674
"KRTAP6-2",0.298064386953488,0.677140458802326,0.767215371313953,0.972103545465116,0.649188438034884,0.800810770651163,0.652996271930233,1.25204220093023,1.00299475383721,1.1341364144186,1.15594501755814,0.784814728093023,0.877720350581395,0.65852373255814,0.721789474930233,0.942020669883721,0.873689873837209,0.814039085116279,1.07902750767442,1.06555269302326,1.4356185772093,1.00729953418605,0.59819843705814,0.711444662883721,1.37984813313953,1.42255963476744,1.33086695616279,0.988449604767442,0.677747291837209,0.947080747790698,0.657914879395349,0.765437962209302,0.920463632790698,0.811806840697674,1.65949843209302,1.43192779465116,2.10890714127907,1.83512321488372,1.34613454488372,1.60683356569767,1.56597024162791,1.66897382883721,1.45255896988372,1.27554161686047,1.74369111162791,1.61506388046512,1.58414736697674,1.48349353162791,1.91927772244186,1.3466567572093,2.50228510813953,2.4010200694186,1.71592936093023,1.99255385174419,1.30546185430233,0.465690819848837,1.41311659453488,1.09448230372093,1.00098449255814,1.25022625813953,1.50868669325581,0.969635676511628,0.898738305348837,0.141224315744186,0.607472505476744,1.09019874476744,1.01929310162791,0.901365654767442,0.761120187837209,0.607743291906977,0.47429260722093,0.418502331813953,0.919276637674419,0.97767368755814,1.33610320976744,0.489550451267442,0.608415889488372,0.927921558488372,1.58761517790698,0.529395826546512,0.894269659069767,0.774850900546512,0.620912355081395,0.772765615116279,0.433251402755814,2.23503771825581
"UBE3C",0.83799583872093,1.1198656894186,1.3282018805814,0.328932761918605,1.08493135337209,0.967950280697674,0.993892257558139,0.763849317104651,1.49461542372093,1.37874963151163,1.34889441162791,1.28445540883721,1.02115556523256,1.31983191267442,0.946374505465116,0.455160786848837,0.645815579674419,0.543018867162791,1.49108209116279,0.654639112104651,0.46284051672093,0.744629201162791,1.09026047523256,0.948103724767442,1.51545316069767,0.558397865139535,0.522125899127907,1.45354437046512,1.36500445069767,0.714263575965116,0.721333805,1.1174412722093,1.15079830662791,1.47105363883721,0.258801846127907,-0.0701033016395349,0.265011299174419,0.266098716453488,0.695418817139535,-0.117786362348837,0.701041279174419,0.114472555023256,0.0109763906627907,0.225970733593023,0.441172577348837,0.519606273244186,-0.0927956418953488,0.155623651127907,0.10439983022093,0.18266777355814,0.40961926572093,0.352703818337209,0.0632134374883721,0.340617766406977,0.582088011848837,1.25697385069767,0.560495153383721,0.465013449151163,0.452244165802326,0.576037881895349,0.891743093255814,0.696259093162791,0.295466416546512,0.963238556744186,1.39930370313954,0.626204150686047,0.83091622755814,1.02198003674419,1.1552320544186,0.704452818290698,1.42297497337209,1.19264667104651,0.996324614186046,1.04212136406977,0.356945106872093,1.62484552418605,1.48349353162791,1.44472506302326,0.581888155674419,1.02059408232558,0.24078631994186,0.75445805755814,0.665324808802326,1.71907718651163,1.51816952162791,0.47429260722093
"S1PR5",-0.0324612952209302,0.444950732302326,0.157775957523256,0.451954268116279,0.0568588593604651,1.78588425697674,0.103592447744186,0.60077959944186,0.583200951802326,0.670520618872093,0.533674809790698,0.561246967093023,0.297601795093023,0.115081055581395,0.21917873055814,3.91413401046512,0.47379497505814,0.193757275662791,0.795307821744186,0.759348397534884,0.674949270918605,0.406428875116279,3.85706546976744,0.343425405802326,0.739570463872093,0.805368691162791,0.761231570465116,0.426954775953488,0.397519494023256,0.550319656395349,0.346290815883721,0.466137837883721,0.473726788697674,0.444137455604651,3.78973041395349,2.56058880767442,2.07443727418605,0.859478399534884,0.650429523488372,0.79258999144186,0.489160294523256,1.25361530511628,3.74522350581395,0.635484488337209,0.591470522360465,2.12294942127907,0.891522661976744,0.855183769651163,5.15462455232558,0.822638352674419,0.847724815465116,1.37973428034884,3.13019684534884,1.69073422488372,1.80254365151163,0.667296248674419,0.609533359511628,0.443555702837209,0.422556078116279,3.34925500697674,0.37710397594186,0.270209275744186,2.02665030848837,0.0932857303023256,0.328085941616279,0.0899570557325581,-0.0385895287790698,0.166399823965116,0.146324089744186,0.880786760348837,0.0568588593604651,0.0812847525348837,0.188539846953488,0.111763062965116,4.64313335930233,0.0438131900116279,0.124254258418605,0.301884419453488,0.0685071128837209,0.183301073848837,0.277200309837209,0.290799150523256,0.135143665465116,0.437842345430233,0.1836316075,0.912714998488372
"PLEKHA1",0.349451606174419,2.65380622325581,0.401707480383721,-0.0163157290581395,1.18791487976744,0.949873017209302,0.889832963023256,0.307511772581395,1.15470932802326,1.10156138430233,1.0993780705814,1.08110685093023,0.132552973418605,1.89237556209302,0.225754894581395,0.269529195872093,0.190634972162791,0.872915829883721,0.813300272604651,0.649382667918605,0.859274421627907,0.974106805813953,1.18610328476744,0.278679136081395,0.702827904348837,0.952013944418605,0.681488006744186,1.03865629453488,1.20547576348837,0.359055108988372,0.674721707104651,0.608556016395349,0.409340211465116,0.980706119534884,-0.190598183023256,-0.445590503534884,0.399173411732558,0.0360962516860465,0.440802111790698,0.0800116294651163,-0.239706020860465,-0.206872715895349,-0.129546778174419,-0.346261793418605,-0.0447236320813953,0.19454845522093,0.109893739569767,-0.00349401308139535,-0.29613178577907,-0.347630791325581,0.246690733383721,0.0114751857790698,-0.335715194186047,-0.121369142546512,0.213072027162791,1.60451921034884,0.357814608023256,0.148557677127907,0.0721364459418605,0.423247566,0.49370059327907,1.00398714406977,0.114295253767442,1.23941416837209,2.02146601767442,0.317367399569767,0.561137127627907,0.376921814662791,0.917307316744186,1.48059645767442,1.09367817511628,1.82165431813953,1.33177268837209,1.03003557767442,0.105003036755814,2.17461634709302,2.12581280348837,1.18721297023256,1.97139872686047,1.34045268104651,0.463241992069767,0.537608772186047,1.44952616372093,1.17663632290698,0.971836252674419,0.815005621627907
"MMACHC",1.07935080511628,1.73802264593023,1.31672308511628,0.631773333534884,1.27803484209302,0.877720350581395,1.28931394290698,0.636603454558139,0.862907084069767,0.740705340965116,0.917849405930233,0.971783348604651,0.651068971918605,1.09593418569767,0.940852362674419,0.216303282883721,0.566903334906977,0.629283909209302,0.583299216895349,1.00267146267442,0.754407700988372,0.544654911837209,1.58071216930233,0.207985391988372,0.651267274372093,0.876795327325581,0.705844940744186,0.617486116744186,1.27479288953488,0.61452055522093,1.68427405813953,1.24784104197674,1.16898350697674,2.11162368337209,0.539171659174419,0.156264598918605,0.395377265593023,0.516582818883721,0.690952294023256,0.374259990081395,0.395626712116279,0.580099373209302,0.332236681267442,0.615876342744186,0.38010682372093,0.202431321767442,0.307028181569767,0.320476065953488,0.0739178080232558,0.549128338965116,0.334522258360465,0.283132834209302,0.47379497505814,0.0645562990232558,0.244178685127907,0.993005669651163,0.721126503883721,0.559050104674419,0.831484961395349,0.787384632744186,0.840656400465116,1.32244723337209,0.589351013325581,0.778287515581395,1.41488617930233,0.108149957348837,0.686444273069767,0.749035110883721,0.351990949348837,1.15291015174419,0.895108051860465,1.3297628355814,1.24757590790698,0.886922422790698,0.841149916976744,2.14461638616279,1.38153000325581,1.47379802139535,1.09839790755814,1.39695944011628,0.568760268767442,1.41584448860465,1.58805004151163,1.09305555244186,1.09337144593023,0.359359324976744
"RPE65",0.464783302872093,0.695679321627907,0.821135221395349,0.777404456011628,0.50319580544186,0.701938760162791,0.477667869069767,1.13201233976744,0.815437690046512,1.02660463186047,1.02580441209302,0.963057414883721,0.623496684755814,0.701182802651163,0.573534082011628,2.06007264604651,1.25414601790698,0.607581233930233,1.26645057313953,1.45902456906977,1.49346733895349,0.805928955813954,0.686534820511628,0.727014973523256,1.30311279906977,1.51336684616279,1.32715582790698,0.872110022790698,0.737293988197674,0.836434497790698,0.810594242674419,0.826547843372093,0.913278439302326,0.902675912906977,1.04383344639535,1.47338614325581,2.56441675511628,2.01295898081395,1.94813370639535,1.45580027906977,1.37111705011628,2.7028081122093,1.30422431953488,2.15803730883721,1.31150849081395,1.4093048027907,1.77408190860465,1.8227471122093,1.4735408144186,1.65052738662791,1.87320510290698,1.58821017732558,1.51177999872093,1.41845496011628,1.8545452422093,0.532833205197674,1.31871826825581,1.31863249232558,1.15608028662791,0.926221837209302,1.51655488430233,0.83018096872093,1.03360308104651,0.505236447988372,0.442042888151163,1.06736350511628,0.728713381709302,0.834815841860465,0.601217186069767,0.798745225290698,0.400084295883721,0.723767594232558,0.874448177209302,0.819671654069767,1.30893119930233,0.59870135972093,0.975336917906977,0.452542343604651,1.04147541848837,0.514172129906977,0.678849615011628,0.743300859104651,0.611606703709302,0.847505891744186,0.476346629872093,2.39048697523256
"ZFYVE9",0.496945184534884,0.487710171860465,1.30004497534884,1.06637718988372,0.416300754616279,0.635213607151163,0.689678030709302,1.0596024944186,0.987706594302326,1.32197355790698,1.22980585697674,0.865853228255814,0.968641574651163,0.655268770709302,0.923706861395349,0.992000977093023,0.954762025,0.864729630930233,1.43960879337209,1.30612552686047,1.41052372313953,0.855240747906977,0.446032001697674,0.712332743313953,1.64723766395349,1.32587865802326,1.67874186081395,0.821503932093023,0.789604951674419,1.19804988755814,0.941725099186047,1.04394761837209,0.978081992093023,0.811558326627907,1.3297628355814,1.88695396848837,1.95813748325581,1.51312811686047,1.37489540755814,1.93325112651163,1.33316623,1.84593790081395,1.50470970244186,1.61612854151163,1.56145814093023,1.26728349802326,1.4874957605814,1.56072869465116,1.49346733895349,1.76942944953488,1.72106787127907,1.47637750918605,1.66916920139535,1.65692395930233,1.82079593837209,0.377165111895349,1.26224451860465,1.09006984360465,1.15992851325581,1.03298894616279,1.16494724872093,0.904170326162791,1.2797133894186,0.357379520139535,0.317732167430233,0.872484535232558,0.871910575697674,1.08705384104651,0.863393519534884,0.798901366511628,0.629283909209302,0.635024802430233,0.902249213488372,0.733214215686046,1.41574575430233,0.534400926918605,0.639350063360465,0.738550468790698,0.814039085116279,0.75742571255814,0.856850828139535,0.865525598837209,0.612277805918605,0.766227427674419,0.623690882604651,1.81633350825581
"OR2A20P",0.51907606505814,0.672074711627907,0.934627310813953,1.00493799604651,0.557309661686047,0.80274956744186,0.824350111162791,1.18055369313953,0.849847451976744,1.22442755744186,0.938169981976744,1.20407351023256,0.943515690232558,0.830862663430233,0.859780677790698,1.71435452523256,0.912241905697674,0.902880526162791,1.2553861772093,1.37569060790698,1.29316519813953,0.876333649767442,0.609238721151163,0.654279471127907,1.40919984162791,1.60054097197674,1.35441275651163,0.842675446162791,0.782031265348837,0.962693137093023,1.05919637860465,0.809139762093023,0.947309695348837,0.90126344255814,1.39930370313954,1.40160776244186,1.69933864976744,1.95214986930233,1.31348365802326,1.79490199930233,1.77461592,1.13946348906977,1.85803720151163,2.22356444895349,1.52063889313953,1.16942074953488,1.4873412544186,1.74927869744186,1.72613665988372,1.42490619104651,1.5905161755814,1.37933808430233,1.5739428894186,1.36527857604651,2.02896639906977,0.526579319186047,1.03248413209302,1.14945319581395,1.12156205104651,0.841202319651163,0.744115627093023,0.880302062674419,1.17347665325581,0.524691826174419,0.653260649418605,0.895255061046512,0.669755742860465,0.744988250488372,0.827470718651163,0.683884443930233,0.489764480953488,0.684119100534884,0.888294037906977,0.759300103081395,1.24336793709302,0.386487767837209,0.697075745232558,0.728855914965116,0.850767516395349,0.689678030709302,1.01018546965116,1.11463442174419,0.702567941616279,0.853000873255814,0.563951394174419,1.47556729651163
"RDM1",0.5371306805,0.651480724976744,0.687585331488372,1.08366433732558,0.522386697581395,0.70819345127907,0.638227015046512,1.08721974186047,0.955565157906977,1.71225497813953,0.82897345744186,0.745036352255814,0.88681366872093,0.857010076860465,0.743557979139535,1.08557955802326,0.925830354534884,0.546353401011628,1.15258940988372,1.22897331744186,1.21662887406977,0.857704620465116,0.593850571604651,0.892726360813954,1.1299432172093,1.59209846732558,1.39105020976744,1.04436815186047,0.892119835232558,1.04037424593023,0.970407587674419,0.992173846627907,0.957360956162791,1.05450498244186,1.22874564023256,1.42038693302326,1.38530189790698,1.65418223639535,1.51545316069767,1.71147446627907,1.40669848930233,1.34276607627907,1.34411688418605,1.23980523593023,1.46053787093023,1.08885486604651,1.63700416732558,1.55311810593023,1.48579452872093,1.1739850177907,1.66807308406977,1.80604851232558,1.54184024372093,1.32376731406977,1.82303049209302,0.468352014046512,1.20340321151163,1.17871293825581,1.19569224674419,1.65692395930233,0.942121304186047,0.853167674186047,1.24220620023256,0.453043668593023,0.738440560267442,0.933144931511628,0.872419857209302,0.748983393151163,0.705645076395349,0.600930257790698,0.605636817034884,0.813601512848837,0.609485407348837,1.39908479523256,1.09720085662791,0.415524986872093,0.672019104360465,0.783941775,0.575160430023256,0.583641149453488,0.663466095430233,1.87088471883721,1.21918269290698,1.01070881744186,0.55834204344186,1.47679799162791
"MIR1178",0.380259389953488,0.943949883953488,0.581453255581395,0.874448177209302,0.530185000290698,1.3704343344186,0.671261473023256,1.15971322918605,0.722118678488372,0.937299151744186,1.20791314116279,0.759448302616279,0.526626207546512,0.438156311197674,0.872817881395349,1.83312365488372,0.878223356511628,0.617858078755814,1.17030284348837,1.27343505662791,1.09662727209302,0.826295854186047,0.543326232093023,0.601671526465116,1.10950790465116,1.49681876965116,1.27304437488372,0.646311619802326,0.720576887848837,0.750846165139535,0.90090480127907,0.968243070348837,0.781780867093023,0.712332743313953,1.50963479,1.8735588077907,1.32956702465116,1.42596867848837,1.47993905802326,1.47093277104651,1.92626117302326,1.32676997348837,1.63010517848837,1.43447038755814,1.09651495186047,1.0808716627907,1.36669301825581,1.228324605,1.88536877546512,1.65231188337209,2.90900019767442,1.42996801267442,1.25838786662791,3.01153079767442,1.47052098651163,1.04137085581395,1.0851745727907,1.03258569918605,0.86673610872093,0.984508670116279,1.03691655813953,0.95881597244186,1.07974739895349,0.561703495104651,0.706807818965116,0.717071956697674,0.750943302918605,0.600217774686047,0.683321921511628,0.753638609488372,0.455430324162791,0.504060405883721,0.86678808627907,0.591070718058139,1.18349964569767,0.619771557569767,0.591470522360465,0.513560598860465,1.69798947395349,0.605849221523256,0.685217930127907,1.09379469360465,0.621964003465116,0.968008032325581,0.732859118546512,1.398393605
"PIGX",1.76652520325581,1.33389102244186,0.960464295813954,0.526190607174419,1.50629557116279,1.54211451488372,1.04942629453488,0.404846414081395,0.249059405186047,-0.147482952744186,0.462188826872093,0.667609312127907,1.66467835906977,1.56086826674419,1.24713319872093,0.147665181116279,0.622206404918605,0.639088891581395,1.64804202616279,0.973466531046512,0.551161881988372,1.2699051527907,0.645913135372093,1.46053787093023,0.103422704093023,-0.128083557697674,0.717911732139535,1.31037873139535,1.18819711034884,0.383070610116279,1.05252472337209,1.11924659197674,1.10057057372093,0.304450827755814,-0.122255630511628,0.260390015872093,-0.158055777267442,0.153238718895349,0.506316308162791,-0.0544010130232558,0.563348674930233,0.805160951802326,-0.107183130290698,0.247720771895349,0.250099911151163,1.25658288232558,-0.0932759774069767,-0.142099806395349,0.170541970465116,0.295403412116279,0.139726534162791,0.766531463418605,0.305769810476744,-0.226731741802326,0.23643339722093,1.38819583686047,1.20316917104651,0.832831425581395,0.544106853534884,0.928387218953488,0.635484488337209,1.8055091177907,0.0176624840930233,1.32205979883721,1.19313492813953,0.376259530069767,0.729366028802326,1.51019331395349,1.26998301546512,0.604167539302326,1.30535127383721,1.81295228162791,1.04558478244186,1.08650739011628,0.256859464174419,1.45246479767442,0.868982059069767,0.990967990581395,0.192521057988372,0.843109103488372,0.487345234674419,1.00843386511628,1.8545452422093,1.09779416593023,1.32188291906977,0.183301073848837
"ADAM33",0.538346464267442,0.621462897174419,0.725331851883721,0.986975250813954,0.701330655860465,0.502259054081395,0.735244688046512,1.11904765511628,1.04448713395349,1.0648924994186,1.04263393325581,0.859831282790698,0.902729040930233,0.844219103953488,0.669457997011628,1.21017811965116,1.1925089477907,0.583200951802326,1.30422431953488,1.21654065767442,1.22534069360465,0.678438997337209,0.54322223244186,0.767789775395349,1.17640663011628,1.4425346572093,1.72473003313953,0.714309376697674,0.809183168604651,0.955419716860465,0.998892946744186,1.0248363377907,0.838549921162791,0.769298100965116,1.69451341848837,2.11007750511628,1.42686027290698,1.29818133081395,1.75257757255814,1.565232435,1.62926469162791,1.53052078337209,1.81077706848837,1.64955554313953,0.999622258139535,1.01856370581395,2.06007264604651,2.23449538453488,1.54343023197674,1.36281433755814,1.87527671965116,1.4208067522093,1.34911668023256,1.81607471627907,1.60470131627907,0.453745339651163,1.44880967116279,1.0934948344186,1.21582384162791,1.11067520930233,1.09651495186047,1.34860292476744,1.15963259127907,0.500084076802326,0.471574370151163,0.923230564534884,0.502610419255814,0.659751999418605,0.925570484651163,1.00609684918605,0.531282338360465,0.831788920639535,0.915545094767442,1.13343539755814,1.49748625139535,0.744574653372093,0.844365544883721,0.61583212027907,0.731387039837209,0.726048685453488,0.958206590465116,1.10106509639535,0.81718298377907,0.789604951674419,0.477766478,2.03213035360465
"CPNE2",1.84794313139535,1.91246697965116,0.943358178604651,0.270584831151163,1.15244182255814,1.32783679209302,1.50585794023256,0.681393844662791,0.613368193686047,0.549550207662791,0.639600890383721,0.89168450872093,1.33057897534884,1.30746280744186,0.806956799023256,0.409281477430233,0.308034829930233,0.423086899511628,0.376864987093023,0.347474943825581,0.42446349377907,0.908194947906977,1.06033908395349,0.348584665488372,0.717911732139535,-0.158628562662791,0.0596738683837209,1.04257063697674,1.15018526139535,0.375683899697674,0.776744422151163,0.634831758313953,0.86174245255814,1.009097805,-0.143852155046512,-0.37843298355814,0.311635042593023,0.554199277313953,0.545303705290698,0.189741448767442,0.218878014988372,0.0359996121162791,0.0987497444186047,-0.0956040520232558,0.0557214251860465,0.818994858651163,-0.140093763174419,-0.265300290174419,-0.055358812872093,-0.115120315534884,0.0451077439302326,0.263285392546512,-0.256791054313953,-0.085551294755814,0.358803335697674,1.82556772406977,0.391136879930233,0.448612501325581,0.645260182860465,0.584649150732558,0.880574954767442,1.22254178790698,0.302020514523256,1.65249343383721,1.70407433,0.406664471651163,1.00603417604651,1.06896860662791,1.22281116302326,1.32631002569767,1.58533723395349,1.02074955127907,1.77321658732558,0.97860593872093,0.385855867348837,1.03889502127907,1.04693014174419,1.48488589372093,0.962213603139535,1.46713026645349,0.487128108906977,0.53519474127907,1.54700042686047,0.782430289476744,1.76571401395349,0.654639112104651
"KRT26",0.676821875046512,0.761166350895349,0.875866027674419,1.13608252302326,0.67570269594186,0.522032650302326,0.60392862844186,1.21831311313953,1.01059678965116,1.27139379511628,1.13818988,0.894968628488372,0.684424336511628,0.713804586244186,0.765938458604651,1.02246081372093,0.884001424767442,0.777460308325581,1.33878715127907,1.24674052569767,1.43178848151163,0.857961630232558,0.642768064895349,0.730679836116279,1.50815088116279,1.20619035697674,1.24541250627907,0.876795327325581,0.922438272093023,0.869038351860465,0.865853228255814,0.901939420930233,1.12892714895349,1.00818489313953,1.41965658453488,1.67749798848837,1.91957585697674,1.8267187294186,1.0066634427907,1.54093245023256,1.33767217244186,1.98116470883721,1.47931014790698,1.5678330372093,1.97437955965116,1.4040430077907,1.80227678453488,1.31471558,1.67123824069767,1.48214118918605,1.83080052581395,1.75149332523256,1.62005732744186,1.77630392511628,1.5689407122093,0.701467759348837,1.04729948848837,1.04719387627907,0.85246464755814,1.05664100476744,0.887584683023256,0.90060620744186,1.50641559511628,0.566637148534884,0.699984667348837,1.3011946877907,0.46483396,1.10111372616279,0.696715422313953,0.497172753,0.723026463906977,0.442537333767442,1.12083821267442,0.96684385755814,1.31481385616279,0.471984559895349,0.680455959465116,0.655629962534884,0.659494414744186,0.463623799011628,0.819437249767442,1.01011945162791,0.710171189081395,1.06847363011628,0.568612853895349,2.58815504302326
"SAA2",0.390811796244186,0.829933118604651,0.708772879290698,0.789604951674419,0.309857948534884,0.663006915162791,0.473120860081395,0.960694512209302,1.03186661906977,1.11712359174419,1.06290307476744,0.92522083244186,0.560810918395349,0.491276909976744,0.66925855,1.04570791476744,1.43617204534884,0.605145897593023,1.32965221895349,1.12734002453488,1.09243907069767,0.803651686627907,0.492444207534884,0.818197491627907,1.47626285744186,1.22295135534884,1.34285545139535,0.963674518488372,0.666406954744186,0.717162682883721,0.825987126046512,0.847659347674419,0.913710790930233,0.630882870209302,1.32907842686047,1.25631632883721,1.87652881674419,1.3927021644186,1.46911710313953,1.40830803011628,1.17466275465116,1.72545835046512,1.71811052034884,1.49487022755814,1.54728423965116,1.09765860802326,1.39079359860465,1.70581623034884,1.88944032860465,1.28851909825581,1.72613665988372,1.62131212860465,1.06523351104651,1.34606227593023,1.93691642034884,0.571167819197674,1.04228180360465,0.738051476627907,0.830575105465116,1.87652881674419,0.923448424883721,1.08545087453488,1.488622945,0.902408602790698,0.615978493313953,1.37694121755814,0.539653874732558,1.17084790906977,0.533257375895349,0.728759708755814,0.671015711883721,0.458094383127907,0.680603602011628,0.565460474569767,1.1371203094186,0.482797127046512,0.707221035906977,0.618876652209302,1.79184900046512,0.378224244744186,1.40383120127907,1.05210749709302,0.573069399395349,0.83091622755814,0.33424195327907,1.45968270395349
"DCLK3",0.301044741151163,0.472090332395349,0.907592171976744,1.13925313383721,0.419455664627907,0.785071741465116,0.86174245255814,1.20177886534884,1.25323448732558,1.25703360476744,1.1146866927907,1.19855066406977,0.605290979837209,0.853000873255814,0.997717195116279,1.06455394860465,0.963296324302326,0.82424103994186,1.26252895290698,1.43607892767442,1.62447453116279,0.772196431976744,0.437048888139535,0.845032326395349,1.3399280744186,1.4014171005814,1.20371468186047,0.745510406546512,0.780097845348837,0.855296971162791,0.701611319034884,0.967787834883721,0.748688983325581,0.896965058255814,1.32947642360465,1.59276011953488,1.55632119523256,2.1508236555814,1.31622985872093,1.82786415290698,1.56358789546512,1.21903745372093,1.4986806972093,2.02281785965116,1.75975864976744,1.26998301546512,1.59084901511628,1.29316519813953,1.57949352255814,1.47241110755814,1.90774878162791,1.86175099825581,1.77136645674419,1.83282973418605,1.40788515523256,0.563553636976744,1.38256408930233,1.03044869604651,0.921090146511628,1.18035643290698,0.994760237790698,1.11767147325581,0.910190508255814,0.494441125767442,0.415174082697674,0.699882190767442,0.752919950290698,0.847659347674419,0.842829246162791,0.626614849081395,0.579359494127907,0.778346560813953,1.32155199930233,0.970995955116279,1.37615939232558,0.696620107581395,1.09250171116279,0.540077608662791,0.778149068755814,0.932872786744186,0.622867143406977,1.0745586222093,0.832885429651163,0.775116090197674,0.508076398395349,1.75149332523256
"UGGT1",0.643420781697674,0.687751207104651,1.03996616360465,0.875064613953488,0.592775627709302,0.592831597453488,0.541009815825581,1.1175016477907,1.05059515627907,0.963511905813954,0.931314944302326,1.00381649523256,0.831016876511628,1.13145288895349,0.740405016593023,1.42490619104651,0.933404474069767,0.62796578177907,1.47064846744186,1.08193664767442,1.17597592546512,0.719624523127907,0.568341015511628,1.17312330406977,1.11856515023256,1.33021977430233,1.57360033686047,0.731981037872093,0.730115473267442,1.71068863709302,0.580994677895349,1.10117802093023,0.821338687627907,0.573534082011628,1.22160393290698,1.44848657651163,1.39979446325581,1.35252547255814,1.28132535802326,1.28188242813953,1.6062128805814,1.38153000325581,1.42673959395349,1.82912440383721,1.40841435255814,1.37973428034884,1.77185768569767,1.5053223822093,1.31135188395349,1.85734483453488,1.39540380465116,1.9506310394186,1.68341936651163,1.65211588662791,1.45925037546512,0.282723914290698,0.961350405697674,1.1478955505814,0.812630051860465,1.31453585093023,0.762067485511628,1.17871293825581,1.58924044825581,0.533779524651163,0.26834251394186,0.677843839453488,0.6960647215,1.11005539151163,0.511487373430233,0.916564095,0.38734781622093,0.530185000290698,0.839680287790698,0.974391418255814,1.20265399069767,1.09732022104651,0.613893212639535,0.730918412453488,0.530331957813953,1.43835880918605,0.723348436639535,1.07536474476744,0.894805213953488,0.893419821627907,0.413172038046512,2.3276027372093
"RSPH14",0.927921558488372,1.01804646232558,1.91697028790698,0.545982833558139,1.19591325534884,0.865739697906977,1.50653133290698,0.610408730488372,0.500084076802326,0.353454934569767,0.397767077593023,0.456720570139535,1.33692551732558,1.59798787906977,1.43342607872093,0.236888039604651,0.239221833639535,0.527062909953488,0.171657613360465,0.424514754406977,0.147991870360465,0.635577810976744,1.54747530883721,0.450043561848837,0.601217186069767,0.669060905662791,0.494014974151163,1.09019874476744,1.12981859337209,0.721939271325581,0.438380466081395,0.82640265755814,0.747150226511628,2.2532319627907,0.143498960848837,-0.264746611244186,0.410828577651163,0.140285912604651,0.168410808651163,0.153656609162791,0.139556258790698,-0.103582041639535,0.0721364459418605,-0.0532619630232558,-0.26322907,-0.0899380685,-0.0967064960116279,-0.207050210430233,0.080893981255814,0.816190958430233,0.713501570290698,0.591788568255814,0.0846379256511628,-0.0249275521976744,0.0152834433139535,1.49919948837209,0.452922512453488,0.253404595790698,0.424174467918605,0.832614689069767,1.47379802139535,1.27611469616279,0.462945297465116,1.34656959151163,1.31741773023256,0.323646516011628,0.99305578,1.4127915972093,1.00493799604651,1.54032881174419,1.51765695790698,1.79184900046512,1.41235256732558,1.07444590546512,0.603611926348837,1.90175543104651,1.55387564790698,1.92626117302326,1.2705163105814,1.78049262174419,0.426090878209302,1.56345731848837,2.63491497674419,0.172066547244186,0.926448158953488,0.579132827511628
