"ID","Description","GeneRatio","BgRatio","RichFactor","FoldEnrichment","zScore","pvalue","p.adjust","qvalue","geneID","Count"
"GO:0060612","adipose tissue development","4/88","71/18860",0.0563380281690141,12.0742637644046,6.40084923434334,0.000338750243370509,0.432156511697786,0.418240616814018,"ACAT1/PLAAT3/TBL1XR1/AMER1",4
"GO:2001198","regulation of dendritic cell differentiation","2/88","14/18860",0.142857142857143,30.6168831168831,7.58995444763553,0.00188861885745736,0.432156511697786,0.418240616814018,"CLEC12A/AGER",2
"GO:0042574","retinal metabolic process","2/88","19/18860",0.105263157894737,22.5598086124402,6.43746855301726,0.00349557778628006,0.432156511697786,0.418240616814018,"RDH10/RPE65",2
"GO:0051895","negative regulation of focal adhesion assembly","2/88","19/18860",0.105263157894737,22.5598086124402,6.43746855301726,0.00349557778628006,0.432156511697786,0.418240616814018,"PHLDB2/DLC1",2
"GO:0016114","terpenoid biosynthetic process","2/88","20/18860",0.1,21.4318181818182,6.25931715382298,0.00387223603160885,0.432156511697786,0.418240616814018,"RDH10/RPE65",2
"GO:0150118","negative regulation of cell-substrate junction organization","2/88","20/18860",0.1,21.4318181818182,6.25931715382298,0.00387223603160885,0.432156511697786,0.418240616814018,"PHLDB2/DLC1",2
"GO:0010810","regulation of cell-substrate adhesion","5/88","230/18860",0.0217391304347826,4.65909090909091,3.82275164325528,0.00445423044553568,0.432156511697786,0.418240616814018,"NDNF/CSPG5/PHLDB2/DISC1/DLC1",5
"GO:0072234","metanephric nephron tubule development","2/88","22/18860",0.0909090909090909,19.4834710743802,5.93913052443099,0.00467942293088687,0.432156511697786,0.418240616814018,"ACAT1/CALB1",2
"GO:0061042","vascular wound healing","2/88","24/18860",0.0833333333333333,17.8598484848485,5.65861753378868,0.00555729355633685,0.432156511697786,0.418240616814018,"NDNF/HPSE",2
"GO:0072170","metanephric tubule development","2/88","24/18860",0.0833333333333333,17.8598484848485,5.65861753378868,0.00555729355633685,0.432156511697786,0.418240616814018,"ACAT1/CALB1",2
"GO:0072243","metanephric nephron epithelium development","2/88","25/18860",0.08,17.1454545454545,5.53073514973994,0.00602231087590462,0.432156511697786,0.418240616814018,"ACAT1/CALB1",2
"GO:0072540","T-helper 17 cell lineage commitment","2/88","25/18860",0.08,17.1454545454545,5.53073514973994,0.00602231087590462,0.432156511697786,0.418240616814018,"IL12RB1/LY9",2
"GO:0010976","positive regulation of neuron projection development","4/88","160/18860",0.025,5.35795454545455,3.7902449498108,0.00669858636504597,0.432156511697786,0.418240616814018,"NDNF/STMN2/BCL11A/DISC1",4
"GO:1903859","regulation of dendrite extension","2/88","27/18860",0.0740740740740741,15.8754208754209,5.29586352376213,0.00700367095436526,0.432156511697786,0.418240616814018,"SYT14P1/BCL11A",2
"GO:0034103","regulation of tissue remodeling","3/88","85/18860",0.0352941176470588,7.56417112299465,4.15283597274897,0.00736034988928433,0.432156511697786,0.418240616814018,"AGER/MIR27B/GPNMB",3
"GO:0042104","positive regulation of activated T cell proliferation","2/88","28/18860",0.0714285714285714,15.3084415584416,5.18762435461836,0.007519681749375,0.432156511697786,0.418240616814018,"IL12RB1/AGER",2
"GO:0072207","metanephric epithelium development","2/88","28/18860",0.0714285714285714,15.3084415584416,5.18762435461836,0.007519681749375,0.432156511697786,0.418240616814018,"ACAT1/CALB1",2
"GO:0031589","cell-substrate adhesion","6/88","369/18860",0.016260162601626,3.48484848484848,3.30048900145188,0.00760313475477075,0.432156511697786,0.418240616814018,"NDNF/CSPG5/PHLDB2/HPSE/DISC1/DLC1",6
"GO:0002295","T-helper cell lineage commitment","2/88","29/18860",0.0689655172413793,14.7805642633229,5.08480967087653,0.00805236031495894,0.432156511697786,0.418240616814018,"IL12RB1/LY9",2
"GO:0001656","metanephros development","3/88","92/18860",0.0326086956521739,6.98863636363636,3.94237791182826,0.00914256306226407,0.432156511697786,0.418240616814018,"ACAT1/CALB1/RDH10",3
"GO:0008299","isoprenoid biosynthetic process","2/88","31/18860",0.0645161290322581,13.8269794721408,4.89369628516717,0.00916706937380642,0.432156511697786,0.418240616814018,"RDH10/RPE65",2
"GO:0021801","cerebral cortex radial glia-guided migration","2/88","31/18860",0.0645161290322581,13.8269794721408,4.89369628516717,0.00916706937380642,0.432156511697786,0.418240616814018,"SYNE2/DISC1",2
"GO:0022030","telencephalon glial cell migration","2/88","31/18860",0.0645161290322581,13.8269794721408,4.89369628516717,0.00916706937380642,0.432156511697786,0.418240616814018,"SYNE2/DISC1",2
"GO:0043373","CD4-positive, alpha-beta T cell lineage commitment","2/88","32/18860",0.0625,13.3948863636364,4.80463983204815,0.0097487769910887,0.432156511697786,0.418240616814018,"IL12RB1/LY9",2
"GO:0090322","regulation of superoxide metabolic process","2/88","32/18860",0.0625,13.3948863636364,4.80463983204815,0.0097487769910887,0.432156511697786,0.418240616814018,"MIR27B/DHFR",2
"GO:0060055","angiogenesis involved in wound healing","2/88","33/18860",0.0606060606060606,12.9889807162534,4.71947906385871,0.0103465066134414,0.432156511697786,0.418240616814018,"NDNF/HPSE",2
"GO:0051492","regulation of stress fiber assembly","3/88","98/18860",0.0306122448979592,6.56076066790353,3.77879271371124,0.010854193789223,0.432156511697786,0.418240616814018,"SYNPO/PHLDB2/DLC1",3
"GO:0002363","alpha-beta T cell lineage commitment","2/88","34/18860",0.0588235294117647,12.6069518716578,4.63792806677493,0.0109600995885119,0.432156511697786,0.418240616814018,"IL12RB1/LY9",2
"GO:0051497","negative regulation of stress fiber assembly","2/88","34/18860",0.0588235294117647,12.6069518716578,4.63792806677493,0.0109600995885119,0.432156511697786,0.418240616814018,"PHLDB2/DLC1",2
"GO:0043369","CD4-positive or CD8-positive, alpha-beta T cell lineage commitment","2/88","36/18860",0.0555555555555556,11.9065656565657,4.48465155261879,0.0122342464917519,0.432156511697786,0.418240616814018,"IL12RB1/LY9",2
"GO:0021884","forebrain neuron development","2/88","37/18860",0.0540540540540541,11.5847665847666,4.41248375881946,0.0128944885996889,0.432156511697786,0.418240616814018,"NDNF/DISC1",2
"GO:0097484","dendrite extension","2/88","37/18860",0.0540540540540541,11.5847665847666,4.41248375881946,0.0128944885996889,0.432156511697786,0.418240616814018,"SYT14P1/BCL11A",2
"GO:1901889","negative regulation of cell junction assembly","2/88","38/18860",0.0526315789473684,11.2799043062201,4.34303549934723,0.0135699704067088,0.432156511697786,0.418240616814018,"PHLDB2/DLC1",2
"GO:0032232","negative regulation of actin filament bundle assembly","2/88","39/18860",0.0512820512820513,10.990675990676,4.27613319391722,0.0142605387054225,0.432156511697786,0.418240616814018,"PHLDB2/DLC1",2
"GO:0110020","regulation of actomyosin structure organization","3/88","109/18860",0.0275229357798165,5.89866555462886,3.51175504991905,0.0144444144686263,0.432156511697786,0.418240616814018,"SYNPO/PHLDB2/DLC1",3
"GO:0070374","positive regulation of ERK1 and ERK2 cascade","4/88","201/18860",0.0199004975124378,4.26503844414292,3.18630642402473,0.0145681745103833,0.432156511697786,0.418240616814018,"SYT14P1/AGER/MIR27B/GPNMB",4
"GO:0032231","regulation of actin filament bundle assembly","3/88","112/18860",0.0267857142857143,5.74066558441558,3.4452143931585,0.0155267229252518,0.432156511697786,0.418240616814018,"SYNPO/PHLDB2/DLC1",3
"GO:0021799","cerebral cortex radially oriented cell migration","2/88","41/18860",0.0487804878048781,10.4545454545455,4.14934651820507,0.0156863272887451,0.432156511697786,0.418240616814018,"SYNE2/DISC1",2
"GO:0072539","T-helper 17 cell differentiation","2/88","41/18860",0.0487804878048781,10.4545454545455,4.14934651820507,0.0156863272887451,0.432156511697786,0.418240616814018,"IL12RB1/LY9",2
"GO:0046631","alpha-beta T cell activation","4/88","206/18860",0.0194174757281553,4.16151809355693,3.12383933495196,0.0158066772150496,0.432156511697786,0.418240616814018,"IL12RB1/LY9/CLEC2B/AGER",4
"GO:0002360","T cell lineage commitment","2/88","42/18860",0.0476190476190476,10.2056277056277,4.08918457420758,0.0164212464796098,0.432156511697786,0.418240616814018,"IL12RB1/LY9",2
"GO:0045740","positive regulation of DNA replication","2/88","42/18860",0.0476190476190476,10.2056277056277,4.08918457420758,0.0164212464796098,0.432156511697786,0.418240616814018,"AGER/BRPF3",2
"GO:0030038","contractile actin filament bundle assembly","3/88","116/18860",0.0258620689655172,5.54271159874608,3.36014807418913,0.0170392842898818,0.432156511697786,0.418240616814018,"SYNPO/PHLDB2/DLC1",3
"GO:0043149","stress fiber assembly","3/88","116/18860",0.0258620689655172,5.54271159874608,3.36014807418913,0.0170392842898818,0.432156511697786,0.418240616814018,"SYNPO/PHLDB2/DLC1",3
"GO:0060291","long-term synaptic potentiation","3/88","116/18860",0.0258620689655172,5.54271159874608,3.36014807418913,0.0170392842898818,0.432156511697786,0.418240616814018,"CALM1/MIR320B2/AGER",3
"GO:0001953","negative regulation of cell-matrix adhesion","2/88","43/18860",0.0465116279069767,9.96828752642706,4.03101071284118,0.0171706499618719,0.432156511697786,0.418240616814018,"PHLDB2/DLC1",2
"GO:0006275","regulation of DNA replication","3/88","120/18860",0.025,5.35795454545455,3.27894339511008,0.018631608125988,0.432156511697786,0.418240616814018,"AGER/ESCO1/BRPF3",3
"GO:0021762","substantia nigra development","2/88","46/18860",0.0434782608695652,9.31818181818182,3.86733816024818,0.0195042920901556,0.432156511697786,0.418240616814018,"CALM1/SYNGR3",2
"GO:0046006","regulation of activated T cell proliferation","2/88","46/18860",0.0434782608695652,9.31818181818182,3.86733816024818,0.0195042920901556,0.432156511697786,0.418240616814018,"IL12RB1/AGER",2
"GO:1902692","regulation of neuroblast proliferation","2/88","47/18860",0.0425531914893617,9.11992263056093,3.81607749830419,0.02031016383321,0.432156511697786,0.418240616814018,"TAFA1/DISC1",2
"GO:0001914","regulation of T cell mediated cytotoxicity","2/88","48/18860",0.0416666666666667,8.92992424242424,3.76632302758034,0.0211297905554955,0.432156511697786,0.418240616814018,"IL12RB1/AGER",2
"GO:0050798","activated T cell proliferation","2/88","49/18860",0.0408163265306122,8.74768089053803,3.71799855518979,0.0219630294569582,0.432156511697786,0.418240616814018,"IL12RB1/AGER",2
"GO:0097028","dendritic cell differentiation","2/88","49/18860",0.0408163265306122,8.74768089053803,3.71799855518979,0.0219630294569582,0.432156511697786,0.418240616814018,"CLEC12A/AGER",2
"GO:0061028","establishment of endothelial barrier","2/88","50/18860",0.04,8.57272727272727,3.67103321706308,0.0228097387439274,0.432156511697786,0.418240616814018,"HPSE/RAP2C",2
"GO:0048167","regulation of synaptic plasticity","4/88","231/18860",0.0173160173160173,3.71113734750098,2.83862570944205,0.0229850568214825,0.432156511697786,0.418240616814018,"CALM1/MIR320B2/CALB1/AGER",4
"GO:0001952","regulation of cell-matrix adhesion","3/88","131/18860",0.0229007633587786,4.90804996530187,3.07315067630617,0.0234237253319849,0.432156511697786,0.418240616814018,"PHLDB2/DISC1/DLC1",3
"GO:0043368","positive T cell selection","2/88","51/18860",0.0392156862745098,8.40463458110517,3.62536100697192,0.0236697776230089,0.432156511697786,0.418240616814018,"IL12RB1/LY9",2
"GO:0010811","positive regulation of cell-substrate adhesion","3/88","133/18860",0.0225563909774436,4.83424470266575,3.03820402696123,0.0243602574850296,0.432156511697786,0.418240616814018,"NDNF/CSPG5/DISC1",3
"GO:0042572","retinol metabolic process","2/88","52/18860",0.0384615384615385,8.24300699300699,3.58092035550731,0.0245430062950119,0.432156511697786,0.418240616814018,"RDH10/RPE65",2
"GO:0021795","cerebral cortex cell migration","2/88","53/18860",0.0377358490566038,8.08747855917667,3.53765375286476,0.0254292859489101,0.432156511697786,0.418240616814018,"SYNE2/DISC1",2
"GO:0035710","CD4-positive, alpha-beta T cell activation","3/88","138/18860",0.0217391304347826,4.65909090909091,2.95380632322716,0.0267893720046881,0.432156511697786,0.418240616814018,"IL12RB1/LY9/AGER",3
"GO:0072538","T-helper 17 type immune response","2/88","55/18860",0.0363636363636364,7.79338842975207,3.45443095461355,0.0272404478631131,0.432156511697786,0.418240616814018,"IL12RB1/LY9",2
"GO:0007160","cell-matrix adhesion","4/88","246/18860",0.016260162601626,3.48484848484848,2.68591957787357,0.0281088409410635,0.432156511697786,0.418240616814018,"PHLDB2/HPSE/DISC1/DLC1",4
"GO:0060560","developmental growth involved in morphogenesis","4/88","246/18860",0.016260162601626,3.48484848484848,2.68591957787357,0.0281088409410635,0.432156511697786,0.418240616814018,"SYT14P1/RDH10/BCL11A/DISC1",4
"GO:0050670","regulation of lymphocyte proliferation","4/88","254/18860",0.015748031496063,3.37508947745168,2.60925016218721,0.0310990087793573,0.432156511697786,0.418240616814018,"IL12RB1/VAV3/AGER/GPNMB",4
"GO:0008654","phospholipid biosynthetic process","4/88","255/18860",0.0156862745098039,3.36185383244207,2.59988215792326,0.0314854973285136,0.432156511697786,0.418240616814018,"PLAAT3/SERINC1/UBE3C/PIGX",4
"GO:0043010","camera-type eye development","5/88","379/18860",0.0131926121372032,2.82741664667786,2.46059332642177,0.0322430681417707,0.432156511697786,0.418240616814018,"PLAAT3/CALB1/KRT12/RDH10/RPE65",5
"GO:0032944","regulation of mononuclear cell proliferation","4/88","258/18860",0.0155038759689922,3.32276250880902,2.5720548988757,0.0326619846492125,0.432156511697786,0.418240616814018,"IL12RB1/VAV3/AGER/GPNMB",4
"GO:0001913","T cell mediated cytotoxicity","2/88","61/18860",0.0327868852459016,7.02682563338301,3.22798541569906,0.032973022574211,0.432156511697786,0.418240616814018,"IL12RB1/AGER",2
"GO:0099003","vesicle-mediated transport in synapse","4/88","259/18860",0.0154440154440154,3.30993330993331,2.56286996082006,0.0330598288587589,0.432156511697786,0.418240616814018,"CALM1/SYNGR3/CSPG5/SUSD4",4
"GO:0050671","positive regulation of lymphocyte proliferation","3/88","153/18860",0.0196078431372549,4.20231729055258,2.72303608243745,0.0348257172762184,0.432156511697786,0.418240616814018,"IL12RB1/VAV3/AGER",3
"GO:0032946","positive regulation of mononuclear cell proliferation","3/88","155/18860",0.0193548387096774,4.14809384164223,2.69451159109175,0.0359814973710105,0.432156511697786,0.418240616814018,"IL12RB1/VAV3/AGER",3
"GO:0045058","T cell selection","2/88","64/18860",0.03125,6.69744318181818,3.12595459273945,0.0360009982791588,0.432156511697786,0.418240616814018,"IL12RB1/LY9",2
"GO:0070050","neuron cellular homeostasis","2/88","64/18860",0.03125,6.69744318181818,3.12595459273945,0.0360009982791588,0.432156511697786,0.418240616814018,"CALB1/DISC1",2
"GO:0030177","positive regulation of Wnt signaling pathway","3/88","156/18860",0.0192307692307692,4.1215034965035,2.68042877517266,0.0365667631204476,0.432156511697786,0.418240616814018,"TBL1XR1/AMER1/DISC1",3
"GO:0046486","glycerolipid metabolic process","5/88","394/18860",0.0126903553299492,2.71977388094139,2.36199208343917,0.0371497447566574,0.432156511697786,0.418240616814018,"PLAAT3/SERINC1/TBL1XR1/UBE3C/PIGX",5
"GO:1902903","regulation of supramolecular fiber organization","5/88","395/18860",0.0126582278481013,2.71288837744534,2.35558265565743,0.037492347407175,0.432156511697786,0.418240616814018,"SYNPO/STMN2/PHLDB2/DLC1/ARHGAP18",5
"GO:0008347","glial cell migration","2/88","66/18860",0.0303030303030303,6.49449035812672,3.0615063578989,0.0380771634959421,0.432156511697786,0.418240616814018,"SYNE2/DISC1",2
"GO:0022029","telencephalon cell migration","2/88","66/18860",0.0303030303030303,6.49449035812672,3.0615063578989,0.0380771634959421,0.432156511697786,0.418240616814018,"SYNE2/DISC1",2
"GO:0110053","regulation of actin filament organization","4/88","274/18860",0.0145985401459854,3.12873258128733,2.43023804760882,0.0393698024480593,0.432156511697786,0.418240616814018,"SYNPO/PHLDB2/DLC1/ARHGAP18",4
"GO:0001885","endothelial cell development","2/88","68/18860",0.0294117647058824,6.30347593582888,2.99967325278091,0.0401981619428267,0.432156511697786,0.418240616814018,"HPSE/RAP2C",2
"GO:0051893","regulation of focal adhesion assembly","2/88","68/18860",0.0294117647058824,6.30347593582888,2.99967325278091,0.0401981619428267,0.432156511697786,0.418240616814018,"PHLDB2/DLC1",2
"GO:0090109","regulation of cell-substrate junction assembly","2/88","68/18860",0.0294117647058824,6.30347593582888,2.99967325278091,0.0401981619428267,0.432156511697786,0.418240616814018,"PHLDB2/DLC1",2
"GO:0010812","negative regulation of cell-substrate adhesion","2/88","69/18860",0.0289855072463768,6.21212121212121,2.96967894394369,0.0412751624586761,0.432156511697786,0.418240616814018,"PHLDB2/DLC1",2
"GO:0021885","forebrain cell migration","2/88","69/18860",0.0289855072463768,6.21212121212121,2.96967894394369,0.0412751624586761,0.432156511697786,0.418240616814018,"SYNE2/DISC1",2
"GO:0048857","neural nucleus development","2/88","69/18860",0.0289855072463768,6.21212121212121,2.96967894394369,0.0412751624586761,0.432156511697786,0.418240616814018,"CALM1/SYNGR3",2
"GO:0051494","negative regulation of cytoskeleton organization","3/88","167/18860",0.0179640718562874,3.85002721829069,2.53287136266589,0.0433265869162725,0.432156511697786,0.418240616814018,"STMN2/PHLDB2/DLC1",3
"GO:0070663","regulation of leukocyte proliferation","4/88","284/18860",0.0140845070422535,3.01856594110115,2.34677473267024,0.0439342334745433,0.432156511697786,0.418240616814018,"IL12RB1/VAV3/AGER/GPNMB",4
"GO:0030307","positive regulation of cell growth","3/88","168/18860",0.0178571428571429,3.82711038961039,2.52008340727888,0.0439701343279391,0.432156511697786,0.418240616814018,"SYT14P1/BCL11A/DISC1",3
"GO:0050918","positive chemotaxis","2/88","72/18860",0.0277777777777778,5.95328282828283,2.88313177546097,0.0445706969642662,0.432156511697786,0.418240616814018,"AGER/GPNMB",2
"GO:0051017","actin filament bundle assembly","3/88","169/18860",0.0177514792899408,3.80446476600323,2.50739332411906,0.0446184735967623,0.432156511697786,0.418240616814018,"SYNPO/PHLDB2/DLC1",3
"GO:1902904","negative regulation of supramolecular fiber organization","3/88","169/18860",0.0177514792899408,3.80446476600323,2.50739332411906,0.0446184735967623,0.432156511697786,0.418240616814018,"STMN2/PHLDB2/DLC1",3
"GO:0002246","wound healing involved in inflammatory response","1/88","10/18860",0.1,21.4318181818182,4.42483144252858,0.0457026626060002,0.432156511697786,0.418240616814018,"AGER",1
"GO:0002318","myeloid progenitor cell differentiation","1/88","10/18860",0.1,21.4318181818182,4.42483144252858,0.0457026626060002,0.432156511697786,0.418240616814018,"ANKLE1",1
"GO:0002924","negative regulation of humoral immune response mediated by circulating immunoglobulin","1/88","10/18860",0.1,21.4318181818182,4.42483144252858,0.0457026626060002,0.432156511697786,0.418240616814018,"SUSD4",1
"GO:0006458","'de novo' protein folding","1/88","10/18860",0.1,21.4318181818182,4.42483144252858,0.0457026626060002,0.432156511697786,0.418240616814018,"UGGT1",1
"GO:0009235","cobalamin metabolic process","1/88","10/18860",0.1,21.4318181818182,4.42483144252858,0.0457026626060002,0.432156511697786,0.418240616814018,"MMACHC",1
"GO:0009757","hexose mediated signaling","1/88","10/18860",0.1,21.4318181818182,4.42483144252858,0.0457026626060002,0.432156511697786,0.418240616814018,"AGER",1
"GO:0010182","sugar mediated signaling pathway","1/88","10/18860",0.1,21.4318181818182,4.42483144252858,0.0457026626060002,0.432156511697786,0.418240616814018,"AGER",1
"GO:0010255","glucose mediated signaling pathway","1/88","10/18860",0.1,21.4318181818182,4.42483144252858,0.0457026626060002,0.432156511697786,0.418240616814018,"AGER",1
"GO:0015937","coenzyme A biosynthetic process","1/88","10/18860",0.1,21.4318181818182,4.42483144252858,0.0457026626060002,0.432156511697786,0.418240616814018,"ACAT1",1
"GO:0016102","diterpenoid biosynthetic process","1/88","10/18860",0.1,21.4318181818182,4.42483144252858,0.0457026626060002,0.432156511697786,0.418240616814018,"RDH10",1
"GO:0030200","heparan sulfate proteoglycan catabolic process","1/88","10/18860",0.1,21.4318181818182,4.42483144252858,0.0457026626060002,0.432156511697786,0.418240616814018,"HPSE",1
"GO:0030656","regulation of vitamin metabolic process","1/88","10/18860",0.1,21.4318181818182,4.42483144252858,0.0457026626060002,0.432156511697786,0.418240616814018,"RDH10",1
"GO:0032793","positive regulation of CREB transcription factor activity","1/88","10/18860",0.1,21.4318181818182,4.42483144252858,0.0457026626060002,0.432156511697786,0.418240616814018,"SYT14P1",1
"GO:0046146","tetrahydrobiopterin metabolic process","1/88","10/18860",0.1,21.4318181818182,4.42483144252858,0.0457026626060002,0.432156511697786,0.418240616814018,"DHFR",1
"GO:0048703","embryonic viscerocranium morphogenesis","1/88","10/18860",0.1,21.4318181818182,4.42483144252858,0.0457026626060002,0.432156511697786,0.418240616814018,"RDH10",1
"GO:0060613","fat pad development","1/88","10/18860",0.1,21.4318181818182,4.42483144252858,0.0457026626060002,0.432156511697786,0.418240616814018,"TBL1XR1",1
"GO:0071838","cell proliferation in bone marrow","1/88","10/18860",0.1,21.4318181818182,4.42483144252858,0.0457026626060002,0.432156511697786,0.418240616814018,"MIR27B",1
"GO:0072205","metanephric collecting duct development","1/88","10/18860",0.1,21.4318181818182,4.42483144252858,0.0457026626060002,0.432156511697786,0.418240616814018,"CALB1",1
"GO:1902224","ketone body metabolic process","1/88","10/18860",0.1,21.4318181818182,4.42483144252858,0.0457026626060002,0.432156511697786,0.418240616814018,"ACAT1",1
"GO:1904760","regulation of myofibroblast differentiation","1/88","10/18860",0.1,21.4318181818182,4.42483144252858,0.0457026626060002,0.432156511697786,0.418240616814018,"MIR27B",1
"GO:0061572","actin filament bundle organization","3/88","173/18860",0.0173410404624277,3.71650026274304,2.45758418560446,0.0472595252477128,0.432156511697786,0.418240616814018,"SYNPO/PHLDB2/DLC1",3
"GO:0070665","positive regulation of leukocyte proliferation","3/88","173/18860",0.0173410404624277,3.71650026274304,2.45758418560446,0.0472595252477128,0.432156511697786,0.418240616814018,"IL12RB1/VAV3/AGER",3
"GO:0048639","positive regulation of developmental growth","3/88","174/18860",0.0172413793103448,3.69514106583072,2.4453630570552,0.047931653975287,0.432156511697786,0.418240616814018,"SYT14P1/BCL11A/DISC1",3
"GO:1990138","neuron projection extension","3/88","174/18860",0.0172413793103448,3.69514106583072,2.4453630570552,0.047931653975287,0.432156511697786,0.418240616814018,"SYT14P1/BCL11A/DISC1",3
"GO:0045109","intermediate filament organization","2/88","75/18860",0.0266666666666667,5.71515151515152,2.80134164984721,0.0479604961001567,0.432156511697786,0.418240616814018,"KRT12/KRT26",2
"GO:0006801","superoxide metabolic process","2/88","76/18860",0.0263157894736842,5.63995215311005,2.77505536464459,0.0491108216602876,0.432156511697786,0.418240616814018,"MIR27B/DHFR",2
"GO:0007405","neuroblast proliferation","2/88","76/18860",0.0263157894736842,5.63995215311005,2.77505536464459,0.0491108216602876,0.432156511697786,0.418240616814018,"TAFA1/DISC1",2
"GO:0150116","regulation of cell-substrate junction organization","2/88","76/18860",0.0263157894736842,5.63995215311005,2.77505536464459,0.0491108216602876,0.432156511697786,0.418240616814018,"PHLDB2/DLC1",2
"GO:0007341","penetration of zona pellucida","1/88","11/18860",0.0909090909090909,19.4834710743802,4.19837387700827,0.0501577377089537,0.432156511697786,0.418240616814018,"TNP2",1
"GO:0009396","folic acid-containing compound biosynthetic process","1/88","11/18860",0.0909090909090909,19.4834710743802,4.19837387700827,0.0501577377089537,0.432156511697786,0.418240616814018,"DHFR",1
"GO:0010807","regulation of synaptic vesicle priming","1/88","11/18860",0.0909090909090909,19.4834710743802,4.19837387700827,0.0501577377089537,0.432156511697786,0.418240616814018,"SYNGR3",1
"GO:0016479","negative regulation of transcription by RNA polymerase I","1/88","11/18860",0.0909090909090909,19.4834710743802,4.19837387700827,0.0501577377089537,0.432156511697786,0.418240616814018,"MAF1",1
"GO:0021860","pyramidal neuron development","1/88","11/18860",0.0909090909090909,19.4834710743802,4.19837387700827,0.0501577377089537,0.432156511697786,0.418240616814018,"DISC1",1
"GO:0032380","regulation of intracellular sterol transport","1/88","11/18860",0.0909090909090909,19.4834710743802,4.19837387700827,0.0501577377089537,0.432156511697786,0.418240616814018,"MIR27B",1
"GO:0032383","regulation of intracellular cholesterol transport","1/88","11/18860",0.0909090909090909,19.4834710743802,4.19837387700827,0.0501577377089537,0.432156511697786,0.418240616814018,"MIR27B",1
"GO:0032815","negative regulation of natural killer cell activation","1/88","11/18860",0.0909090909090909,19.4834710743802,4.19837387700827,0.0501577377089537,0.432156511697786,0.418240616814018,"CLEC12A",1
"GO:0033327","Leydig cell differentiation","1/88","11/18860",0.0909090909090909,19.4834710743802,4.19837387700827,0.0501577377089537,0.432156511697786,0.418240616814018,"PLEKHA1",1
"GO:0035696","monocyte extravasation","1/88","11/18860",0.0909090909090909,19.4834710743802,4.19837387700827,0.0501577377089537,0.432156511697786,0.418240616814018,"AGER",1
"GO:0048672","positive regulation of collateral sprouting","1/88","11/18860",0.0909090909090909,19.4834710743802,4.19837387700827,0.0501577377089537,0.432156511697786,0.418240616814018,"BCL11A",1
"GO:0048755","branching morphogenesis of a nerve","1/88","11/18860",0.0909090909090909,19.4834710743802,4.19837387700827,0.0501577377089537,0.432156511697786,0.418240616814018,"BCL11A",1
"GO:0071349","cellular response to interleukin-12","1/88","11/18860",0.0909090909090909,19.4834710743802,4.19837387700827,0.0501577377089537,0.432156511697786,0.418240616814018,"IL12RB1",1
"GO:0090557","establishment of endothelial intestinal barrier","1/88","11/18860",0.0909090909090909,19.4834710743802,4.19837387700827,0.0501577377089537,0.432156511697786,0.418240616814018,"RAP2C",1
"GO:1901031","regulation of response to reactive oxygen species","1/88","11/18860",0.0909090909090909,19.4834710743802,4.19837387700827,0.0501577377089537,0.432156511697786,0.418240616814018,"DHFR",1
"GO:1901203","positive regulation of extracellular matrix assembly","1/88","11/18860",0.0909090909090909,19.4834710743802,4.19837387700827,0.0501577377089537,0.432156511697786,0.418240616814018,"MIR27B",1
"GO:1901844","regulation of cell communication by electrical coupling involved in cardiac conduction","1/88","11/18860",0.0909090909090909,19.4834710743802,4.19837387700827,0.0501577377089537,0.432156511697786,0.418240616814018,"CALM1",1
"GO:1903689","regulation of wound healing, spreading of epidermal cells","1/88","11/18860",0.0909090909090909,19.4834710743802,4.19837387700827,0.0501577377089537,0.432156511697786,0.418240616814018,"PHLDB2",1
"GO:0006081","aldehyde metabolic process","2/88","77/18860",0.025974025974026,5.56670602125148,2.74923163086635,0.0502711480633064,0.432156511697786,0.418240616814018,"RDH10/RPE65",2
"GO:0010803","regulation of tumor necrosis factor-mediated signaling pathway","2/88","77/18860",0.025974025974026,5.56670602125148,2.74923163086635,0.0502711480633064,0.432156511697786,0.418240616814018,"MIR1246/MIR27B",2
"GO:0050772","positive regulation of axonogenesis","2/88","78/18860",0.0256410256410256,5.495337995338,2.72385589640384,0.0514413593351925,0.432156511697786,0.418240616814018,"BCL11A/DISC1",2
"GO:0050853","B cell receptor signaling pathway","2/88","78/18860",0.0256410256410256,5.495337995338,2.72385589640384,0.0514413593351925,0.432156511697786,0.418240616814018,"VAV3/PLEKHA1",2
"GO:0001654","eye development","5/88","432/18860",0.0115740740740741,2.48053451178451,2.13140853523694,0.0515529054574741,0.432156511697786,0.418240616814018,"PLAAT3/CALB1/KRT12/RDH10/RPE65",5
"GO:0006650","glycerophospholipid metabolic process","4/88","300/18860",0.0133333333333333,2.85757575757576,2.22056540561712,0.0518329338971151,0.432156511697786,0.418240616814018,"PLAAT3/SERINC1/UBE3C/PIGX",4
"GO:0050806","positive regulation of synaptic transmission","3/88","181/18860",0.0165745856353591,3.55223505775992,2.36226458912251,0.0527680837774443,0.432156511697786,0.418240616814018,"CALM1/MIR320B2/AGER",3
"GO:0150063","visual system development","5/88","436/18860",0.0114678899082569,2.45777731442869,2.10856922338404,0.0532358271550001,0.432156511697786,0.418240616814018,"PLAAT3/CALB1/KRT12/RDH10/RPE65",5
"GO:0070372","regulation of ERK1 and ERK2 cascade","4/88","303/18860",0.0132013201320132,2.82928292829283,2.19782801705174,0.0533952915790439,0.432156511697786,0.418240616814018,"SYT14P1/AGER/MIR27B/GPNMB",4
"GO:0008361","regulation of cell size","3/88","182/18860",0.0164835164835165,3.53271728271728,2.35072927527647,0.0534776380171386,0.432156511697786,0.418240616814018,"VAV3/BCL11A/DISC1",3
"GO:0001553","luteinization","1/88","12/18860",0.0833333333333333,17.8598484848485,3.99997288591639,0.0545922498359426,0.432156511697786,0.418240616814018,"PLEKHA1",1
"GO:0009756","carbohydrate mediated signaling","1/88","12/18860",0.0833333333333333,17.8598484848485,3.99997288591639,0.0545922498359426,0.432156511697786,0.418240616814018,"AGER",1
"GO:0032377","regulation of intracellular lipid transport","1/88","12/18860",0.0833333333333333,17.8598484848485,3.99997288591639,0.0545922498359426,0.432156511697786,0.418240616814018,"MIR27B",1
"GO:0035519","protein K29-linked ubiquitination","1/88","12/18860",0.0833333333333333,17.8598484848485,3.99997288591639,0.0545922498359426,0.432156511697786,0.418240616814018,"UBE3C",1
"GO:0036152","phosphatidylethanolamine acyl-chain remodeling","1/88","12/18860",0.0833333333333333,17.8598484848485,3.99997288591639,0.0545922498359426,0.432156511697786,0.418240616814018,"PLAAT3",1
"GO:0043380","regulation of memory T cell differentiation","1/88","12/18860",0.0833333333333333,17.8598484848485,3.99997288591639,0.0545922498359426,0.432156511697786,0.418240616814018,"IL12RB1",1
"GO:0048671","negative regulation of collateral sprouting","1/88","12/18860",0.0833333333333333,17.8598484848485,3.99997288591639,0.0545922498359426,0.432156511697786,0.418240616814018,"BCL11A",1
"GO:0051798","positive regulation of hair follicle development","1/88","12/18860",0.0833333333333333,17.8598484848485,3.99997288591639,0.0545922498359426,0.432156511697786,0.418240616814018,"HPSE",1
"GO:0060312","regulation of blood vessel remodeling","1/88","12/18860",0.0833333333333333,17.8598484848485,3.99997288591639,0.0545922498359426,0.432156511697786,0.418240616814018,"MIR27B",1
"GO:0070671","response to interleukin-12","1/88","12/18860",0.0833333333333333,17.8598484848485,3.99997288591639,0.0545922498359426,0.432156511697786,0.418240616814018,"IL12RB1",1
"GO:0072017","distal tubule development","1/88","12/18860",0.0833333333333333,17.8598484848485,3.99997288591639,0.0545922498359426,0.432156511697786,0.418240616814018,"CALB1",1
"GO:1901202","negative regulation of extracellular matrix assembly","1/88","12/18860",0.0833333333333333,17.8598484848485,3.99997288591639,0.0545922498359426,0.432156511697786,0.418240616814018,"MIR27B",1
"GO:1902563","regulation of neutrophil activation","1/88","12/18860",0.0833333333333333,17.8598484848485,3.99997288591639,0.0545922498359426,0.432156511697786,0.418240616814018,"CLEC12A",1
"GO:1905456","regulation of lymphoid progenitor cell differentiation","1/88","12/18860",0.0833333333333333,17.8598484848485,3.99997288591639,0.0545922498359426,0.432156511697786,0.418240616814018,"ANKLE1",1
"GO:1990034","calcium ion export across plasma membrane","1/88","12/18860",0.0833333333333333,17.8598484848485,3.99997288591639,0.0545922498359426,0.432156511697786,0.418240616814018,"CALM1",1
"GO:2000321","positive regulation of T-helper 17 cell differentiation","1/88","12/18860",0.0833333333333333,17.8598484848485,3.99997288591639,0.0545922498359426,0.432156511697786,0.418240616814018,"IL12RB1",1
"GO:0021879","forebrain neuron differentiation","2/88","81/18860",0.0246913580246914,5.29180695847363,2.65028056365341,0.0550101552299301,0.432156511697786,0.418240616814018,"NDNF/DISC1",2
"GO:0061448","connective tissue development","4/88","307/18860",0.0130293159609121,2.79241930707729,2.16793932014872,0.055518217091802,0.432156511697786,0.418240616814018,"ACAT1/PLAAT3/TBL1XR1/AMER1",4
"GO:0031424","keratinization","2/88","82/18860",0.024390243902439,5.22727272727273,2.626563592653,0.0562187630090027,0.432156511697786,0.418240616814018,"LCE3D/KRTAP6-2",2
"GO:0048880","sensory system development","5/88","443/18860",0.0112866817155756,2.41894110404268,2.06919863003875,0.0562578231319067,0.432156511697786,0.418240616814018,"PLAAT3/CALB1/KRT12/RDH10/RPE65",5
"GO:0046651","lymphocyte proliferation","4/88","312/18860",0.0128205128205128,2.747668997669,2.13124476318122,0.0582356039521155,0.432156511697786,0.418240616814018,"IL12RB1/VAV3/AGER/GPNMB",4
"GO:0030516","regulation of axon extension","2/88","84/18860",0.0238095238095238,5.10281385281385,2.58027094166518,0.0586638201685861,0.432156511697786,0.418240616814018,"BCL11A/DISC1",2
"GO:0007614","short-term memory","1/88","13/18860",0.0769230769230769,16.486013986014,3.82415601157874,0.0590062928120905,0.432156511697786,0.418240616814018,"CALB1",1
"GO:0021979","hypothalamus cell differentiation","1/88","13/18860",0.0769230769230769,16.486013986014,3.82415601157874,0.0590062928120905,0.432156511697786,0.418240616814018,"NDNF",1
"GO:0033690","positive regulation of osteoblast proliferation","1/88","13/18860",0.0769230769230769,16.486013986014,3.82415601157874,0.0590062928120905,0.432156511697786,0.418240616814018,"HPSE",1
"GO:0034116","positive regulation of heterotypic cell-cell adhesion","1/88","13/18860",0.0769230769230769,16.486013986014,3.82415601157874,0.0590062928120905,0.432156511697786,0.418240616814018,"AGER",1
"GO:0043379","memory T cell differentiation","1/88","13/18860",0.0769230769230769,16.486013986014,3.82415601157874,0.0590062928120905,0.432156511697786,0.418240616814018,"IL12RB1",1
"GO:0061303","cornea development in camera-type eye","1/88","13/18860",0.0769230769230769,16.486013986014,3.82415601157874,0.0590062928120905,0.432156511697786,0.418240616814018,"KRT12",1
"GO:0098814","spontaneous synaptic transmission","1/88","13/18860",0.0769230769230769,16.486013986014,3.82415601157874,0.0590062928120905,0.432156511697786,0.418240616814018,"AGER",1
"GO:1900272","negative regulation of long-term synaptic potentiation","1/88","13/18860",0.0769230769230769,16.486013986014,3.82415601157874,0.0590062928120905,0.432156511697786,0.418240616814018,"AGER",1
"GO:1901020","negative regulation of calcium ion transmembrane transporter activity","1/88","13/18860",0.0769230769230769,16.486013986014,3.82415601157874,0.0590062928120905,0.432156511697786,0.418240616814018,"CALM1",1
"GO:1990253","cellular response to leucine starvation","1/88","13/18860",0.0769230769230769,16.486013986014,3.82415601157874,0.0590062928120905,0.432156511697786,0.418240616814018,"RRAGB",1
"GO:0006575","modified amino acid metabolic process","3/88","191/18860",0.0157068062827225,3.36625416468348,2.25041669313394,0.0600697964153954,0.432156511697786,0.418240616814018,"SERINC1/DHFR/MMACHC",3
"GO:0042060","wound healing","5/88","453/18860",0.011037527593819,2.3655428456753,2.01422656596324,0.0607447320193712,0.432156511697786,0.418240616814018,"NDNF/VAV3/AGER/PHLDB2/HPSE",5
"GO:0042129","regulation of T cell proliferation","3/88","192/18860",0.015625,3.34872159090909,2.23964225109838,0.0608249020045801,0.432156511697786,0.418240616814018,"IL12RB1/AGER/GPNMB",3
"GO:2000514","regulation of CD4-positive, alpha-beta T cell activation","2/88","86/18860",0.0232558139534884,4.98414376321353,2.53542759901666,0.0611452635413425,0.432156511697786,0.418240616814018,"IL12RB1/AGER",2
"GO:0032943","mononuclear cell proliferation","4/88","319/18860",0.0125391849529781,2.68737532060416,2.08106598626545,0.0621583091111192,0.432156511697786,0.418240616814018,"IL12RB1/VAV3/AGER/GPNMB",4
"GO:0001523","retinoid metabolic process","2/88","87/18860",0.0229885057471264,4.92685475444096,2.51352389237181,0.0623993571122824,0.432156511697786,0.418240616814018,"RDH10/RPE65",2
"GO:0002713","negative regulation of B cell mediated immunity","1/88","14/18860",0.0714285714285714,15.3084415584416,3.66684161924247,0.06339996003937,0.432156511697786,0.418240616814018,"SUSD4",1
"GO:0002890","negative regulation of immunoglobulin mediated immune response","1/88","14/18860",0.0714285714285714,15.3084415584416,3.66684161924247,0.06339996003937,0.432156511697786,0.418240616814018,"SUSD4",1
"GO:0014733","regulation of skeletal muscle adaptation","1/88","14/18860",0.0714285714285714,15.3084415584416,3.66684161924247,0.06339996003937,0.432156511697786,0.418240616814018,"MYMK",1
"GO:0014744","positive regulation of muscle adaptation","1/88","14/18860",0.0714285714285714,15.3084415584416,3.66684161924247,0.06339996003937,0.432156511697786,0.418240616814018,"MYMK",1
"GO:0031115","negative regulation of microtubule polymerization","1/88","14/18860",0.0714285714285714,15.3084415584416,3.66684161924247,0.06339996003937,0.432156511697786,0.418240616814018,"STMN2",1
"GO:0032352","positive regulation of hormone metabolic process","1/88","14/18860",0.0714285714285714,15.3084415584416,3.66684161924247,0.06339996003937,0.432156511697786,0.418240616814018,"RDH10",1
"GO:0045916","negative regulation of complement activation","1/88","14/18860",0.0714285714285714,15.3084415584416,3.66684161924247,0.06339996003937,0.432156511697786,0.418240616814018,"SUSD4",1
"GO:0060354","negative regulation of cell adhesion molecule production","1/88","14/18860",0.0714285714285714,15.3084415584416,3.66684161924247,0.06339996003937,0.432156511697786,0.418240616814018,"MIR27B",1
"GO:0070988","demethylation","1/88","14/18860",0.0714285714285714,15.3084415584416,3.66684161924247,0.06339996003937,0.432156511697786,0.418240616814018,"MMACHC",1
"GO:0090715","immunological memory formation process","1/88","14/18860",0.0714285714285714,15.3084415584416,3.66684161924247,0.06339996003937,0.432156511697786,0.418240616814018,"IL12RB1",1
"GO:0099509","regulation of presynaptic cytosolic calcium ion concentration","1/88","14/18860",0.0714285714285714,15.3084415584416,3.66684161924247,0.06339996003937,0.432156511697786,0.418240616814018,"CALB1",1
"GO:0048041","focal adhesion assembly","2/88","88/18860",0.0227272727272727,4.87086776859504,2.49195268836379,0.0636622213016571,0.432156511697786,0.418240616814018,"PHLDB2/DLC1",2
"GO:0032640","tumor necrosis factor production","3/88","196/18860",0.0153061224489796,3.28038033395176,2.19724433446731,0.0638899112180865,0.432156511697786,0.418240616814018,"AGER/MIR27B/GPNMB",3
"GO:0032680","regulation of tumor necrosis factor production","3/88","196/18860",0.0153061224489796,3.28038033395176,2.19724433446731,0.0638899112180865,0.432156511697786,0.418240616814018,"AGER/MIR27B/GPNMB",3
"GO:0001822","kidney development","4/88","323/18860",0.0123839009287926,2.65409513087532,2.05299273719634,0.0644614937848943,0.432156511697786,0.418240616814018,"ACAT1/CALB1/RDH10/AMER1",4
"GO:0048771","tissue remodeling","3/88","197/18860",0.0152284263959391,3.26372865712967,2.1868155194334,0.0646672324110324,0.432156511697786,0.418240616814018,"AGER/MIR27B/GPNMB",3
"GO:0021872","forebrain generation of neurons","2/88","90/18860",0.0222222222222222,4.76262626262626,2.44977159357387,0.0662138343732484,0.432156511697786,0.418240616814018,"NDNF/DISC1",2
"GO:0042093","T-helper cell differentiation","2/88","90/18860",0.0222222222222222,4.76262626262626,2.44977159357387,0.0662138343732484,0.432156511697786,0.418240616814018,"IL12RB1/LY9",2
"GO:0003407","neural retina development","2/88","91/18860",0.021978021978022,4.71028971028971,2.42914446918243,0.0675023716368192,0.432156511697786,0.418240616814018,"CALB1/RPE65",2
"GO:0016101","diterpenoid metabolic process","2/88","91/18860",0.021978021978022,4.71028971028971,2.42914446918243,0.0675023716368192,0.432156511697786,0.418240616814018,"RDH10/RPE65",2
"GO:0005513","detection of calcium ion","1/88","15/18860",0.0666666666666667,14.2878787878788,3.52491468482346,0.0677733444984877,0.432156511697786,0.418240616814018,"CALM1",1
"GO:0016322","neuron remodeling","1/88","15/18860",0.0666666666666667,14.2878787878788,3.52491468482346,0.0677733444984877,0.432156511697786,0.418240616814018,"BCL11A",1
"GO:0032486","Rap protein signal transduction","1/88","15/18860",0.0666666666666667,14.2878787878788,3.52491468482346,0.0677733444984877,0.432156511697786,0.418240616814018,"RAP2C",1
"GO:0036446","myofibroblast differentiation","1/88","15/18860",0.0666666666666667,14.2878787878788,3.52491468482346,0.0677733444984877,0.432156511697786,0.418240616814018,"MIR27B",1
"GO:0046655","folic acid metabolic process","1/88","15/18860",0.0666666666666667,14.2878787878788,3.52491468482346,0.0677733444984877,0.432156511697786,0.418240616814018,"DHFR",1
"GO:0050930","induction of positive chemotaxis","1/88","15/18860",0.0666666666666667,14.2878787878788,3.52491468482346,0.0677733444984877,0.432156511697786,0.418240616814018,"AGER",1
"GO:0060572","morphogenesis of an epithelial bud","1/88","15/18860",0.0666666666666667,14.2878787878788,3.52491468482346,0.0677733444984877,0.432156511697786,0.418240616814018,"RDH10",1
"GO:0071639","positive regulation of monocyte chemotactic protein-1 production","1/88","15/18860",0.0666666666666667,14.2878787878788,3.52491468482346,0.0677733444984877,0.432156511697786,0.418240616814018,"AGER",1
"GO:0072044","collecting duct development","1/88","15/18860",0.0666666666666667,14.2878787878788,3.52491468482346,0.0677733444984877,0.432156511697786,0.418240616814018,"CALB1",1
"GO:0090206","negative regulation of cholesterol metabolic process","1/88","15/18860",0.0666666666666667,14.2878787878788,3.52491468482346,0.0677733444984877,0.432156511697786,0.418240616814018,"MIR27B",1
"GO:1900452","regulation of long-term synaptic depression","1/88","15/18860",0.0666666666666667,14.2878787878788,3.52491468482346,0.0677733444984877,0.432156511697786,0.418240616814018,"AGER",1
"GO:1901385","regulation of voltage-gated calcium channel activity","1/88","15/18860",0.0666666666666667,14.2878787878788,3.52491468482346,0.0677733444984877,0.432156511697786,0.418240616814018,"CALM1",1
"GO:1904380","endoplasmic reticulum mannose trimming","1/88","15/18860",0.0666666666666667,14.2878787878788,3.52491468482346,0.0677733444984877,0.432156511697786,0.418240616814018,"UGGT1",1
"GO:1905203","regulation of connective tissue replacement","1/88","15/18860",0.0666666666666667,14.2878787878788,3.52491468482346,0.0677733444984877,0.432156511697786,0.418240616814018,"AGER",1
"GO:2000105","positive regulation of DNA-templated DNA replication","1/88","15/18860",0.0666666666666667,14.2878787878788,3.52491468482346,0.0677733444984877,0.432156511697786,0.418240616814018,"AGER",1
"GO:2000328","regulation of T-helper 17 cell lineage commitment","1/88","15/18860",0.0666666666666667,14.2878787878788,3.52491468482346,0.0677733444984877,0.432156511697786,0.418240616814018,"IL12RB1",1
"GO:0071706","tumor necrosis factor superfamily cytokine production","3/88","201/18860",0.0149253731343284,3.19877883310719,2.14575823249706,0.067820315306411,0.432156511697786,0.418240616814018,"AGER/MIR27B/GPNMB",3
"GO:1903555","regulation of tumor necrosis factor superfamily cytokine production","3/88","201/18860",0.0149253731343284,3.19877883310719,2.14575823249706,0.067820315306411,0.432156511697786,0.418240616814018,"AGER/MIR27B/GPNMB",3
"GO:0002294","CD4-positive, alpha-beta T cell differentiation involved in immune response","2/88","92/18860",0.0217391304347826,4.65909090909091,2.40881534650607,0.0687992562718093,0.432156511697786,0.418240616814018,"IL12RB1/LY9",2
"GO:0070371","ERK1 and ERK2 cascade","4/88","331/18860",0.0120845921450151,2.58994781653392,1.99809563208839,0.0692012702727559,0.432156511697786,0.418240616814018,"SYT14P1/AGER/MIR27B/GPNMB",4
"GO:0002287","alpha-beta T cell activation involved in immune response","2/88","93/18860",0.021505376344086,4.60899315738025,2.3887763983843,0.0701043844096506,0.432156511697786,0.418240616814018,"IL12RB1/LY9",2
"GO:0002293","alpha-beta T cell differentiation involved in immune response","2/88","93/18860",0.021505376344086,4.60899315738025,2.3887763983843,0.0701043844096506,0.432156511697786,0.418240616814018,"IL12RB1/LY9",2
"GO:0030901","midbrain development","2/88","93/18860",0.021505376344086,4.60899315738025,2.3887763983843,0.0701043844096506,0.432156511697786,0.418240616814018,"CALM1/SYNGR3",2
"GO:0071230","cellular response to amino acid stimulus","2/88","93/18860",0.021505376344086,4.60899315738025,2.3887763983843,0.0701043844096506,0.432156511697786,0.418240616814018,"RRAGB/BCL11A",2
"GO:0002706","regulation of lymphocyte mediated immunity","3/88","204/18860",0.0147058823529412,3.15173796791444,2.11563427287031,0.0702306586836194,0.432156511697786,0.418240616814018,"IL12RB1/SUSD4/AGER",3
"GO:0060070","canonical Wnt signaling pathway","4/88","333/18860",0.012012012012012,2.57439257439257,1.98462287282927,0.0704138236500835,0.432156511697786,0.418240616814018,"TMEM170B/TBL1XR1/AMER1/DISC1",4
"GO:0072001","renal system development","4/88","334/18860",0.0119760479041916,2.56668481219379,1.97792322670796,0.0710242185430621,0.432156511697786,0.418240616814018,"ACAT1/CALB1/RDH10/AMER1",4
"GO:0002923","regulation of humoral immune response mediated by circulating immunoglobulin","1/88","16/18860",0.0625,13.3948863636364,3.39595077643863,0.0721265387507637,0.432156511697786,0.418240616814018,"SUSD4",1
"GO:0009068","aspartate family amino acid catabolic process","1/88","16/18860",0.0625,13.3948863636364,3.39595077643863,0.0721265387507637,0.432156511697786,0.418240616814018,"ACAT1",1
"GO:0010455","positive regulation of cell fate commitment","1/88","16/18860",0.0625,13.3948863636364,3.39595077643863,0.0721265387507637,0.432156511697786,0.418240616814018,"IL12RB1",1
"GO:0010649","regulation of cell communication by electrical coupling","1/88","16/18860",0.0625,13.3948863636364,3.39595077643863,0.0721265387507637,0.432156511697786,0.418240616814018,"CALM1",1
"GO:0018394","peptidyl-lysine acetylation","1/88","16/18860",0.0625,13.3948863636364,3.39595077643863,0.0721265387507637,0.432156511697786,0.418240616814018,"ESCO1",1
"GO:0021859","pyramidal neuron differentiation","1/88","16/18860",0.0625,13.3948863636364,3.39595077643863,0.0721265387507637,0.432156511697786,0.418240616814018,"DISC1",1
"GO:0030397","membrane disassembly","1/88","16/18860",0.0625,13.3948863636364,3.39595077643863,0.0721265387507637,0.432156511697786,0.418240616814018,"PLAAT3",1
"GO:0042559","pteridine-containing compound biosynthetic process","1/88","16/18860",0.0625,13.3948863636364,3.39595077643863,0.0721265387507637,0.432156511697786,0.418240616814018,"DHFR",1
"GO:0043584","nose development","1/88","16/18860",0.0625,13.3948863636364,3.39595077643863,0.0721265387507637,0.432156511697786,0.418240616814018,"RDH10",1
"GO:0032409","regulation of transporter activity","2/88","96/18860",0.0208333333333333,4.46496212121212,2.33032658222562,0.0740682026407205,0.432156511697786,0.418240616814018,"CALM1/SYNGR3",2
"GO:0045104","intermediate filament cytoskeleton organization","2/88","96/18860",0.0208333333333333,4.46496212121212,2.33032658222562,0.0740682026407205,0.432156511697786,0.418240616814018,"KRT12/KRT26",2
"GO:2000177","regulation of neural precursor cell proliferation","2/88","96/18860",0.0208333333333333,4.46496212121212,2.33032658222562,0.0740682026407205,0.432156511697786,0.418240616814018,"TAFA1/DISC1",2
"GO:0002822","regulation of adaptive immune response based on somatic recombination of immune receptors built from immunoglobulin superfamily domains","3/88","210/18860",0.0142857142857143,3.06168831168831,2.0570205559283,0.0751664655725501,0.432156511697786,0.418240616814018,"IL12RB1/SUSD4/AGER",3
"GO:0045862","positive regulation of proteolysis","3/88","210/18860",0.0142857142857143,3.06168831168831,2.0570205559283,0.0751664655725501,0.432156511697786,0.418240616814018,"TNP2/DDA1/DISC1",3
"GO:0045103","intermediate filament-based process","2/88","97/18860",0.0206185567010309,4.41893158388004,2.31137563884933,0.0754052813858731,0.432156511697786,0.418240616814018,"KRT12/KRT26",2
"GO:0000712","resolution of meiotic recombination intermediates","1/88","17/18860",0.0588235294117647,12.6069518716578,3.27803067916984,0.0764596349399976,0.432156511697786,0.418240616814018,"ANKLE1",1
"GO:0003376","sphingosine-1-phosphate receptor signaling pathway","1/88","17/18860",0.0588235294117647,12.6069518716578,3.27803067916984,0.0764596349399976,0.432156511697786,0.418240616814018,"S1PR5",1
"GO:0010989","negative regulation of low-density lipoprotein particle clearance","1/88","17/18860",0.0588235294117647,12.6069518716578,3.27803067916984,0.0764596349399976,0.432156511697786,0.418240616814018,"MIR27B",1
"GO:0030167","proteoglycan catabolic process","1/88","17/18860",0.0588235294117647,12.6069518716578,3.27803067916984,0.0764596349399976,0.432156511697786,0.418240616814018,"HPSE",1
"GO:0030202","heparin proteoglycan metabolic process","1/88","17/18860",0.0588235294117647,12.6069518716578,3.27803067916984,0.0764596349399976,0.432156511697786,0.418240616814018,"HPSE",1
"GO:0072074","kidney mesenchyme development","1/88","17/18860",0.0588235294117647,12.6069518716578,3.27803067916984,0.0764596349399976,0.432156511697786,0.418240616814018,"AMER1",1
"GO:1903265","positive regulation of tumor necrosis factor-mediated signaling pathway","1/88","17/18860",0.0588235294117647,12.6069518716578,3.27803067916984,0.0764596349399976,0.432156511697786,0.418240616814018,"MIR1246",1
"GO:0021954","central nervous system neuron development","2/88","98/18860",0.0204081632653061,4.37384044526902,2.29267980645054,0.0767500957108033,0.432156511697786,0.418240616814018,"NDNF/DISC1",2
"GO:0016055","Wnt signaling pathway","5/88","487/18860",0.0102669404517454,2.20039201045361,1.8375659416896,0.0774875682966115,0.432156511697786,0.418240616814018,"CALCOCO1/TMEM170B/TBL1XR1/AMER1/DISC1",5
"GO:0007044","cell-substrate junction assembly","2/88","99/18860",0.0202020202020202,4.32966023875115,2.27423280160756,0.0781025462818605,0.432156511697786,0.418240616814018,"PHLDB2/DLC1",2
"GO:0072080","nephron tubule development","2/88","99/18860",0.0202020202020202,4.32966023875115,2.27423280160756,0.0781025462818605,0.432156511697786,0.418240616814018,"ACAT1/CALB1",2
"GO:0031032","actomyosin structure organization","3/88","215/18860",0.013953488372093,2.99048625792812,2.00975266528166,0.079394672693379,0.432156511697786,0.418240616814018,"SYNPO/PHLDB2/DLC1",3
"GO:0002693","positive regulation of cellular extravasation","1/88","18/18860",0.0555555555555556,11.9065656565657,3.16961245314825,0.0807727247943352,0.432156511697786,0.418240616814018,"AGER",1
"GO:0002827","positive regulation of T-helper 1 type immune response","1/88","18/18860",0.0555555555555556,11.9065656565657,3.16961245314825,0.0807727247943352,0.432156511697786,0.418240616814018,"IL12RB1",1
"GO:0002921","negative regulation of humoral immune response","1/88","18/18860",0.0555555555555556,11.9065656565657,3.16961245314825,0.0807727247943352,0.432156511697786,0.418240616814018,"SUSD4",1
"GO:0015936","coenzyme A metabolic process","1/88","18/18860",0.0555555555555556,11.9065656565657,3.16961245314825,0.0807727247943352,0.432156511697786,0.418240616814018,"ACAT1",1
"GO:0036507","protein demannosylation","1/88","18/18860",0.0555555555555556,11.9065656565657,3.16961245314825,0.0807727247943352,0.432156511697786,0.418240616814018,"UGGT1",1
"GO:0036508","protein alpha-1,2-demannosylation","1/88","18/18860",0.0555555555555556,11.9065656565657,3.16961245314825,0.0807727247943352,0.432156511697786,0.418240616814018,"UGGT1",1
"GO:2001258","negative regulation of cation channel activity","1/88","18/18860",0.0555555555555556,11.9065656565657,3.16961245314825,0.0807727247943352,0.432156511697786,0.418240616814018,"CALM1",1
"GO:0001910","regulation of leukocyte mediated cytotoxicity","2/88","101/18860",0.0198019801980198,4.24392439243924,2.23806122029767,0.0808299625203916,0.432156511697786,0.418240616814018,"IL12RB1/AGER",2
"GO:0002292","T cell differentiation involved in immune response","2/88","101/18860",0.0198019801980198,4.24392439243924,2.23806122029767,0.0808299625203916,0.432156511697786,0.418240616814018,"IL12RB1/LY9",2
"GO:0061387","regulation of extent of cell growth","2/88","101/18860",0.0198019801980198,4.24392439243924,2.23806122029767,0.0808299625203916,0.432156511697786,0.418240616814018,"BCL11A/DISC1",2
"GO:0071229","cellular response to acid chemical","2/88","102/18860",0.0196078431372549,4.20231729055258,2.2203251279152,0.0822047331994087,0.432156511697786,0.418240616814018,"RRAGB/BCL11A",2
"GO:0051052","regulation of DNA metabolic process","5/88","497/18860",0.0100603621730382,2.15611852935797,1.78835664432606,0.0828448845902476,0.432156511697786,0.418240616814018,"PPP4R3C/ANKLE1/AGER/ESCO1/BRPF3",5
"GO:0071346","cellular response to type II interferon","2/88","103/18860",0.0194174757281553,4.16151809355693,2.2028148134596,0.0835867501385037,0.432156511697786,0.418240616814018,"IL12RB1/CALM1",2
"GO:0061326","renal tubule development","2/88","104/18860",0.0192307692307692,4.1215034965035,2.18552499098035,0.0849759176554641,0.432156511697786,0.418240616814018,"ACAT1/CALB1",2
"GO:0006957","complement activation, alternative pathway","1/88","19/18860",0.0526315789473684,11.2799043062201,3.06944100891202,0.0850658996281163,0.432156511697786,0.418240616814018,"SUSD4",1
"GO:0035092","sperm DNA condensation","1/88","19/18860",0.0526315789473684,11.2799043062201,3.06944100891202,0.0850658996281163,0.432156511697786,0.418240616814018,"TNP2",1
"GO:0050872","white fat cell differentiation","1/88","19/18860",0.0526315789473684,11.2799043062201,3.06944100891202,0.0850658996281163,0.432156511697786,0.418240616814018,"TBL1XR1",1
"GO:0060353","regulation of cell adhesion molecule production","1/88","19/18860",0.0526315789473684,11.2799043062201,3.06944100891202,0.0850658996281163,0.432156511697786,0.418240616814018,"MIR27B",1
"GO:0141198","protein branched polyubiquitination","1/88","19/18860",0.0526315789473684,11.2799043062201,3.06944100891202,0.0850658996281163,0.432156511697786,0.418240616814018,"ANAPC13",1
"GO:1901569","fatty acid derivative catabolic process","1/88","19/18860",0.0526315789473684,11.2799043062201,3.06944100891202,0.0850658996281163,0.432156511697786,0.418240616814018,"ACAT1",1
"GO:1902065","response to L-glutamate","1/88","19/18860",0.0526315789473684,11.2799043062201,3.06944100891202,0.0850658996281163,0.432156511697786,0.418240616814018,"BCL11A",1
"GO:0030111","regulation of Wnt signaling pathway","4/88","356/18860",0.0112359550561798,2.40806945863126,1.83637622437295,0.0851374126778878,0.432156511697786,0.418240616814018,"TMEM170B/TBL1XR1/AMER1/DISC1",4
"GO:0070661","leukocyte proliferation","4/88","356/18860",0.0112359550561798,2.40806945863126,1.83637622437295,0.0851374126778878,0.432156511697786,0.418240616814018,"IL12RB1/VAV3/AGER/GPNMB",4
"GO:0032956","regulation of actin cytoskeleton organization","4/88","357/18860",0.0112044817927171,2.40132416603005,1.83019362701622,0.0858095552296649,0.432156511697786,0.418240616814018,"SYNPO/PHLDB2/DLC1/ARHGAP18",4
"GO:0042063","gliogenesis","4/88","357/18860",0.0112044817927171,2.40132416603005,1.83019362701622,0.0858095552296649,0.432156511697786,0.418240616814018,"CSPG5/AGER/SYNE2/DISC1",4
"GO:0016079","synaptic vesicle exocytosis","2/88","105/18860",0.019047619047619,4.08225108225108,2.16845054890975,0.0863721407847522,0.432156511697786,0.418240616814018,"SYNGR3/CSPG5",2
"GO:0034308","primary alcohol metabolic process","2/88","105/18860",0.019047619047619,4.08225108225108,2.16845054890975,0.0863721407847522,0.432156511697786,0.418240616814018,"RDH10/RPE65",2
"GO:0002819","regulation of adaptive immune response","3/88","224/18860",0.0133928571428571,2.87033279220779,1.92802180019135,0.0872614697988567,0.432156511697786,0.418240616814018,"IL12RB1/SUSD4/AGER",3
"GO:0007601","visual perception","3/88","224/18860",0.0133928571428571,2.87033279220779,1.92802180019135,0.0872614697988567,0.432156511697786,0.418240616814018,"KRT12/RDH10/RPE65",3
"GO:0042098","T cell proliferation","3/88","224/18860",0.0133928571428571,2.87033279220779,1.92802180019135,0.0872614697988567,0.432156511697786,0.418240616814018,"IL12RB1/AGER/GPNMB",3
"GO:0006721","terpenoid metabolic process","2/88","106/18860",0.0188679245283019,4.04373927958834,2.15158654269526,0.087775325273028,0.432156511697786,0.418240616814018,"RDH10/RPE65",2
"GO:2000060","positive regulation of ubiquitin-dependent protein catabolic process","2/88","106/18860",0.0188679245283019,4.04373927958834,2.15158654269526,0.087775325273028,0.432156511697786,0.418240616814018,"DDA1/DISC1",2
"GO:0032535","regulation of cellular component size","4/88","361/18860",0.0110803324099723,2.37471669604634,1.80566872345169,0.0885242538498602,0.432156511697786,0.418240616814018,"VAV3/BCL11A/DISC1/ARHGAP18",4
"GO:0035358","regulation of peroxisome proliferator activated receptor signaling pathway","1/88","20/18860",0.05,10.7159090909091,2.97648285123396,0.0893392503437217,0.432156511697786,0.418240616814018,"MIR27B",1
"GO:0046653","tetrahydrofolate metabolic process","1/88","20/18860",0.05,10.7159090909091,2.97648285123396,0.0893392503437217,0.432156511697786,0.418240616814018,"DHFR",1
"GO:0050965","detection of temperature stimulus involved in sensory perception of pain","1/88","20/18860",0.05,10.7159090909091,2.97648285123396,0.0893392503437217,0.432156511697786,0.418240616814018,"DISC1",1
"GO:0051580","regulation of neurotransmitter uptake","1/88","20/18860",0.05,10.7159090909091,2.97648285123396,0.0893392503437217,0.432156511697786,0.418240616814018,"SYNGR3",1
"GO:0051797","regulation of hair follicle development","1/88","20/18860",0.05,10.7159090909091,2.97648285123396,0.0893392503437217,0.432156511697786,0.418240616814018,"HPSE",1
"GO:1904177","regulation of adipose tissue development","1/88","20/18860",0.05,10.7159090909091,2.97648285123396,0.0893392503437217,0.432156511697786,0.418240616814018,"PLAAT3",1
"GO:2000318","positive regulation of T-helper 17 type immune response","1/88","20/18860",0.05,10.7159090909091,2.97648285123396,0.0893392503437217,0.432156511697786,0.418240616814018,"IL12RB1",1
"GO:0002709","regulation of T cell mediated immunity","2/88","108/18860",0.0185185185185185,3.96885521885522,2.11847085311666,0.09060220484748,0.432156511697786,0.418240616814018,"IL12RB1/AGER",2
"GO:0042102","positive regulation of T cell proliferation","2/88","108/18860",0.0185185185185185,3.96885521885522,2.11847085311666,0.09060220484748,0.432156511697786,0.418240616814018,"IL12RB1/AGER",2
"GO:0051588","regulation of neurotransmitter transport","2/88","108/18860",0.0185185185185185,3.96885521885522,2.11847085311666,0.09060220484748,0.432156511697786,0.418240616814018,"SYNGR3/CSPG5",2
"GO:0050953","sensory perception of light stimulus","3/88","228/18860",0.0131578947368421,2.81997607655502,1.89299191266393,0.0908606077806166,0.432156511697786,0.418240616814018,"KRT12/RDH10/RPE65",3
"GO:0150115","cell-substrate junction organization","2/88","109/18860",0.018348623853211,3.9324437030859,2.10221005456974,0.0920257149480193,0.432156511697786,0.418240616814018,"PHLDB2/DLC1",2
"GO:1901222","regulation of non-canonical NF-kappaB signal transduction","2/88","109/18860",0.018348623853211,3.9324437030859,2.10221005456974,0.0920257149480193,0.432156511697786,0.418240616814018,"AGER/MIR27B",2
"GO:0031346","positive regulation of cell projection organization","4/88","367/18860",0.0108991825613079,2.33589298984394,1.76948306986576,0.0926740098028737,0.432156511697786,0.418240616814018,"NDNF/STMN2/BCL11A/DISC1",4
"GO:0006066","alcohol metabolic process","4/88","368/18860",0.0108695652173913,2.32954545454545,1.76352065281176,0.0933746205445979,0.432156511697786,0.418240616814018,"RDH10/MIR27B/DHFR/RPE65",4
"GO:0006517","protein deglycosylation","1/88","21/18860",0.0476190476190476,10.2056277056277,2.88987810775962,0.0935928674334114,0.432156511697786,0.418240616814018,"UGGT1",1
"GO:0045056","transcytosis","1/88","21/18860",0.0476190476190476,10.2056277056277,2.88987810775962,0.0935928674334114,0.432156511697786,0.418240616814018,"AGER",1
"GO:0051132","NK T cell activation","1/88","21/18860",0.0476190476190476,10.2056277056277,2.88987810775962,0.0935928674334114,0.432156511697786,0.418240616814018,"CLEC2B",1
"GO:0060602","branch elongation of an epithelium","1/88","21/18860",0.0476190476190476,10.2056277056277,2.88987810775962,0.0935928674334114,0.432156511697786,0.418240616814018,"RDH10",1
"GO:0071605","monocyte chemotactic protein-1 production","1/88","21/18860",0.0476190476190476,10.2056277056277,2.88987810775962,0.0935928674334114,0.432156511697786,0.418240616814018,"AGER",1
"GO:0071637","regulation of monocyte chemotactic protein-1 production","1/88","21/18860",0.0476190476190476,10.2056277056277,2.88987810775962,0.0935928674334114,0.432156511697786,0.418240616814018,"AGER",1
"GO:0090520","sphingolipid mediated signaling pathway","1/88","21/18860",0.0476190476190476,10.2056277056277,2.88987810775962,0.0935928674334114,0.432156511697786,0.418240616814018,"S1PR5",1
"GO:0090713","immunological memory process","1/88","21/18860",0.0476190476190476,10.2056277056277,2.88987810775962,0.0935928674334114,0.432156511697786,0.418240616814018,"IL12RB1",1
"GO:1900119","positive regulation of execution phase of apoptosis","1/88","21/18860",0.0476190476190476,10.2056277056277,2.88987810775962,0.0935928674334114,0.432156511697786,0.418240616814018,"DLC1",1
"GO:1901881","positive regulation of protein depolymerization","1/88","21/18860",0.0476190476190476,10.2056277056277,2.88987810775962,0.0935928674334114,0.432156511697786,0.418240616814018,"STMN2",1
"GO:0043367","CD4-positive, alpha-beta T cell differentiation","2/88","111/18860",0.018018018018018,3.86158886158886,2.07026082955669,0.0948924185272714,0.432156511697786,0.418240616814018,"IL12RB1/LY9",2
"GO:0070936","protein K48-linked ubiquitination","2/88","111/18860",0.018018018018018,3.86158886158886,2.07026082955669,0.0948924185272714,0.432156511697786,0.418240616814018,"ANAPC13/UBE3C",2
"GO:0006641","triglyceride metabolic process","2/88","112/18860",0.0178571428571429,3.82711038961039,2.05456411803288,0.0963354311745808,0.432156511697786,0.418240616814018,"PLAAT3/TBL1XR1",2
"GO:0031341","regulation of cell killing","2/88","112/18860",0.0178571428571429,3.82711038961039,2.05456411803288,0.0963354311745808,0.432156511697786,0.418240616814018,"IL12RB1/AGER",2
"GO:0032760","positive regulation of tumor necrosis factor production","2/88","113/18860",0.0176991150442478,3.79324215607401,2.03904736197903,0.0977847649782097,0.432156511697786,0.418240616814018,"AGER/MIR27B",2
"GO:0048675","axon extension","2/88","113/18860",0.0176991150442478,3.79324215607401,2.03904736197903,0.0977847649782097,0.432156511697786,0.418240616814018,"BCL11A/DISC1",2
"GO:0051091","positive regulation of DNA-binding transcription factor activity","2/88","113/18860",0.0176991150442478,3.79324215607401,2.03904736197903,0.0977847649782097,0.432156511697786,0.418240616814018,"SYT14P1/AGER",2
"GO:0019430","removal of superoxide radicals","1/88","22/18860",0.0454545454545455,9.74173553719008,2.80890467794182,0.0978268409811506,0.432156511697786,0.418240616814018,"DHFR",1
"GO:0034104","negative regulation of tissue remodeling","1/88","22/18860",0.0454545454545455,9.74173553719008,2.80890467794182,0.0978268409811506,0.432156511697786,0.418240616814018,"AGER",1
"GO:0046485","ether lipid metabolic process","1/88","22/18860",0.0454545454545455,9.74173553719008,2.80890467794182,0.0978268409811506,0.432156511697786,0.418240616814018,"PLAAT3",1
"GO:0048670","regulation of collateral sprouting","1/88","22/18860",0.0454545454545455,9.74173553719008,2.80890467794182,0.0978268409811506,0.432156511697786,0.418240616814018,"BCL11A",1
"GO:0060352","cell adhesion molecule production","1/88","22/18860",0.0454545454545455,9.74173553719008,2.80890467794182,0.0978268409811506,0.432156511697786,0.418240616814018,"MIR27B",1
"GO:0048588","developmental cell growth","3/88","238/18860",0.0126050420168067,2.7014896867838,1.80863125652466,0.100124977653646,0.432156511697786,0.418240616814018,"SYT14P1/BCL11A/DISC1",3
"GO:0002283","neutrophil activation involved in immune response","1/88","23/18860",0.0434782608695652,9.31818181818182,2.73295104051663,0.102041260664432,0.432156511697786,0.418240616814018,"CLEC12A",1
"GO:0006085","acetyl-CoA biosynthetic process","1/88","23/18860",0.0434782608695652,9.31818181818182,2.73295104051663,0.102041260664432,0.432156511697786,0.418240616814018,"ACAT1",1
"GO:0006658","phosphatidylserine metabolic process","1/88","23/18860",0.0434782608695652,9.31818181818182,2.73295104051663,0.102041260664432,0.432156511697786,0.418240616814018,"SERINC1",1
"GO:0009083","branched-chain amino acid catabolic process","1/88","23/18860",0.0434782608695652,9.31818181818182,2.73295104051663,0.102041260664432,0.432156511697786,0.418240616814018,"ACAT1",1
"GO:0010985","negative regulation of lipoprotein particle clearance","1/88","23/18860",0.0434782608695652,9.31818181818182,2.73295104051663,0.102041260664432,0.432156511697786,0.418240616814018,"MIR27B",1
"GO:0032413","negative regulation of ion transmembrane transporter activity","1/88","23/18860",0.0434782608695652,9.31818181818182,2.73295104051663,0.102041260664432,0.432156511697786,0.418240616814018,"CALM1",1
"GO:0034105","positive regulation of tissue remodeling","1/88","23/18860",0.0434782608695652,9.31818181818182,2.73295104051663,0.102041260664432,0.432156511697786,0.418240616814018,"MIR27B",1
"GO:0034114","regulation of heterotypic cell-cell adhesion","1/88","23/18860",0.0434782608695652,9.31818181818182,2.73295104051663,0.102041260664432,0.432156511697786,0.418240616814018,"AGER",1
"GO:0036158","outer dynein arm assembly","1/88","23/18860",0.0434782608695652,9.31818181818182,2.73295104051663,0.102041260664432,0.432156511697786,0.418240616814018,"DNAI2",1
"GO:0043501","skeletal muscle adaptation","1/88","23/18860",0.0434782608695652,9.31818181818182,2.73295104051663,0.102041260664432,0.432156511697786,0.418240616814018,"MYMK",1
"GO:0061097","regulation of protein tyrosine kinase activity","1/88","23/18860",0.0434782608695652,9.31818181818182,2.73295104051663,0.102041260664432,0.432156511697786,0.418240616814018,"RAP2C",1
"GO:0071450","cellular response to oxygen radical","1/88","23/18860",0.0434782608695652,9.31818181818182,2.73295104051663,0.102041260664432,0.432156511697786,0.418240616814018,"DHFR",1
"GO:0071451","cellular response to superoxide","1/88","23/18860",0.0434782608695652,9.31818181818182,2.73295104051663,0.102041260664432,0.432156511697786,0.418240616814018,"DHFR",1
"GO:1903589","positive regulation of blood vessel endothelial cell proliferation involved in sprouting angiogenesis","1/88","23/18860",0.0434782608695652,9.31818181818182,2.73295104051663,0.102041260664432,0.432156511697786,0.418240616814018,"MIR27B",1
"GO:1903861","positive regulation of dendrite extension","1/88","23/18860",0.0434782608695652,9.31818181818182,2.73295104051663,0.102041260664432,0.432156511697786,0.418240616814018,"SYT14P1",1
"GO:0032611","interleukin-1 beta production","2/88","116/18860",0.0172413793103448,3.69514106583072,1.99353907135969,0.102169809548599,0.432156511697786,0.418240616814018,"AGER/MIR27B",2
"GO:0032651","regulation of interleukin-1 beta production","2/88","116/18860",0.0172413793103448,3.69514106583072,1.99353907135969,0.102169809548599,0.432156511697786,0.418240616814018,"AGER/MIR27B",2
"GO:0090263","positive regulation of canonical Wnt signaling pathway","2/88","117/18860",0.0170940170940171,3.66355866355866,1.97870494074647,0.103643547547335,0.432156511697786,0.418240616814018,"TBL1XR1/AMER1",2
"GO:1903557","positive regulation of tumor necrosis factor superfamily cytokine production","2/88","117/18860",0.0170940170940171,3.66355866355866,1.97870494074647,0.103643547547335,0.432156511697786,0.418240616814018,"AGER/MIR27B",2
"GO:0006644","phospholipid metabolic process","4/88","385/18860",0.0103896103896104,2.22668240850059,1.66500549831958,0.105669561214083,0.432156511697786,0.418240616814018,"PLAAT3/SERINC1/UBE3C/PIGX",4
"GO:0002320","lymphoid progenitor cell differentiation","1/88","24/18860",0.0416666666666667,8.92992424242424,2.66149535092937,0.106236215756088,0.432156511697786,0.418240616814018,"ANKLE1",1
"GO:0006730","one-carbon metabolic process","1/88","24/18860",0.0416666666666667,8.92992424242424,2.66149535092937,0.106236215756088,0.432156511697786,0.418240616814018,"DHFR",1
"GO:0010988","regulation of low-density lipoprotein particle clearance","1/88","24/18860",0.0416666666666667,8.92992424242424,2.66149535092937,0.106236215756088,0.432156511697786,0.418240616814018,"MIR27B",1
"GO:0030449","regulation of complement activation","1/88","24/18860",0.0416666666666667,8.92992424242424,2.66149535092937,0.106236215756088,0.432156511697786,0.418240616814018,"SUSD4",1
"GO:0034312","diol biosynthetic process","1/88","24/18860",0.0416666666666667,8.92992424242424,2.66149535092937,0.106236215756088,0.432156511697786,0.418240616814018,"DHFR",1
"GO:0050908","detection of light stimulus involved in visual perception","1/88","24/18860",0.0416666666666667,8.92992424242424,2.66149535092937,0.106236215756088,0.432156511697786,0.418240616814018,"RPE65",1
"GO:0050961","detection of temperature stimulus involved in sensory perception","1/88","24/18860",0.0416666666666667,8.92992424242424,2.66149535092937,0.106236215756088,0.432156511697786,0.418240616814018,"DISC1",1
"GO:0050962","detection of light stimulus involved in sensory perception","1/88","24/18860",0.0416666666666667,8.92992424242424,2.66149535092937,0.106236215756088,0.432156511697786,0.418240616814018,"RPE65",1
"GO:1900407","regulation of cellular response to oxidative stress","1/88","24/18860",0.0416666666666667,8.92992424242424,2.66149535092937,0.106236215756088,0.432156511697786,0.418240616814018,"DHFR",1
"GO:0042445","hormone metabolic process","3/88","246/18860",0.0121951219512195,2.61363636363636,1.74420996977765,0.107800301247044,0.432156511697786,0.418240616814018,"RDH10/PLEKHA1/RPE65",3
"GO:0006661","phosphatidylinositol biosynthetic process","2/88","121/18860",0.0165289256198347,3.54244928625094,1.92095491483821,0.109596491637849,0.432156511697786,0.418240616814018,"UBE3C/PIGX",2
"GO:0006720","isoprenoid metabolic process","2/88","121/18860",0.0165289256198347,3.54244928625094,1.92095491483821,0.109596491637849,0.432156511697786,0.418240616814018,"RDH10/RPE65",2
"GO:0002433","immune response-regulating cell surface receptor signaling pathway involved in phagocytosis","1/88","25/18860",0.04,8.57272727272727,2.5940891777778,0.110411795126096,0.432156511697786,0.418240616814018,"VAV3",1
"GO:0007130","synaptonemal complex assembly","1/88","25/18860",0.04,8.57272727272727,2.5940891777778,0.110411795126096,0.432156511697786,0.418240616814018,"SYCE1",1
"GO:0031145","anaphase-promoting complex-dependent catabolic process","1/88","25/18860",0.04,8.57272727272727,2.5940891777778,0.110411795126096,0.432156511697786,0.418240616814018,"ANAPC13",1
"GO:0032693","negative regulation of interleukin-10 production","1/88","25/18860",0.04,8.57272727272727,2.5940891777778,0.110411795126096,0.432156511697786,0.418240616814018,"AGER",1
"GO:0035024","negative regulation of Rho protein signal transduction","1/88","25/18860",0.04,8.57272727272727,2.5940891777778,0.110411795126096,0.432156511697786,0.418240616814018,"DLC1",1
"GO:0038095","Fc-epsilon receptor signaling pathway","1/88","25/18860",0.04,8.57272727272727,2.5940891777778,0.110411795126096,0.432156511697786,0.418240616814018,"VAV3",1
"GO:0038096","Fc-gamma receptor signaling pathway involved in phagocytosis","1/88","25/18860",0.04,8.57272727272727,2.5940891777778,0.110411795126096,0.432156511697786,0.418240616814018,"VAV3",1
"GO:0050927","positive regulation of positive chemotaxis","1/88","25/18860",0.04,8.57272727272727,2.5940891777778,0.110411795126096,0.432156511697786,0.418240616814018,"AGER",1
"GO:0051560","mitochondrial calcium ion homeostasis","1/88","25/18860",0.04,8.57272727272727,2.5940891777778,0.110411795126096,0.432156511697786,0.418240616814018,"DISC1",1
"GO:0060571","morphogenesis of an epithelial fold","1/88","25/18860",0.04,8.57272727272727,2.5940891777778,0.110411795126096,0.432156511697786,0.418240616814018,"RDH10",1
"GO:0086064","cell communication by electrical coupling involved in cardiac conduction","1/88","25/18860",0.04,8.57272727272727,2.5940891777778,0.110411795126096,0.432156511697786,0.418240616814018,"CALM1",1
"GO:0097709","connective tissue replacement","1/88","25/18860",0.04,8.57272727272727,2.5940891777778,0.110411795126096,0.432156511697786,0.418240616814018,"AGER",1
"GO:1901201","regulation of extracellular matrix assembly","1/88","25/18860",0.04,8.57272727272727,2.5940891777778,0.110411795126096,0.432156511697786,0.418240616814018,"MIR27B",1
"GO:1903429","regulation of cell maturation","1/88","25/18860",0.04,8.57272727272727,2.5940891777778,0.110411795126096,0.432156511697786,0.418240616814018,"BCL11A",1
"GO:0022604","regulation of cell morphogenesis","3/88","249/18860",0.0120481927710843,2.58214676889376,1.72070722081716,0.110736711847823,0.432156511697786,0.418240616814018,"SYT14P1/BCL11A/ARHGAP18",3
"GO:0072009","nephron epithelium development","2/88","122/18860",0.0163934426229508,3.51341281669151,1.90689823577655,0.111098803602552,0.432156511697786,0.418240616814018,"ACAT1/CALB1",2
"GO:0046634","regulation of alpha-beta T cell activation","2/88","124/18860",0.0161290322580645,3.45674486803519,1.8792209905806,0.114119736763023,0.432156511697786,0.418240616814018,"IL12RB1/AGER",2
"GO:0000303","response to superoxide","1/88","26/18860",0.0384615384615385,8.24300699300699,2.53034470808007,0.114568087243373,0.432156511697786,0.418240616814018,"DHFR",1
"GO:0007263","nitric oxide mediated signal transduction","1/88","26/18860",0.0384615384615385,8.24300699300699,2.53034470808007,0.114568087243373,0.432156511697786,0.418240616814018,"NDNF",1
"GO:0010881","regulation of cardiac muscle contraction by regulation of the release of sequestered calcium ion","1/88","26/18860",0.0384615384615385,8.24300699300699,2.53034470808007,0.114568087243373,0.432156511697786,0.418240616814018,"CALM1",1
"GO:0010954","positive regulation of protein processing","1/88","26/18860",0.0384615384615385,8.24300699300699,2.53034470808007,0.114568087243373,0.432156511697786,0.418240616814018,"TNP2",1
"GO:0030194","positive regulation of blood coagulation","1/88","26/18860",0.0384615384615385,8.24300699300699,2.53034470808007,0.114568087243373,0.432156511697786,0.418240616814018,"HPSE",1
"GO:0048143","astrocyte activation","1/88","26/18860",0.0384615384615385,8.24300699300699,2.53034470808007,0.114568087243373,0.432156511697786,0.418240616814018,"AGER",1
"GO:0050926","regulation of positive chemotaxis","1/88","26/18860",0.0384615384615385,8.24300699300699,2.53034470808007,0.114568087243373,0.432156511697786,0.418240616814018,"AGER",1
"GO:0090370","negative regulation of cholesterol efflux","1/88","26/18860",0.0384615384615385,8.24300699300699,2.53034470808007,0.114568087243373,0.432156511697786,0.418240616814018,"MIR27B",1
"GO:0099149","regulation of postsynaptic neurotransmitter receptor internalization","1/88","26/18860",0.0384615384615385,8.24300699300699,2.53034470808007,0.114568087243373,0.432156511697786,0.418240616814018,"SUSD4",1
"GO:1900048","positive regulation of hemostasis","1/88","26/18860",0.0384615384615385,8.24300699300699,2.53034470808007,0.114568087243373,0.432156511697786,0.418240616814018,"HPSE",1
"GO:1903523","negative regulation of blood circulation","1/88","26/18860",0.0384615384615385,8.24300699300699,2.53034470808007,0.114568087243373,0.432156511697786,0.418240616814018,"AGER",1
"GO:0045446","endothelial cell differentiation","2/88","126/18860",0.0158730158730159,3.4018759018759,1.85210657312918,0.117161870912493,0.432156511697786,0.418240616814018,"HPSE/RAP2C",2
"GO:0048259","regulation of receptor-mediated endocytosis","2/88","126/18860",0.0158730158730159,3.4018759018759,1.85210657312918,0.117161870912493,0.432156511697786,0.418240616814018,"SUSD4/MIR27B",2
"GO:0002460","adaptive immune response based on somatic recombination of immune receptors built from immunoglobulin superfamily domains","4/88","402/18860",0.00995024875621891,2.13251922207146,1.57149021515162,0.118666581997508,0.432156511697786,0.418240616814018,"IL12RB1/LY9/SUSD4/AGER",4
"GO:0008544","epidermis development","4/88","402/18860",0.00995024875621891,2.13251922207146,1.57149021515162,0.118666581997508,0.432156511697786,0.418240616814018,"LCE3D/TGM5/HPSE/KRTAP6-2",4
"GO:0032970","regulation of actin filament-based process","4/88","402/18860",0.00995024875621891,2.13251922207146,1.57149021515162,0.118666581997508,0.432156511697786,0.418240616814018,"SYNPO/PHLDB2/DLC1/ARHGAP18",4
"GO:0000305","response to oxygen radical","1/88","27/18860",0.037037037037037,7.93771043771044,2.46992457915615,0.118705180177565,0.432156511697786,0.418240616814018,"DHFR",1
"GO:0006760","folic acid-containing compound metabolic process","1/88","27/18860",0.037037037037037,7.93771043771044,2.46992457915615,0.118705180177565,0.432156511697786,0.418240616814018,"DHFR",1
"GO:0009081","branched-chain amino acid metabolic process","1/88","27/18860",0.037037037037037,7.93771043771044,2.46992457915615,0.118705180177565,0.432156511697786,0.418240616814018,"ACAT1",1
"GO:0010842","retina layer formation","1/88","27/18860",0.037037037037037,7.93771043771044,2.46992457915615,0.118705180177565,0.432156511697786,0.418240616814018,"CALB1",1
"GO:0016048","detection of temperature stimulus","1/88","27/18860",0.037037037037037,7.93771043771044,2.46992457915615,0.118705180177565,0.432156511697786,0.418240616814018,"DISC1",1
"GO:0016082","synaptic vesicle priming","1/88","27/18860",0.037037037037037,7.93771043771044,2.46992457915615,0.118705180177565,0.432156511697786,0.418240616814018,"SYNGR3",1
"GO:0032410","negative regulation of transporter activity","1/88","27/18860",0.037037037037037,7.93771043771044,2.46992457915615,0.118705180177565,0.432156511697786,0.418240616814018,"CALM1",1
"GO:0035313","wound healing, spreading of epidermal cells","1/88","27/18860",0.037037037037037,7.93771043771044,2.46992457915615,0.118705180177565,0.432156511697786,0.418240616814018,"PHLDB2",1
"GO:0042278","purine nucleoside metabolic process","1/88","27/18860",0.037037037037037,7.93771043771044,2.46992457915615,0.118705180177565,0.432156511697786,0.418240616814018,"MACROD2",1
"GO:0045624","positive regulation of T-helper cell differentiation","1/88","27/18860",0.037037037037037,7.93771043771044,2.46992457915615,0.118705180177565,0.432156511697786,0.418240616814018,"IL12RB1",1
"GO:1902993","positive regulation of amyloid precursor protein catabolic process","1/88","27/18860",0.037037037037037,7.93771043771044,2.46992457915615,0.118705180177565,0.432156511697786,0.418240616814018,"AGER",1
"GO:1903054","negative regulation of extracellular matrix organization","1/88","27/18860",0.037037037037037,7.93771043771044,2.46992457915615,0.118705180177565,0.432156511697786,0.418240616814018,"MIR27B",1
"GO:1903319","positive regulation of protein maturation","1/88","27/18860",0.037037037037037,7.93771043771044,2.46992457915615,0.118705180177565,0.432156511697786,0.418240616814018,"TNP2",1
"GO:0018205","peptidyl-lysine modification","2/88","129/18860",0.0155038759689922,3.32276250880902,1.81244390615651,0.12176341619649,0.434452953741916,0.420463111005396,"ESCO1/BCL11A",2
"GO:0034341","response to type II interferon","2/88","129/18860",0.0155038759689922,3.32276250880902,1.81244390615651,0.12176341619649,0.434452953741916,0.420463111005396,"IL12RB1/CALM1",2
"GO:0006312","mitotic recombination","1/88","28/18860",0.0357142857142857,7.65422077922078,2.41253372243938,0.122823161600832,0.434452953741916,0.420463111005396,"ANKLE1",1
"GO:0007097","nuclear migration","1/88","28/18860",0.0357142857142857,7.65422077922078,2.41253372243938,0.122823161600832,0.434452953741916,0.420463111005396,"SYNE2",1
"GO:0021846","cell proliferation in forebrain","1/88","28/18860",0.0357142857142857,7.65422077922078,2.41253372243938,0.122823161600832,0.434452953741916,0.420463111005396,"DISC1",1
"GO:0032740","positive regulation of interleukin-17 production","1/88","28/18860",0.0357142857142857,7.65422077922078,2.41253372243938,0.122823161600832,0.434452953741916,0.420463111005396,"LY9",1
"GO:0046949","fatty-acyl-CoA biosynthetic process","1/88","28/18860",0.0357142857142857,7.65422077922078,2.41253372243938,0.122823161600832,0.434452953741916,0.420463111005396,"ACAT1",1
"GO:0070193","synaptonemal complex organization","1/88","28/18860",0.0357142857142857,7.65422077922078,2.41253372243938,0.122823161600832,0.434452953741916,0.420463111005396,"SYCE1",1
"GO:0090128","regulation of synapse maturation","1/88","28/18860",0.0357142857142857,7.65422077922078,2.41253372243938,0.122823161600832,0.434452953741916,0.420463111005396,"DISC1",1
"GO:0043200","response to amino acid","2/88","130/18860",0.0153846153846154,3.2972027972028,1.79948204409315,0.123307172878404,0.434452953741916,0.420463111005396,"RRAGB/BCL11A",2
"GO:0060271","cilium assembly","4/88","408/18860",0.00980392156862745,2.10115864527629,1.53958490709794,0.123414333381344,0.434452953741916,0.420463111005396,"CIBAR2/DNAI2/SYNE2/DISC1",4
"GO:0045927","positive regulation of growth","3/88","263/18860",0.0114068441064639,2.44469408918078,1.6153912204525,0.124839352892004,0.434452953741916,0.420463111005396,"SYT14P1/BCL11A/DISC1",3
"GO:0033209","tumor necrosis factor-mediated signaling pathway","2/88","131/18860",0.0152671755725191,3.27203331020125,1.78664570970903,0.124855753460519,0.434452953741916,0.420463111005396,"MIR1246/MIR27B",2
"GO:0002703","regulation of leukocyte mediated immunity","3/88","264/18860",0.0113636363636364,2.43543388429752,1.60812862320324,0.125870934444203,0.434452953741916,0.420463111005396,"IL12RB1/SUSD4/AGER",3
"GO:0007127","meiosis I","2/88","132/18860",0.0151515151515152,3.24724517906336,1.7739326053653,0.126409080715578,0.434452953741916,0.420463111005396,"ANKLE1/SYCE1",2
"GO:0010977","negative regulation of neuron projection development","2/88","132/18860",0.0151515151515152,3.24724517906336,1.7739326053653,0.126409080715578,0.434452953741916,0.420463111005396,"STMN2/BCL11A",2
"GO:0002052","positive regulation of neuroblast proliferation","1/88","29/18860",0.0344827586206897,7.39028213166144,2.35791276480478,0.126922118789613,0.434452953741916,0.420463111005396,"DISC1",1
"GO:0019359","nicotinamide nucleotide biosynthetic process","1/88","29/18860",0.0344827586206897,7.39028213166144,2.35791276480478,0.126922118789613,0.434452953741916,0.420463111005396,"NADK2",1
"GO:0019363","pyridine nucleotide biosynthetic process","1/88","29/18860",0.0344827586206897,7.39028213166144,2.35791276480478,0.126922118789613,0.434452953741916,0.420463111005396,"NADK2",1
"GO:0035458","cellular response to interferon-beta","1/88","29/18860",0.0344827586206897,7.39028213166144,2.35791276480478,0.126922118789613,0.434452953741916,0.420463111005396,"CALM1",1
"GO:0042634","regulation of hair cycle","1/88","29/18860",0.0344827586206897,7.39028213166144,2.35791276480478,0.126922118789613,0.434452953741916,0.420463111005396,"HPSE",1
"GO:0045063","T-helper 1 cell differentiation","1/88","29/18860",0.0344827586206897,7.39028213166144,2.35791276480478,0.126922118789613,0.434452953741916,0.420463111005396,"IL12RB1",1
"GO:0062149","detection of stimulus involved in sensory perception of pain","1/88","29/18860",0.0344827586206897,7.39028213166144,2.35791276480478,0.126922118789613,0.434452953741916,0.420463111005396,"DISC1",1
"GO:1900745","positive regulation of p38MAPK cascade","1/88","29/18860",0.0344827586206897,7.39028213166144,2.35791276480478,0.126922118789613,0.434452953741916,0.420463111005396,"AGER",1
"GO:1903055","positive regulation of extracellular matrix organization","1/88","29/18860",0.0344827586206897,7.39028213166144,2.35791276480478,0.126922118789613,0.434452953741916,0.420463111005396,"MIR27B",1
"GO:2000319","regulation of T-helper 17 cell differentiation","1/88","29/18860",0.0344827586206897,7.39028213166144,2.35791276480478,0.126922118789613,0.434452953741916,0.420463111005396,"IL12RB1",1
"GO:0021987","cerebral cortex development","2/88","134/18860",0.0149253731343284,3.19877883310719,1.74886719231386,0.129529669334103,0.435406661639973,0.421386108504558,"SYNE2/DISC1",2
"GO:0001835","blastocyst hatching","1/88","30/18860",0.0333333333333333,7.14393939393939,2.30583264749056,0.131002138626399,0.435406661639973,0.421386108504558,"TBL1XR1",1
"GO:0003338","metanephros morphogenesis","1/88","30/18860",0.0333333333333333,7.14393939393939,2.30583264749056,0.131002138626399,0.435406661639973,0.421386108504558,"CALB1",1
"GO:0006359","regulation of transcription by RNA polymerase III","1/88","30/18860",0.0333333333333333,7.14393939393939,2.30583264749056,0.131002138626399,0.435406661639973,0.421386108504558,"MAF1",1
"GO:0007289","spermatid nucleus differentiation","1/88","30/18860",0.0333333333333333,7.14393939393939,2.30583264749056,0.131002138626399,0.435406661639973,0.421386108504558,"TNP2",1
"GO:0008209","androgen metabolic process","1/88","30/18860",0.0333333333333333,7.14393939393939,2.30583264749056,0.131002138626399,0.435406661639973,0.421386108504558,"PLEKHA1",1
"GO:0021854","hypothalamus development","1/88","30/18860",0.0333333333333333,7.14393939393939,2.30583264749056,0.131002138626399,0.435406661639973,0.421386108504558,"NDNF",1
"GO:0035188","hatching","1/88","30/18860",0.0333333333333333,7.14393939393939,2.30583264749056,0.131002138626399,0.435406661639973,0.421386108504558,"TBL1XR1",1
"GO:0035357","peroxisome proliferator activated receptor signaling pathway","1/88","30/18860",0.0333333333333333,7.14393939393939,2.30583264749056,0.131002138626399,0.435406661639973,0.421386108504558,"MIR27B",1
"GO:0050820","positive regulation of coagulation","1/88","30/18860",0.0333333333333333,7.14393939393939,2.30583264749056,0.131002138626399,0.435406661639973,0.421386108504558,"HPSE",1
"GO:0050951","sensory perception of temperature stimulus","1/88","30/18860",0.0333333333333333,7.14393939393939,2.30583264749056,0.131002138626399,0.435406661639973,0.421386108504558,"DISC1",1
"GO:0071684","organism emergence from protective structure","1/88","30/18860",0.0333333333333333,7.14393939393939,2.30583264749056,0.131002138626399,0.435406661639973,0.421386108504558,"TBL1XR1",1
"GO:0090594","inflammatory response to wounding","1/88","30/18860",0.0333333333333333,7.14393939393939,2.30583264749056,0.131002138626399,0.435406661639973,0.421386108504558,"AGER",1
"GO:0030900","forebrain development","4/88","419/18860",0.00954653937947494,2.04599696246474,1.4824859785917,0.132327452888896,0.437042362000404,0.422969137590438,"NDNF/SYNE2/DISC1/DLC1",4
"GO:0021782","glial cell development","2/88","136/18860",0.0147058823529412,3.15173796791444,1.72426858084451,0.132668332857074,0.437042362000404,0.422969137590438,"CSPG5/AGER",2
"GO:0032612","interleukin-1 production","2/88","136/18860",0.0147058823529412,3.15173796791444,1.72426858084451,0.132668332857074,0.437042362000404,0.422969137590438,"AGER/MIR27B",2
"GO:0032652","regulation of interleukin-1 production","2/88","136/18860",0.0147058823529412,3.15173796791444,1.72426858084451,0.132668332857074,0.437042362000404,0.422969137590438,"AGER/MIR27B",2
"GO:0003401","axis elongation","1/88","31/18860",0.032258064516129,6.91348973607038,2.25609020554175,0.135063307601485,0.437194054388285,0.423115945323645,"RDH10",1
"GO:0006505","GPI anchor metabolic process","1/88","31/18860",0.032258064516129,6.91348973607038,2.25609020554175,0.135063307601485,0.437194054388285,0.423115945323645,"PIGX",1
"GO:0006506","GPI anchor biosynthetic process","1/88","31/18860",0.032258064516129,6.91348973607038,2.25609020554175,0.135063307601485,0.437194054388285,0.423115945323645,"PIGX",1
"GO:0007064","mitotic sister chromatid cohesion","1/88","31/18860",0.032258064516129,6.91348973607038,2.25609020554175,0.135063307601485,0.437194054388285,0.423115945323645,"ESCO1",1
"GO:0033688","regulation of osteoblast proliferation","1/88","31/18860",0.032258064516129,6.91348973607038,2.25609020554175,0.135063307601485,0.437194054388285,0.423115945323645,"HPSE",1
"GO:0046337","phosphatidylethanolamine metabolic process","1/88","31/18860",0.032258064516129,6.91348973607038,2.25609020554175,0.135063307601485,0.437194054388285,0.423115945323645,"PLAAT3",1
"GO:0098901","regulation of cardiac muscle cell action potential","1/88","31/18860",0.032258064516129,6.91348973607038,2.25609020554175,0.135063307601485,0.437194054388285,0.423115945323645,"CALM1",1
"GO:0180046","GPI anchored protein biosynthesis","1/88","31/18860",0.032258064516129,6.91348973607038,2.25609020554175,0.135063307601485,0.437194054388285,0.423115945323645,"PIGX",1
"GO:0006639","acylglycerol metabolic process","2/88","139/18860",0.0143884892086331,3.08371484630477,1.68821034848297,0.137408916398579,0.440330024089143,0.426150933496898,"PLAAT3/TBL1XR1",2
"GO:0061041","regulation of wound healing","2/88","139/18860",0.0143884892086331,3.08371484630477,1.68821034848297,0.137408916398579,0.440330024089143,0.426150933496898,"PHLDB2/HPSE",2
"GO:1903052","positive regulation of proteolysis involved in protein catabolic process","2/88","139/18860",0.0143884892086331,3.08371484630477,1.68821034848297,0.137408916398579,0.440330024089143,0.426150933496898,"DDA1/DISC1",2
"GO:0006638","neutral lipid metabolic process","2/88","140/18860",0.0142857142857143,3.06168831168831,1.67640712501242,0.138997508118313,0.440330024089143,0.426150933496898,"PLAAT3/TBL1XR1",2
"GO:0002230","positive regulation of defense response to virus by host","1/88","32/18860",0.03125,6.69744318181818,2.20850451138495,0.139105711814724,0.440330024089143,0.426150933496898,"IL12RB1",1
"GO:0007026","negative regulation of microtubule depolymerization","1/88","32/18860",0.03125,6.69744318181818,2.20850451138495,0.139105711814724,0.440330024089143,0.426150933496898,"STMN2",1
"GO:0010575","positive regulation of vascular endothelial growth factor production","1/88","32/18860",0.03125,6.69744318181818,2.20850451138495,0.139105711814724,0.440330024089143,0.426150933496898,"HPSE",1
"GO:0048668","collateral sprouting","1/88","32/18860",0.03125,6.69744318181818,2.20850451138495,0.139105711814724,0.440330024089143,0.426150933496898,"BCL11A",1
"GO:0060441","epithelial tube branching involved in lung morphogenesis","1/88","32/18860",0.03125,6.69744318181818,2.20850451138495,0.139105711814724,0.440330024089143,0.426150933496898,"RDH10",1
"GO:0072525","pyridine-containing compound biosynthetic process","1/88","32/18860",0.03125,6.69744318181818,2.20850451138495,0.139105711814724,0.440330024089143,0.426150933496898,"NADK2",1
"GO:0002456","T cell mediated immunity","2/88","141/18860",0.0141843971631206,3.03997421018698,1.6647089128605,0.140590178034217,0.440330024089143,0.426150933496898,"IL12RB1/AGER",2
"GO:0060828","regulation of canonical Wnt signaling pathway","3/88","278/18860",0.0107913669064748,2.31278613472858,1.5097865246349,0.140631603145274,0.440330024089143,0.426150933496898,"TMEM170B/TBL1XR1/AMER1",3
"GO:0002286","T cell activation involved in immune response","2/88","142/18860",0.0140845070422535,3.01856594110115,1.65311392998645,0.142186854754802,0.440330024089143,0.426150933496898,"IL12RB1/LY9",2
"GO:0061982","meiosis I cell cycle process","2/88","142/18860",0.0140845070422535,3.01856594110115,1.65311392998645,0.142186854754802,0.440330024089143,0.426150933496898,"ANKLE1/SYCE1",2
"GO:0010644","cell communication by electrical coupling","1/88","33/18860",0.0303030303030303,6.49449035812672,2.16291383108139,0.143129436977263,0.440330024089143,0.426150933496898,"CALM1",1
"GO:0030517","negative regulation of axon extension","1/88","33/18860",0.0303030303030303,6.49449035812672,2.16291383108139,0.143129436977263,0.440330024089143,0.426150933496898,"BCL11A",1
"GO:0032367","intracellular cholesterol transport","1/88","33/18860",0.0303030303030303,6.49449035812672,2.16291383108139,0.143129436977263,0.440330024089143,0.426150933496898,"MIR27B",1
"GO:0035115","embryonic forelimb morphogenesis","1/88","33/18860",0.0303030303030303,6.49449035812672,2.16291383108139,0.143129436977263,0.440330024089143,0.426150933496898,"RDH10",1
"GO:0042573","retinoic acid metabolic process","1/88","33/18860",0.0303030303030303,6.49449035812672,2.16291383108139,0.143129436977263,0.440330024089143,0.426150933496898,"RDH10",1
"GO:0051642","centrosome localization","1/88","33/18860",0.0303030303030303,6.49449035812672,2.16291383108139,0.143129436977263,0.440330024089143,0.426150933496898,"SYNE2",1
"GO:0051647","nucleus localization","1/88","33/18860",0.0303030303030303,6.49449035812672,2.16291383108139,0.143129436977263,0.440330024089143,0.426150933496898,"SYNE2",1
"GO:0060292","long-term synaptic depression","1/88","33/18860",0.0303030303030303,6.49449035812672,2.16291383108139,0.143129436977263,0.440330024089143,0.426150933496898,"AGER",1
"GO:0060325","face morphogenesis","1/88","33/18860",0.0303030303030303,6.49449035812672,2.16291383108139,0.143129436977263,0.440330024089143,0.426150933496898,"PLEKHA1",1
"GO:0061842","microtubule organizing center localization","1/88","33/18860",0.0303030303030303,6.49449035812672,2.16291383108139,0.143129436977263,0.440330024089143,0.426150933496898,"SYNE2",1
"GO:0046632","alpha-beta T cell differentiation","2/88","143/18860",0.013986013986014,2.99745708836618,1.64162043729473,0.143787467451886,0.44053403093798,0.426348371110314,"IL12RB1/LY9",2
"GO:0051592","response to calcium ion","2/88","143/18860",0.013986013986014,2.99745708836618,1.64162043729473,0.143787467451886,0.44053403093798,0.426348371110314,"CALM1/CPNE2",2
"GO:0001101","response to acid chemical","2/88","144/18860",0.0138888888888889,2.97664141414141,1.63022673730372,0.145391945856993,0.440811614421294,0.426617016113076,"RRAGB/BCL11A",2
"GO:0050770","regulation of axonogenesis","2/88","145/18860",0.0137931034482759,2.95611285266458,1.61893117286461,0.147000220257771,0.440811614421294,0.426617016113076,"BCL11A/DISC1",2
"GO:0002825","regulation of T-helper 1 type immune response","1/88","34/18860",0.0294117647058824,6.30347593582888,2.11917307543149,0.147134568413286,0.440811614421294,0.426617016113076,"IL12RB1",1
"GO:0032372","negative regulation of sterol transport","1/88","34/18860",0.0294117647058824,6.30347593582888,2.11917307543149,0.147134568413286,0.440811614421294,0.426617016113076,"MIR27B",1
"GO:0032375","negative regulation of cholesterol transport","1/88","34/18860",0.0294117647058824,6.30347593582888,2.11917307543149,0.147134568413286,0.440811614421294,0.426617016113076,"MIR27B",1
"GO:0034311","diol metabolic process","1/88","34/18860",0.0294117647058824,6.30347593582888,2.11917307543149,0.147134568413286,0.440811614421294,0.426617016113076,"DHFR",1
"GO:0042558","pteridine-containing compound metabolic process","1/88","34/18860",0.0294117647058824,6.30347593582888,2.11917307543149,0.147134568413286,0.440811614421294,0.426617016113076,"DHFR",1
"GO:0048261","negative regulation of receptor-mediated endocytosis","1/88","34/18860",0.0294117647058824,6.30347593582888,2.11917307543149,0.147134568413286,0.440811614421294,0.426617016113076,"MIR27B",1
"GO:0098884","postsynaptic neurotransmitter receptor internalization","1/88","34/18860",0.0294117647058824,6.30347593582888,2.11917307543149,0.147134568413286,0.440811614421294,0.426617016113076,"SUSD4",1
"GO:0099590","neurotransmitter receptor internalization","1/88","34/18860",0.0294117647058824,6.30347593582888,2.11917307543149,0.147134568413286,0.440811614421294,0.426617016113076,"SUSD4",1
"GO:0140239","postsynaptic endocytosis","1/88","34/18860",0.0294117647058824,6.30347593582888,2.11917307543149,0.147134568413286,0.440811614421294,0.426617016113076,"SUSD4",1
"GO:0043254","regulation of protein-containing complex assembly","4/88","438/18860",0.0091324200913242,1.95724366957244,1.38783093188519,0.148330091770122,0.442567195610418,0.428316065738688,"SYNGR3/STMN2/BCL11A/ARHGAP18",4
"GO:0031333","negative regulation of protein-containing complex assembly","2/88","146/18860",0.0136986301369863,2.93586550435866,1.60773212592841,0.148612221494432,0.442567195610418,0.428316065738688,"STMN2/BCL11A",2
"GO:0038061","non-canonical NF-kappaB signal transduction","2/88","146/18860",0.0136986301369863,2.93586550435866,1.60773212592841,0.148612221494432,0.442567195610418,0.428316065738688,"AGER/MIR27B",2
"GO:0044782","cilium organization","4/88","441/18860",0.0090702947845805,1.94392908678623,1.37331774982465,0.150923899738233,0.445323820225485,0.430983924137492,"CIBAR2/DNAI2/SYNE2/DISC1",4
"GO:0002431","Fc receptor mediated stimulatory signaling pathway","1/88","35/18860",0.0285714285714286,6.12337662337662,2.0771516535104,0.151121191061732,0.445323820225485,0.430983924137492,"VAV3",1
"GO:0010882","regulation of cardiac muscle contraction by calcium ion signaling","1/88","35/18860",0.0285714285714286,6.12337662337662,2.0771516535104,0.151121191061732,0.445323820225485,0.430983924137492,"CALM1",1
"GO:0010996","response to auditory stimulus","1/88","35/18860",0.0285714285714286,6.12337662337662,2.0771516535104,0.151121191061732,0.445323820225485,0.430983924137492,"CALB1",1
"GO:0045026","plasma membrane fusion","1/88","35/18860",0.0285714285714286,6.12337662337662,2.0771516535104,0.151121191061732,0.445323820225485,0.430983924137492,"MYMK",1
"GO:1903706","regulation of hemopoiesis","4/88","443/18860",0.0090293453724605,1.93515288323415,1.36370499053968,0.152662902190214,0.445323820225485,0.430983924137492,"IL12RB1/CLEC12A/AGER/BRPF3",4
"GO:0003158","endothelium development","2/88","149/18860",0.0134228187919463,2.87675411836486,1.57469847152011,0.153469902836135,0.445323820225485,0.430983924137492,"HPSE/RAP2C",2
"GO:0006260","DNA replication","3/88","290/18860",0.0103448275862069,2.21708463949843,1.43007634162553,0.153727659740722,0.445323820225485,0.430983924137492,"AGER/ESCO1/BRPF3",3
"GO:0002021","response to dietary excess","1/88","36/18860",0.0277777777777778,5.95328282828283,2.03673165558272,0.155089389478017,0.445323820225485,0.430983924137492,"TBL1XR1",1
"GO:0032366","intracellular sterol transport","1/88","36/18860",0.0277777777777778,5.95328282828283,2.03673165558272,0.155089389478017,0.445323820225485,0.430983924137492,"MIR27B",1
"GO:0033687","osteoblast proliferation","1/88","36/18860",0.0277777777777778,5.95328282828283,2.03673165558272,0.155089389478017,0.445323820225485,0.430983924137492,"HPSE",1
"GO:1902882","regulation of response to oxidative stress","1/88","36/18860",0.0277777777777778,5.95328282828283,2.03673165558272,0.155089389478017,0.445323820225485,0.430983924137492,"DHFR",1
"GO:0046488","phosphatidylinositol metabolic process","2/88","150/18860",0.0133333333333333,2.85757575757576,1.56387005546114,0.155096130746308,0.445323820225485,0.430983924137492,"UBE3C/PIGX",2
"GO:0090090","negative regulation of canonical Wnt signaling pathway","2/88","150/18860",0.0133333333333333,2.85757575757576,1.56387005546114,0.155096130746308,0.445323820225485,0.430983924137492,"TMEM170B/AMER1",2
"GO:2000377","regulation of reactive oxygen species metabolic process","2/88","150/18860",0.0133333333333333,2.85757575757576,1.56387005546114,0.155096130746308,0.445323820225485,0.430983924137492,"MIR27B/DHFR",2
"GO:0071333","cellular response to glucose stimulus","2/88","151/18860",0.0132450331125828,2.83865141481036,1.55313061310533,0.156725747858738,0.445323820225485,0.430983924137492,"MIR320B2/AGER",2
"GO:0072073","kidney epithelium development","2/88","151/18860",0.0132450331125828,2.83865141481036,1.55313061310533,0.156725747858738,0.445323820225485,0.430983924137492,"ACAT1/CALB1",2
"GO:2000779","regulation of double-strand break repair","2/88","151/18860",0.0132450331125828,2.83865141481036,1.55313061310533,0.156725747858738,0.445323820225485,0.430983924137492,"PPP4R3C/AGER",2
"GO:0010975","regulation of neuron projection development","4/88","448/18860",0.00892857142857143,1.91355519480519,1.33988865205704,0.157044155255282,0.445323820225485,0.430983924137492,"NDNF/STMN2/BCL11A/DISC1",4
"GO:0007031","peroxisome organization","1/88","37/18860",0.027027027027027,5.79238329238329,1.99780630723708,0.159039247835748,0.445323820225485,0.430983924137492,"PLAAT3",1
"GO:0007616","long-term memory","1/88","37/18860",0.027027027027027,5.79238329238329,1.99780630723708,0.159039247835748,0.445323820225485,0.430983924137492,"CALB1",1
"GO:0032350","regulation of hormone metabolic process","1/88","37/18860",0.027027027027027,5.79238329238329,1.99780630723708,0.159039247835748,0.445323820225485,0.430983924137492,"RDH10",1
"GO:0035456","response to interferon-beta","1/88","37/18860",0.027027027027027,5.79238329238329,1.99780630723708,0.159039247835748,0.445323820225485,0.430983924137492,"CALM1",1
"GO:0044273","sulfur compound catabolic process","1/88","37/18860",0.027027027027027,5.79238329238329,1.99780630723708,0.159039247835748,0.445323820225485,0.430983924137492,"ACAT1",1
"GO:0045939","negative regulation of steroid metabolic process","1/88","37/18860",0.027027027027027,5.79238329238329,1.99780630723708,0.159039247835748,0.445323820225485,0.430983924137492,"MIR27B",1
"GO:0046677","response to antibiotic","1/88","37/18860",0.027027027027027,5.79238329238329,1.99780630723708,0.159039247835748,0.445323820225485,0.430983924137492,"HPSE",1
"GO:0090050","positive regulation of cell migration involved in sprouting angiogenesis","1/88","37/18860",0.027027027027027,5.79238329238329,1.99780630723708,0.159039247835748,0.445323820225485,0.430983924137492,"MIR27B",1
"GO:2000352","negative regulation of endothelial cell apoptotic process","1/88","37/18860",0.027027027027027,5.79238329238329,1.99780630723708,0.159039247835748,0.445323820225485,0.430983924137492,"NDNF",1
"GO:0010720","positive regulation of cell development","4/88","451/18860",0.00886917960088692,1.90082644628099,1.32574407015026,0.159695672850705,0.445323820225485,0.430983924137492,"IL12RB1/AGER/BCL11A/DISC1",4
"GO:0009581","detection of external stimulus","2/88","153/18860",0.0130718954248366,2.80154486036839,1.5319130535208,0.159994886546525,0.445323820225485,0.430983924137492,"DISC1/RPE65",2
"GO:0034614","cellular response to reactive oxygen species","2/88","153/18860",0.0130718954248366,2.80154486036839,1.5319130535208,0.159994886546525,0.445323820225485,0.430983924137492,"DHFR/PLEKHA1",2
"GO:0007269","neurotransmitter secretion","2/88","154/18860",0.012987012987013,2.78335301062574,1.52143221650536,0.161634277867099,0.445323820225485,0.430983924137492,"SYNGR3/CSPG5",2
"GO:0071331","cellular response to hexose stimulus","2/88","154/18860",0.012987012987013,2.78335301062574,1.52143221650536,0.161634277867099,0.445323820225485,0.430983924137492,"MIR320B2/AGER",2
"GO:0099643","signal release from synapse","2/88","154/18860",0.012987012987013,2.78335301062574,1.52143221650536,0.161634277867099,0.445323820225485,0.430983924137492,"SYNGR3/CSPG5",2
"GO:0001916","positive regulation of T cell mediated cytotoxicity","1/88","38/18860",0.0263157894736842,5.63995215311005,1.96027864812287,0.162970849928425,0.445323820225485,0.430983924137492,"IL12RB1",1
"GO:0010469","regulation of signaling receptor activity","1/88","38/18860",0.0263157894736842,5.63995215311005,1.96027864812287,0.162970849928425,0.445323820225485,0.430983924137492,"TAFA1",1
"GO:0010804","negative regulation of tumor necrosis factor-mediated signaling pathway","1/88","38/18860",0.0263157894736842,5.63995215311005,1.96027864812287,0.162970849928425,0.445323820225485,0.430983924137492,"MIR27B",1
"GO:0010984","regulation of lipoprotein particle clearance","1/88","38/18860",0.0263157894736842,5.63995215311005,1.96027864812287,0.162970849928425,0.445323820225485,0.430983924137492,"MIR27B",1
"GO:0031112","positive regulation of microtubule polymerization or depolymerization","1/88","38/18860",0.0263157894736842,5.63995215311005,1.96027864812287,0.162970849928425,0.445323820225485,0.430983924137492,"STMN2",1
"GO:0031114","regulation of microtubule depolymerization","1/88","38/18860",0.0263157894736842,5.63995215311005,1.96027864812287,0.162970849928425,0.445323820225485,0.430983924137492,"STMN2",1
"GO:0038094","Fc-gamma receptor signaling pathway","1/88","38/18860",0.0263157894736842,5.63995215311005,1.96027864812287,0.162970849928425,0.445323820225485,0.430983924137492,"VAV3",1
"GO:0051602","response to electrical stimulus","1/88","38/18860",0.0263157894736842,5.63995215311005,1.96027864812287,0.162970849928425,0.445323820225485,0.430983924137492,"DISC1",1
"GO:0071539","protein localization to centrosome","1/88","38/18860",0.0263157894736842,5.63995215311005,1.96027864812287,0.162970849928425,0.445323820225485,0.430983924137492,"DISC1",1
"GO:0009582","detection of abiotic stimulus","2/88","155/18860",0.0129032258064516,2.76539589442815,1.51103491181857,0.163276797873584,0.445323820225485,0.430983924137492,"DISC1/RPE65",2
"GO:0016331","morphogenesis of embryonic epithelium","2/88","155/18860",0.0129032258064516,2.76539589442815,1.51103491181857,0.163276797873584,0.445323820225485,0.430983924137492,"RDH10/DLC1",2
"GO:0051321","meiotic cell cycle","3/88","299/18860",0.0100334448160535,2.15034965034965,1.37280915637026,0.163795768749958,0.445323820225485,0.430983924137492,"ANKLE1/SYCE1/ANAPC13",3
"GO:0071326","cellular response to monosaccharide stimulus","2/88","156/18860",0.0128205128205128,2.747668997669,1.50071985377445,0.164922382740508,0.445323820225485,0.430983924137492,"MIR320B2/AGER",2
"GO:0000209","protein polyubiquitination","3/88","300/18860",0.01,2.14318181818182,1.36657145068362,0.164926706475744,0.445323820225485,0.430983924137492,"DDA1/ANAPC13/UBE3C",3
"GO:0001909","leukocyte mediated cytotoxicity","2/88","157/18860",0.0127388535031847,2.73016792125072,1.49048578485751,0.166570969157135,0.445323820225485,0.430983924137492,"IL12RB1/AGER",2
"GO:0006516","glycoprotein catabolic process","1/88","39/18860",0.0256410256410256,5.495337995338,1.924060397683,0.166884279171135,0.445323820225485,0.430983924137492,"HPSE",1
"GO:0006958","complement activation, classical pathway","1/88","39/18860",0.0256410256410256,5.495337995338,1.924060397683,0.166884279171135,0.445323820225485,0.430983924137492,"SUSD4",1
"GO:0008210","estrogen metabolic process","1/88","39/18860",0.0256410256410256,5.495337995338,1.924060397683,0.166884279171135,0.445323820225485,0.430983924137492,"PLEKHA1",1
"GO:0010880","regulation of release of sequestered calcium ion into cytosol by sarcoplasmic reticulum","1/88","39/18860",0.0256410256410256,5.495337995338,1.924060397683,0.166884279171135,0.445323820225485,0.430983924137492,"CALM1",1
"GO:0014742","positive regulation of muscle hypertrophy","1/88","39/18860",0.0256410256410256,5.495337995338,1.924060397683,0.166884279171135,0.445323820225485,0.430983924137492,"MYMK",1
"GO:0043372","positive regulation of CD4-positive, alpha-beta T cell differentiation","1/88","39/18860",0.0256410256410256,5.495337995338,1.924060397683,0.166884279171135,0.445323820225485,0.430983924137492,"IL12RB1",1
"GO:0045773","positive regulation of axon extension","1/88","39/18860",0.0256410256410256,5.495337995338,1.924060397683,0.166884279171135,0.445323820225485,0.430983924137492,"DISC1",1
"GO:1905508","protein localization to microtubule organizing center","1/88","39/18860",0.0256410256410256,5.495337995338,1.924060397683,0.166884279171135,0.445323820225485,0.430983924137492,"DISC1",1
"GO:2000316","regulation of T-helper 17 type immune response","1/88","39/18860",0.0256410256410256,5.495337995338,1.924060397683,0.166884279171135,0.445323820225485,0.430983924137492,"IL12RB1",1
"GO:0006874","intracellular calcium ion homeostasis","3/88","304/18860",0.00986842105263158,2.11498205741627,1.34186208576828,0.16947401158624,0.447695162145678,0.433278906350029,"CALM1/CALB1/DISC1",3
"GO:0002691","regulation of cellular extravasation","1/88","40/18860",0.025,5.35795454545455,1.88907097736351,0.170779618602246,0.447695162145678,0.433278906350029,"AGER",1
"GO:0006084","acetyl-CoA metabolic process","1/88","40/18860",0.025,5.35795454545455,1.88907097736351,0.170779618602246,0.447695162145678,0.433278906350029,"ACAT1",1
"GO:0006766","vitamin metabolic process","1/88","40/18860",0.025,5.35795454545455,1.88907097736351,0.170779618602246,0.447695162145678,0.433278906350029,"RDH10",1
"GO:0031076","embryonic camera-type eye development","1/88","40/18860",0.025,5.35795454545455,1.88907097736351,0.170779618602246,0.447695162145678,0.433278906350029,"RDH10",1
"GO:0034383","low-density lipoprotein particle clearance","1/88","40/18860",0.025,5.35795454545455,1.88907097736351,0.170779618602246,0.447695162145678,0.433278906350029,"MIR27B",1
"GO:0035136","forelimb morphogenesis","1/88","40/18860",0.025,5.35795454545455,1.88907097736351,0.170779618602246,0.447695162145678,0.433278906350029,"RDH10",1
"GO:0043243","positive regulation of protein-containing complex disassembly","1/88","40/18860",0.025,5.35795454545455,1.88907097736351,0.170779618602246,0.447695162145678,0.433278906350029,"STMN2",1
"GO:0060323","head morphogenesis","1/88","40/18860",0.025,5.35795454545455,1.88907097736351,0.170779618602246,0.447695162145678,0.433278906350029,"PLEKHA1",1
"GO:1900117","regulation of execution phase of apoptosis","1/88","40/18860",0.025,5.35795454545455,1.88907097736351,0.170779618602246,0.447695162145678,0.433278906350029,"DLC1",1
"GO:0072006","nephron development","2/88","160/18860",0.0125,2.67897727272727,1.46025734376674,0.171534112249319,0.448882764743825,0.434428266893568,"ACAT1/CALB1",2
"GO:0006473","protein acetylation","1/88","41/18860",0.024390243902439,5.22727272727273,1.85523666438977,0.174656950885084,0.452285564987635,0.437721493385226,"ESCO1",1
"GO:0044319","wound healing, spreading of cells","1/88","41/18860",0.024390243902439,5.22727272727273,1.85523666438977,0.174656950885084,0.452285564987635,0.437721493385226,"PHLDB2",1
"GO:0070306","lens fiber cell differentiation","1/88","41/18860",0.024390243902439,5.22727272727273,1.85523666438977,0.174656950885084,0.452285564987635,0.437721493385226,"PLAAT3",1
"GO:0070979","protein K11-linked ubiquitination","1/88","41/18860",0.024390243902439,5.22727272727273,1.85523666438977,0.174656950885084,0.452285564987635,0.437721493385226,"ANAPC13",1
"GO:0071711","basement membrane organization","1/88","41/18860",0.024390243902439,5.22727272727273,1.85523666438977,0.174656950885084,0.452285564987635,0.437721493385226,"PHLDB2",1
"GO:0090505","epiboly involved in wound healing","1/88","41/18860",0.024390243902439,5.22727272727273,1.85523666438977,0.174656950885084,0.452285564987635,0.437721493385226,"PHLDB2",1
"GO:0007015","actin filament organization","4/88","469/18860",0.00852878464818763,1.8278736189184,1.24306313305121,0.17594777852536,0.454837226083786,0.440190988306318,"SYNPO/PHLDB2/DLC1/ARHGAP18",4
"GO:0051896","regulation of phosphatidylinositol 3-kinase/protein kinase B signal transduction","3/88","311/18860",0.00964630225080386,2.06737795966092,1.29952179669313,0.177519314601713,0.455155577950353,0.44049908890745,"VAV3/HPSE/PLEKHA1",3
"GO:0007340","acrosome reaction","1/88","42/18860",0.0238095238095238,5.10281385281385,1.82248985666834,0.178516358309608,0.455155577950353,0.44049908890745,"TNP2",1
"GO:0032411","positive regulation of transporter activity","1/88","42/18860",0.0238095238095238,5.10281385281385,1.82248985666834,0.178516358309608,0.455155577950353,0.44049908890745,"SYNGR3",1
"GO:0070286","axonemal dynein complex assembly","1/88","42/18860",0.0238095238095238,5.10281385281385,1.82248985666834,0.178516358309608,0.455155577950353,0.44049908890745,"DNAI2",1
"GO:0090504","epiboly","1/88","42/18860",0.0238095238095238,5.10281385281385,1.82248985666834,0.178516358309608,0.455155577950353,0.44049908890745,"PHLDB2",1
"GO:1901223","negative regulation of non-canonical NF-kappaB signal transduction","1/88","42/18860",0.0238095238095238,5.10281385281385,1.82248985666834,0.178516358309608,0.455155577950353,0.44049908890745,"MIR27B",1
"GO:1901532","regulation of hematopoietic progenitor cell differentiation","1/88","42/18860",0.0238095238095238,5.10281385281385,1.82248985666834,0.178516358309608,0.455155577950353,0.44049908890745,"ANKLE1",1
"GO:1903170","negative regulation of calcium ion transmembrane transport","1/88","42/18860",0.0238095238095238,5.10281385281385,1.82248985666834,0.178516358309608,0.455155577950353,0.44049908890745,"CALM1",1
"GO:0071322","cellular response to carbohydrate stimulus","2/88","165/18860",0.0121212121212121,2.59779614325069,1.41138663124559,0.179860286241652,0.457798232844136,0.443056647530043,"MIR320B2/AGER",2
"GO:0043410","positive regulation of MAPK cascade","4/88","474/18860",0.00843881856540084,1.80859225163023,1.22073251342099,0.180561810631234,0.457893671231672,0.443149012700971,"SYT14P1/AGER/MIR27B/GPNMB",4
"GO:0051056","regulation of small GTPase mediated signal transduction","3/88","314/18860",0.00955414012738853,2.04762594093804,1.28171460653905,0.18099996750433,0.457893671231672,0.443149012700971,"VAV3/DLC1/ARHGAP18",3
"GO:0014002","astrocyte development","1/88","43/18860",0.0232558139534884,4.98414376321353,1.79076843195408,0.182357922794078,0.457893671231672,0.443149012700971,"AGER",1
"GO:0032735","positive regulation of interleukin-12 production","1/88","43/18860",0.0232558139534884,4.98414376321353,1.79076843195408,0.182357922794078,0.457893671231672,0.443149012700971,"AGER",1
"GO:0046427","positive regulation of receptor signaling pathway via JAK-STAT","1/88","43/18860",0.0232558139534884,4.98414376321353,1.79076843195408,0.182357922794078,0.457893671231672,0.443149012700971,"CALM1",1
"GO:0048701","embryonic cranial skeleton morphogenesis","1/88","43/18860",0.0232558139534884,4.98414376321353,1.79076843195408,0.182357922794078,0.457893671231672,0.443149012700971,"RDH10",1
"GO:0060074","synapse maturation","1/88","43/18860",0.0232558139534884,4.98414376321353,1.79076843195408,0.182357922794078,0.457893671231672,0.443149012700971,"DISC1",1
"GO:0090329","regulation of DNA-templated DNA replication","1/88","43/18860",0.0232558139534884,4.98414376321353,1.79076843195408,0.182357922794078,0.457893671231672,0.443149012700971,"AGER",1
"GO:0061351","neural precursor cell proliferation","2/88","168/18860",0.0119047619047619,2.55140692640693,1.38292260095101,0.184885920523791,0.462040983075526,0.44716277673493,"TAFA1/DISC1",2
"GO:0006739","NADP+ metabolic process","1/88","44/18860",0.0227272727272727,4.87086776859504,1.76001518730816,0.186181725886713,0.462040983075526,0.44716277673493,"NADK2",1
"GO:0014808","release of sequestered calcium ion into cytosol by sarcoplasmic reticulum","1/88","44/18860",0.0227272727272727,4.87086776859504,1.76001518730816,0.186181725886713,0.462040983075526,0.44716277673493,"CALM1",1
"GO:0018279","protein N-linked glycosylation via asparagine","1/88","44/18860",0.0227272727272727,4.87086776859504,1.76001518730816,0.186181725886713,0.462040983075526,0.44716277673493,"UGGT1",1
"GO:0050691","regulation of defense response to virus by host","1/88","44/18860",0.0227272727272727,4.87086776859504,1.76001518730816,0.186181725886713,0.462040983075526,0.44716277673493,"IL12RB1",1
"GO:1900026","positive regulation of substrate adhesion-dependent cell spreading","1/88","44/18860",0.0227272727272727,4.87086776859504,1.76001518730816,0.186181725886713,0.462040983075526,0.44716277673493,"CSPG5",1
"GO:1900744","regulation of p38MAPK cascade","1/88","44/18860",0.0227272727272727,4.87086776859504,1.76001518730816,0.186181725886713,0.462040983075526,0.44716277673493,"AGER",1
"GO:0120254","olefinic compound metabolic process","2/88","169/18860",0.0118343195266272,2.53630984400215,1.37357156107875,0.186565770187588,0.462223680215172,0.447339590834237,"RDH10/RPE65",2
"GO:0031111","negative regulation of microtubule polymerization or depolymerization","1/88","45/18860",0.0222222222222222,4.76262626262626,1.73017734721137,0.189987848767345,0.466049269875744,0.451041992478098,"STMN2",1
"GO:0032691","negative regulation of interleukin-1 beta production","1/88","45/18860",0.0222222222222222,4.76262626262626,1.73017734721137,0.189987848767345,0.466049269875744,0.451041992478098,"MIR27B",1
"GO:0032814","regulation of natural killer cell activation","1/88","45/18860",0.0222222222222222,4.76262626262626,1.73017734721137,0.189987848767345,0.466049269875744,0.451041992478098,"CLEC12A",1
"GO:0035337","fatty-acyl-CoA metabolic process","1/88","45/18860",0.0222222222222222,4.76262626262626,1.73017734721137,0.189987848767345,0.466049269875744,0.451041992478098,"ACAT1",1
"GO:0043403","skeletal muscle tissue regeneration","1/88","45/18860",0.0222222222222222,4.76262626262626,1.73017734721137,0.189987848767345,0.466049269875744,0.451041992478098,"MYMK",1
"GO:1900271","regulation of long-term synaptic potentiation","1/88","45/18860",0.0222222222222222,4.76262626262626,1.73017734721137,0.189987848767345,0.466049269875744,0.451041992478098,"AGER",1
"GO:0001678","intracellular glucose homeostasis","2/88","173/18860",0.0115606936416185,2.47766684182869,1.33682691361248,0.193306845389333,0.471036785608854,0.455868904951059,"MIR320B2/AGER",2
"GO:0009066","aspartate family amino acid metabolic process","1/88","46/18860",0.0217391304347826,4.65909090909091,1.70120613060097,0.19377637224906,0.471036785608854,0.455868904951059,"ACAT1",1
"GO:0009225","nucleotide-sugar metabolic process","1/88","46/18860",0.0217391304347826,4.65909090909091,1.70120613060097,0.19377637224906,0.471036785608854,0.455868904951059,"UGGT1",1
"GO:0030201","heparan sulfate proteoglycan metabolic process","1/88","46/18860",0.0217391304347826,4.65909090909091,1.70120613060097,0.19377637224906,0.471036785608854,0.455868904951059,"HPSE",1
"GO:1903514","release of sequestered calcium ion into cytosol by endoplasmic reticulum","1/88","46/18860",0.0217391304347826,4.65909090909091,1.70120613060097,0.19377637224906,0.471036785608854,0.455868904951059,"CALM1",1
"GO:0002366","leukocyte activation involved in immune response","3/88","325/18860",0.00923076923076923,1.97832167832168,1.21807058579613,0.193919106499817,0.471036785608854,0.455868904951059,"IL12RB1/LY9/CLEC12A",3
"GO:0007162","negative regulation of cell adhesion","3/88","326/18860",0.00920245398773006,1.97225320691578,1.21240857284117,0.195105183664232,0.473145958430036,0.457910160185727,"GPNMB/PHLDB2/DLC1",3
"GO:0001504","neurotransmitter uptake","1/88","47/18860",0.0212765957446809,4.55996131528046,1.67305636865862,0.19754737677984,0.474396099578185,0.459120045472083,"SYNGR3",1
"GO:0006953","acute-phase response","1/88","47/18860",0.0212765957446809,4.55996131528046,1.67305636865862,0.19754737677984,0.474396099578185,0.459120045472083,"SAA2",1
"GO:0009116","nucleoside metabolic process","1/88","47/18860",0.0212765957446809,4.55996131528046,1.67305636865862,0.19754737677984,0.474396099578185,0.459120045472083,"MACROD2",1
"GO:0030890","positive regulation of B cell proliferation","1/88","47/18860",0.0212765957446809,4.55996131528046,1.67305636865862,0.19754737677984,0.474396099578185,0.459120045472083,"VAV3",1
"GO:0090207","regulation of triglyceride metabolic process","1/88","47/18860",0.0212765957446809,4.55996131528046,1.67305636865862,0.19754737677984,0.474396099578185,0.459120045472083,"TBL1XR1",1
"GO:1990776","response to angiotensin","1/88","47/18860",0.0212765957446809,4.55996131528046,1.67305636865862,0.19754737677984,0.474396099578185,0.459120045472083,"MIR27B",1
"GO:1902905","positive regulation of supramolecular fiber organization","2/88","176/18860",0.0113636363636364,2.43543388429752,1.30993574141133,0.198383857702534,0.474396099578185,0.459120045472083,"SYNPO/STMN2",2
"GO:0002263","cell activation involved in immune response","3/88","329/18860",0.00911854103343465,1.9542691351202,1.19554187346494,0.198674425734877,0.474396099578185,0.459120045472083,"IL12RB1/LY9/CLEC12A",3
"GO:0043588","skin development","3/88","329/18860",0.00911854103343465,1.9542691351202,1.19554187346494,0.198674425734877,0.474396099578185,0.459120045472083,"LCE3D/HPSE/KRTAP6-2",3
"GO:0030198","extracellular matrix organization","3/88","331/18860",0.00906344410876133,1.94246086240044,1.18439543297829,0.201062897649128,0.474396099578185,0.459120045472083,"NDNF/MIR27B/PHLDB2",3
"GO:0055074","calcium ion homeostasis","3/88","331/18860",0.00906344410876133,1.94246086240044,1.18439543297829,0.201062897649128,0.474396099578185,0.459120045472083,"CALM1/CALB1/DISC1",3
"GO:0001774","microglial cell activation","1/88","48/18860",0.0208333333333333,4.46496212121212,1.64568616645766,0.201300942444188,0.474396099578185,0.459120045472083,"AGER",1
"GO:0006356","regulation of transcription by RNA polymerase I","1/88","48/18860",0.0208333333333333,4.46496212121212,1.64568616645766,0.201300942444188,0.474396099578185,0.459120045472083,"MAF1",1
"GO:0021575","hindbrain morphogenesis","1/88","48/18860",0.0208333333333333,4.46496212121212,1.64568616645766,0.201300942444188,0.474396099578185,0.459120045472083,"DLC1",1
"GO:0042119","neutrophil activation","1/88","48/18860",0.0208333333333333,4.46496212121212,1.64568616645766,0.201300942444188,0.474396099578185,0.459120045472083,"CLEC12A",1
"GO:0042398","modified amino acid biosynthetic process","1/88","48/18860",0.0208333333333333,4.46496212121212,1.64568616645766,0.201300942444188,0.474396099578185,0.459120045472083,"DHFR",1
"GO:0035264","multicellular organism growth","2/88","178/18860",0.0112359550561798,2.40806945863126,1.29231322721322,0.201777815075126,0.474396099578185,0.459120045472083,"TBL1XR1/PLEKHA1",2
"GO:2000058","regulation of ubiquitin-dependent protein catabolic process","2/88","178/18860",0.0112359550561798,2.40806945863126,1.29231322721322,0.201777815075126,0.474396099578185,0.459120045472083,"DDA1/DISC1",2
"GO:0043062","extracellular structure organization","3/88","332/18860",0.00903614457831325,1.93661007667032,1.1788512010107,0.202259767480874,0.474396099578185,0.459120045472083,"NDNF/MIR27B/PHLDB2",3
"GO:0048638","regulation of developmental growth","3/88","332/18860",0.00903614457831325,1.93661007667032,1.1788512010107,0.202259767480874,0.474396099578185,0.459120045472083,"SYT14P1/BCL11A/DISC1",3
"GO:0045229","external encapsulating structure organization","3/88","333/18860",0.00900900900900901,1.93079443079443,1.17332611148108,0.203458366970245,0.474396099578185,0.459120045472083,"NDNF/MIR27B/PHLDB2",3
"GO:1903034","regulation of response to wounding","2/88","179/18860",0.0111731843575419,2.39461655662773,1.28359100664657,0.203477418788348,0.474396099578185,0.459120045472083,"PHLDB2/HPSE",2
"GO:0006302","double-strand break repair","3/88","334/18860",0.00898203592814371,1.92501360914535,1.16782002883374,0.204658676472606,0.474396099578185,0.459120045472083,"PPP4R3C/ANKLE1/AGER",3
"GO:0007520","myoblast fusion","1/88","49/18860",0.0204081632653061,4.37384044526902,1.61905660263713,0.205037148964754,0.474396099578185,0.459120045472083,"MYMK",1
"GO:0010453","regulation of cell fate commitment","1/88","49/18860",0.0204081632653061,4.37384044526902,1.61905660263713,0.205037148964754,0.474396099578185,0.459120045472083,"IL12RB1",1
"GO:0032620","interleukin-17 production","1/88","49/18860",0.0204081632653061,4.37384044526902,1.61905660263713,0.205037148964754,0.474396099578185,0.459120045472083,"LY9",1
"GO:0032660","regulation of interleukin-17 production","1/88","49/18860",0.0204081632653061,4.37384044526902,1.61905660263713,0.205037148964754,0.474396099578185,0.459120045472083,"LY9",1
"GO:1903587","regulation of blood vessel endothelial cell proliferation involved in sprouting angiogenesis","1/88","49/18860",0.0204081632653061,4.37384044526902,1.61905660263713,0.205037148964754,0.474396099578185,0.459120045472083,"MIR27B",1
"GO:2000516","positive regulation of CD4-positive, alpha-beta T cell activation","1/88","49/18860",0.0204081632653061,4.37384044526902,1.61905660263713,0.205037148964754,0.474396099578185,0.459120045472083,"IL12RB1",1
"GO:0030216","keratinocyte differentiation","2/88","180/18860",0.0111111111111111,2.38131313131313,1.2749270939494,0.205178702571089,0.474396099578185,0.459120045472083,"LCE3D/KRTAP6-2",2
"GO:0002920","regulation of humoral immune response","1/88","50/18860",0.02,4.28636363636364,1.59313146214682,0.208756075703955,0.477477414321335,0.462102138634837,"SUSD4",1
"GO:0019674","NAD+ metabolic process","1/88","50/18860",0.02,4.28636363636364,1.59313146214682,0.208756075703955,0.477477414321335,0.462102138634837,"NADK2",1
"GO:0022602","ovulation cycle process","1/88","50/18860",0.02,4.28636363636364,1.59313146214682,0.208756075703955,0.477477414321335,0.462102138634837,"PLEKHA1",1
"GO:0032365","intracellular lipid transport","1/88","50/18860",0.02,4.28636363636364,1.59313146214682,0.208756075703955,0.477477414321335,0.462102138634837,"MIR27B",1
"GO:0045622","regulation of T-helper cell differentiation","1/88","50/18860",0.02,4.28636363636364,1.59313146214682,0.208756075703955,0.477477414321335,0.462102138634837,"IL12RB1",1
"GO:1904646","cellular response to amyloid-beta","1/88","50/18860",0.02,4.28636363636364,1.59313146214682,0.208756075703955,0.477477414321335,0.462102138634837,"AGER",1
"GO:1904894","positive regulation of receptor signaling pathway via STAT","1/88","50/18860",0.02,4.28636363636364,1.59313146214682,0.208756075703955,0.477477414321335,0.462102138634837,"CALM1",1
"GO:0051250","negative regulation of lymphocyte activation","2/88","183/18860",0.0109289617486339,2.34227521112767,1.24927758804231,0.210292117415471,0.479517554106642,0.464076583770098,"CLEC12A/GPNMB",2
"GO:0060041","retina development in camera-type eye","2/88","183/18860",0.0109289617486339,2.34227521112767,1.24927758804231,0.210292117415471,0.479517554106642,0.464076583770098,"CALB1/RPE65",2
"GO:0002269","leukocyte activation involved in inflammatory response","1/88","51/18860",0.0196078431372549,4.20231729055258,1.56787699783944,0.212457801665574,0.480774569422553,0.465293121868774,"AGER",1
"GO:0010171","body morphogenesis","1/88","51/18860",0.0196078431372549,4.20231729055258,1.56787699783944,0.212457801665574,0.480774569422553,0.465293121868774,"PLEKHA1",1
"GO:0070296","sarcoplasmic reticulum calcium ion transport","1/88","51/18860",0.0196078431372549,4.20231729055258,1.56787699783944,0.212457801665574,0.480774569422553,0.465293121868774,"CALM1",1
"GO:1990090","cellular response to nerve growth factor stimulus","1/88","51/18860",0.0196078431372549,4.20231729055258,1.56787699783944,0.212457801665574,0.480774569422553,0.465293121868774,"STMN2",1
"GO:2000300","regulation of synaptic vesicle exocytosis","1/88","51/18860",0.0196078431372549,4.20231729055258,1.56787699783944,0.212457801665574,0.480774569422553,0.465293121868774,"CSPG5",1
"GO:0030178","negative regulation of Wnt signaling pathway","2/88","185/18860",0.0108108108108108,2.31695331695332,1.23245574328523,0.213708520905928,0.482870997919464,0.467322043159836,"TMEM170B/AMER1",2
"GO:1902105","regulation of leukocyte differentiation","3/88","343/18860",0.0087463556851312,1.87450304797244,1.11909889726124,0.215535191507647,0.48469283401219,0.469085214211366,"IL12RB1/CLEC12A/AGER",3
"GO:0002455","humoral immune response mediated by circulating immunoglobulin","1/88","52/18860",0.0192307692307692,4.1215034965035,1.54326171729624,0.216142405496369,0.48469283401219,0.469085214211366,"SUSD4",1
"GO:0007019","microtubule depolymerization","1/88","52/18860",0.0192307692307692,4.1215034965035,1.54326171729624,0.216142405496369,0.48469283401219,0.469085214211366,"STMN2",1
"GO:0032369","negative regulation of lipid transport","1/88","52/18860",0.0192307692307692,4.1215034965035,1.54326171729624,0.216142405496369,0.48469283401219,0.469085214211366,"MIR27B",1
"GO:2001257","regulation of cation channel activity","1/88","52/18860",0.0192307692307692,4.1215034965035,1.54326171729624,0.216142405496369,0.48469283401219,0.469085214211366,"CALM1",1
"GO:0051251","positive regulation of lymphocyte activation","3/88","346/18860",0.00867052023121387,1.85825013137152,1.10318206286529,0.219188677230625,0.489233241571204,0.473479415864394,"IL12RB1/VAV3/AGER",3
"GO:0035384","thioester biosynthetic process","1/88","53/18860",0.0188679245283019,4.04373927958834,1.5192561917857,0.219809965487667,0.489233241571204,0.473479415864394,"ACAT1",1
"GO:0071616","acyl-CoA biosynthetic process","1/88","53/18860",0.0188679245283019,4.04373927958834,1.5192561917857,0.219809965487667,0.489233241571204,0.473479415864394,"ACAT1",1
"GO:0085029","extracellular matrix assembly","1/88","53/18860",0.0188679245283019,4.04373927958834,1.5192561917857,0.219809965487667,0.489233241571204,0.473479415864394,"MIR27B",1
"GO:1904707","positive regulation of vascular associated smooth muscle cell proliferation","1/88","53/18860",0.0188679245283019,4.04373927958834,1.5192561917857,0.219809965487667,0.489233241571204,0.473479415864394,"MIR27B",1
"GO:0051090","regulation of DNA-binding transcription factor activity","2/88","189/18860",0.0105820105820106,2.26791726791727,1.19945351853881,0.220557437495665,0.490033539337369,0.474253943199504,"SYT14P1/AGER",2
"GO:0031929","TOR signaling","2/88","190/18860",0.0105263157894737,2.25598086124402,1.19133268387604,0.222272738105902,0.490033539337369,0.474253943199504,"RRAGB/DISC1",2
"GO:0001974","blood vessel remodeling","1/88","54/18860",0.0185185185185185,3.96885521885522,1.49583288468651,0.223460559576947,0.490033539337369,0.474253943199504,"MIR27B",1
"GO:0007129","homologous chromosome pairing at meiosis","1/88","54/18860",0.0185185185185185,3.96885521885522,1.49583288468651,0.223460559576947,0.490033539337369,0.474253943199504,"SYCE1",1
"GO:0031103","axon regeneration","1/88","54/18860",0.0185185185185185,3.96885521885522,1.49583288468651,0.223460559576947,0.490033539337369,0.474253943199504,"DHFR",1
"GO:0032692","negative regulation of interleukin-1 production","1/88","54/18860",0.0185185185185185,3.96885521885522,1.49583288468651,0.223460559576947,0.490033539337369,0.474253943199504,"MIR27B",1
"GO:0050771","negative regulation of axonogenesis","1/88","54/18860",0.0185185185185185,3.96885521885522,1.49583288468651,0.223460559576947,0.490033539337369,0.474253943199504,"BCL11A",1
"GO:0060324","face development","1/88","54/18860",0.0185185185185185,3.96885521885522,1.49583288468651,0.223460559576947,0.490033539337369,0.474253943199504,"PLEKHA1",1
"GO:1990089","response to nerve growth factor","1/88","54/18860",0.0185185185185185,3.96885521885522,1.49583288468651,0.223460559576947,0.490033539337369,0.474253943199504,"STMN2",1
"GO:2000179","positive regulation of neural precursor cell proliferation","1/88","54/18860",0.0185185185185185,3.96885521885522,1.49583288468651,0.223460559576947,0.490033539337369,0.474253943199504,"DISC1",1
"GO:0051495","positive regulation of cytoskeleton organization","2/88","191/18860",0.0104712041884817,2.24416944312232,1.18326244309607,0.223989171351304,0.490470406091312,0.474676742383801,"SYNPO/STMN2",2
"GO:0031345","negative regulation of cell projection organization","2/88","192/18860",0.0104166666666667,2.23248106060606,1.17524216905737,0.225706689976007,0.490774109006232,0.474970665744959,"STMN2/BCL11A",2
"GO:0016042","lipid catabolic process","3/88","352/18860",0.00852272727272727,1.82657541322314,1.07181409204478,0.226534515427321,0.490774109006232,0.474970665744959,"ACAT1/PLAAT3/TBL1XR1",3
"GO:0031529","ruffle organization","1/88","55/18860",0.0181818181818182,3.89669421487603,1.47296599707062,0.227094265349425,0.490774109006232,0.474970665744959,"PLEKHA1",1
"GO:0042088","T-helper 1 type immune response","1/88","55/18860",0.0181818181818182,3.89669421487603,1.47296599707062,0.227094265349425,0.490774109006232,0.474970665744959,"IL12RB1",1
"GO:0042551","neuron maturation","1/88","55/18860",0.0181818181818182,3.89669421487603,1.47296599707062,0.227094265349425,0.490774109006232,0.474970665744959,"BCL11A",1
"GO:0045910","negative regulation of DNA recombination","1/88","55/18860",0.0181818181818182,3.89669421487603,1.47296599707062,0.227094265349425,0.490774109006232,0.474970665744959,"ANKLE1",1
"GO:0060688","regulation of morphogenesis of a branching structure","1/88","55/18860",0.0181818181818182,3.89669421487603,1.47296599707062,0.227094265349425,0.490774109006232,0.474970665744959,"BCL11A",1
"GO:0097720","calcineurin-mediated signaling","1/88","55/18860",0.0181818181818182,3.89669421487603,1.47296599707062,0.227094265349425,0.490774109006232,0.474970665744959,"CALM1",1
"GO:2000648","positive regulation of stem cell proliferation","1/88","55/18860",0.0181818181818182,3.89669421487603,1.47296599707062,0.227094265349425,0.490774109006232,0.474970665744959,"MIR320B2",1
"GO:0043491","phosphatidylinositol 3-kinase/protein kinase B signal transduction","3/88","354/18860",0.00847457627118644,1.81625577812018,1.06149270591048,0.228994088907451,0.493772216780044,0.477872231290431,"VAV3/HPSE/PLEKHA1",3
"GO:0031099","regeneration","2/88","194/18860",0.0103092783505155,2.20946579194002,1.15934906802791,0.229144796370054,0.493772216780044,0.477872231290431,"MYMK/DHFR",2
"GO:0002043","blood vessel endothelial cell proliferation involved in sprouting angiogenesis","1/88","56/18860",0.0178571428571429,3.82711038961039,1.45063132845192,0.230711160039627,0.493905774808293,0.478001488609489,"MIR27B",1
"GO:0036230","granulocyte activation","1/88","56/18860",0.0178571428571429,3.82711038961039,1.45063132845192,0.230711160039627,0.493905774808293,0.478001488609489,"CLEC12A",1
"GO:0046148","pigment biosynthetic process","1/88","56/18860",0.0178571428571429,3.82711038961039,1.45063132845192,0.230711160039627,0.493905774808293,0.478001488609489,"RPE65",1
"GO:0061900","glial cell activation","1/88","56/18860",0.0178571428571429,3.82711038961039,1.45063132845192,0.230711160039627,0.493905774808293,0.478001488609489,"AGER",1
"GO:0007189","adenylate cyclase-activating G protein-coupled receptor signaling pathway","2/88","195/18860",0.0102564102564103,2.1981351981352,1.15147504138617,0.230865291649813,0.493905774808293,0.478001488609489,"ADGRG5/S1PR5",2
"GO:0019216","regulation of lipid metabolic process","3/88","358/18860",0.00837988826815642,1.7959624174708,1.04104650610541,0.233928776939917,0.494878803224919,0.478943184486172,"TBL1XR1/RDH10/MIR27B",3
"GO:0001764","neuron migration","2/88","197/18860",0.0101522842639594,2.17581910475311,1.13586911497631,0.234308938143991,0.494878803224919,0.478943184486172,"NDNF/DISC1",2
"GO:0010874","regulation of cholesterol efflux","1/88","57/18860",0.0175438596491228,3.75996810207337,1.42880615096874,0.234311320532954,0.494878803224919,0.478943184486172,"MIR27B",1
"GO:0014888","striated muscle adaptation","1/88","57/18860",0.0175438596491228,3.75996810207337,1.42880615096874,0.234311320532954,0.494878803224919,0.478943184486172,"MYMK",1
"GO:0046638","positive regulation of alpha-beta T cell differentiation","1/88","57/18860",0.0175438596491228,3.75996810207337,1.42880615096874,0.234311320532954,0.494878803224919,0.478943184486172,"IL12RB1",1
"GO:0050805","negative regulation of synaptic transmission","1/88","57/18860",0.0175438596491228,3.75996810207337,1.42880615096874,0.234311320532954,0.494878803224919,0.478943184486172,"AGER",1
"GO:0051480","regulation of cytosolic calcium ion concentration","1/88","57/18860",0.0175438596491228,3.75996810207337,1.42880615096874,0.234311320532954,0.494878803224919,0.478943184486172,"CALB1",1
"GO:0060998","regulation of dendritic spine development","1/88","57/18860",0.0175438596491228,3.75996810207337,1.42880615096874,0.234311320532954,0.494878803224919,0.478943184486172,"DISC1",1
"GO:0090102","cochlea development","1/88","57/18860",0.0175438596491228,3.75996810207337,1.42880615096874,0.234311320532954,0.494878803224919,0.478943184486172,"CALB1",1
"GO:0001959","regulation of cytokine-mediated signaling pathway","2/88","198/18860",0.0101010101010101,2.16483011937557,1.12813607717658,0.236031999252241,0.497806865278452,0.481776959857341,"MIR1246/MIR27B",2
"GO:1902107","positive regulation of leukocyte differentiation","2/88","199/18860",0.0100502512562814,2.15395157606213,1.12044891394183,0.237755826183343,0.4989090028082,0.482843607397706,"IL12RB1/AGER",2
"GO:1903708","positive regulation of hemopoiesis","2/88","199/18860",0.0100502512562814,2.15395157606213,1.12044891394183,0.237755826183343,0.4989090028082,0.482843607397706,"IL12RB1/AGER",2
"GO:0046854","phosphatidylinositol phosphate biosynthetic process","1/88","58/18860",0.0172413793103448,3.69514106583072,1.40746909549291,0.237894823367241,0.4989090028082,0.482843607397706,"UBE3C",1
"GO:0051926","negative regulation of calcium ion transport","1/88","58/18860",0.0172413793103448,3.69514106583072,1.40746909549291,0.237894823367241,0.4989090028082,0.482843607397706,"CALM1",1
"GO:0021543","pallium development","2/88","201/18860",0.00995024875621891,2.13251922207146,1.10521004096938,0.241205601588768,0.500747267283275,0.484622677820369,"SYNE2/DISC1",2
"GO:0001895","retina homeostasis","1/88","59/18860",0.0169491525423729,3.63251155624037,1.38660004835019,0.241461744734313,0.500747267283275,0.484622677820369,"RPE65",1
"GO:0006383","transcription by RNA polymerase III","1/88","59/18860",0.0169491525423729,3.63251155624037,1.38660004835019,0.241461744734313,0.500747267283275,0.484622677820369,"MAF1",1
"GO:0006749","glutathione metabolic process","1/88","59/18860",0.0169491525423729,3.63251155624037,1.38660004835019,0.241461744734313,0.500747267283275,0.484622677820369,"MMACHC",1
"GO:0061005","cell differentiation involved in kidney development","1/88","59/18860",0.0169491525423729,3.63251155624037,1.38660004835019,0.241461744734313,0.500747267283275,0.484622677820369,"AMER1",1
"GO:0072698","protein localization to microtubule cytoskeleton","1/88","59/18860",0.0169491525423729,3.63251155624037,1.38660004835019,0.241461744734313,0.500747267283275,0.484622677820369,"DISC1",1
"GO:0086065","cell communication involved in cardiac conduction","1/88","59/18860",0.0169491525423729,3.63251155624037,1.38660004835019,0.241461744734313,0.500747267283275,0.484622677820369,"CALM1",1
"GO:0090181","regulation of cholesterol metabolic process","1/88","59/18860",0.0169491525423729,3.63251155624037,1.38660004835019,0.241461744734313,0.500747267283275,0.484622677820369,"MIR27B",1
"GO:0032271","regulation of protein polymerization","2/88","202/18860",0.0099009900990099,2.12196219621962,1.09765726911731,0.242931463061581,0.503094504170646,0.486894331207532,"STMN2/ARHGAP18",2
"GO:0140013","meiotic nuclear division","2/88","203/18860",0.00985221674876847,2.1115091804747,1.09014824719883,0.244657916349105,0.503389166439673,0.487179505041117,"ANKLE1/SYCE1",2
"GO:0007131","reciprocal meiotic recombination","1/88","60/18860",0.0166666666666667,3.5719696969697,1.36618005750137,0.245012160481527,0.503389166439673,0.487179505041117,"ANKLE1",1
"GO:0031102","neuron projection regeneration","1/88","60/18860",0.0166666666666667,3.5719696969697,1.36618005750137,0.245012160481527,0.503389166439673,0.487179505041117,"DHFR",1
"GO:0140527","reciprocal homologous recombination","1/88","60/18860",0.0166666666666667,3.5719696969697,1.36618005750137,0.245012160481527,0.503389166439673,0.487179505041117,"ANKLE1",1
"GO:1902991","regulation of amyloid precursor protein catabolic process","1/88","60/18860",0.0166666666666667,3.5719696969697,1.36618005750137,0.245012160481527,0.503389166439673,0.487179505041117,"AGER",1
"GO:0010639","negative regulation of organelle organization","3/88","367/18860",0.00817438692098093,1.75191974238296,0.995969934837294,0.245102179764112,0.503389166439673,0.487179505041117,"STMN2/PHLDB2/DLC1",3
"GO:0046474","glycerophospholipid biosynthetic process","2/88","204/18860",0.00980392156862745,2.10115864527629,1.0826824662447,0.246384918900249,0.504891148107404,0.488633121317052,"UBE3C/PIGX",2
"GO:0000302","response to reactive oxygen species","2/88","205/18860",0.00975609756097561,2.09090909090909,1.07525942577704,0.248112428539231,0.504891148107404,0.488633121317052,"DHFR/PLEKHA1",2
"GO:0001954","positive regulation of cell-matrix adhesion","1/88","61/18860",0.0163934426229508,3.51341281669151,1.34619124717519,0.248546146113316,0.504891148107404,0.488633121317052,"DISC1",1
"GO:0032387","negative regulation of intracellular transport","1/88","61/18860",0.0163934426229508,3.51341281669151,1.34619124717519,0.248546146113316,0.504891148107404,0.488633121317052,"MIR27B",1
"GO:0034113","heterotypic cell-cell adhesion","1/88","61/18860",0.0163934426229508,3.51341281669151,1.34619124717519,0.248546146113316,0.504891148107404,0.488633121317052,"AGER",1
"GO:0038093","Fc receptor signaling pathway","1/88","61/18860",0.0163934426229508,3.51341281669151,1.34619124717519,0.248546146113316,0.504891148107404,0.488633121317052,"VAV3",1
"GO:0060425","lung morphogenesis","1/88","61/18860",0.0163934426229508,3.51341281669151,1.34619124717519,0.248546146113316,0.504891148107404,0.488633121317052,"RDH10",1
"GO:1904645","response to amyloid-beta","1/88","61/18860",0.0163934426229508,3.51341281669151,1.34619124717519,0.248546146113316,0.504891148107404,0.488633121317052,"AGER",1
"GO:0061025","membrane fusion","2/88","206/18860",0.00970873786407767,2.08075904677846,1.0678786336261,0.249840403463076,0.506508722866873,0.490198608465412,"VAV3/MYMK",2
"GO:0002712","regulation of B cell mediated immunity","1/88","62/18860",0.0161290322580645,3.45674486803519,1.32661674006659,0.252063776792715,0.506508722866873,0.490198608465412,"SUSD4",1
"GO:0002889","regulation of immunoglobulin mediated immune response","1/88","62/18860",0.0161290322580645,3.45674486803519,1.32661674006659,0.252063776792715,0.506508722866873,0.490198608465412,"SUSD4",1
"GO:0010574","regulation of vascular endothelial growth factor production","1/88","62/18860",0.0161290322580645,3.45674486803519,1.32661674006659,0.252063776792715,0.506508722866873,0.490198608465412,"HPSE",1
"GO:0045599","negative regulation of fat cell differentiation","1/88","62/18860",0.0161290322580645,3.45674486803519,1.32661674006659,0.252063776792715,0.506508722866873,0.490198608465412,"MIR27B",1
"GO:0070613","regulation of protein processing","1/88","62/18860",0.0161290322580645,3.45674486803519,1.32661674006659,0.252063776792715,0.506508722866873,0.490198608465412,"TNP2",1
"GO:1900024","regulation of substrate adhesion-dependent cell spreading","1/88","62/18860",0.0161290322580645,3.45674486803519,1.32661674006659,0.252063776792715,0.506508722866873,0.490198608465412,"CSPG5",1
"GO:1901570","fatty acid derivative biosynthetic process","1/88","62/18860",0.0161290322580645,3.45674486803519,1.32661674006659,0.252063776792715,0.506508722866873,0.490198608465412,"ACAT1",1
"GO:0009749","response to glucose","2/88","209/18860",0.00956937799043062,2.05089169204002,1.04598494628616,0.255026707453861,0.508738602424556,0.49235668355252,"MIR320B2/AGER",2
"GO:0002931","response to ischemia","1/88","63/18860",0.0158730158730159,3.4018759018759,1.30744058631913,0.255565127342893,0.508738602424556,0.49235668355252,"NDNF",1
"GO:0006611","protein export from nucleus","1/88","63/18860",0.0158730158730159,3.4018759018759,1.30744058631913,0.255565127342893,0.508738602424556,0.49235668355252,"ANKLE1",1
"GO:0007062","sister chromatid cohesion","1/88","63/18860",0.0158730158730159,3.4018759018759,1.30744058631913,0.255565127342893,0.508738602424556,0.49235668355252,"ESCO1",1
"GO:0033013","tetrapyrrole metabolic process","1/88","63/18860",0.0158730158730159,3.4018759018759,1.30744058631913,0.255565127342893,0.508738602424556,0.49235668355252,"MMACHC",1
"GO:0046173","polyol biosynthetic process","1/88","63/18860",0.0158730158730159,3.4018759018759,1.30744058631913,0.255565127342893,0.508738602424556,0.49235668355252,"DHFR",1
"GO:0048008","platelet-derived growth factor receptor signaling pathway","1/88","63/18860",0.0158730158730159,3.4018759018759,1.30744058631913,0.255565127342893,0.508738602424556,0.49235668355252,"PLEKHA1",1
"GO:0060759","regulation of response to cytokine stimulus","2/88","210/18860",0.00952380952380952,2.04112554112554,1.03876838572337,0.256756132856566,0.508873160129636,0.492486908357762,"MIR1246/MIR27B",2
"GO:0141193","nuclear receptor-mediated signaling pathway","2/88","211/18860",0.00947867298578199,2.03145196036191,1.03159173116996,0.258485820034605,0.508873160129636,0.492486908357762,"CALCOCO1/MIR27B",2
"GO:0000768","syncytium formation by plasma membrane fusion","1/88","64/18860",0.015625,3.34872159090909,1.28864769860251,0.259050272248666,0.508873160129636,0.492486908357762,"MYMK",1
"GO:0032233","positive regulation of actin filament bundle assembly","1/88","64/18860",0.015625,3.34872159090909,1.28864769860251,0.259050272248666,0.508873160129636,0.492486908357762,"SYNPO",1
"GO:0032615","interleukin-12 production","1/88","64/18860",0.015625,3.34872159090909,1.28864769860251,0.259050272248666,0.508873160129636,0.492486908357762,"AGER",1
"GO:0032655","regulation of interleukin-12 production","1/88","64/18860",0.015625,3.34872159090909,1.28864769860251,0.259050272248666,0.508873160129636,0.492486908357762,"AGER",1
"GO:0034198","cellular response to amino acid starvation","1/88","64/18860",0.015625,3.34872159090909,1.28864769860251,0.259050272248666,0.508873160129636,0.492486908357762,"RRAGB",1
"GO:0034381","plasma lipoprotein particle clearance","1/88","64/18860",0.015625,3.34872159090909,1.28864769860251,0.259050272248666,0.508873160129636,0.492486908357762,"MIR27B",1
"GO:0043370","regulation of CD4-positive, alpha-beta T cell differentiation","1/88","64/18860",0.015625,3.34872159090909,1.28864769860251,0.259050272248666,0.508873160129636,0.492486908357762,"IL12RB1",1
"GO:0140253","cell-cell fusion","1/88","64/18860",0.015625,3.34872159090909,1.28864769860251,0.259050272248666,0.508873160129636,0.492486908357762,"MYMK",1
"GO:0002695","negative regulation of leukocyte activation","2/88","212/18860",0.00943396226415094,2.02186963979417,1.02445453671888,0.260215729370006,0.509891089968686,0.49347205978377,"CLEC12A/GPNMB",2
"GO:0001961","positive regulation of cytokine-mediated signaling pathway","1/88","65/18860",0.0153846153846154,3.2972027972028,1.27022379267542,0.262519285658015,0.509891089968686,0.49347205978377,"MIR1246",1
"GO:0002011","morphogenesis of an epithelial sheet","1/88","65/18860",0.0153846153846154,3.2972027972028,1.27022379267542,0.262519285658015,0.509891089968686,0.49347205978377,"PHLDB2",1
"GO:0006956","complement activation","1/88","65/18860",0.0153846153846154,3.2972027972028,1.27022379267542,0.262519285658015,0.509891089968686,0.49347205978377,"SUSD4",1
"GO:0010573","vascular endothelial growth factor production","1/88","65/18860",0.0153846153846154,3.2972027972028,1.27022379267542,0.262519285658015,0.509891089968686,0.49347205978377,"HPSE",1
"GO:0090303","positive regulation of wound healing","1/88","65/18860",0.0153846153846154,3.2972027972028,1.27022379267542,0.262519285658015,0.509891089968686,0.49347205978377,"HPSE",1
"GO:0097352","autophagosome maturation","1/88","65/18860",0.0153846153846154,3.2972027972028,1.27022379267542,0.262519285658015,0.509891089968686,0.49347205978377,"CALM1",1
"GO:0098900","regulation of action potential","1/88","65/18860",0.0153846153846154,3.2972027972028,1.27022379267542,0.262519285658015,0.509891089968686,0.49347205978377,"CALM1",1
"GO:0002696","positive regulation of leukocyte activation","3/88","381/18860",0.0078740157480315,1.68754473872584,0.9282599470776,0.262650413704488,0.509891089968686,0.49347205978377,"IL12RB1/VAV3/AGER",3
"GO:0001763","morphogenesis of a branching structure","2/88","214/18860",0.00934579439252336,2.00297366185217,1.01029678011284,0.263676057816929,0.510369361341398,0.493934930314498,"RDH10/BCL11A",2
"GO:0009746","response to hexose","2/88","215/18860",0.00930232558139535,1.99365750528541,1.00327536131957,0.265406399461282,0.510369361341398,0.493934930314498,"MIR320B2/AGER",2
"GO:0050851","antigen receptor-mediated signaling pathway","2/88","215/18860",0.00930232558139535,1.99365750528541,1.00327536131957,0.265406399461282,0.510369361341398,0.493934930314498,"VAV3/PLEKHA1",2
"GO:0032731","positive regulation of interleukin-1 beta production","1/88","66/18860",0.0151515151515152,3.24724517906336,1.25215533289347,0.265972241383585,0.510369361341398,0.493934930314498,"AGER",1
"GO:0050688","regulation of defense response to virus","1/88","66/18860",0.0151515151515152,3.24724517906336,1.25215533289347,0.265972241383585,0.510369361341398,0.493934930314498,"IL12RB1",1
"GO:0070192","chromosome organization involved in meiotic cell cycle","1/88","66/18860",0.0151515151515152,3.24724517906336,1.25215533289347,0.265972241383585,0.510369361341398,0.493934930314498,"SYCE1",1
"GO:1901224","positive regulation of non-canonical NF-kappaB signal transduction","1/88","66/18860",0.0151515151515152,3.24724517906336,1.25215533289347,0.265972241383585,0.510369361341398,0.493934930314498,"AGER",1
"GO:0006836","neurotransmitter transport","2/88","216/18860",0.00925925925925926,1.98442760942761,0.996291689066315,0.267136808323914,0.510369361341398,0.493934930314498,"SYNGR3/CSPG5",2
"GO:0045732","positive regulation of protein catabolic process","2/88","217/18860",0.00921658986175115,1.97528278173439,0.989345351764452,0.268867246541412,0.510369361341398,0.493934930314498,"DDA1/AMER1",2
"GO:0051897","positive regulation of phosphatidylinositol 3-kinase/protein kinase B signal transduction","2/88","217/18860",0.00921658986175115,1.97528278173439,0.989345351764452,0.268867246541412,0.510369361341398,0.493934930314498,"VAV3/HPSE",2
"GO:0006949","syncytium formation","1/88","67/18860",0.0149253731343284,3.19877883310719,1.23442948218245,0.26940921290419,0.510369361341398,0.493934930314498,"MYMK",1
"GO:0031113","regulation of microtubule polymerization","1/88","67/18860",0.0149253731343284,3.19877883310719,1.23442948218245,0.26940921290419,0.510369361341398,0.493934930314498,"STMN2",1
"GO:0032613","interleukin-10 production","1/88","67/18860",0.0149253731343284,3.19877883310719,1.23442948218245,0.26940921290419,0.510369361341398,0.493934930314498,"AGER",1
"GO:0032653","regulation of interleukin-10 production","1/88","67/18860",0.0149253731343284,3.19877883310719,1.23442948218245,0.26940921290419,0.510369361341398,0.493934930314498,"AGER",1
"GO:0044380","protein localization to cytoskeleton","1/88","67/18860",0.0149253731343284,3.19877883310719,1.23442948218245,0.26940921290419,0.510369361341398,0.493934930314498,"DISC1",1
"GO:1903317","regulation of protein maturation","1/88","67/18860",0.0149253731343284,3.19877883310719,1.23442948218245,0.26940921290419,0.510369361341398,0.493934930314498,"TNP2",1
"GO:1905515","non-motile cilium assembly","1/88","67/18860",0.0149253731343284,3.19877883310719,1.23442948218245,0.26940921290419,0.510369361341398,0.493934930314498,"DISC1",1
"GO:1990928","response to amino acid starvation","1/88","67/18860",0.0149253731343284,3.19877883310719,1.23442948218245,0.26940921290419,0.510369361341398,0.493934930314498,"RRAGB",1
"GO:2000351","regulation of endothelial cell apoptotic process","1/88","67/18860",0.0149253731343284,3.19877883310719,1.23442948218245,0.26940921290419,0.510369361341398,0.493934930314498,"NDNF",1
"GO:0002449","lymphocyte mediated immunity","3/88","388/18860",0.0077319587628866,1.65709934395501,0.895437606725318,0.271487975187115,0.511642666300277,0.495167233512481,"IL12RB1/SUSD4/AGER",3
"GO:0016925","protein sumoylation","1/88","68/18860",0.0147058823529412,3.15173796791444,1.21703405605013,0.2728302733663,0.511642666300277,0.495167233512481,"BCL11A",1
"GO:0030888","regulation of B cell proliferation","1/88","68/18860",0.0147058823529412,3.15173796791444,1.21703405605013,0.2728302733663,0.511642666300277,0.495167233512481,"VAV3",1
"GO:0035825","homologous recombination","1/88","68/18860",0.0147058823529412,3.15173796791444,1.21703405605013,0.2728302733663,0.511642666300277,0.495167233512481,"ANKLE1",1
"GO:0038066","p38MAPK cascade","1/88","68/18860",0.0147058823529412,3.15173796791444,1.21703405605013,0.2728302733663,0.511642666300277,0.495167233512481,"AGER",1
"GO:0042698","ovulation cycle","1/88","68/18860",0.0147058823529412,3.15173796791444,1.21703405605013,0.2728302733663,0.511642666300277,0.495167233512481,"PLEKHA1",1
"GO:0045143","homologous chromosome segregation","1/88","68/18860",0.0147058823529412,3.15173796791444,1.21703405605013,0.2728302733663,0.511642666300277,0.495167233512481,"SYCE1",1
"GO:2001244","positive regulation of intrinsic apoptotic signaling pathway","1/88","68/18860",0.0147058823529412,3.15173796791444,1.21703405605013,0.2728302733663,0.511642666300277,0.495167233512481,"MIR27B",1
"GO:0099504","synaptic vesicle cycle","2/88","220/18860",0.00909090909090909,1.94834710743802,0.968726329612419,0.274058363832808,0.51329924999629,0.496770473468539,"SYNGR3/CSPG5",2
"GO:0030336","negative regulation of cell migration","3/88","391/18860",0.00767263427109974,1.64438502673797,0.881571460206942,0.275286387587506,0.514143316158567,0.497587359811303,"PHLDB2/DLC1/RAP2C",3
"GO:0000381","regulation of alternative mRNA splicing, via spliceosome","1/88","69/18860",0.0144927536231884,3.10606060606061,1.19995748025632,0.27623549558553,0.514143316158567,0.497587359811303,"RBFOX1",1
"GO:0002707","negative regulation of lymphocyte mediated immunity","1/88","69/18860",0.0144927536231884,3.10606060606061,1.19995748025632,0.27623549558553,0.514143316158567,0.497587359811303,"SUSD4",1
"GO:0048645","animal organ formation","1/88","69/18860",0.0144927536231884,3.10606060606061,1.19995748025632,0.27623549558553,0.514143316158567,0.497587359811303,"RDH10",1
"GO:0051058","negative regulation of small GTPase mediated signal transduction","1/88","69/18860",0.0144927536231884,3.10606060606061,1.19995748025632,0.27623549558553,0.514143316158567,0.497587359811303,"DLC1",1
"GO:0034284","response to monosaccharide","2/88","222/18860",0.00900900900900901,1.93079443079443,0.955159728019079,0.277518576672376,0.515886592590722,0.499274500906082,"MIR320B2/AGER",2
"GO:0001912","positive regulation of leukocyte mediated cytotoxicity","1/88","70/18860",0.0142857142857143,3.06168831168831,1.18318875180142,0.279624952048117,0.51593748897106,0.499323758369363,"IL12RB1",1
"GO:0002823","negative regulation of adaptive immune response based on somatic recombination of immune receptors built from immunoglobulin superfamily domains","1/88","70/18860",0.0142857142857143,3.06168831168831,1.18318875180142,0.279624952048117,0.51593748897106,0.499323758369363,"SUSD4",1
"GO:0030193","regulation of blood coagulation","1/88","70/18860",0.0142857142857143,3.06168831168831,1.18318875180142,0.279624952048117,0.51593748897106,0.499323758369363,"HPSE",1
"GO:0044091","membrane biogenesis","1/88","70/18860",0.0142857142857143,3.06168831168831,1.18318875180142,0.279624952048117,0.51593748897106,0.499323758369363,"SERINC1",1
"GO:0051445","regulation of meiotic cell cycle","1/88","70/18860",0.0142857142857143,3.06168831168831,1.18318875180142,0.279624952048117,0.51593748897106,0.499323758369363,"ANAPC13",1
"GO:1905953","negative regulation of lipid localization","1/88","70/18860",0.0142857142857143,3.06168831168831,1.18318875180142,0.279624952048117,0.51593748897106,0.499323758369363,"MIR27B",1
"GO:0043543","protein acylation","1/88","71/18860",0.0140845070422535,3.01856594110115,1.16671740293008,0.282998714912394,0.519088419202871,0.502373225328713,"ESCO1",1
"GO:0070301","cellular response to hydrogen peroxide","1/88","71/18860",0.0140845070422535,3.01856594110115,1.16671740293008,0.282998714912394,0.519088419202871,0.502373225328713,"PLEKHA1",1
"GO:1901657","glycosyl compound metabolic process","1/88","71/18860",0.0140845070422535,3.01856594110115,1.16671740293008,0.282998714912394,0.519088419202871,0.502373225328713,"MACROD2",1
"GO:1904263","positive regulation of TORC1 signaling","1/88","71/18860",0.0140845070422535,3.01856594110115,1.16671740293008,0.282998714912394,0.519088419202871,0.502373225328713,"RRAGB",1
"GO:0030162","regulation of proteolysis","3/88","398/18860",0.00753768844221105,1.6154636820466,0.849669417866448,0.284171432336018,0.519088419202871,0.502373225328713,"TNP2/DDA1/DISC1",3
"GO:0002064","epithelial cell development","2/88","226/18860",0.00884955752212389,1.89662107803701,0.928443567646252,0.28443643238539,0.519088419202871,0.502373225328713,"HPSE/RAP2C",2
"GO:0050777","negative regulation of immune response","2/88","226/18860",0.00884955752212389,1.89662107803701,0.928443567646252,0.28443643238539,0.519088419202871,0.502373225328713,"CLEC12A/SUSD4",2
"GO:0071356","cellular response to tumor necrosis factor","2/88","226/18860",0.00884955752212389,1.89662107803701,0.928443567646252,0.28443643238539,0.519088419202871,0.502373225328713,"MIR1246/MIR27B",2
"GO:1903046","meiotic cell cycle process","2/88","227/18860",0.00881057268722467,1.88826591910292,0.921849298713391,0.286165156173055,0.519088419202871,0.502373225328713,"ANKLE1/SYCE1",2
"GO:0006635","fatty acid beta-oxidation","1/88","72/18860",0.0138888888888889,2.97664141414141,1.15053346787768,0.286356856010255,0.519088419202871,0.502373225328713,"ACAT1",1
"GO:0030032","lamellipodium assembly","1/88","72/18860",0.0138888888888889,2.97664141414141,1.15053346787768,0.286356856010255,0.519088419202871,0.502373225328713,"VAV3",1
"GO:0060042","retina morphogenesis in camera-type eye","1/88","72/18860",0.0138888888888889,2.97664141414141,1.15053346787768,0.286356856010255,0.519088419202871,0.502373225328713,"CALB1",1
"GO:0060760","positive regulation of response to cytokine stimulus","1/88","72/18860",0.0138888888888889,2.97664141414141,1.15053346787768,0.286356856010255,0.519088419202871,0.502373225328713,"MIR1246",1
"GO:1900046","regulation of hemostasis","1/88","72/18860",0.0138888888888889,2.97664141414141,1.15053346787768,0.286356856010255,0.519088419202871,0.502373225328713,"HPSE",1
"GO:0050867","positive regulation of cell activation","3/88","401/18860",0.00748129675810474,1.60337791883927,0.836186030187101,0.287987704389596,0.519088419202871,0.502373225328713,"IL12RB1/VAV3/AGER",3
"GO:1903037","regulation of leukocyte cell-cell adhesion","3/88","401/18860",0.00748129675810474,1.60337791883927,0.836186030187101,0.287987704389596,0.519088419202871,0.502373225328713,"IL12RB1/AGER/GPNMB",3
"GO:0006643","membrane lipid metabolic process","2/88","229/18860",0.00873362445414847,1.87177451369591,0.908760036032599,0.289621475004001,0.519088419202871,0.502373225328713,"SERINC1/PIGX",2
"GO:0006360","transcription by RNA polymerase I","1/88","73/18860",0.0136986301369863,2.93586550435866,1.1346274521157,0.289699446848614,0.519088419202871,0.502373225328713,"MAF1",1
"GO:0031343","positive regulation of cell killing","1/88","73/18860",0.0136986301369863,2.93586550435866,1.1346274521157,0.289699446848614,0.519088419202871,0.502373225328713,"IL12RB1",1
"GO:0032272","negative regulation of protein polymerization","1/88","73/18860",0.0136986301369863,2.93586550435866,1.1346274521157,0.289699446848614,0.519088419202871,0.502373225328713,"STMN2",1
"GO:0032722","positive regulation of chemokine production","1/88","73/18860",0.0136986301369863,2.93586550435866,1.1346274521157,0.289699446848614,0.519088419202871,0.502373225328713,"AGER",1
"GO:0045806","negative regulation of endocytosis","1/88","73/18860",0.0136986301369863,2.93586550435866,1.1346274521157,0.289699446848614,0.519088419202871,0.502373225328713,"MIR27B",1
"GO:0072577","endothelial cell apoptotic process","1/88","73/18860",0.0136986301369863,2.93586550435866,1.1346274521157,0.289699446848614,0.519088419202871,0.502373225328713,"NDNF",1
"GO:1904888","cranial skeletal system development","1/88","73/18860",0.0136986301369863,2.93586550435866,1.1346274521157,0.289699446848614,0.519088419202871,0.502373225328713,"RDH10",1
"GO:0045055","regulated exocytosis","2/88","230/18860",0.00869565217391304,1.86363636363636,0.902264363004351,0.29134900258941,0.519524235711742,0.502795008086936,"SYNGR3/CSPG5",2
"GO:0018193","peptidyl-amino acid modification","3/88","404/18860",0.00742574257425743,1.59147164716472,0.82281313593837,0.291808382362045,0.519524235711742,0.502795008086936,"ESCO1/BCL11A/RAP2C",3
"GO:0050863","regulation of T cell activation","3/88","404/18860",0.00742574257425743,1.59147164716472,0.82281313593837,0.291808382362045,0.519524235711742,0.502795008086936,"IL12RB1/AGER/GPNMB",3
"GO:0002711","positive regulation of T cell mediated immunity","1/88","74/18860",0.0135135135135135,2.89619164619165,1.11899030387665,0.29302655861086,0.519524235711742,0.502795008086936,"IL12RB1",1
"GO:0002820","negative regulation of adaptive immune response","1/88","74/18860",0.0135135135135135,2.89619164619165,1.11899030387665,0.29302655861086,0.519524235711742,0.502795008086936,"SUSD4",1
"GO:0042987","amyloid precursor protein catabolic process","1/88","74/18860",0.0135135135135135,2.89619164619165,1.11899030387665,0.29302655861086,0.519524235711742,0.502795008086936,"AGER",1
"GO:0045123","cellular extravasation","1/88","74/18860",0.0135135135135135,2.89619164619165,1.11899030387665,0.29302655861086,0.519524235711742,0.502795008086936,"AGER",1
"GO:2000134","negative regulation of G1/S transition of mitotic cell cycle","1/88","74/18860",0.0135135135135135,2.89619164619165,1.11899030387665,0.29302655861086,0.519524235711742,0.502795008086936,"GPNMB",1
"GO:0001818","negative regulation of cytokine production","3/88","405/18860",0.00740740740740741,1.58754208754209,0.818379726882194,0.293082846204072,0.519524235711742,0.502795008086936,"AGER/MIR27B/GPNMB",3
"GO:2000146","negative regulation of cell motility","3/88","406/18860",0.00738916256157635,1.58363188535602,0.813958312511235,0.29435773587469,0.521163696453523,0.504381676465924,"PHLDB2/DLC1/RAP2C",3
"GO:0048705","skeletal system morphogenesis","2/88","232/18860",0.00862068965517241,1.84757053291536,0.889369272840592,0.294802627819171,0.521331487913,0.504544064863665,"RDH10/PLEKHA1",2
"GO:0009583","detection of light stimulus","1/88","75/18860",0.0133333333333333,2.85757575757576,1.10361338776114,0.296338262158302,0.523425471356716,0.50657061983482,"RPE65",1
"GO:0046635","positive regulation of alpha-beta T cell activation","1/88","76/18860",0.0131578947368421,2.81997607655502,1.08848846024923,0.299634628031609,0.524259076228954,0.507377381752104,"IL12RB1",1
"GO:0050818","regulation of coagulation","1/88","76/18860",0.0131578947368421,2.81997607655502,1.08848846024923,0.299634628031609,0.524259076228954,0.507377381752104,"HPSE",1
"GO:0051966","regulation of synaptic transmission, glutamatergic","1/88","76/18860",0.0131578947368421,2.81997607655502,1.08848846024923,0.299634628031609,0.524259076228954,0.507377381752104,"DISC1",1
"GO:1903036","positive regulation of response to wounding","1/88","76/18860",0.0131578947368421,2.81997607655502,1.08848846024923,0.299634628031609,0.524259076228954,0.507377381752104,"HPSE",1
"GO:1903053","regulation of extracellular matrix organization","1/88","76/18860",0.0131578947368421,2.81997607655502,1.08848846024923,0.299634628031609,0.524259076228954,0.507377381752104,"MIR27B",1
"GO:0002285","lymphocyte activation involved in immune response","2/88","235/18860",0.00851063829787234,1.82398452611219,0.870262439910485,0.299979001307635,0.524259076228954,0.507377381752104,"IL12RB1/LY9",2
"GO:0042594","response to starvation","2/88","235/18860",0.00851063829787234,1.82398452611219,0.870262439910485,0.299979001307635,0.524259076228954,0.507377381752104,"ACAT1/RRAGB",2
"GO:0050769","positive regulation of neurogenesis","2/88","235/18860",0.00851063829787234,1.82398452611219,0.870262439910485,0.299979001307635,0.524259076228954,0.507377381752104,"BCL11A/DISC1",2
"GO:0050866","negative regulation of cell activation","2/88","235/18860",0.00851063829787234,1.82398452611219,0.870262439910485,0.299979001307635,0.524259076228954,0.507377381752104,"CLEC12A/GPNMB",2
"GO:0006282","regulation of DNA repair","2/88","236/18860",0.00847457627118644,1.81625577812018,0.863955118878032,0.301703246926952,0.524741644113213,0.507844410442182,"PPP4R3C/AGER",2
"GO:0002090","regulation of receptor internalization","1/88","77/18860",0.012987012987013,2.78335301062574,1.07360764695544,0.302915726452245,0.524741644113213,0.507844410442182,"SUSD4",1
"GO:0014743","regulation of muscle hypertrophy","1/88","77/18860",0.012987012987013,2.78335301062574,1.07360764695544,0.302915726452245,0.524741644113213,0.507844410442182,"MYMK",1
"GO:0032729","positive regulation of type II interferon production","1/88","77/18860",0.012987012987013,2.78335301062574,1.07360764695544,0.302915726452245,0.524741644113213,0.507844410442182,"IL12RB1",1
"GO:0032732","positive regulation of interleukin-1 production","1/88","77/18860",0.012987012987013,2.78335301062574,1.07360764695544,0.302915726452245,0.524741644113213,0.507844410442182,"AGER",1
"GO:0061045","negative regulation of wound healing","1/88","77/18860",0.012987012987013,2.78335301062574,1.07360764695544,0.302915726452245,0.524741644113213,0.507844410442182,"PHLDB2",1
"GO:1902017","regulation of cilium assembly","1/88","77/18860",0.012987012987013,2.78335301062574,1.07360764695544,0.302915726452245,0.524741644113213,0.507844410442182,"SYNE2",1
"GO:0072593","reactive oxygen species metabolic process","2/88","237/18860",0.00843881856540084,1.80859225163023,0.857678098784437,0.30342683383578,0.524741644113213,0.507844410442182,"MIR27B/DHFR",2
"GO:0097529","myeloid leukocyte migration","2/88","237/18860",0.00843881856540084,1.80859225163023,0.857678098784437,0.30342683383578,0.524741644113213,0.507844410442182,"VAV3/AGER",2
"GO:0001558","regulation of cell growth","3/88","414/18860",0.0072463768115942,1.5530303030303,0.779010642557537,0.304570304057909,0.525841341505513,0.508908696420096,"SYT14P1/BCL11A/DISC1",3
"GO:0043583","ear development","2/88","238/18860",0.00840336134453781,1.80099312452254,0.85143107979172,0.30514973092207,0.525841341505513,0.508908696420096,"CALB1/RDH10",2
"GO:0046470","phosphatidylcholine metabolic process","1/88","78/18860",0.0128205128205128,2.747668997669,1.05896342148238,0.306181627323895,0.525841341505513,0.508908696420096,"PLAAT3",1
"GO:0051898","negative regulation of phosphatidylinositol 3-kinase/protein kinase B signal transduction","1/88","78/18860",0.0128205128205128,2.747668997669,1.05896342148238,0.306181627323895,0.525841341505513,0.508908696420096,"PLEKHA1",1
"GO:0071806","protein transmembrane transport","1/88","78/18860",0.0128205128205128,2.747668997669,1.05896342148238,0.306181627323895,0.525841341505513,0.508908696420096,"HPSE",1
"GO:1901880","negative regulation of protein depolymerization","1/88","78/18860",0.0128205128205128,2.747668997669,1.05896342148238,0.306181627323895,0.525841341505513,0.508908696420096,"STMN2",1
"GO:0017148","negative regulation of translation","2/88","240/18860",0.00833333333333333,1.78598484848485,0.839025867048101,0.308593332666318,0.527168013670778,0.510192648344205,"MIR27B/DHFR",2
"GO:0032371","regulation of sterol transport","1/88","79/18860",0.0126582278481013,2.71288837744534,1.04454858574156,0.309432400233888,0.527168013670778,0.510192648344205,"MIR27B",1
"GO:0032374","regulation of cholesterol transport","1/88","79/18860",0.0126582278481013,2.71288837744534,1.04454858574156,0.309432400233888,0.527168013670778,0.510192648344205,"MIR27B",1
"GO:0033344","cholesterol efflux","1/88","79/18860",0.0126582278481013,2.71288837744534,1.04454858574156,0.309432400233888,0.527168013670778,0.510192648344205,"MIR27B",1
"GO:0042130","negative regulation of T cell proliferation","1/88","79/18860",0.0126582278481013,2.71288837744534,1.04454858574156,0.309432400233888,0.527168013670778,0.510192648344205,"GPNMB",1
"GO:0046425","regulation of receptor signaling pathway via JAK-STAT","1/88","79/18860",0.0126582278481013,2.71288837744534,1.04454858574156,0.309432400233888,0.527168013670778,0.510192648344205,"CALM1",1
"GO:0050730","regulation of peptidyl-tyrosine phosphorylation","1/88","79/18860",0.0126582278481013,2.71288837744534,1.04454858574156,0.309432400233888,0.527168013670778,0.510192648344205,"RAP2C",1
"GO:0016358","dendrite development","2/88","241/18860",0.00829875518672199,1.77857412297246,0.832867094677272,0.310313976581533,0.527849005014646,0.510851711049486,"BCL11A/DISC1",2
"GO:0002704","negative regulation of leukocyte mediated immunity","1/88","80/18860",0.0125,2.67897727272727,1.03035625162234,0.312668114454612,0.527849005014646,0.510851711049486,"SUSD4",1
"GO:0009247","glycolipid biosynthetic process","1/88","80/18860",0.0125,2.67897727272727,1.03035625162234,0.312668114454612,0.527849005014646,0.510851711049486,"PIGX",1
"GO:0042440","pigment metabolic process","1/88","80/18860",0.0125,2.67897727272727,1.03035625162234,0.312668114454612,0.527849005014646,0.510851711049486,"RPE65",1
"GO:0043536","positive regulation of blood vessel endothelial cell migration","1/88","80/18860",0.0125,2.67897727272727,1.03035625162234,0.312668114454612,0.527849005014646,0.510851711049486,"MIR27B",1
"GO:0051092","positive regulation of NF-kappaB transcription factor activity","1/88","80/18860",0.0125,2.67897727272727,1.03035625162234,0.312668114454612,0.527849005014646,0.510851711049486,"AGER",1
"GO:0140238","presynaptic endocytosis","1/88","80/18860",0.0125,2.67897727272727,1.03035625162234,0.312668114454612,0.527849005014646,0.510851711049486,"CALM1",1
"GO:1904063","negative regulation of cation transmembrane transport","1/88","80/18860",0.0125,2.67897727272727,1.03035625162234,0.312668114454612,0.527849005014646,0.510851711049486,"CALM1",1
"GO:0002697","regulation of immune effector process","3/88","421/18860",0.00712589073634204,1.52720794644785,0.749030853078391,0.313521606279386,0.527884655864519,0.510886213904441,"IL12RB1/SUSD4/AGER",3
"GO:0007596","blood coagulation","2/88","243/18860",0.00823045267489712,1.76393565282454,0.820635801821107,0.313752800832841,0.527884655864519,0.510886213904441,"VAV3/HPSE",2
"GO:0008406","gonad development","2/88","243/18860",0.00823045267489712,1.76393565282454,0.820635801821107,0.313752800832841,0.527884655864519,0.510886213904441,"RDH10/PLEKHA1",2
"GO:0034612","response to tumor necrosis factor","2/88","244/18860",0.00819672131147541,1.75670640834575,0.814562726752792,0.315470922170991,0.529689991595807,0.512633415923551,"MIR1246/MIR27B",2
"GO:0032720","negative regulation of tumor necrosis factor production","1/88","81/18860",0.0123456790123457,2.64590347923681,1.01637982390108,0.315888838944921,0.529689991595807,0.512633415923551,"GPNMB",1
"GO:0021953","central nervous system neuron differentiation","2/88","245/18860",0.00816326530612245,1.74953617810761,0.808517669292926,0.317188144129846,0.529689991595807,0.512633415923551,"NDNF/DISC1",2
"GO:0045017","glycerolipid biosynthetic process","2/88","245/18860",0.00816326530612245,1.74953617810761,0.808517669292926,0.317188144129846,0.529689991595807,0.512633415923551,"UBE3C/PIGX",2
"GO:0040013","negative regulation of locomotion","3/88","424/18860",0.00707547169811321,1.51640222984563,0.736347948225307,0.317360892556021,0.529689991595807,0.512633415923551,"PHLDB2/DLC1/RAP2C",3
"GO:0014032","neural crest cell development","1/88","82/18860",0.0121951219512195,2.61363636363636,1.00261298429227,0.319094642351537,0.529689991595807,0.512633415923551,"RDH10",1
"GO:0032436","positive regulation of proteasomal ubiquitin-dependent protein catabolic process","1/88","82/18860",0.0121951219512195,2.61363636363636,1.00261298429227,0.319094642351537,0.529689991595807,0.512633415923551,"DDA1",1
"GO:0046637","regulation of alpha-beta T cell differentiation","1/88","82/18860",0.0121951219512195,2.61363636363636,1.00261298429227,0.319094642351537,0.529689991595807,0.512633415923551,"IL12RB1",1
"GO:0071277","cellular response to calcium ion","1/88","82/18860",0.0121951219512195,2.61363636363636,1.00261298429227,0.319094642351537,0.529689991595807,0.512633415923551,"CPNE2",1
"GO:0090049","regulation of cell migration involved in sprouting angiogenesis","1/88","82/18860",0.0121951219512195,2.61363636363636,1.00261298429227,0.319094642351537,0.529689991595807,0.512633415923551,"MIR27B",1
"GO:0140056","organelle localization by membrane tethering","1/88","82/18860",0.0121951219512195,2.61363636363636,1.00261298429227,0.319094642351537,0.529689991595807,0.512633415923551,"CALM1",1
"GO:1902807","negative regulation of cell cycle G1/S phase transition","1/88","82/18860",0.0121951219512195,2.61363636363636,1.00261298429227,0.319094642351537,0.529689991595807,0.512633415923551,"GPNMB",1
"GO:0009743","response to carbohydrate","2/88","247/18860",0.00809716599190283,1.73536989326463,0.796510539849286,0.320619775049786,0.530337586215867,0.513260157314709,"MIR320B2/AGER",2
"GO:0021536","diencephalon development","1/88","83/18860",0.0120481927710843,2.58214676889376,0.989049676552415,0.32228559301045,0.530337586215867,0.513260157314709,"NDNF",1
"GO:0030593","neutrophil chemotaxis","1/88","83/18860",0.0120481927710843,2.58214676889376,0.989049676552415,0.32228559301045,0.530337586215867,0.513260157314709,"VAV3",1
"GO:1903008","organelle disassembly","1/88","83/18860",0.0120481927710843,2.58214676889376,0.989049676552415,0.32228559301045,0.530337586215867,0.513260157314709,"PLAAT3",1
"GO:1903556","negative regulation of tumor necrosis factor superfamily cytokine production","1/88","83/18860",0.0120481927710843,2.58214676889376,0.989049676552415,0.32228559301045,0.530337586215867,0.513260157314709,"GPNMB",1
"GO:0045137","development of primary sexual characteristics","2/88","248/18860",0.00806451612903226,1.7283724340176,0.790547943349536,0.322334127283653,0.530337586215867,0.513260157314709,"RDH10/PLEKHA1",2
"GO:0050817","coagulation","2/88","248/18860",0.00806451612903226,1.7283724340176,0.790547943349536,0.322334127283653,0.530337586215867,0.513260157314709,"VAV3/HPSE",2
"GO:1903050","regulation of proteolysis involved in protein catabolic process","2/88","248/18860",0.00806451612903226,1.7283724340176,0.790547943349536,0.322334127283653,0.530337586215867,0.513260157314709,"DDA1/DISC1",2
"GO:0042246","tissue regeneration","1/88","84/18860",0.0119047619047619,2.55140692640693,0.975684092555271,0.325461758948304,0.534202963581583,0.517001065457699,"MYMK",1
"GO:0048678","response to axon injury","1/88","84/18860",0.0119047619047619,2.55140692640693,0.975684092555271,0.325461758948304,0.534202963581583,0.517001065457699,"DHFR",1
"GO:0007599","hemostasis","2/88","250/18860",0.008,1.71454545454545,0.778703402298059,0.32575976556889,0.534202963581583,0.517001065457699,"VAV3/HPSE",2
"GO:0006909","phagocytosis","2/88","251/18860",0.00796812749003984,1.70771459616081,0.77282095440045,0.327470996555154,0.535361002777847,0.518121814572036,"VAV3/AGER",2
"GO:0019233","sensory perception of pain","1/88","85/18860",0.0117647058823529,2.52139037433155,0.962510659264425,0.328623207883783,0.535361002777847,0.518121814572036,"DISC1",1
"GO:0034766","negative regulation of monoatomic ion transmembrane transport","1/88","85/18860",0.0117647058823529,2.52139037433155,0.962510659264425,0.328623207883783,0.535361002777847,0.518121814572036,"CALM1",1
"GO:0035924","cellular response to vascular endothelial growth factor stimulus","1/88","85/18860",0.0117647058823529,2.52139037433155,0.962510659264425,0.328623207883783,0.535361002777847,0.518121814572036,"MIR27B",1
"GO:0051279","regulation of release of sequestered calcium ion into cytosol","1/88","85/18860",0.0117647058823529,2.52139037433155,0.962510659264425,0.328623207883783,0.535361002777847,0.518121814572036,"CALM1",1
"GO:0170040","proteinogenic amino acid catabolic process","1/88","85/18860",0.0117647058823529,2.52139037433155,0.962510659264425,0.328623207883783,0.535361002777847,0.518121814572036,"ACAT1",1
"GO:0000380","alternative mRNA splicing, via spliceosome","1/88","86/18860",0.0116279069767442,2.49207188160677,0.949524026535425,0.331770007228988,0.539896765862254,0.522511521307431,"RBFOX1",1
"GO:0002274","myeloid leukocyte activation","2/88","255/18860",0.00784313725490196,1.68092691622103,0.74955093156731,0.334304703051585,0.541443443725533,0.524008394514336,"CLEC12A/AGER",2
"GO:0009913","epidermal cell differentiation","2/88","255/18860",0.00784313725490196,1.68092691622103,0.74955093156731,0.334304703051585,0.541443443725533,0.524008394514336,"LCE3D/KRTAP6-2",2
"GO:0032412","regulation of monoatomic ion transmembrane transporter activity","1/88","87/18860",0.0114942528735632,2.46342737722048,0.936719055685662,0.33490222409081,0.541443443725533,0.524008394514336,"CALM1",1
"GO:0050871","positive regulation of B cell activation","1/88","87/18860",0.0114942528735632,2.46342737722048,0.936719055685662,0.33490222409081,0.541443443725533,0.524008394514336,"VAV3",1
"GO:0055117","regulation of cardiac muscle contraction","1/88","87/18860",0.0114942528735632,2.46342737722048,0.936719055685662,0.33490222409081,0.541443443725533,0.524008394514336,"CALM1",1
"GO:0170035","L-amino acid catabolic process","1/88","87/18860",0.0114942528735632,2.46342737722048,0.936719055685662,0.33490222409081,0.541443443725533,0.524008394514336,"ACAT1",1
"GO:0007159","leukocyte cell-cell adhesion","3/88","439/18860",0.00683371298405467,1.4645889418099,0.67435707906767,0.33656804381867,0.542361711994016,0.524897093577327,"IL12RB1/AGER/GPNMB",3
"GO:0010232","vascular transport","1/88","88/18860",0.0113636363636364,2.43543388429752,0.924090808775415,0.338019925272294,0.542361711994016,0.524897093577327,"AGER",1
"GO:0022898","regulation of transmembrane transporter activity","1/88","88/18860",0.0113636363636364,2.43543388429752,0.924090808775415,0.338019925272294,0.542361711994016,0.524897093577327,"CALM1",1
"GO:0043242","negative regulation of protein-containing complex disassembly","1/88","88/18860",0.0113636363636364,2.43543388429752,0.924090808775415,0.338019925272294,0.542361711994016,0.524897093577327,"STMN2",1
"GO:0048864","stem cell development","1/88","88/18860",0.0113636363636364,2.43543388429752,0.924090808775415,0.338019925272294,0.542361711994016,0.524897093577327,"RDH10",1
"GO:0086001","cardiac muscle cell action potential","1/88","88/18860",0.0113636363636364,2.43543388429752,0.924090808775415,0.338019925272294,0.542361711994016,0.524897093577327,"CALM1",1
"GO:0150104","transport across blood-brain barrier","1/88","88/18860",0.0113636363636364,2.43543388429752,0.924090808775415,0.338019925272294,0.542361711994016,0.524897093577327,"AGER",1
"GO:0007179","transforming growth factor beta receptor signaling pathway","2/88","258/18860",0.00775193798449612,1.66138125440451,0.732364539622222,0.339417467655556,0.544017878728872,0.526499929998817,"MIR27B/ZFYVE9",2
"GO:0045444","fat cell differentiation","2/88","259/18860",0.00772200772200772,1.65496665496665,0.726685206942749,0.341119201455525,0.546157517169114,0.52857066982752,"TBL1XR1/MIR27B",2
"GO:0001843","neural tube closure","1/88","90/18860",0.0111111111111111,2.38131313131313,0.899345678983158,0.344212046295358,0.548162285490682,0.530510882497433,"DLC1",1
"GO:0046928","regulation of neurotransmitter secretion","1/88","90/18860",0.0111111111111111,2.38131313131313,0.899345678983158,0.344212046295358,0.548162285490682,0.530510882497433,"CSPG5",1
"GO:0048708","astrocyte differentiation","1/88","90/18860",0.0111111111111111,2.38131313131313,0.899345678983158,0.344212046295358,0.548162285490682,0.530510882497433,"AGER",1
"GO:0097009","energy homeostasis","1/88","90/18860",0.0111111111111111,2.38131313131313,0.899345678983158,0.344212046295358,0.548162285490682,0.530510882497433,"TBL1XR1",1
"GO:0098869","cellular oxidant detoxification","1/88","90/18860",0.0111111111111111,2.38131313131313,0.899345678983158,0.344212046295358,0.548162285490682,0.530510882497433,"DHFR",1
"GO:0032481","positive regulation of type I interferon production","1/88","91/18860",0.010989010989011,2.35514485514486,0.887219836415175,0.347286598236008,0.550702603592563,0.532969399680618,"CLEC12A",1
"GO:0060606","tube closure","1/88","91/18860",0.010989010989011,2.35514485514486,0.887219836415175,0.347286598236008,0.550702603592563,0.532969399680618,"DLC1",1
"GO:0150076","neuroinflammatory response","1/88","91/18860",0.010989010989011,2.35514485514486,0.887219836415175,0.347286598236008,0.550702603592563,0.532969399680618,"AGER",1
"GO:1901568","fatty acid derivative metabolic process","1/88","91/18860",0.010989010989011,2.35514485514486,0.887219836415175,0.347286598236008,0.550702603592563,0.532969399680618,"ACAT1",1
"GO:0010001","glial cell differentiation","2/88","263/18860",0.00760456273764259,1.62979605945385,0.704209308210182,0.34791286598774,0.551108784527388,0.533362501161496,"CSPG5/AGER",2
"GO:0032984","protein-containing complex disassembly","2/88","264/18860",0.00757575757575758,1.62362258953168,0.698649618956715,0.349607842564408,0.552612851864471,0.534818135946033,"CALM1/STMN2",2
"GO:0034599","cellular response to oxidative stress","2/88","264/18860",0.00757575757575758,1.62362258953168,0.698649618956715,0.349607842564408,0.552612851864471,0.534818135946033,"DHFR/PLEKHA1",2
"GO:0022406","membrane docking","1/88","92/18860",0.0108695652173913,2.32954545454545,0.875252781183883,0.350346898697153,0.552612851864471,0.534818135946033,"CALM1",1
"GO:0060021","roof of mouth development","1/88","92/18860",0.0108695652173913,2.32954545454545,0.875252781183883,0.350346898697153,0.552612851864471,0.534818135946033,"PLEKHA1",1
"GO:0090257","regulation of muscle system process","2/88","266/18860",0.0075187969924812,1.61141490088859,0.687599919773018,0.352993501108481,0.552733399507898,0.534934801828364,"CALM1/MYMK",2
"GO:0032102","negative regulation of response to external stimulus","3/88","452/18860",0.00663716814159292,1.42246580852776,0.622447710776163,0.353202396627517,0.552733399507898,0.534934801828364,"CLEC12A/SUSD4/PHLDB2",3
"GO:0002088","lens development in camera-type eye","1/88","93/18860",0.010752688172043,2.30449657869013,0.863440439773522,0.353393012982887,0.552733399507898,0.534934801828364,"PLAAT3",1
"GO:0006487","protein N-linked glycosylation","1/88","93/18860",0.010752688172043,2.30449657869013,0.863440439773522,0.353393012982887,0.552733399507898,0.534934801828364,"UGGT1",1
"GO:0032008","positive regulation of TOR signaling","1/88","93/18860",0.010752688172043,2.30449657869013,0.863440439773522,0.353393012982887,0.552733399507898,0.534934801828364,"RRAGB",1
"GO:0035023","regulation of Rho protein signal transduction","1/88","93/18860",0.010752688172043,2.30449657869013,0.863440439773522,0.353393012982887,0.552733399507898,0.534934801828364,"DLC1",1
"GO:0072384","organelle transport along microtubule","1/88","93/18860",0.010752688172043,2.30449657869013,0.863440439773522,0.353393012982887,0.552733399507898,0.534934801828364,"SYNE2",1
"GO:0097581","lamellipodium organization","1/88","93/18860",0.010752688172043,2.30449657869013,0.863440439773522,0.353393012982887,0.552733399507898,0.534934801828364,"VAV3",1
"GO:0050870","positive regulation of T cell activation","2/88","267/18860",0.00749063670411985,1.6053796390875,0.682109502431928,0.354684136309538,0.554170701956876,0.536325821624519,"IL12RB1/AGER",2
"GO:0042100","B cell proliferation","1/88","94/18860",0.0106382978723404,2.27998065764023,0.851778887410513,0.356425006101526,0.555724433597039,0.537829521469264,"VAV3",1
"GO:0048704","embryonic skeletal system morphogenesis","1/88","94/18860",0.0106382978723404,2.27998065764023,0.851778887410513,0.356425006101526,0.555724433597039,0.537829521469264,"RDH10",1
"GO:0014033","neural crest cell differentiation","1/88","95/18860",0.0105263157894737,2.25598086124402,0.840264341087267,0.359442942766935,0.55809232719496,0.540121166399138,"RDH10",1
"GO:0050672","negative regulation of lymphocyte proliferation","1/88","95/18860",0.0105263157894737,2.25598086124402,0.840264341087267,0.359442942766935,0.55809232719496,0.540121166399138,"GPNMB",1
"GO:0072091","regulation of stem cell proliferation","1/88","95/18860",0.0105263157894737,2.25598086124402,0.840264341087267,0.359442942766935,0.55809232719496,0.540121166399138,"MIR320B2",1
"GO:1904705","regulation of vascular associated smooth muscle cell proliferation","1/88","95/18860",0.0105263157894737,2.25598086124402,0.840264341087267,0.359442942766935,0.55809232719496,0.540121166399138,"MIR27B",1
"GO:0032465","regulation of cytokinesis","1/88","96/18860",0.0104166666666667,2.23248106060606,0.828893152983503,0.362446887399843,0.560418915200795,0.5423728358205,"CALM1",1
"GO:0060996","dendritic spine development","1/88","96/18860",0.0104166666666667,2.23248106060606,0.828893152983503,0.362446887399843,0.560418915200795,0.5423728358205,"DISC1",1
"GO:0097194","execution phase of apoptosis","1/88","96/18860",0.0104166666666667,2.23248106060606,0.828893152983503,0.362446887399843,0.560418915200795,0.5423728358205,"DLC1",1
"GO:1901879","regulation of protein depolymerization","1/88","96/18860",0.0104166666666667,2.23248106060606,0.828893152983503,0.362446887399843,0.560418915200795,0.5423728358205,"STMN2",1
"GO:0072522","purine-containing compound biosynthetic process","2/88","273/18860",0.00732600732600733,1.57009657009657,0.649636616502134,0.364795795537405,0.560964484792075,0.542900837496271,"ACAT1/NADK2",2
"GO:0009791","post-embryonic development","1/88","97/18860",0.0103092783505155,2.20946579194002,0.817661804258513,0.365436904129155,0.560964484792075,0.542900837496271,"PLEKHA1",1
"GO:0014020","primary neural tube formation","1/88","97/18860",0.0103092783505155,2.20946579194002,0.817661804258513,0.365436904129155,0.560964484792075,0.542900837496271,"DLC1",1
"GO:0032945","negative regulation of mononuclear cell proliferation","1/88","97/18860",0.0103092783505155,2.20946579194002,0.817661804258513,0.365436904129155,0.560964484792075,0.542900837496271,"GPNMB",1
"GO:0045132","meiotic chromosome segregation","1/88","97/18860",0.0103092783505155,2.20946579194002,0.817661804258513,0.365436904129155,0.560964484792075,0.542900837496271,"SYCE1",1
"GO:0140029","exocytic process","1/88","97/18860",0.0103092783505155,2.20946579194002,0.817661804258513,0.365436904129155,0.560964484792075,0.542900837496271,"SYNGR3",1
"GO:1990874","vascular associated smooth muscle cell proliferation","1/88","97/18860",0.0103092783505155,2.20946579194002,0.817661804258513,0.365436904129155,0.560964484792075,0.542900837496271,"MIR27B",1
"GO:0001657","ureteric bud development","1/88","98/18860",0.0102040816326531,2.18692022263451,0.806566899189845,0.368413056793262,0.562165090625619,0.544062782557331,"CALB1",1
"GO:0048661","positive regulation of smooth muscle cell proliferation","1/88","98/18860",0.0102040816326531,2.18692022263451,0.806566899189845,0.368413056793262,0.562165090625619,0.544062782557331,"MIR27B",1
"GO:0060993","kidney morphogenesis","1/88","98/18860",0.0102040816326531,2.18692022263451,0.806566899189845,0.368413056793262,0.562165090625619,0.544062782557331,"CALB1",1
"GO:0071677","positive regulation of mononuclear cell migration","1/88","98/18860",0.0102040816326531,2.18692022263451,0.806566899189845,0.368413056793262,0.562165090625619,0.544062782557331,"AGER",1
"GO:1901606","alpha-amino acid catabolic process","1/88","98/18860",0.0102040816326531,2.18692022263451,0.806566899189845,0.368413056793262,0.562165090625619,0.544062782557331,"ACAT1",1
"GO:0001942","hair follicle development","1/88","99/18860",0.0101010101010101,2.16483011937557,0.795605159635738,0.371375408941337,0.562165090625619,0.544062782557331,"HPSE",1
"GO:0035278","miRNA-mediated gene silencing by inhibition of translation","1/88","99/18860",0.0101010101010101,2.16483011937557,0.795605159635738,0.371375408941337,0.562165090625619,0.544062782557331,"MIR27B",1
"GO:0043502","regulation of muscle adaptation","1/88","99/18860",0.0101010101010101,2.16483011937557,0.795605159635738,0.371375408941337,0.562165090625619,0.544062782557331,"MYMK",1
"GO:0050848","regulation of calcium-mediated signaling","1/88","99/18860",0.0101010101010101,2.16483011937557,0.795605159635738,0.371375408941337,0.562165090625619,0.544062782557331,"CALM1",1
"GO:0061337","cardiac conduction","1/88","99/18860",0.0101010101010101,2.16483011937557,0.795605159635738,0.371375408941337,0.562165090625619,0.544062782557331,"CALM1",1
"GO:0072163","mesonephric epithelium development","1/88","99/18860",0.0101010101010101,2.16483011937557,0.795605159635738,0.371375408941337,0.562165090625619,0.544062782557331,"CALB1",1
"GO:0072164","mesonephric tubule development","1/88","99/18860",0.0101010101010101,2.16483011937557,0.795605159635738,0.371375408941337,0.562165090625619,0.544062782557331,"CALB1",1
"GO:1904892","regulation of receptor signaling pathway via STAT","1/88","99/18860",0.0101010101010101,2.16483011937557,0.795605159635738,0.371375408941337,0.562165090625619,0.544062782557331,"CALM1",1
"GO:0006790","sulfur compound metabolic process","2/88","277/18860",0.0072202166064982,1.54742369543814,0.628421386719116,0.371504667008468,0.562165090625619,0.544062782557331,"ACAT1/MMACHC",2
"GO:0048762","mesenchymal cell differentiation","2/88","278/18860",0.00719424460431655,1.54185742315239,0.623170076303406,0.373177660224869,0.564123386878,0.545958019607636,"RDH10/AMER1",2
"GO:0140115","export across plasma membrane","1/88","100/18860",0.01,2.14318181818182,0.784773419800327,0.374324023834635,0.564357983175375,0.546185061657126,"CALM1",1
"GO:2000781","positive regulation of double-strand break repair","1/88","100/18860",0.01,2.14318181818182,0.784773419800327,0.374324023834635,0.564357983175375,0.546185061657126,"AGER",1
"GO:0006898","receptor-mediated endocytosis","2/88","279/18860",0.00716845878136201,1.53633105246008,0.617939412998117,0.374848922337438,0.564357983175375,0.546185061657126,"SUSD4/MIR27B",2
"GO:1903522","regulation of blood circulation","2/88","279/18860",0.00716845878136201,1.53633105246008,0.617939412998117,0.374848922337438,0.564357983175375,0.546185061657126,"CALM1/AGER",2
"GO:0034446","substrate adhesion-dependent cell spreading","1/88","101/18860",0.0099009900990099,2.12196219621962,0.774068621282199,0.377258964447778,0.564395271163398,0.546221148932658,"CSPG5",1
"GO:0048640","negative regulation of developmental growth","1/88","101/18860",0.0099009900990099,2.12196219621962,0.774068621282199,0.377258964447778,0.564395271163398,0.546221148932658,"BCL11A",1
"GO:1903035","negative regulation of response to wounding","1/88","101/18860",0.0099009900990099,2.12196219621962,0.774068621282199,0.377258964447778,0.564395271163398,0.546221148932658,"PHLDB2",1
"GO:0001906","cell killing","2/88","281/18860",0.00711743772241993,1.52539631187318,0.607539341308561,0.378186172556399,0.564395271163398,0.546221148932658,"IL12RB1/AGER",2
"GO:0007188","adenylate cyclase-modulating G protein-coupled receptor signaling pathway","2/88","281/18860",0.00711743772241993,1.52539631187318,0.607539341308561,0.378186172556399,0.564395271163398,0.546221148932658,"ADGRG5/S1PR5",2
"GO:0042593","glucose homeostasis","2/88","281/18860",0.00711743772241993,1.52539631187318,0.607539341308561,0.378186172556399,0.564395271163398,0.546221148932658,"MIR320B2/AGER",2
"GO:0033500","carbohydrate homeostasis","2/88","282/18860",0.00709219858156028,1.51998710509349,0.602369594879534,0.379852120868217,0.564395271163398,0.546221148932658,"MIR320B2/AGER",2
"GO:0002042","cell migration involved in sprouting angiogenesis","1/88","102/18860",0.00980392156862745,2.10115864527629,0.76348780838832,0.380180293470039,0.564395271163398,0.546221148932658,"MIR27B",1
"GO:0002275","myeloid cell activation involved in immune response","1/88","102/18860",0.00980392156862745,2.10115864527629,0.76348780838832,0.380180293470039,0.564395271163398,0.546221148932658,"CLEC12A",1
"GO:0022404","molting cycle process","1/88","102/18860",0.00980392156862745,2.10115864527629,0.76348780838832,0.380180293470039,0.564395271163398,0.546221148932658,"HPSE",1
"GO:0022405","hair cycle process","1/88","102/18860",0.00980392156862745,2.10115864527629,0.76348780838832,0.380180293470039,0.564395271163398,0.546221148932658,"HPSE",1
"GO:0042982","amyloid precursor protein metabolic process","1/88","102/18860",0.00980392156862745,2.10115864527629,0.76348780838832,0.380180293470039,0.564395271163398,0.546221148932658,"AGER",1
"GO:0046330","positive regulation of JNK cascade","1/88","102/18860",0.00980392156862745,2.10115864527629,0.76348780838832,0.380180293470039,0.564395271163398,0.546221148932658,"AGER",1
"GO:0050773","regulation of dendrite development","1/88","102/18860",0.00980392156862745,2.10115864527629,0.76348780838832,0.380180293470039,0.564395271163398,0.546221148932658,"BCL11A",1
"GO:0006935","chemotaxis","3/88","474/18860",0.00632911392405063,1.35644418872267,0.538124140463214,0.381243438135369,0.564903846387282,0.546713347498631,"VAV3/AGER/GPNMB",3
"GO:0051054","positive regulation of DNA metabolic process","2/88","283/18860",0.00706713780918728,1.51461612592355,0.597219819406906,0.381516258483895,0.564903846387282,0.546713347498631,"AGER/BRPF3",2
"GO:0001823","mesonephros development","1/88","103/18860",0.00970873786407767,2.08075904677846,0.753028123696618,0.383088073306623,0.564903846387282,0.546713347498631,"CALB1",1
"GO:0032755","positive regulation of interleukin-6 production","1/88","103/18860",0.00970873786407767,2.08075904677846,0.753028123696618,0.383088073306623,0.564903846387282,0.546713347498631,"AGER",1
"GO:0042542","response to hydrogen peroxide","1/88","103/18860",0.00970873786407767,2.08075904677846,0.753028123696618,0.383088073306623,0.564903846387282,0.546713347498631,"PLEKHA1",1
"GO:0043648","dicarboxylic acid metabolic process","1/88","103/18860",0.00970873786407767,2.08075904677846,0.753028123696618,0.383088073306623,0.564903846387282,0.546713347498631,"DHFR",1
"GO:0007611","learning or memory","2/88","284/18860",0.00704225352112676,1.50928297055058,0.59208985088461,0.383178566051816,0.564903846387282,0.546713347498631,"CALB1/AGER",2
"GO:0042330","taxis","3/88","476/18860",0.00630252100840336,1.3507448433919,0.530664650978493,0.383782155788831,0.565120691340238,0.546923209815692,"VAV3/AGER/GPNMB",3
"GO:1901888","regulation of cell junction assembly","2/88","285/18860",0.00701754385964912,1.50398724082935,0.586979527257189,0.384839024435818,0.565120691340238,0.546923209815692,"PHLDB2/DLC1",2
"GO:0009062","fatty acid catabolic process","1/88","104/18860",0.00961538461538462,2.06075174825175,0.742686803851767,0.385982366079935,0.565120691340238,0.546923209815692,"ACAT1",1
"GO:0031110","regulation of microtubule polymerization or depolymerization","1/88","104/18860",0.00961538461538462,2.06075174825175,0.742686803851767,0.385982366079935,0.565120691340238,0.546923209815692,"STMN2",1
"GO:0032602","chemokine production","1/88","104/18860",0.00961538461538462,2.06075174825175,0.742686803851767,0.385982366079935,0.565120691340238,0.546923209815692,"AGER",1
"GO:0032642","regulation of chemokine production","1/88","104/18860",0.00961538461538462,2.06075174825175,0.742686803851767,0.385982366079935,0.565120691340238,0.546923209815692,"AGER",1
"GO:0045824","negative regulation of innate immune response","1/88","104/18860",0.00961538461538462,2.06075174825175,0.742686803851767,0.385982366079935,0.565120691340238,0.546923209815692,"SUSD4",1
"GO:0001841","neural tube formation","1/88","105/18860",0.00952380952380952,2.04112554112554,0.73246117557977,0.38886323363085,0.566827834763856,0.548575381422869,"DLC1",1
"GO:0070664","negative regulation of leukocyte proliferation","1/88","105/18860",0.00952380952380952,2.04112554112554,0.73246117557977,0.38886323363085,0.566827834763856,0.548575381422869,"GPNMB",1
"GO:0097006","regulation of plasma lipoprotein particle levels","1/88","105/18860",0.00952380952380952,2.04112554112554,0.73246117557977,0.38886323363085,0.566827834763856,0.548575381422869,"MIR27B",1
"GO:0010721","negative regulation of cell development","2/88","288/18860",0.00694444444444444,1.48832070707071,0.571764833819761,0.389809116322051,0.566827834763856,0.548575381422869,"CLEC12A/BCL11A",2
"GO:1903039","positive regulation of leukocyte cell-cell adhesion","2/88","289/18860",0.0069204152249135,1.48317080843032,0.56673150718638,0.391461990863847,0.566827834763856,0.548575381422869,"IL12RB1/AGER",2
"GO:0006637","acyl-CoA metabolic process","1/88","106/18860",0.00943396226415094,2.02186963979417,0.722348651907976,0.391730737519972,0.566827834763856,0.548575381422869,"ACAT1",1
"GO:0035279","miRNA-mediated gene silencing by mRNA destabilization","1/88","106/18860",0.00943396226415094,2.02186963979417,0.722348651907976,0.391730737519972,0.566827834763856,0.548575381422869,"MIR27B",1
"GO:0035383","thioester metabolic process","1/88","106/18860",0.00943396226415094,2.02186963979417,0.722348651907976,0.391730737519972,0.566827834763856,0.548575381422869,"ACAT1",1
"GO:0046889","positive regulation of lipid biosynthetic process","1/88","106/18860",0.00943396226415094,2.02186963979417,0.722348651907976,0.391730737519972,0.566827834763856,0.548575381422869,"RDH10",1
"GO:1990266","neutrophil migration","1/88","106/18860",0.00943396226415094,2.02186963979417,0.722348651907976,0.391730737519972,0.566827834763856,0.548575381422869,"VAV3",1
"GO:0022411","cellular component disassembly","3/88","483/18860",0.0062111801242236,1.33116883116883,0.504813669705945,0.392650140934381,0.566827834763856,0.548575381422869,"CALM1/PLAAT3/STMN2",3
"GO:0006942","regulation of striated muscle contraction","1/88","107/18860",0.00934579439252336,2.00297366185217,0.712346728578113,0.39458493902889,0.566827834763856,0.548575381422869,"CALM1",1
"GO:0008585","female gonad development","1/88","107/18860",0.00934579439252336,2.00297366185217,0.712346728578113,0.39458493902889,0.566827834763856,0.548575381422869,"PLEKHA1",1
"GO:0019395","fatty acid oxidation","1/88","107/18860",0.00934579439252336,2.00297366185217,0.712346728578113,0.39458493902889,0.566827834763856,0.548575381422869,"ACAT1",1
"GO:0030101","natural killer cell activation","1/88","107/18860",0.00934579439252336,2.00297366185217,0.712346728578113,0.39458493902889,0.566827834763856,0.548575381422869,"CLEC12A",1
"GO:0035082","axoneme assembly","1/88","107/18860",0.00934579439252336,2.00297366185217,0.712346728578113,0.39458493902889,0.566827834763856,0.548575381422869,"DNAI2",1
"GO:1903432","regulation of TORC1 signaling","1/88","107/18860",0.00934579439252336,2.00297366185217,0.712346728578113,0.39458493902889,0.566827834763856,0.548575381422869,"RRAGB",1
"GO:0021537","telencephalon development","2/88","291/18860",0.00687285223367698,1.47297719462668,0.556721291478691,0.394761897011497,0.566827834763856,0.548575381422869,"SYNE2/DISC1",2
"GO:0051258","protein polymerization","2/88","291/18860",0.00687285223367698,1.47297719462668,0.556721291478691,0.394761897011497,0.566827834763856,0.548575381422869,"STMN2/ARHGAP18",2
"GO:0051962","positive regulation of nervous system development","2/88","291/18860",0.00687285223367698,1.47297719462668,0.556721291478691,0.394761897011497,0.566827834763856,0.548575381422869,"BCL11A/DISC1",2
"GO:0003012","muscle system process","3/88","485/18860",0.00618556701030928,1.32567947516401,0.497499877890102,0.395178476276126,0.566879336392247,0.548625224644577,"CALM1/MYH1/MYMK",3
"GO:0001960","negative regulation of cytokine-mediated signaling pathway","1/88","108/18860",0.00925925925925926,1.98442760942761,0.702452980640753,0.397425899161426,0.568460291884115,0.550155271704325,"MIR27B",1
"GO:0010507","negative regulation of autophagy","1/88","108/18860",0.00925925925925926,1.98442760942761,0.702452980640753,0.397425899161426,0.568460291884115,0.550155271704325,"RRAGB",1
"GO:0014897","striated muscle hypertrophy","1/88","108/18860",0.00925925925925926,1.98442760942761,0.702452980640753,0.397425899161426,0.568460291884115,0.550155271704325,"MYMK",1
"GO:0002443","leukocyte mediated immunity","3/88","488/18860",0.00614754098360656,1.31752980625931,0.486588213134134,0.398966173114795,0.570115769450989,0.551757441149767,"IL12RB1/SUSD4/AGER",3
"GO:0031398","positive regulation of protein ubiquitination","1/88","109/18860",0.00917431192660551,1.96622185154295,0.692665059220435,0.400253678644884,0.571407217164172,0.553007302886255,"AMER1",1
"GO:0001938","positive regulation of endothelial cell proliferation","1/88","110/18860",0.00909090909090909,1.94834710743802,0.682980688441408,0.403068337931281,0.572680109904273,0.554239207139337,"MIR27B",1
"GO:0014896","muscle hypertrophy","1/88","110/18860",0.00909090909090909,1.94834710743802,0.682980688441408,0.403068337931281,0.572680109904273,0.554239207139337,"MYMK",1
"GO:0019751","polyol metabolic process","1/88","110/18860",0.00909090909090909,1.94834710743802,0.682980688441408,0.403068337931281,0.572680109904273,0.554239207139337,"DHFR",1
"GO:0035249","synaptic transmission, glutamatergic","1/88","110/18860",0.00909090909090909,1.94834710743802,0.682980688441408,0.403068337931281,0.572680109904273,0.554239207139337,"DISC1",1
"GO:0046785","microtubule polymerization","1/88","110/18860",0.00909090909090909,1.94834710743802,0.682980688441408,0.403068337931281,0.572680109904273,0.554239207139337,"STMN2",1
"GO:0007548","sex differentiation","2/88","297/18860",0.00673400673400673,1.44322007958372,0.527131492688621,0.404613610542787,0.57432761305835,0.555833658956475,"RDH10/PLEKHA1",2
"GO:0009063","amino acid catabolic process","1/88","111/18860",0.00900900900900901,1.93079443079443,0.67339766250463,0.405869937198591,0.575014592282305,0.556498516725796,"ACAT1",1
"GO:0046545","development of primary female sexual characteristics","1/88","111/18860",0.00900900900900901,1.93079443079443,0.67339766250463,0.405869937198591,0.575014592282305,0.556498516725796,"PLEKHA1",1
"GO:0002027","regulation of heart rate","1/88","112/18860",0.00892857142857143,1.91355519480519,0.663913842907267,0.40865853635196,0.577317419950729,0.558727190917641,"CALM1",1
"GO:0002526","acute inflammatory response","1/88","112/18860",0.00892857142857143,1.91355519480519,0.663913842907267,0.40865853635196,0.577317419950729,0.558727190917641,"SAA2",1
"GO:0042632","cholesterol homeostasis","1/88","112/18860",0.00892857142857143,1.91355519480519,0.663913842907267,0.40865853635196,0.577317419950729,0.558727190917641,"MIR27B",1
"GO:0055092","sterol homeostasis","1/88","113/18860",0.00884955752212389,1.89662107803701,0.654527155796554,0.41143419502494,0.580137799613765,0.561456751384712,"MIR27B",1
"GO:0060761","negative regulation of response to cytokine stimulus","1/88","113/18860",0.00884955752212389,1.89662107803701,0.654527155796554,0.41143419502494,0.580137799613765,0.561456751384712,"MIR27B",1
"GO:0048511","rhythmic process","2/88","302/18860",0.00662251655629139,1.41932570740518,0.502961529645974,0.412766361762453,0.580964334551129,0.562256671026472,"PLEKHA1/RPE65",2
"GO:0016049","cell growth","3/88","499/18860",0.00601202404809619,1.28848606303516,0.447169668804467,0.412800715886565,0.580964334551129,0.562256671026472,"SYT14P1/BCL11A/DISC1",3
"GO:0006029","proteoglycan metabolic process","1/88","114/18860",0.0087719298245614,1.87998405103668,0.645235589450367,0.414196972580699,0.581829520917604,0.563093997480612,"HPSE",1
"GO:0006664","glycolipid metabolic process","1/88","114/18860",0.0087719298245614,1.87998405103668,0.645235589450367,0.414196972580699,0.581829520917604,0.563093997480612,"PIGX",1
"GO:0045165","cell fate commitment","2/88","304/18860",0.00657894736842105,1.40998803827751,0.493413683676628,0.416012462587448,0.582942700432493,0.564171331442567,"IL12RB1/LY9",2
"GO:0034440","lipid oxidation","1/88","115/18860",0.00869565217391304,1.86363636363636,0.636037191877397,0.416946928113234,0.582942700432493,0.564171331442567,"ACAT1",1
"GO:0042116","macrophage activation","1/88","115/18860",0.00869565217391304,1.86363636363636,0.636037191877397,0.416946928113234,0.582942700432493,0.564171331442567,"AGER",1
"GO:0043271","negative regulation of monoatomic ion transport","1/88","115/18860",0.00869565217391304,1.86363636363636,0.636037191877397,0.416946928113234,0.582942700432493,0.564171331442567,"CALM1",1
"GO:1903509","liposaccharide metabolic process","1/88","115/18860",0.00869565217391304,1.86363636363636,0.636037191877397,0.416946928113234,0.582942700432493,0.564171331442567,"PIGX",1
"GO:0007229","integrin-mediated signaling pathway","1/88","117/18860",0.00854700854700855,1.83177933177933,0.617912380125173,0.422408608146003,0.58891986660056,0.569956026564043,"VAV3",1
"GO:0048024","regulation of mRNA splicing, via spliceosome","1/88","117/18860",0.00854700854700855,1.83177933177933,0.617912380125173,0.422408608146003,0.58891986660056,0.569956026564043,"RBFOX1",1
"GO:1901800","positive regulation of proteasomal protein catabolic process","1/88","117/18860",0.00854700854700855,1.83177933177933,0.617912380125173,0.422408608146003,0.58891986660056,0.569956026564043,"DDA1",1
"GO:0071560","cellular response to transforming growth factor beta stimulus","2/88","311/18860",0.00643086816720257,1.37825197310728,0.460517925488404,0.427304090943933,0.595187831071577,0.576022155976805,"MIR27B/ZFYVE9",2
"GO:0044272","sulfur compound biosynthetic process","1/88","119/18860",0.00840336134453781,1.80099312452254,0.600138214943704,0.427819702537523,0.595349100073244,0.576178231946747,"ACAT1",1
"GO:0044344","cellular response to fibroblast growth factor stimulus","1/88","120/18860",0.00833333333333333,1.78598484848485,0.591378317675221,0.430506425027075,0.59686145419317,0.577641886670991,"NDNF",1
"GO:1902106","negative regulation of leukocyte differentiation","1/88","120/18860",0.00833333333333333,1.78598484848485,0.591378317675221,0.430506425027075,0.59686145419317,0.577641886670991,"CLEC12A",1
"GO:1990748","cellular detoxification","1/88","120/18860",0.00833333333333333,1.78598484848485,0.591378317675221,0.430506425027075,0.59686145419317,0.577641886670991,"DHFR",1
"GO:0031348","negative regulation of defense response","2/88","313/18860",0.00638977635782748,1.36944525123439,0.451264131232405,0.430509873608774,0.59686145419317,0.577641886670991,"CLEC12A/SUSD4",2
"GO:0019218","regulation of steroid metabolic process","1/88","121/18860",0.00826446280991736,1.77122464312547,0.582701010662359,0.433180674471985,0.597781301472461,0.578532113898978,"MIR27B",1
"GO:0038202","TORC1 signaling","1/88","121/18860",0.00826446280991736,1.77122464312547,0.582701010662359,0.433180674471985,0.597781301472461,0.578532113898978,"RRAGB",1
"GO:0051261","protein depolymerization","1/88","121/18860",0.00826446280991736,1.77122464312547,0.582701010662359,0.433180674471985,0.597781301472461,0.578532113898978,"STMN2",1
"GO:0071621","granulocyte chemotaxis","1/88","121/18860",0.00826446280991736,1.77122464312547,0.582701010662359,0.433180674471985,0.597781301472461,0.578532113898978,"VAV3",1
"GO:0099072","regulation of postsynaptic membrane neurotransmitter receptor levels","1/88","121/18860",0.00826446280991736,1.77122464312547,0.582701010662359,0.433180674471985,0.597781301472461,0.578532113898978,"SUSD4",1
"GO:0018108","peptidyl-tyrosine phosphorylation","1/88","122/18860",0.00819672131147541,1.75670640834575,0.574104701580517,0.435842508115534,0.599233143660231,0.579937205239021,"RAP2C",1
"GO:0032609","type II interferon production","1/88","122/18860",0.00819672131147541,1.75670640834575,0.574104701580517,0.435842508115534,0.599233143660231,0.579937205239021,"IL12RB1",1
"GO:0032649","regulation of type II interferon production","1/88","122/18860",0.00819672131147541,1.75670640834575,0.574104701580517,0.435842508115534,0.599233143660231,0.579937205239021,"IL12RB1",1
"GO:0045833","negative regulation of lipid metabolic process","1/88","122/18860",0.00819672131147541,1.75670640834575,0.574104701580517,0.435842508115534,0.599233143660231,0.579937205239021,"MIR27B",1
"GO:0001666","response to hypoxia","2/88","317/18860",0.00630914826498423,1.35216518497276,0.432943720509664,0.436893528372895,0.600105296507028,0.580781273845478,"NDNF/AGER",2
"GO:0030100","regulation of endocytosis","2/88","318/18860",0.00628930817610063,1.34791309319611,0.428401949293955,0.438483550724463,0.600105296507028,0.580781273845478,"SUSD4/MIR27B",2
"GO:0048608","reproductive structure development","2/88","318/18860",0.00628930817610063,1.34791309319611,0.428401949293955,0.438483550724463,0.600105296507028,0.580781273845478,"RDH10/PLEKHA1",2
"GO:0071559","response to transforming growth factor beta","2/88","318/18860",0.00628930817610063,1.34791309319611,0.428401949293955,0.438483550724463,0.600105296507028,0.580781273845478,"MIR27B/ZFYVE9",2
"GO:0018212","peptidyl-tyrosine modification","1/88","123/18860",0.00813008130081301,1.74242424242424,0.565587842224434,0.438491982941334,0.600105296507028,0.580781273845478,"RAP2C",1
"GO:0045582","positive regulation of T cell differentiation","1/88","125/18860",0.008,1.71454545454545,0.548786491063847,0.443754082782766,0.606749154511973,0.587211192624433,"IL12RB1",1
"GO:0001838","embryonic epithelial tube formation","1/88","126/18860",0.00793650793650794,1.70093795093795,0.540499109580954,0.446366820477728,0.608130054658271,0.588547626331464,"DLC1",1
"GO:0043500","muscle adaptation","1/88","126/18860",0.00793650793650794,1.70093795093795,0.540499109580954,0.446366820477728,0.608130054658271,0.588547626331464,"MYMK",1
"GO:0046660","female sex differentiation","1/88","126/18860",0.00793650793650794,1.70093795093795,0.540499109580954,0.446366820477728,0.608130054658271,0.588547626331464,"PLEKHA1",1
"GO:0061458","reproductive system development","2/88","323/18860",0.00619195046439629,1.32704756543766,0.405917570294733,0.446397682835117,0.608130054658271,0.588547626331464,"RDH10/PLEKHA1",2
"GO:0021761","limbic system development","1/88","127/18860",0.0078740157480315,1.68754473872584,0.532285395640666,0.448967424715903,0.608845624227667,0.589240153806989,"NDNF",1
"GO:0030301","cholesterol transport","1/88","127/18860",0.0078740157480315,1.68754473872584,0.532285395640666,0.448967424715903,0.608845624227667,0.589240153806989,"MIR27B",1
"GO:0042303","molting cycle","1/88","127/18860",0.0078740157480315,1.68754473872584,0.532285395640666,0.448967424715903,0.608845624227667,0.589240153806989,"HPSE",1
"GO:0042633","hair cycle","1/88","127/18860",0.0078740157480315,1.68754473872584,0.532285395640666,0.448967424715903,0.608845624227667,0.589240153806989,"HPSE",1
"GO:1903707","negative regulation of hemopoiesis","1/88","127/18860",0.0078740157480315,1.68754473872584,0.532285395640666,0.448967424715903,0.608845624227667,0.589240153806989,"CLEC12A",1
"GO:0001824","blastocyst development","1/88","128/18860",0.0078125,1.67436079545455,0.524143999284275,0.451555951199915,0.61013322262856,0.590486290183096,"TBL1XR1",1
"GO:0071774","response to fibroblast growth factor","1/88","128/18860",0.0078125,1.67436079545455,0.524143999284275,0.451555951199915,0.61013322262856,0.590486290183096,"NDNF",1
"GO:0072329","monocarboxylic acid catabolic process","1/88","128/18860",0.0078125,1.67436079545455,0.524143999284275,0.451555951199915,0.61013322262856,0.590486290183096,"ACAT1",1
"GO:1903305","regulation of regulated secretory pathway","1/88","128/18860",0.0078125,1.67436079545455,0.524143999284275,0.451555951199915,0.61013322262856,0.590486290183096,"CSPG5",1
"GO:0030326","embryonic limb morphogenesis","1/88","129/18860",0.00775193798449612,1.66138125440451,0.516073606167441,0.454132455379629,0.61250292215604,0.592779682889695,"RDH10",1
"GO:0035113","embryonic appendage morphogenesis","1/88","129/18860",0.00775193798449612,1.66138125440451,0.516073606167441,0.454132455379629,0.61250292215604,0.592779682889695,"RDH10",1
"GO:0030833","regulation of actin filament polymerization","1/88","130/18860",0.00769230769230769,1.6486013986014,0.508072936345934,0.456696992453282,0.615203892159374,0.595393678813887,"ARHGAP18",1
"GO:0030217","T cell differentiation","2/88","330/18860",0.00606060606060606,1.29889807162534,0.37504878855702,0.457374552465028,0.615203892159374,0.595393678813887,"IL12RB1/LY9",2
"GO:0036293","response to decreased oxygen levels","2/88","330/18860",0.00606060606060606,1.29889807162534,0.37504878855702,0.457374552465028,0.615203892159374,0.595393678813887,"NDNF/AGER",2
"GO:0007613","memory","1/88","131/18860",0.00763358778625954,1.63601665510062,0.500140743111889,0.459249617368611,0.616611974988153,0.596756419892391,"CALB1",1
"GO:0072089","stem cell proliferation","1/88","131/18860",0.00763358778625954,1.63601665510062,0.500140743111889,0.459249617368611,0.616611974988153,0.596756419892391,"MIR320B2",1
"GO:1901293","nucleoside phosphate biosynthetic process","2/88","332/18860",0.00602409638554217,1.29107338444688,0.366355452908747,0.460488271423464,0.617575878603434,0.597689284795943,"ACAT1/NADK2",2
"GO:0002824","positive regulation of adaptive immune response based on somatic recombination of immune receptors built from immunoglobulin superfamily domains","1/88","132/18860",0.00757575757575758,1.62362258953168,0.492275811878112,0.461790384823978,0.617575878603434,0.597689284795943,"IL12RB1",1
"GO:0030512","negative regulation of transforming growth factor beta receptor signaling pathway","1/88","132/18860",0.00757575757575758,1.62362258953168,0.492275811878112,0.461790384823978,0.617575878603434,0.597689284795943,"MIR27B",1
"GO:1903322","positive regulation of protein modification by small protein conjugation or removal","1/88","132/18860",0.00757575757575758,1.62362258953168,0.492275811878112,0.461790384823978,0.617575878603434,0.597689284795943,"AMER1",1
"GO:0050890","cognition","2/88","333/18860",0.00600600600600601,1.28719628719629,0.362029350132893,0.462041322205658,0.617575878603434,0.597689284795943,"CALB1/AGER",2
"GO:0051209","release of sequestered calcium ion into cytosol","1/88","133/18860",0.0075187969924812,1.61141490088859,0.484476959108089,0.464319349269487,0.618433847996582,0.5985196266709,"CALM1",1
"GO:0062014","negative regulation of small molecule metabolic process","1/88","133/18860",0.0075187969924812,1.61141490088859,0.484476959108089,0.464319349269487,0.618433847996582,0.5985196266709,"MIR27B",1
"GO:1901875","positive regulation of post-translational protein modification","1/88","133/18860",0.0075187969924812,1.61141490088859,0.484476959108089,0.464319349269487,0.618433847996582,0.5985196266709,"AMER1",1
"GO:0062197","cellular response to chemical stress","2/88","335/18860",0.00597014925373134,1.27951153324288,0.353417801759527,0.465139754868445,0.618433847996582,0.5985196266709,"DHFR/PLEKHA1",2
"GO:0006906","vesicle fusion","1/88","134/18860",0.00746268656716418,1.5993894165536,0.476743031289508,0.466836564908098,0.618433847996582,0.5985196266709,"VAV3",1
"GO:0034763","negative regulation of transmembrane transport","1/88","134/18860",0.00746268656716418,1.5993894165536,0.476743031289508,0.466836564908098,0.618433847996582,0.5985196266709,"CALM1",1
"GO:0043244","regulation of protein-containing complex disassembly","1/88","134/18860",0.00746268656716418,1.5993894165536,0.476743031289508,0.466836564908098,0.618433847996582,0.5985196266709,"STMN2",1
"GO:0050864","regulation of B cell activation","1/88","134/18860",0.00746268656716418,1.5993894165536,0.476743031289508,0.466836564908098,0.618433847996582,0.5985196266709,"VAV3",1
"GO:0051283","negative regulation of sequestering of calcium ion","1/88","134/18860",0.00746268656716418,1.5993894165536,0.476743031289508,0.466836564908098,0.618433847996582,0.5985196266709,"CALM1",1
"GO:0097237","cellular response to toxic substance","1/88","134/18860",0.00746268656716418,1.5993894165536,0.476743031289508,0.466836564908098,0.618433847996582,0.5985196266709,"DHFR",1
"GO:0006805","xenobiotic metabolic process","1/88","135/18860",0.00740740740740741,1.58754208754209,0.469072903949199,0.469342085696739,0.620091573170595,0.600123971348163,"MIR27B",1
"GO:0007259","cell surface receptor signaling pathway via JAK-STAT","1/88","135/18860",0.00740740740740741,1.58754208754209,0.469072903949199,0.469342085696739,0.620091573170595,0.600123971348163,"CALM1",1
"GO:0002244","hematopoietic progenitor cell differentiation","1/88","136/18860",0.00735294117647059,1.57586898395722,0.461465480707531,0.471835965347403,0.620091573170595,0.600123971348163,"ANKLE1",1
"GO:0010595","positive regulation of endothelial cell migration","1/88","136/18860",0.00735294117647059,1.57586898395722,0.461465480707531,0.471835965347403,0.620091573170595,0.600123971348163,"MIR27B",1
"GO:0015918","sterol transport","1/88","136/18860",0.00735294117647059,1.57586898395722,0.461465480707531,0.471835965347403,0.620091573170595,0.600123971348163,"MIR27B",1
"GO:0032479","regulation of type I interferon production","1/88","136/18860",0.00735294117647059,1.57586898395722,0.461465480707531,0.471835965347403,0.620091573170595,0.600123971348163,"CLEC12A",1
"GO:0032606","type I interferon production","1/88","136/18860",0.00735294117647059,1.57586898395722,0.461465480707531,0.471835965347403,0.620091573170595,0.600123971348163,"CLEC12A",1
"GO:0048706","embryonic skeletal system development","1/88","136/18860",0.00735294117647059,1.57586898395722,0.461465480707531,0.471835965347403,0.620091573170595,0.600123971348163,"RDH10",1
"GO:0051282","regulation of sequestering of calcium ion","1/88","136/18860",0.00735294117647059,1.57586898395722,0.461465480707531,0.471835965347403,0.620091573170595,0.600123971348163,"CALM1",1
"GO:0002708","positive regulation of lymphocyte mediated immunity","1/88","137/18860",0.0072992700729927,1.56436629064366,0.453919692370411,0.474318257328253,0.621062406623571,0.601063542941338,"IL12RB1",1
"GO:0014902","myotube differentiation","1/88","137/18860",0.0072992700729927,1.56436629064366,0.453919692370411,0.474318257328253,0.621062406623571,0.601063542941338,"MYMK",1
"GO:0098773","skin epidermis development","1/88","137/18860",0.0072992700729927,1.56436629064366,0.453919692370411,0.474318257328253,0.621062406623571,0.601063542941338,"HPSE",1
"GO:0001578","microtubule bundle formation","1/88","138/18860",0.0072463768115942,1.5530303030303,0.446434496057107,0.476789014864712,0.621062406623571,0.601063542941338,"DNAI2",1
"GO:0002821","positive regulation of adaptive immune response","1/88","138/18860",0.0072463768115942,1.5530303030303,0.446434496057107,0.476789014864712,0.621062406623571,0.601063542941338,"IL12RB1",1
"GO:0007368","determination of left/right symmetry","1/88","138/18860",0.0072463768115942,1.5530303030303,0.446434496057107,0.476789014864712,0.621062406623571,0.601063542941338,"DNAI2",1
"GO:0022409","positive regulation of cell-cell adhesion","2/88","343/18860",0.00583090379008746,1.24966869864829,0.319500276169144,0.477429792622196,0.621062406623571,0.601063542941338,"IL12RB1/AGER",2
"GO:0000377","RNA splicing, via transesterification reactions with bulged adenosine as nucleophile","2/88","344/18860",0.00581395348837209,1.24603594080338,0.315318594478415,0.478954226907852,0.621062406623571,0.601063542941338,"RBFOX1/LSM5",2
"GO:0000398","mRNA splicing, via spliceosome","2/88","344/18860",0.00581395348837209,1.24603594080338,0.315318594478415,0.478954226907852,0.621062406623571,0.601063542941338,"RBFOX1/LSM5",2
"GO:0060562","epithelial tube morphogenesis","2/88","344/18860",0.00581395348837209,1.24603594080338,0.315318594478415,0.478954226907852,0.621062406623571,0.601063542941338,"RDH10/DLC1",2
"GO:0031623","receptor internalization","1/88","139/18860",0.00719424460431655,1.54185742315239,0.439008874362253,0.479248290940553,0.621062406623571,0.601063542941338,"SUSD4",1
"GO:0032434","regulation of proteasomal ubiquitin-dependent protein catabolic process","1/88","139/18860",0.00719424460431655,1.54185742315239,0.439008874362253,0.479248290940553,0.621062406623571,0.601063542941338,"DDA1",1
"GO:0050684","regulation of mRNA processing","1/88","139/18860",0.00719424460431655,1.54185742315239,0.439008874362253,0.479248290940553,0.621062406623571,0.601063542941338,"RBFOX1",1
"GO:0051053","negative regulation of DNA metabolic process","1/88","139/18860",0.00719424460431655,1.54185742315239,0.439008874362253,0.479248290940553,0.621062406623571,0.601063542941338,"ANKLE1",1
"GO:0072175","epithelial tube formation","1/88","139/18860",0.00719424460431655,1.54185742315239,0.439008874362253,0.479248290940553,0.621062406623571,0.601063542941338,"DLC1",1
"GO:0090174","organelle membrane fusion","1/88","139/18860",0.00719424460431655,1.54185742315239,0.439008874362253,0.479248290940553,0.621062406623571,0.601063542941338,"VAV3",1
"GO:0008202","steroid metabolic process","2/88","345/18860",0.00579710144927536,1.24242424242424,0.311149516180864,0.480476004529904,0.622111974560893,0.602079313685527,"MIR27B/PLEKHA1",2
"GO:0002698","negative regulation of immune effector process","1/88","140/18860",0.00714285714285714,1.53084415584416,0.431641834550441,0.481696138298987,0.622608984311798,0.602560319198933,"SUSD4",1
"GO:0051208","sequestering of calcium ion","1/88","140/18860",0.00714285714285714,1.53084415584416,0.431641834550441,0.481696138298987,0.622608984311798,0.602560319198933,"CALM1",1
"GO:0060485","mesenchyme development","2/88","347/18860",0.00576368876080692,1.23526329578203,0.302848834825972,0.483511555557015,0.623592954551662,0.603512604560621,"RDH10/AMER1",2
"GO:0008360","regulation of cell shape","1/88","141/18860",0.00709219858156028,1.51998710509349,0.42433240778192,0.484132609443735,0.623592954551662,0.603512604560621,"ARHGAP18",1
"GO:0030168","platelet activation","1/88","141/18860",0.00709219858156028,1.51998710509349,0.42433240778192,0.484132609443735,0.623592954551662,0.603512604560621,"VAV3",1
"GO:0045621","positive regulation of lymphocyte differentiation","1/88","141/18860",0.00709219858156028,1.51998710509349,0.42433240778192,0.484132609443735,0.623592954551662,0.603512604560621,"IL12RB1",1
"GO:0000375","RNA splicing, via transesterification reactions","2/88","348/18860",0.00574712643678161,1.23171368861024,0.298717066325344,0.485025312186767,0.624202843427914,0.604102854372638,"RBFOX1/LSM5",2
"GO:0045739","positive regulation of DNA repair","1/88","143/18860",0.00699300699300699,1.49872854418309,0.409882633054651,0.488971631916084,0.628195651357247,0.607967089680867,"AGER",1
"GO:0048593","camera-type eye morphogenesis","1/88","143/18860",0.00699300699300699,1.49872854418309,0.409882633054651,0.488971631916084,0.628195651357247,0.607967089680867,"CALB1",1
"GO:0010038","response to metal ion","2/88","351/18860",0.0056980056980057,1.22118622118622,0.286395073550725,0.489550408691218,0.628397033225193,0.608161986840542,"CALM1/CPNE2",2
"GO:0002832","negative regulation of response to biotic stimulus","1/88","144/18860",0.00694444444444444,1.48832070707071,0.402740460333576,0.49137428706335,0.628928346405099,0.608676191176403,"SUSD4",1
"GO:0050768","negative regulation of neurogenesis","1/88","144/18860",0.00694444444444444,1.48832070707071,0.402740460333576,0.49137428706335,0.628928346405099,0.608676191176403,"BCL11A",1
"GO:0002429","immune response-activating cell surface receptor signaling pathway","2/88","353/18860",0.0056657223796034,1.21426731908318,0.278240707852256,0.492553582963749,0.628928346405099,0.608676191176403,"VAV3/PLEKHA1",2
"GO:0000018","regulation of DNA recombination","1/88","145/18860",0.00689655172413793,1.47805642633229,0.395652249778612,0.493765773638389,0.628928346405099,0.608676191176403,"ANKLE1",1
"GO:0000086","G2/M transition of mitotic cell cycle","1/88","145/18860",0.00689655172413793,1.47805642633229,0.395652249778612,0.493765773638389,0.628928346405099,0.608676191176403,"CALM1",1
"GO:0001889","liver development","1/88","145/18860",0.00689655172413793,1.47805642633229,0.395652249778612,0.493765773638389,0.628928346405099,0.608676191176403,"ACAT1",1
"GO:0045834","positive regulation of lipid metabolic process","1/88","145/18860",0.00689655172413793,1.47805642633229,0.395652249778612,0.493765773638389,0.628928346405099,0.608676191176403,"RDH10",1
"GO:0050921","positive regulation of chemotaxis","1/88","145/18860",0.00689655172413793,1.47805642633229,0.395652249778612,0.493765773638389,0.628928346405099,0.608676191176403,"AGER",1
"GO:0060972","left/right pattern formation","1/88","145/18860",0.00689655172413793,1.47805642633229,0.395652249778612,0.493765773638389,0.628928346405099,0.608676191176403,"DNAI2",1
"GO:0050868","negative regulation of T cell activation","1/88","146/18860",0.00684931506849315,1.46793275217933,0.38861714140727,0.49614614296352,0.630677048429497,0.61036858315364,"GPNMB",1
"GO:0099175","regulation of postsynapse organization","1/88","146/18860",0.00684931506849315,1.46793275217933,0.38861714140727,0.49614614296352,0.630677048429497,0.61036858315364,"DISC1",1
"GO:0000045","autophagosome assembly","1/88","147/18860",0.00680272108843537,1.45794681508967,0.381634295065746,0.498515446127953,0.630677048429497,0.61036858315364,"UBE3C",1
"GO:0007266","Rho protein signal transduction","1/88","147/18860",0.00680272108843537,1.45794681508967,0.381634295065746,0.498515446127953,0.630677048429497,0.61036858315364,"DLC1",1
"GO:0030048","actin filament-based movement","1/88","147/18860",0.00680272108843537,1.45794681508967,0.381634295065746,0.498515446127953,0.630677048429497,0.61036858315364,"SYNE2",1
"GO:0030518","nuclear receptor-mediated steroid hormone signaling pathway","1/88","147/18860",0.00680272108843537,1.45794681508967,0.381634295065746,0.498515446127953,0.630677048429497,0.61036858315364,"CALCOCO1",1
"GO:0043401","steroid hormone receptor signaling pathway","1/88","147/18860",0.00680272108843537,1.45794681508967,0.381634295065746,0.498515446127953,0.630677048429497,0.61036858315364,"CALCOCO1",1
"GO:0070482","response to oxygen levels","2/88","357/18860",0.00560224089635854,1.20066208301502,0.262073882989058,0.498527122902296,0.630677048429497,0.61036858315364,"NDNF/AGER",2
"GO:0009799","specification of symmetry","1/88","148/18860",0.00675675675675676,1.44809582309582,0.374702889836569,0.500873733988838,0.630965304491861,0.610647557067165,"DNAI2",1
"GO:0009855","determination of bilateral symmetry","1/88","148/18860",0.00675675675675676,1.44809582309582,0.374702889836569,0.500873733988838,0.630965304491861,0.610647557067165,"DNAI2",1
"GO:0045598","regulation of fat cell differentiation","1/88","148/18860",0.00675675675675676,1.44809582309582,0.374702889836569,0.500873733988838,0.630965304491861,0.610647557067165,"MIR27B",1
"GO:0061008","hepaticobiliary system development","1/88","148/18860",0.00675675675675676,1.44809582309582,0.374702889836569,0.500873733988838,0.630965304491861,0.610647557067165,"ACAT1",1
"GO:0097530","granulocyte migration","1/88","148/18860",0.00675675675675676,1.44809582309582,0.374702889836569,0.500873733988838,0.630965304491861,0.610647557067165,"VAV3",1
"GO:0062012","regulation of small molecule metabolic process","2/88","360/18860",0.00555555555555556,1.19065656565657,0.250070547789707,0.502978343884781,0.632851481528343,0.612472997216289,"RDH10/MIR27B",2
"GO:0010565","regulation of ketone metabolic process","1/88","149/18860",0.00671140939597315,1.43837705918243,0.367822123467881,0.503221057172302,0.632851481528343,0.612472997216289,"RDH10",1
"GO:0008064","regulation of actin polymerization or depolymerization","1/88","150/18860",0.00666666666666667,1.42878787878788,0.360991211823413,0.50555746607449,0.634182870248455,0.613761513817211,"ARHGAP18",1
"GO:0046328","regulation of JNK cascade","1/88","150/18860",0.00666666666666667,1.42878787878788,0.360991211823413,0.50555746607449,0.634182870248455,0.613761513817211,"AGER",1
"GO:0071675","regulation of mononuclear cell migration","1/88","150/18860",0.00666666666666667,1.42878787878788,0.360991211823413,0.50555746607449,0.634182870248455,0.613761513817211,"AGER",1
"GO:0051961","negative regulation of nervous system development","1/88","151/18860",0.00662251655629139,1.41932570740518,0.35420938835228,0.507883010862595,0.636563807385862,0.61606578227086,"BCL11A",1
"GO:0021700","developmental maturation","2/88","364/18860",0.00549450549450549,1.17757242757243,0.234224709475328,0.508874378132873,0.637269931909039,0.616749168840603,"BCL11A/DISC1",2
"GO:0002687","positive regulation of leukocyte migration","1/88","152/18860",0.00657894736842105,1.40998803827751,0.347475903577743,0.510197741475888,0.638033865302406,0.617488502774022,"AGER",1
"GO:0045765","regulation of angiogenesis","2/88","365/18860",0.00547945205479452,1.17434620174346,0.230291096892503,0.510341392595813,0.638033865302406,0.617488502774022,"MIR27B/GPNMB",2
"GO:0030832","regulation of actin filament length","1/88","153/18860",0.0065359477124183,1.40077243018419,0.340790024604149,0.512501707626739,0.638589993854572,0.618026723401018,"ARHGAP18",1
"GO:0031109","microtubule polymerization or depolymerization","1/88","153/18860",0.0065359477124183,1.40077243018419,0.340790024604149,0.512501707626739,0.638589993854572,0.618026723401018,"STMN2",1
"GO:0035148","tube formation","1/88","153/18860",0.0065359477124183,1.40077243018419,0.340790024604149,0.512501707626739,0.638589993854572,0.618026723401018,"DLC1",1
"GO:0046165","alcohol biosynthetic process","1/88","153/18860",0.0065359477124183,1.40077243018419,0.340790024604149,0.512501707626739,0.638589993854572,0.618026723401018,"DHFR",1
"GO:0008584","male gonad development","1/88","154/18860",0.00649350649350649,1.39167650531287,0.33415103464128,0.514794958801639,0.64037568392284,0.619754912368151,"PLEKHA1",1
"GO:2001235","positive regulation of apoptotic signaling pathway","1/88","154/18860",0.00649350649350649,1.39167650531287,0.33415103464128,0.514794958801639,0.64037568392284,0.619754912368151,"MIR27B",1
"GO:0032368","regulation of lipid transport","1/88","155/18860",0.00645161290322581,1.38269794721408,0.327558232545388,0.51707754426221,0.641072825484123,0.620429605236834,"MIR27B",1
"GO:0046546","development of primary male sexual characteristics","1/88","155/18860",0.00645161290322581,1.38269794721408,0.327558232545388,0.51707754426221,0.641072825484123,0.620429605236834,"PLEKHA1",1
"GO:0060048","cardiac muscle contraction","1/88","155/18860",0.00645161290322581,1.38269794721408,0.327558232545388,0.51707754426221,0.641072825484123,0.620429605236834,"CALM1",1
"GO:1905037","autophagosome organization","1/88","155/18860",0.00645161290322581,1.38269794721408,0.327558232545388,0.51707754426221,0.641072825484123,0.620429605236834,"UBE3C",1
"GO:0006887","exocytosis","2/88","370/18860",0.00540540540540541,1.15847665847666,0.210786651795262,0.517634198112571,0.641229052404008,0.62058080148534,"SYNGR3/CSPG5",2
"GO:0006402","mRNA catabolic process","2/88","371/18860",0.00539083557951483,1.15535407988238,0.206918013454401,0.519084265758146,0.642490832679867,0.621801951107234,"MIR27B/LSM5",2
"GO:0006936","muscle contraction","2/88","372/18860",0.00537634408602151,1.15224828934506,0.20305997056089,0.520531489410639,0.643478584009301,0.622757895803424,"CALM1/MYH1",2
"GO:0030041","actin filament polymerization","1/88","157/18860",0.00636942675159236,1.36508396062536,0.314508462969432,0.521610913968587,0.643478584009301,0.622757895803424,"ARHGAP18",1
"GO:0035107","appendage morphogenesis","1/88","157/18860",0.00636942675159236,1.36508396062536,0.314508462969432,0.521610913968587,0.643478584009301,0.622757895803424,"RDH10",1
"GO:0035108","limb morphogenesis","1/88","157/18860",0.00636942675159236,1.36508396062536,0.314508462969432,0.521610913968587,0.643478584009301,0.622757895803424,"RDH10",1
"GO:0008203","cholesterol metabolic process","1/88","158/18860",0.00632911392405063,1.35644418872267,0.308050167523592,0.523861795622374,0.645186280960888,0.624410603114387,"MIR27B",1
"GO:1903169","regulation of calcium ion transmembrane transport","1/88","158/18860",0.00632911392405063,1.35644418872267,0.308050167523592,0.523861795622374,0.645186280960888,0.624410603114387,"CALM1",1
"GO:1901342","regulation of vasculature development","2/88","375/18860",0.00533333333333333,1.1430303030303,0.191548766097188,0.524856044144945,0.645808891425812,0.62501316486652,"MIR27B/GPNMB",2
"GO:0002705","positive regulation of leukocyte mediated immunity","1/88","159/18860",0.00628930817610063,1.34791309319611,0.301635403201464,0.526102206379792,0.645808891425812,0.62501316486652,"IL12RB1",1
"GO:0043535","regulation of blood vessel endothelial cell migration","1/88","159/18860",0.00628930817610063,1.34791309319611,0.301635403201464,0.526102206379792,0.645808891425812,0.62501316486652,"MIR27B",1
"GO:0071456","cellular response to hypoxia","1/88","159/18860",0.00628930817610063,1.34791309319611,0.301635403201464,0.526102206379792,0.645808891425812,0.62501316486652,"NDNF",1
"GO:0009100","glycoprotein metabolic process","2/88","377/18860",0.00530503978779841,1.13696648179407,0.183926428286054,0.527724766749381,0.647267032693433,0.626424352449408,"HPSE/UGGT1",2
"GO:0006997","nucleus organization","1/88","160/18860",0.00625,1.33948863636364,0.295263540744714,0.528332194393191,0.64747871395182,0.626629217348303,"TNP2",1
"GO:0050767","regulation of neurogenesis","2/88","378/18860",0.00529100529100529,1.13395863395863,0.18013061040395,0.529154819338634,0.647953557561864,0.627088770493932,"BCL11A/DISC1",2
"GO:0046467","membrane lipid biosynthetic process","1/88","161/18860",0.0062111801242236,1.33116883116883,0.288933964101672,0.530551807596046,0.649130354569033,0.628227673397905,"PIGX",1
"GO:0032006","regulation of TOR signaling","1/88","162/18860",0.00617283950617284,1.32295173961841,0.282646070067576,0.532761093703942,0.650763961054282,0.629808676033589,"RRAGB",1
"GO:0044839","cell cycle G2/M phase transition","1/88","162/18860",0.00617283950617284,1.32295173961841,0.282646070067576,0.532761093703942,0.650763961054282,0.629808676033589,"CALM1",1
"GO:0072523","purine-containing compound catabolic process","1/88","163/18860",0.00613496932515337,1.31483547127719,0.276399267936797,0.534960100215551,0.652914417394226,0.631889885414227,"ACAT1",1
"GO:0042176","regulation of protein catabolic process","2/88","383/18860",0.00522193211488251,1.11915499643959,0.161302578242154,0.536261812742986,0.653967108250865,0.632908678516443,"DDA1/AMER1",2
"GO:0030010","establishment of cell polarity","1/88","164/18860",0.00609756097560976,1.30681818181818,0.270192979166602,0.537148874413605,0.654489480808301,0.633414230127295,"PHLDB2",1
"GO:0002768","immune response-regulating cell surface receptor signaling pathway","2/88","385/18860",0.00519480519480519,1.1133412042503,0.153840739017016,0.539084337324338,0.654489480808301,0.633414230127295,"VAV3/PLEKHA1",2
"GO:0021915","neural tube development","1/88","165/18860",0.00606060606060606,1.29889807162534,0.264026637051976,0.539327463365874,0.654489480808301,0.633414230127295,"DLC1",1
"GO:0030902","hindbrain development","1/88","165/18860",0.00606060606060606,1.29889807162534,0.264026637051976,0.539327463365874,0.654489480808301,0.633414230127295,"DLC1",1
"GO:0097696","cell surface receptor signaling pathway via STAT","1/88","165/18860",0.00606060606060606,1.29889807162534,0.264026637051976,0.539327463365874,0.654489480808301,0.633414230127295,"CALM1",1
"GO:1903038","negative regulation of leukocyte cell-cell adhesion","1/88","165/18860",0.00606060606060606,1.29889807162534,0.264026637051976,0.539327463365874,0.654489480808301,0.633414230127295,"GPNMB",1
"GO:0048754","branching morphogenesis of an epithelial tube","1/88","166/18860",0.00602409638554217,1.29107338444688,0.257899686411087,0.54149591392612,0.656051599541084,0.634926046991442,"RDH10",1
"GO:0098754","detoxification","1/88","166/18860",0.00602409638554217,1.29107338444688,0.257899686411087,0.54149591392612,0.656051599541084,0.634926046991442,"DHFR",1
"GO:0036294","cellular response to decreased oxygen levels","1/88","167/18860",0.00598802395209581,1.2833424060969,0.251811583280985,0.543654272735069,0.656529774616803,0.635388824326043,"NDNF",1
"GO:0050657","nucleic acid transport","1/88","167/18860",0.00598802395209581,1.2833424060969,0.251811583280985,0.543654272735069,0.656529774616803,0.635388824326043,"RBFOX1",1
"GO:0050658","RNA transport","1/88","167/18860",0.00598802395209581,1.2833424060969,0.251811583280985,0.543654272735069,0.656529774616803,0.635388824326043,"RBFOX1",1
"GO:0062013","positive regulation of small molecule metabolic process","1/88","167/18860",0.00598802395209581,1.2833424060969,0.251811583280985,0.543654272735069,0.656529774616803,0.635388824326043,"RDH10",1
"GO:0050878","regulation of body fluid levels","2/88","389/18860",0.0051413881748072,1.10189296564618,0.139033415840918,0.54469445706921,0.657252874048666,0.636088639194531,"VAV3/HPSE",2
"GO:0007156","homophilic cell adhesion via plasma membrane adhesion molecules","1/88","168/18860",0.00595238095238095,1.27570346320346,0.245761794623138,0.545802586221364,0.657524313012631,0.636351337537939,"PCDHB7",1
"GO:0070507","regulation of microtubule cytoskeleton organization","1/88","168/18860",0.00595238095238095,1.27570346320346,0.245761794623138,0.545802586221364,0.657524313012631,0.636351337537939,"STMN2",1
"GO:0016125","sterol metabolic process","1/88","169/18860",0.00591715976331361,1.26815492200108,0.239749798038429,0.547940900602518,0.659033926492043,0.63781233987318,"MIR27B",1
"GO:1902652","secondary alcohol metabolic process","1/88","169/18860",0.00591715976331361,1.26815492200108,0.239749798038429,0.547940900602518,0.659033926492043,0.63781233987318,"MIR27B",1
"GO:0051236","establishment of RNA localization","1/88","170/18860",0.00588235294117647,1.26069518716578,0.233775081491257,0.550069261885861,0.661059831273646,0.639773008386852,"RBFOX1",1
"GO:0006261","DNA-templated DNA replication","1/88","171/18860",0.00584795321637427,1.25332270069112,0.227837143042398,0.552187715869491,0.663070571717478,0.641719000870402,"AGER",1
"GO:0048660","regulation of smooth muscle cell proliferation","1/88","172/18860",0.00581395348837209,1.24603594080338,0.221935490590303,0.554296308143208,0.665066239182302,0.643650405740745,"MIR27B",1
"GO:0050900","leukocyte migration","2/88","397/18860",0.00503778337531486,1.07968857339134,0.109871629136104,0.555774185918905,0.666302546564613,0.644846902723096,"VAV3/AGER",2
"GO:0007605","sensory perception of sound","1/88","174/18860",0.00574712643678161,1.23171368861024,0.210239122962873,0.558484088884235,0.667937998673595,0.646429691551485,"MYH1",1
"GO:0030308","negative regulation of cell growth","1/88","174/18860",0.00574712643678161,1.23171368861024,0.210239122962873,0.558484088884235,0.667937998673595,0.646429691551485,"BCL11A",1
"GO:0051168","nuclear export","1/88","174/18860",0.00574712643678161,1.23171368861024,0.210239122962873,0.558484088884235,0.667937998673595,0.646429691551485,"ANKLE1",1
"GO:0009266","response to temperature stimulus","1/88","175/18860",0.00571428571428571,1.22467532467532,0.204443470556327,0.560563367498074,0.669349522217026,0.647795762550005,"DISC1",1
"GO:0170039","proteinogenic amino acid metabolic process","1/88","175/18860",0.00571428571428571,1.22467532467532,0.204443470556327,0.560563367498074,0.669349522217026,0.647795762550005,"ACAT1",1
"GO:0048659","smooth muscle cell proliferation","1/88","176/18860",0.00568181818181818,1.21771694214876,0.198682229220898,0.562632964696906,0.671051688259414,0.649443117052871,"MIR27B",1
"GO:0016236","macroautophagy","2/88","403/18860",0.00496277915632754,1.06361380554929,0.0883829997415001,0.563960261153242,0.671051688259414,0.649443117052871,"CALM1/UBE3C",2
"GO:0032635","interleukin-6 production","1/88","177/18860",0.00564971751412429,1.21083718541346,0.192954952436712,0.564692925043013,0.671051688259414,0.649443117052871,"AGER",1
"GO:0032675","regulation of interleukin-6 production","1/88","177/18860",0.00564971751412429,1.21083718541346,0.192954952436712,0.564692925043013,0.671051688259414,0.649443117052871,"AGER",1
"GO:0048592","eye morphogenesis","1/88","177/18860",0.00564971751412429,1.21083718541346,0.192954952436712,0.564692925043013,0.671051688259414,0.649443117052871,"CALB1",1
"GO:0170033","L-amino acid metabolic process","1/88","177/18860",0.00564971751412429,1.21083718541346,0.192954952436712,0.564692925043013,0.671051688259414,0.649443117052871,"ACAT1",1
"GO:0046661","male sex differentiation","1/88","178/18860",0.00561797752808989,1.20403472931563,0.187261202129736,0.566743292895939,0.672414950694863,0.650762481001921,"PLEKHA1",1
"GO:2000045","regulation of G1/S transition of mitotic cell cycle","1/88","178/18860",0.00561797752808989,1.20403472931563,0.187261202129736,0.566743292895939,0.672414950694863,0.650762481001921,"GPNMB",1
"GO:0001508","action potential","1/88","179/18860",0.00558659217877095,1.19730827831386,0.181600548464018,0.568784112413397,0.673226982021899,0.651548364064882,"CALM1",1
"GO:0030258","lipid modification","1/88","179/18860",0.00558659217877095,1.19730827831386,0.181600548464018,0.568784112413397,0.673226982021899,0.651548364064882,"ACAT1",1
"GO:0046496","nicotinamide nucleotide metabolic process","1/88","179/18860",0.00558659217877095,1.19730827831386,0.181600548464018,0.568784112413397,0.673226982021899,0.651548364064882,"NADK2",1
"GO:0006665","sphingolipid metabolic process","1/88","180/18860",0.00555555555555556,1.19065656565657,0.175972569640182,0.570815427552181,0.675094655778553,0.653355896759279,"SERINC1",1
"GO:0001936","regulation of endothelial cell proliferation","1/88","181/18860",0.00552486187845304,1.18407835258664,0.170376851699971,0.572837282069066,0.675340231987996,0.653593565156104,"MIR27B",1
"GO:0006937","regulation of muscle contraction","1/88","181/18860",0.00552486187845304,1.18407835258664,0.170376851699971,0.572837282069066,0.675340231987996,0.653593565156104,"CALM1",1
"GO:0017015","regulation of transforming growth factor beta receptor signaling pathway","1/88","181/18860",0.00552486187845304,1.18407835258664,0.170376851699971,0.572837282069066,0.675340231987996,0.653593565156104,"MIR27B",1
"GO:0043524","negative regulation of neuron apoptotic process","1/88","181/18860",0.00552486187845304,1.18407835258664,0.170376851699971,0.572837282069066,0.675340231987996,0.653593565156104,"NDNF",1
"GO:0141091","transforming growth factor beta receptor superfamily signaling pathway","2/88","411/18860",0.0048661800486618,1.04291086042911,0.0602208820039134,0.574709041446119,0.677010888222525,0.655210424500114,"MIR27B/ZFYVE9",2
"GO:0010970","transport along microtubule","1/88","183/18860",0.00546448087431694,1.17113760556384,0.159280580710797,0.576852783269545,0.677392582246335,0.655579827574305,"SYNE2",1
"GO:0048284","organelle fusion","1/88","183/18860",0.00546448087431694,1.17113760556384,0.159280580710797,0.576852783269545,0.677392582246335,0.655579827574305,"VAV3",1
"GO:0071453","cellular response to oxygen levels","1/88","183/18860",0.00546448087431694,1.17113760556384,0.159280580710797,0.576852783269545,0.677392582246335,0.655579827574305,"NDNF",1
"GO:1905952","regulation of lipid localization","1/88","183/18860",0.00546448087431694,1.17113760556384,0.159280580710797,0.576852783269545,0.677392582246335,0.655579827574305,"MIR27B",1
"GO:1903844","regulation of cellular response to transforming growth factor beta stimulus","1/88","184/18860",0.00543478260869565,1.16477272727273,0.153779237272104,0.578846516474679,0.679198158416704,0.657327262290105,"MIR27B",1
"GO:0007009","plasma membrane organization","1/88","185/18860",0.00540540540540541,1.15847665847666,0.14830857358563,0.58083096210277,0.680454211306864,0.658542868954153,"MYMK",1
"GO:0043604","amide biosynthetic process","1/88","185/18860",0.00540540540540541,1.15847665847666,0.14830857358563,0.58083096210277,0.680454211306864,0.658542868954153,"ACAT1",1
"GO:0071248","cellular response to metal ion","1/88","186/18860",0.00537634408602151,1.15224828934506,0.142868212163695,0.582806162923919,0.681319052029476,0.659379860894527,"CPNE2",1
"GO:0072524","pyridine-containing compound metabolic process","1/88","186/18860",0.00537634408602151,1.15224828934506,0.142868212163695,0.582806162923919,0.681319052029476,0.659379860894527,"NADK2",1
"GO:0006979","response to oxidative stress","2/88","418/18860",0.00478468899521531,1.02544584602001,0.0360202249261487,0.583957918686636,0.681319052029476,0.659379860894527,"DHFR/PLEKHA1",2
"GO:0006486","protein glycosylation","1/88","187/18860",0.0053475935828877,1.14608653378707,0.137457782302425,0.584772161513546,0.681319052029476,0.659379860894527,"UGGT1",1
"GO:0008154","actin polymerization or depolymerization","1/88","187/18860",0.0053475935828877,1.14608653378707,0.137457782302425,0.584772161513546,0.681319052029476,0.659379860894527,"ARHGAP18",1
"GO:0043413","macromolecule glycosylation","1/88","187/18860",0.0053475935828877,1.14608653378707,0.137457782302425,0.584772161513546,0.681319052029476,0.659379860894527,"UGGT1",1
"GO:0043534","blood vessel endothelial cell migration","1/88","187/18860",0.0053475935828877,1.14608653378707,0.137457782302425,0.584772161513546,0.681319052029476,0.659379860894527,"MIR27B",1
"GO:0007254","JNK cascade","1/88","188/18860",0.00531914893617021,1.13999032882012,0.132076919923041,0.586729000253267,0.683064488957869,0.66106909291529,"AGER",1
"GO:0017157","regulation of exocytosis","1/88","189/18860",0.00529100529100529,1.13395863395863,0.126725267417701,0.588676721331765,0.684796592236717,0.662745420644068,"CSPG5",1
"GO:1903311","regulation of mRNA metabolic process","2/88","423/18860",0.00472813238770686,1.01332473672899,0.0189770668017539,0.590474668093291,0.68597993844328,0.663890661856315,"MIR27B/RBFOX1",2
"GO:0051302","regulation of cell division","1/88","190/18860",0.00526315789473684,1.12799043062201,0.121402473499748,0.590615366745658,0.68597993844328,0.663890661856315,"CALM1",1
"GO:0045766","positive regulation of angiogenesis","1/88","191/18860",0.00523560209424084,1.12208472156116,0.116108193058203,0.592544978300366,0.687149122032122,0.66502219650205,"MIR27B",1
"GO:1901292","nucleoside phosphate catabolic process","1/88","191/18860",0.00523560209424084,1.12208472156116,0.116108193058203,0.592544978300366,0.687149122032122,0.66502219650205,"ACAT1",1
"GO:0043484","regulation of RNA splicing","1/88","192/18860",0.00520833333333333,1.11624053030303,0.11084208701636,0.594465597610964,0.688839902601343,0.666658532155978,"RBFOX1",1
"GO:1901991","negative regulation of mitotic cell cycle phase transition","1/88","193/18860",0.00518134715025907,1.11045690061234,0.10560382219436,0.596377266103049,0.690517689912473,0.668282292948411,"GPNMB",1
"GO:0001701","in utero embryonic development","2/88","429/18860",0.00466200466200466,0.999152362788726,-0.00121593288480262,0.598196041958114,0.69061743432636,0.668378825487107,"TBL1XR1/RDH10",2
"GO:0045580","regulation of T cell differentiation","1/88","194/18860",0.00515463917525773,1.10473289597001,0.100393071175605,0.598280025013582,0.69061743432636,0.668378825487107,"IL12RB1",1
"GO:0055088","lipid homeostasis","1/88","194/18860",0.00515463917525773,1.10473289597001,0.100393071175605,0.598280025013582,0.69061743432636,0.668378825487107,"MIR27B",1
"GO:0000724","double-strand break repair via homologous recombination","1/88","195/18860",0.00512820512820513,1.0990675990676,0.0952095121768722,0.600173915391746,0.69061743432636,0.668378825487107,"ANKLE1",1
"GO:0000910","cytokinesis","1/88","195/18860",0.00512820512820513,1.0990675990676,0.0952095121768722,0.600173915391746,0.69061743432636,0.668378825487107,"CALM1",1
"GO:0097553","calcium ion transmembrane import into cytosol","1/88","195/18860",0.00512820512820513,1.0990675990676,0.0952095121768722,0.600173915391746,0.69061743432636,0.668378825487107,"CALM1",1
"GO:1904018","positive regulation of vasculature development","1/88","195/18860",0.00512820512820513,1.0990675990676,0.0952095121768722,0.600173915391746,0.69061743432636,0.668378825487107,"MIR27B",1
"GO:2001242","regulation of intrinsic apoptotic signaling pathway","1/88","195/18860",0.00512820512820513,1.0990675990676,0.0952095121768722,0.600173915391746,0.69061743432636,0.668378825487107,"MIR27B",1
"GO:0009267","cellular response to starvation","1/88","196/18860",0.00510204081632653,1.09346011131725,0.0900528289220306,0.602058978099784,0.691184131372844,0.66892727429177,"RRAGB",1
"GO:0048736","appendage development","1/88","196/18860",0.00510204081632653,1.09346011131725,0.0900528289220306,0.602058978099784,0.691184131372844,0.66892727429177,"RDH10",1
"GO:0060173","limb development","1/88","196/18860",0.00510204081632653,1.09346011131725,0.0900528289220306,0.602058978099784,0.691184131372844,0.66892727429177,"RDH10",1
"GO:0007338","single fertilization","1/88","197/18860",0.0050761421319797,1.08790955237656,0.0849227105192258,0.603935253813844,0.692804000715573,0.670494982135393,"TNP2",1
"GO:0045664","regulation of neuron differentiation","1/88","199/18860",0.0050251256281407,1.07697578803106,0.0747409509102135,0.607661606039168,0.69600625491717,0.67359412037864,"BCL11A",1
"GO:0061138","morphogenesis of a branching epithelium","1/88","199/18860",0.0050251256281407,1.07697578803106,0.0747409509102135,0.607661606039168,0.69600625491717,0.67359412037864,"RDH10",1
"GO:0031396","regulation of protein ubiquitination","1/88","200/18860",0.005,1.07159090909091,0.0696887137827383,0.609511762979768,0.697053006971486,0.674607165914223,"AMER1",1
"GO:0050954","sensory perception of mechanical stimulus","1/88","200/18860",0.005,1.07159090909091,0.0696887137827383,0.609511762979768,0.697053006971486,0.674607165914223,"MYH1",1
"GO:0000725","recombinational repair","1/88","201/18860",0.00497512437810945,1.06625961103573,0.0646618494416987,0.611353293786724,0.698622451610462,0.676126072782667,"ANKLE1",1
"GO:0070085","glycosylation","1/88","202/18860",0.00495049504950495,1.06098109810981,0.0596600721882855,0.613186238218192,0.699046440291945,0.676536408582003,"UGGT1",1
"GO:0071466","cellular response to xenobiotic stimulus","1/88","202/18860",0.00495049504950495,1.06098109810981,0.0596600721882855,0.613186238218192,0.699046440291945,0.676536408582003,"MIR27B",1
"GO:0030098","lymphocyte differentiation","2/88","441/18860",0.00453514739229025,0.971964543393115,-0.0407886468609198,0.613315392643016,0.699046440291945,0.676536408582003,"IL12RB1/LY9",2
"GO:0002040","sprouting angiogenesis","1/88","203/18860",0.00492610837438424,1.05575459023735,0.054683101037975,0.615010635851207,0.699046440291945,0.676536408582003,"MIR27B",1
"GO:0008217","regulation of blood pressure","1/88","203/18860",0.00492610837438424,1.05575459023735,0.054683101037975,0.615010635851207,0.699046440291945,0.676536408582003,"MIR27B",1
"GO:0016064","immunoglobulin mediated immune response","1/88","203/18860",0.00492610837438424,1.05575459023735,0.054683101037975,0.615010635851207,0.699046440291945,0.676536408582003,"SUSD4",1
"GO:0030324","lung development","1/88","203/18860",0.00492610837438424,1.05575459023735,0.054683101037975,0.615010635851207,0.699046440291945,0.676536408582003,"RDH10",1
"GO:0009410","response to xenobiotic stimulus","2/88","443/18860",0.00451467268623025,0.967576441617074,-0.0472822884584747,0.615793367852001,0.699402230916574,0.676880742373752,"VAV3/MIR27B",2
"GO:0001935","endothelial cell proliferation","1/88","204/18860",0.00490196078431373,1.05057932263815,0.0497306596190909,0.616826526082493,0.69950852805547,0.676983616632808,"MIR27B",1
"GO:0006164","purine nucleotide biosynthetic process","1/88","204/18860",0.00490196078431373,1.05057932263815,0.0497306596190909,0.616826526082493,0.69950852805547,0.676983616632808,"NADK2",1
"GO:0046890","regulation of lipid biosynthetic process","1/88","205/18860",0.0048780487804878,1.04545454545455,0.0448024760740431,0.618633948129273,0.700183548324428,0.67763690053808,"RDH10",1
"GO:0007178","cell surface receptor protein serine/threonine kinase signaling pathway","2/88","446/18860",0.00448430493273543,0.961068079902161,-0.056969784530883,0.619487893117068,0.700183548324428,0.67763690053808,"MIR27B/ZFYVE9",2
"GO:0019724","B cell mediated immunity","1/88","206/18860",0.00485436893203883,1.04037952338923,0.0398982829631636,0.620432941030084,0.700183548324428,0.67763690053808,"SUSD4",1
"GO:0061157","mRNA destabilization","1/88","206/18860",0.00485436893203883,1.04037952338923,0.0398982829631636,0.620432941030084,0.700183548324428,0.67763690053808,"MIR27B",1
"GO:1902806","regulation of cell cycle G1/S phase transition","1/88","206/18860",0.00485436893203883,1.04037952338923,0.0398982829631636,0.620432941030084,0.700183548324428,0.67763690053808,"GPNMB",1
"GO:2000241","regulation of reproductive process","1/88","206/18860",0.00485436893203883,1.04037952338923,0.0398982829631636,0.620432941030084,0.700183548324428,0.67763690053808,"ANAPC13",1
"GO:0030522","intracellular receptor signaling pathway","2/88","447/18860",0.00447427293064877,0.958918039454952,-0.0601849687971556,0.620713420945765,0.700183548324428,0.67763690053808,"CALCOCO1/MIR27B",2
"GO:0030323","respiratory tube development","1/88","207/18860",0.00483091787439614,1.03535353535354,0.0350178171710555,0.622223543645574,0.700712389327082,0.678148712303401,"RDH10",1
"GO:1901605","alpha-amino acid metabolic process","1/88","207/18860",0.00483091787439614,1.03535353535354,0.0350178171710555,0.622223543645574,0.700712389327082,0.678148712303401,"ACAT1",1
"GO:0006401","RNA catabolic process","2/88","449/18860",0.0044543429844098,0.954646689613282,-0.0665945773910835,0.623155510538174,0.700712389327082,0.678148712303401,"MIR27B/LSM5",2
"GO:0006403","RNA localization","1/88","208/18860",0.00480769230769231,1.03037587412587,0.0301608198153798,0.624005794659309,0.700712389327082,0.678148712303401,"RBFOX1",1
"GO:0006941","striated muscle contraction","1/88","208/18860",0.00480769230769231,1.03037587412587,0.0301608198153798,0.624005794659309,0.700712389327082,0.678148712303401,"CALM1",1
"GO:0090101","negative regulation of transmembrane receptor protein serine/threonine kinase signaling pathway","1/88","208/18860",0.00480769230769231,1.03037587412587,0.0301608198153798,0.624005794659309,0.700712389327082,0.678148712303401,"MIR27B",1
"GO:0061136","regulation of proteasomal protein catabolic process","1/88","209/18860",0.00478468899521531,1.02544584602001,0.0253270361580051,0.625779732578566,0.700972815244807,0.678400752232259,"DDA1",1
"GO:0030705","cytoskeleton-dependent intracellular transport","1/88","210/18860",0.00476190476190476,1.02056277056277,0.020516215518445,0.62754539573513,0.700972815244807,0.678400752232259,"SYNE2",1
"GO:0048839","inner ear development","1/88","210/18860",0.00476190476190476,1.02056277056277,0.020516215518445,0.62754539573513,0.700972815244807,0.678400752232259,"CALB1",1
"GO:0050728","negative regulation of inflammatory response","1/88","210/18860",0.00476190476190476,1.02056277056277,0.020516215518445,0.62754539573513,0.700972815244807,0.678400752232259,"CLEC12A",1
"GO:0050779","RNA destabilization","1/88","210/18860",0.00476190476190476,1.02056277056277,0.020516215518445,0.62754539573513,0.700972815244807,0.678400752232259,"MIR27B",1
"GO:0051260","protein homooligomerization","1/88","210/18860",0.00476190476190476,1.02056277056277,0.020516215518445,0.62754539573513,0.700972815244807,0.678400752232259,"BCL11A",1
"GO:0120032","regulation of plasma membrane bounded cell projection assembly","1/88","210/18860",0.00476190476190476,1.02056277056277,0.020516215518445,0.62754539573513,0.700972815244807,0.678400752232259,"SYNE2",1
"GO:0000280","nuclear division","2/88","453/18860",0.00441501103752759,0.946217138270118,-0.079331724546719,0.628003851938598,0.700972815244807,0.678400752232259,"ANKLE1/SYCE1",2
"GO:0007623","circadian rhythm","1/88","212/18860",0.00471698113207547,1.01093481989708,0.0109624803551537,0.631052050214597,0.70332073560594,0.680673067084608,"RPE65",1
"GO:0051651","maintenance of location in cell","1/88","212/18860",0.00471698113207547,1.01093481989708,0.0109624803551537,0.631052050214597,0.70332073560594,0.680673067084608,"CALM1",1
"GO:0060491","regulation of cell projection assembly","1/88","213/18860",0.00469483568075117,1.00618864703372,0.00621908401030153,0.632793117330702,0.704733696114746,0.682040528776704,"SYNE2",1
"GO:0050920","regulation of chemotaxis","1/88","214/18860",0.00467289719626168,1.00148683092608,0.00149768688284412,0.634526061272081,0.705608144312269,0.682886818821178,"AGER",1
"GO:0061014","positive regulation of mRNA catabolic process","1/88","214/18860",0.00467289719626168,1.00148683092608,0.00149768688284412,0.634526061272081,0.705608144312269,0.682886818821178,"MIR27B",1
"GO:0050727","regulation of inflammatory response","2/88","460/18860",0.00434782608695652,0.931818181818182,-0.101364055058891,0.636373659574869,0.707134611273866,0.684364131938725,"CLEC12A/AGER",2
"GO:0044772","mitotic cell cycle phase transition","2/88","461/18860",0.00433839479392625,0.929796884243739,-0.104485285557529,0.637557441344083,0.707921722715391,0.685125897562738,"CALM1/GPNMB",2
"GO:0007626","locomotory behavior","1/88","218/18860",0.00458715596330275,0.983110925771476,-0.0171724884518994,0.641377352055052,0.711632546356164,0.688717228773524,"CALB1",1
"GO:0051960","regulation of nervous system development","2/88","466/18860",0.00429184549356223,0.919820522824815,-0.119995091397429,0.643431806518665,0.713380461583241,0.690408859289143,"BCL11A/DISC1",2
"GO:0022408","negative regulation of cell-cell adhesion","1/88","220/18860",0.00454545454545455,0.974173553719008,-0.0263814359916235,0.644755224439904,0.713784780067671,0.69080015829249,"GPNMB",1
"GO:0060348","bone development","1/88","220/18860",0.00454545454545455,0.974173553719008,-0.0263814359916235,0.644755224439904,0.713784780067671,0.69080015829249,"AMER1",1
"GO:0051051","negative regulation of transport","2/88","468/18860",0.00427350427350427,0.915889665889666,-0.12615463142454,0.645760797781652,0.71383654632285,0.690850257619725,"CALM1/MIR27B",2
"GO:1901987","regulation of cell cycle phase transition","2/88","468/18860",0.00427350427350427,0.915889665889666,-0.12615463142454,0.645760797781652,0.71383654632285,0.690850257619725,"CDK15/GPNMB",2
"GO:0048469","cell maturation","1/88","221/18860",0.00452488687782805,0.969765528589058,-0.030955128164636,0.646432345697913,0.714048785418541,0.691055662392975,"BCL11A",1
"GO:0050679","positive regulation of epithelial cell proliferation","1/88","222/18860",0.0045045045045045,0.965397215397215,-0.0355085776584304,0.648101638770427,0.714832103799382,0.691813757096854,"MIR27B",1
"GO:0071383","cellular response to steroid hormone stimulus","1/88","222/18860",0.0045045045045045,0.965397215397215,-0.0355085776584304,0.648101638770427,0.714832103799382,0.691813757096854,"CALCOCO1",1
"GO:0051235","maintenance of location","1/88","223/18860",0.00448430493273543,0.961068079902161,-0.0400419893563846,0.649763139778486,0.716134208090426,0.693073932258169,"CALM1",1
"GO:0007409","axonogenesis","2/88","472/18860",0.00423728813559322,0.908127889060092,-0.138398964449518,0.650383282917113,0.716287506112116,0.693222293922086,"BCL11A/DISC1",2
"GO:0008016","regulation of heart contraction","1/88","225/18860",0.00444444444444444,0.952525252525253,-0.0490495037016544,0.653062909262436,0.718707074568934,0.69556394972597,"CALM1",1
"GO:0006417","regulation of translation","2/88","475/18860",0.00421052631578947,0.902392344497608,-0.147517744177842,0.653819150549706,0.71900791371382,0.695855101533505,"MIR27B/DHFR",2
"GO:0044706","multi-multicellular organism process","1/88","227/18860",0.00440528634361234,0.944132959551462,-0.0579792503023076,0.656331939836599,0.720706680248301,0.6974991659962,"TNP2",1
"GO:0045619","regulation of lymphocyte differentiation","1/88","227/18860",0.00440528634361234,0.944132959551462,-0.0579792503023076,0.656331939836599,0.720706680248301,0.6974991659962,"IL12RB1",1
"GO:0006457","protein folding","1/88","228/18860",0.0043859649122807,0.939992025518341,-0.0624154415282991,0.657955016597957,0.721336781633947,0.698108977453517,"UGGT1",1
"GO:0009612","response to mechanical stimulus","1/88","228/18860",0.0043859649122807,0.939992025518341,-0.0624154415282991,0.657955016597957,0.721336781633947,0.698108977453517,"CALB1",1
"GO:0141188","nucleic acid catabolic process","2/88","479/18860",0.00417536534446764,0.894856709052951,-0.159591644129505,0.658359090826416,0.721336781633947,0.698108977453517,"MIR27B/LSM5",2
"GO:0045926","negative regulation of growth","1/88","229/18860",0.00436681222707424,0.935887256847955,-0.06683276221278,0.659570514587404,0.722132717809298,0.698879283645632,"BCL11A",1
"GO:0060541","respiratory system development","1/88","231/18860",0.00432900432900433,0.927784336875246,-0.0756115281873444,0.662778914024266,0.725112272580553,0.701762893614773,"RDH10",1
"GO:0099111","microtubule-based transport","1/88","232/18860",0.00431034482758621,0.92378526645768,-0.0799733349826607,0.664371884960219,0.726321392588668,0.702933078685014,"SYNE2",1
"GO:0002685","regulation of leukocyte migration","1/88","233/18860",0.00429184549356223,0.919820522824815,-0.0843169943462377,0.665957416102773,0.727520610841548,0.704093680846968,"AGER",1
"GO:0045859","regulation of protein kinase activity","1/88","234/18860",0.00427350427350427,0.915889665889666,-0.0886426806422902,0.667535541801112,0.728709986614264,0.705244757466988,"RAP2C",1
"GO:0071674","mononuclear cell migration","1/88","235/18860",0.00425531914893617,0.911992263056093,-0.092950565765087,0.669106296247665,0.729889578837197,0.706386365577832,"AGER",1
"GO:0008380","RNA splicing","2/88","490/18860",0.00408163265306122,0.874768089053803,-0.192310883496237,0.670602236096363,0.730083338411585,0.706573885889831,"RBFOX1/LSM5",2
"GO:0007163","establishment or maintenance of cell polarity","1/88","236/18860",0.00423728813559322,0.908127889060092,-0.0972408191847148,0.670669713478817,0.730083338411585,0.706573885889831,"PHLDB2",1
"GO:0009755","hormone-mediated signaling pathway","1/88","237/18860",0.00421940928270042,0.904296125815113,-0.101513607991801,0.67222582737561,0.730083338411585,0.706573885889831,"CALCOCO1",1
"GO:0030595","leukocyte chemotaxis","1/88","237/18860",0.00421940928270042,0.904296125815113,-0.101513607991801,0.67222582737561,0.730083338411585,0.706573885889831,"VAV3",1
"GO:0042180","ketone metabolic process","1/88","237/18860",0.00421940928270042,0.904296125815113,-0.101513607991801,0.67222582737561,0.730083338411585,0.706573885889831,"RDH10",1
"GO:0072330","monocarboxylic acid biosynthetic process","1/88","237/18860",0.00421940928270042,0.904296125815113,-0.101513607991801,0.67222582737561,0.730083338411585,0.706573885889831,"RDH10",1
"GO:1902115","regulation of organelle assembly","1/88","238/18860",0.00420168067226891,0.900496562261268,-0.105769096941222,0.673774671664443,0.731232132732038,0.707685687823096,"SYNE2",1
"GO:0009165","nucleotide biosynthetic process","1/88","239/18860",0.00418410041841004,0.896728794218334,-0.110007448494823,0.675316279917774,0.731306138761866,0.70775731078081,"NADK2",1
"GO:0009566","fertilization","1/88","239/18860",0.00418410041841004,0.896728794218334,-0.110007448494823,0.675316279917774,0.731306138761866,0.70775731078081,"TNP2",1
"GO:0010594","regulation of endothelial cell migration","1/88","239/18860",0.00418410041841004,0.896728794218334,-0.110007448494823,0.675316279917774,0.731306138761866,0.70775731078081,"MIR27B",1
"GO:0051924","regulation of calcium ion transport","1/88","240/18860",0.00416666666666667,0.892992424242424,-0.114228822863175,0.67685068555481,0.732207210364117,0.708629366928335,"CALM1",1
"GO:0007018","microtubule-based movement","2/88","496/18860",0.00403225806451613,0.864186217008798,-0.209868102586843,0.677131852700731,0.732207210364117,0.708629366928335,"DNAI2/SYNE2",2
"GO:0015931","nucleobase-containing compound transport","1/88","241/18860",0.004149377593361,0.889287061486232,-0.118433378046405,0.678377921842198,0.733022297259095,0.709418207166733,"RBFOX1",1
"GO:0019722","calcium-mediated signaling","1/88","242/18860",0.00413223140495868,0.885612321562735,-0.122621269874101,0.679898021894719,0.733600112029882,0.709977415693265,"CALM1",1
"GO:1903320","regulation of protein modification by small protein conjugation or removal","1/88","242/18860",0.00413223140495868,0.885612321562735,-0.122621269874101,0.679898021894719,0.733600112029882,0.709977415693265,"AMER1",1
"GO:0045930","negative regulation of mitotic cell cycle","1/88","244/18860",0.00409836065573771,0.878353204172876,-0.130947676161884,0.682916944999032,0.736323918250224,0.712613512484222,"GPNMB",1
"GO:0099173","postsynapse organization","1/88","245/18860",0.00408163265306122,0.874768089053803,-0.135086491775427,0.684415833527185,0.737406060869738,0.713660808971526,"DISC1",1
"GO:0000082","G1/S transition of mitotic cell cycle","1/88","246/18860",0.0040650406504065,0.871212121212121,-0.139209246414179,0.685907716774545,0.738479096368256,0.714699291596721,"GPNMB",1
"GO:1901873","regulation of post-translational protein modification","1/88","247/18860",0.00404858299595142,0.867684946632315,-0.143316085623533,0.687392627106759,0.739530150359299,0.715716500542138,"AMER1",1
"GO:0016054","organic acid catabolic process","1/88","248/18860",0.00403225806451613,0.864186217008798,-0.147407153000002,0.688870596741671,0.739530150359299,0.715716500542138,"ACAT1",1
"GO:0016485","protein processing","1/88","248/18860",0.00403225806451613,0.864186217008798,-0.147407153000002,0.688870596741671,0.739530150359299,0.715716500542138,"TNP2",1
"GO:0046395","carboxylic acid catabolic process","1/88","248/18860",0.00403225806451613,0.864186217008798,-0.147407153000002,0.688870596741671,0.739530150359299,0.715716500542138,"ACAT1",1
"GO:0007286","spermatid development","1/88","249/18860",0.00401606425702811,0.860715589631252,-0.151482590225394,0.690341657749985,0.740575452730351,0.716728143075784,"TNP2",1
"GO:1903313","positive regulation of mRNA metabolic process","1/88","250/18860",0.004,0.857272727272727,-0.155542537100248,0.691805842055933,0.741611878201068,0.717731194554637,"MIR27B",1
"GO:0033002","muscle cell proliferation","1/88","252/18860",0.00396825396825397,0.850468975468975,-0.163616509789755,0.69471370752926,0.744193316914438,0.720229508222308,"MIR27B",1
"GO:0046434","organophosphate catabolic process","1/88","253/18860",0.00395256916996047,0.847107438016529,-0.167630806090112,0.696157451818675,0.745203771213521,0.72120742482861,"ACAT1",1
"GO:0043549","regulation of kinase activity","1/88","256/18860",0.00390625,0.837180397727273,-0.179584520878168,0.70044830660934,0.749258281998066,0.72513137609512,"RAP2C",1
"GO:0048515","spermatid differentiation","1/88","259/18860",0.00386100386100386,0.827483327483327,-0.191407169995906,0.704679245043035,0.753242925964881,0.728987710329025,"TNP2",1
"GO:1901136","carbohydrate derivative catabolic process","1/88","263/18860",0.00380228136882129,0.814898029726927,-0.206972604032137,0.710228721117613,0.758630248023046,0.734201554942243,"HPSE",1
"GO:0043523","regulation of neuron apoptotic process","1/88","264/18860",0.00378787878787879,0.81181129476584,-0.210829385289809,0.711599903165344,0.759550004167167,0.735091693969709,"NDNF",1
"GO:0048863","stem cell differentiation","1/88","265/18860",0.00377358490566038,0.808747855917667,-0.214672568137791,0.712964670240062,0.759917246948785,0.735447111146928,"RDH10",1
"GO:0060047","heart contraction","1/88","265/18860",0.00377358490566038,0.808747855917667,-0.214672568137791,0.712964670240062,0.759917246948785,0.735447111146928,"CALM1",1
"GO:0003341","cilium movement","1/88","269/18860",0.00371747211895911,0.7967218654951,-0.229911568686974,0.71836018015015,0.765120392162785,0.740482709604364,"DNAI2",1
"GO:0007033","vacuole organization","1/88","270/18860",0.0037037037037037,0.793771043771044,-0.233688437333312,0.719693314685506,0.76544524683337,0.740797103612374,"UBE3C",1
"GO:0009636","response to toxic substance","1/88","270/18860",0.0037037037037037,0.793771043771044,-0.233688437333312,0.719693314685506,0.76544524683337,0.740797103612374,"DHFR",1
"GO:1901988","negative regulation of cell cycle phase transition","1/88","274/18860",0.00364963503649635,0.782183145321831,-0.248667593244263,0.724963750971699,0.769686862000806,0.744902134303562,"GPNMB",1
"GO:0001894","tissue homeostasis","1/88","275/18860",0.00363636363636364,0.779338842975207,-0.252380821011792,0.72626597791211,0.769686862000806,0.744902134303562,"RPE65",1
"GO:0003015","heart process","1/88","275/18860",0.00363636363636364,0.779338842975207,-0.252380821011792,0.72626597791211,0.769686862000806,0.744902134303562,"CALM1",1
"GO:0044843","cell cycle G1/S phase transition","1/88","275/18860",0.00363636363636364,0.779338842975207,-0.252380821011792,0.72626597791211,0.769686862000806,0.744902134303562,"GPNMB",1
"GO:0060249","anatomical structure homeostasis","1/88","275/18860",0.00363636363636364,0.779338842975207,-0.252380821011792,0.72626597791211,0.769686862000806,0.744902134303562,"RPE65",1
"GO:0002699","positive regulation of immune effector process","1/88","276/18860",0.0036231884057971,0.776515151515151,-0.256081627329939,0.727562108874916,0.769964449264214,0.745170782964695,"IL12RB1",1
"GO:0032886","regulation of microtubule-based process","1/88","276/18860",0.0036231884057971,0.776515151515151,-0.256081627329939,0.727562108874916,0.769964449264214,0.745170782964695,"STMN2",1
"GO:0003007","heart morphogenesis","1/88","278/18860",0.00359712230215827,0.770928711576194,-0.263446372028084,0.73013619557855,0.772139769329873,0.747276055432891,"DLC1",1
"GO:0032386","regulation of intracellular transport","1/88","279/18860",0.003584229390681,0.768165526230042,-0.26711050567932,0.731414207352799,0.772394152303771,0.747522247007079,"MIR27B",1
"GO:0098742","cell-cell adhesion via plasma-membrane adhesion molecules","1/88","279/18860",0.003584229390681,0.768165526230042,-0.26711050567932,0.731414207352799,0.772394152303771,0.747522247007079,"PCDHB7",1
"GO:0031669","cellular response to nutrient levels","1/88","282/18860",0.00354609929078014,0.759993552546744,-0.278031099434478,0.735212449880486,0.775305480079351,0.750339826961671,"RRAGB",1
"GO:0051259","protein complex oligomerization","1/88","282/18860",0.00354609929078014,0.759993552546744,-0.278031099434478,0.735212449880486,0.775305480079351,0.750339826961671,"BCL11A",1
"GO:0003018","vascular process in circulatory system","1/88","283/18860",0.00353356890459364,0.757308062961773,-0.281647673883844,0.736466691693949,0.776078488274798,0.751087943478986,"AGER",1
"GO:0006520","amino acid metabolic process","1/88","286/18860",0.0034965034965035,0.749364272091545,-0.292427808027562,0.740194282515431,0.779454941064694,0.754355670932499,"ACAT1",1
"GO:0043488","regulation of mRNA stability","1/88","287/18860",0.00348432055749129,0.746753246753247,-0.295998287703669,0.741425191481655,0.779648382850413,0.754542883688958,"MIR27B",1
"GO:0071695","anatomical structure maturation","1/88","287/18860",0.00348432055749129,0.746753246753247,-0.295998287703669,0.741425191481655,0.779648382850413,0.754542883688958,"BCL11A",1
"GO:1904062","regulation of monoatomic cation transmembrane transport","1/88","288/18860",0.00347222222222222,0.744160353535354,-0.299557464648298,0.742650334600678,0.780385566845737,0.755256329583129,"CALM1",1
"GO:0042113","B cell activation","1/88","291/18860",0.00343642611683849,0.73648859731334,-0.310168037887897,0.746291435258936,0.783658636883326,0.758424003317856,"VAV3",1
"GO:0015850","organic hydroxy compound transport","1/88","294/18860",0.00340136054421769,0.728973407544836,-0.320679937710852,0.749881597171415,0.786873642134064,0.761535482013031,"MIR27B",1
"GO:0016197","endosomal transport","1/88","300/18860",0.00333333333333333,0.714393939393939,-0.341416459183382,0.756911913333063,0.793132891592492,0.767593177045789,"ZFYVE9",1
"GO:0090596","sensory organ morphogenesis","1/88","300/18860",0.00333333333333333,0.714393939393939,-0.341416459183382,0.756911913333063,0.793132891592492,0.767593177045789,"CALB1",1
"GO:0043542","endothelial cell migration","1/88","302/18860",0.0033112582781457,0.709662853702589,-0.34824579708797,0.759211656006266,0.794983231922173,0.76938393446782,"MIR27B",1
"GO:0009101","glycoprotein biosynthetic process","1/88","303/18860",0.0033003300330033,0.707320732073207,-0.351645273189105,0.760353447916572,0.795060592659954,0.769458804108358,"UGGT1",1
"GO:0043487","regulation of RNA stability","1/88","303/18860",0.0033003300330033,0.707320732073207,-0.351645273189105,0.760353447916572,0.795060592659954,0.769458804108358,"MIR27B",1
"GO:0051338","regulation of transferase activity","1/88","304/18860",0.00328947368421053,0.704994019138756,-0.355034718415021,0.761489886812047,0.795690134360097,0.770068073902635,"RAP2C",1
"GO:0061013","regulation of mRNA catabolic process","1/88","305/18860",0.00327868852459016,0.702682563338301,-0.358414205047635,0.76262099750188,0.796313229509326,0.77067110473173,"MIR27B",1
"GO:0006959","humoral immune response","1/88","307/18860",0.00325732899022801,0.698104826769322,-0.365143587789793,0.764867332933629,0.798099130159898,0.772399497500195,"SUSD4",1
"GO:0048562","embryonic organ morphogenesis","1/88","308/18860",0.00324675324675325,0.695838252656435,-0.368493624625061,0.765982606727724,0.798703152253208,0.77298406944586,"RDH10",1
"GO:0010948","negative regulation of cell cycle process","1/88","318/18860",0.00314465408805031,0.673956546598056,-0.401472821010481,0.776851653321992,0.80833830314217,0.782308958327123,"GPNMB",1
"GO:0034765","regulation of monoatomic ion transmembrane transport","1/88","318/18860",0.00314465408805031,0.673956546598056,-0.401472821010481,0.776851653321992,0.80833830314217,0.782308958327123,"CALM1",1
"GO:0051402","neuron apoptotic process","1/88","318/18860",0.00314465408805031,0.673956546598056,-0.401472821010481,0.776851653321992,0.80833830314217,0.782308958327123,"NDNF",1
"GO:0044092","negative regulation of molecular function","1/88","319/18860",0.00313479623824451,0.67184383015104,-0.4047200613384,0.777910711379788,0.808875034388621,0.782828406262078,"CALM1",1
"GO:0051146","striated muscle cell differentiation","1/88","321/18860",0.00311526479750779,0.667657887284056,-0.411187717923452,0.780013942281005,0.810495994456676,0.784397169708522,"MYMK",1
"GO:0050807","regulation of synapse organization","1/88","322/18860",0.0031055900621118,0.665584415584416,-0.414408255711533,0.781058161121249,0.811015064093124,0.78489952475592,"DISC1",1
"GO:0098813","nuclear chromosome segregation","1/88","323/18860",0.00309597523219814,0.663523782718829,-0.41762001315607,0.782097479376796,0.811528325290626,0.785396258402225,"SYCE1",1
"GO:0050803","regulation of synapse structure or activity","1/88","329/18860",0.00303951367781155,0.651423045040066,-0.436709446467649,0.788231742554797,0.817323861186694,0.791005171937779,"DISC1",1
"GO:0060326","cell chemotaxis","1/88","330/18860",0.00303030303030303,0.649449035812672,-0.439861367224707,0.789237387509477,0.817797125957976,0.791463197084917,"VAV3",1
"GO:0090092","regulation of transmembrane receptor protein serine/threonine kinase signaling pathway","1/88","331/18860",0.00302114803625378,0.64748695413348,-0.443004965241917,0.790238310871548,0.818264843454614,0.791915853585498,"MIR27B",1
"GO:0051607","defense response to virus","1/88","334/18860",0.0029940119760479,0.641671203048449,-0.452386366914703,0.793212970046597,0.820774226823754,0.794344432166922,"IL12RB1",1
"GO:0097193","intrinsic apoptotic signaling pathway","1/88","335/18860",0.00298507462686567,0.639755766621438,-0.455497215374536,0.79419522518186,0.821219923816521,0.794775777247052,"MIR27B",1
"GO:0046394","carboxylic acid biosynthetic process","1/88","339/18860",0.00294985250737463,0.632207026012336,-0.467860580536164,0.798078329196546,0.824090590966475,0.797554005890993,"RDH10",1
"GO:0070588","calcium ion transmembrane transport","1/88","339/18860",0.00294985250737463,0.632207026012336,-0.467860580536164,0.798078329196546,0.824090590966475,0.797554005890993,"CALM1",1
"GO:0009416","response to light stimulus","1/88","341/18860",0.00293255131964809,0.628499066915489,-0.473994962485623,0.799992628720027,0.825494819240554,0.798913016535519,"RPE65",1
"GO:0016053","organic acid biosynthetic process","1/88","342/18860",0.00292397660818713,0.626661350345561,-0.477050504019354,0.800943039037681,0.825903175295781,0.79930822309563,"RDH10",1
"GO:0048545","response to steroid hormone","1/88","343/18860",0.00291545189504373,0.624834349324145,-0.480098344922955,0.801888984202638,0.82630636503649,0.799698429701994,"CALCOCO1",1
"GO:0034504","protein localization to nucleus","1/88","345/18860",0.00289855072463768,0.621212121212121,-0.4861711190326,0.803767561930743,0.827669363564921,0.80101753824211,"DCLK3",1
"GO:0006913","nucleocytoplasmic transport","1/88","350/18860",0.00285714285714286,0.612337662337662,-0.501221644008078,0.808387306121972,0.831276725701393,0.804508739518014,"ANKLE1",1
"GO:0051169","nuclear transport","1/88","350/18860",0.00285714285714286,0.612337662337662,-0.501221644008078,0.808387306121972,0.831276725701393,0.804508739518014,"ANKLE1",1
"GO:1901990","regulation of mitotic cell cycle phase transition","1/88","357/18860",0.00280112044817927,0.600331041507512,-0.521985989024525,0.814674817293479,0.837164115217385,0.810206548890177,"GPNMB",1
"GO:0006310","DNA recombination","1/88","358/18860",0.00279329608938547,0.598654139156932,-0.524923912234679,0.815556221178156,0.837491871265017,0.810523750847837,"ANKLE1",1
"GO:0007517","muscle organ development","1/88","373/18860",0.00268096514745308,0.574579575920058,-0.568178668950081,0.828290564846891,0.849397142601254,0.822045659906766,"MYMK",1
"GO:0044282","small molecule catabolic process","1/88","373/18860",0.00268096514745308,0.574579575920058,-0.568178668950081,0.828290564846891,0.849397142601254,0.822045659906766,"ACAT1",1
"GO:0031401","positive regulation of protein modification process","1/88","375/18860",0.00266666666666667,0.571515151515151,-0.573834650977594,0.829921426907247,0.85048382977625,0.823097354610078,"AMER1",1
"GO:0010506","regulation of autophagy","1/88","377/18860",0.0026525198938992,0.568483240897034,-0.579465393341362,0.831536973728411,0.850968078269144,0.823566009791423,"RRAGB",1
"GO:0010959","regulation of metal ion transport","1/88","377/18860",0.0026525198938992,0.568483240897034,-0.579465393341362,0.831536973728411,0.850968078269144,0.823566009791423,"CALM1",1
"GO:0090287","regulation of cellular response to growth factor stimulus","1/88","385/18860",0.0025974025974026,0.556670602125148,-0.601741640634265,0.837848832836916,0.856838538526214,0.829247435044634,"MIR27B",1
"GO:0001932","regulation of protein phosphorylation","1/88","387/18860",0.00258397932816537,0.55379375146817,-0.607250398764863,0.83938991033033,0.857825378505053,0.830202497736677,"RAP2C",1
"GO:0009895","negative regulation of catabolic process","1/88","394/18860",0.00253807106598985,0.543954776188279,-0.626346998446034,0.844670519879127,0.862629906790138,0.834852315150188,"RRAGB",1
"GO:0045786","negative regulation of cell cycle","1/88","399/18860",0.0025062656641604,0.537138300296195,-0.639816559392521,0.848336930226,0.865780458606247,0.837901415879221,"GPNMB",1
"GO:0051656","establishment of organelle localization","1/88","400/18860",0.0025,0.535795454545455,-0.642493782945822,0.849059878611251,0.865924766611063,0.838041077014277,"SYNE2",1
"GO:0016050","vesicle organization","1/88","401/18860",0.00249376558603491,0.534459306279755,-0.645165513052494,0.849779419818304,0.866065404592372,0.838177186304448,"VAV3",1
"GO:2001233","regulation of apoptotic signaling pathway","1/88","406/18860",0.00246305418719212,0.527877295118674,-0.65844277841164,0.853326571217487,0.869085680261859,0.841100205916005,"MIR27B",1
"GO:0007281","germ cell development","1/88","409/18860",0.00244498777506112,0.524005334518782,-0.666345054341497,0.855414980666626,0.870617160774167,0.842582371142649,"TNP2",1
"GO:0050678","regulation of epithelial cell proliferation","1/88","416/18860",0.00240384615384615,0.515187937062937,-0.684601615076575,0.860174298890956,0.874863067656171,0.846691555350675,"MIR27B",1
"GO:0006631","fatty acid metabolic process","1/88","421/18860",0.00237529691211401,0.509069315482617,-0.697489921963433,0.863478656349336,0.877624381777585,0.849363952248781,"ACAT1",1
"GO:0042325","regulation of phosphorylation","1/88","431/18860",0.00232018561484919,0.497257962455178,-0.722900199442813,0.869857489955694,0.883504640207386,0.855054860163241,"RAP2C",1
"GO:0007059","chromosome segregation","1/88","434/18860",0.00230414746543779,0.493820695433599,-0.730430853727578,0.871713025797191,0.88418303502181,0.855711409950061,"SYCE1",1
"GO:0050911","detection of chemical stimulus involved in sensory perception of smell","1/88","434/18860",0.00230414746543779,0.493820695433599,-0.730430853727578,0.871713025797191,0.88418303502181,0.855711409950061,"OR5AK2",1
"GO:0006816","calcium ion transport","1/88","439/18860",0.00227790432801822,0.488196313936633,-0.742889913490415,0.874747633962353,0.886657063968648,0.85810577255882,"CALM1",1
"GO:0003002","regionalization","1/88","440/18860",0.00227272727272727,0.487086776859504,-0.745368121217172,0.875345984117682,0.886659979830768,0.858108594527109,"DNAI2",1
"GO:0042692","muscle cell differentiation","1/88","441/18860",0.00226757369614512,0.485982271696557,-0.747841845203703,0.875941508189216,0.886660031063047,0.858108644109654,"MYMK",1
"GO:0009615","response to virus","1/88","445/18860",0.00224719101123596,0.481613891726251,-0.757692332199593,0.878295606630496,0.88843896621794,0.859830295678739,"IL12RB1",1
"GO:0022412","cellular process involved in reproduction in multicellular organism","1/88","449/18860",0.0022271714922049,0.477323344806641,-0.767472774710187,0.88060553245559,0.889539914693321,0.860895792453541,"TNP2",1
"GO:0043269","regulation of monoatomic ion transport","1/88","449/18860",0.0022271714922049,0.477323344806641,-0.767472774710187,0.88060553245559,0.889539914693321,0.860895792453541,"CALM1",1
"GO:0034762","regulation of transmembrane transport","1/88","450/18860",0.00222222222222222,0.476262626262626,-0.769907095851336,0.881176208309368,0.889539914693321,0.860895792453541,"CALM1",1
"GO:0006163","purine nucleotide metabolic process","1/88","454/18860",0.00220264317180617,0.472066479775731,-0.779601828038582,0.883432069033786,0.890609580765949,0.86193101415191,"NADK2",1
"GO:0048732","gland development","1/88","454/18860",0.00220264317180617,0.472066479775731,-0.779601828038582,0.883432069033786,0.890609580765949,0.86193101415191,"ACAT1",1
"GO:0072657","protein localization to membrane","1/88","458/18860",0.00218340611353712,0.467943628423978,-0.789229423197278,0.885645579936691,0.892236988177086,0.863506017330197,"AGER",1
"GO:0006869","lipid transport","1/88","461/18860",0.00216919739696312,0.464898442121869,-0.796406804383021,0.887278394461495,0.892613300365634,0.86387021186989,"MIR27B",1
"GO:0043434","response to peptide hormone","1/88","461/18860",0.00216919739696312,0.464898442121869,-0.796406804383021,0.887278394461495,0.892613300365634,0.86387021186989,"MIR27B",1
"GO:0009314","response to radiation","1/88","462/18860",0.00216450216450216,0.463892168437623,-0.798791115112016,0.887817527093018,0.892613300365634,0.86387021186989,"RPE65",1
"GO:0007608","sensory perception of smell","1/88","466/18860",0.00214592274678112,0.459910261412407,-0.808288103488522,0.88994868215354,0.894152218439015,0.865359575160307,"OR5AK2",1
"GO:0048568","embryonic organ development","1/88","472/18860",0.00211864406779661,0.454063944530046,-0.82241481075924,0.893070582760935,0.896683815058013,0.867809651701544,"RDH10",1
"GO:0042391","regulation of membrane potential","1/88","474/18860",0.00210970464135021,0.452148062907557,-0.827092605452339,0.894091632034459,0.897104070147782,0.868216374134753,"CALM1",1
"GO:0050907","detection of chemical stimulus involved in sensory perception","1/88","481/18860",0.00207900207900208,0.445567945567946,-0.843345096016801,0.897589977428025,0.900007728208975,0.87102653134784,"OR5AK2",1
"GO:0010876","lipid localization","1/88","483/18860",0.0020703933747412,0.443722943722944,-0.847954987675999,0.89856834956408,0.900382417564546,0.871389155311487,"MIR27B",1
"GO:0007389","pattern specification process","1/88","486/18860",0.00205761316872428,0.440983913206136,-0.854842248401641,0.900018606677734,0.901229122624846,0.872208595576978,"DNAI2",1
"GO:0006091","generation of precursor metabolites and energy","1/88","494/18860",0.00202429149797571,0.433842473316158,-0.873049490796889,0.903786497213979,0.904393880612645,0.875271445024008,"ACAT1",1
"GO:0050673","epithelial cell proliferation","1/88","496/18860",0.00201612903225806,0.432093108504399,-0.877565878360771,0.904706320093844,0.904706320093844,0.875573823624808,"MIR27B",1
