"ID","Description","GeneRatio","BgRatio","RichFactor","FoldEnrichment","zScore","pvalue","p.adjust","qvalue","geneID","Count"
"GO:0062009","secondary palate development","4/205","27/18860",0.148148148148148,13.6296296296296,6.88416669348272,0.000195539474987116,0.216838770736598,0.202789365298411,"DLG1/FOXE1/TGFBR2/WNT11",4
"GO:0060317","cardiac epithelial to mesenchymal transition","4/205","36/18860",0.111111111111111,10.2222222222222,5.80589945186683,0.000608034933543982,0.216838770736598,0.202789365298411,"BMP2/HAS2/MSX2/TGFBR2",4
"GO:1902222","erythrose 4-phosphate/phosphoenolpyruvate family amino acid catabolic process","3/205","16/18860",0.1875,17.25,6.81656284391658,0.000638420895902391,0.216838770736598,0.202789365298411,"HPD/KYNU/QDPR",3
"GO:0002690","positive regulation of leukocyte chemotaxis","6/205","97/18860",0.0618556701030928,5.69072164948454,4.8552659579216,0.000666397541333343,0.216838770736598,0.202789365298411,"CCL19/CXCL17/NEDD9/PLA2G7/SERPINE1/VEGFA",6
"GO:0001771","immunological synapse formation","3/205","17/18860",0.176470588235294,16.2352941176471,6.5877773609354,0.000769037912423275,0.216838770736598,0.202789365298411,"CCL19/DLG1/NEDD9",3
"GO:0044282","small molecule catabolic process","12/205","373/18860",0.032171581769437,2.9597855227882,4.00745241822442,0.0008167393869932,0.216838770736598,0.202789365298411,"AADAT/ADCY10/CYP4A11/CYP4F12/DERA/GLB1L3/HMGCL/HPD/KYNU/PGM1/QDPR/SLC27A2",12
"GO:0001823","mesonephros development","6/205","103/18860",0.058252427184466,5.35922330097087,4.65033964605891,0.000913831763169628,0.216838770736598,0.202789365298411,"ARG2/BMP2/DLG1/OSR2/VEGFA/WNT11",6
"GO:0072337","modified amino acid transport","4/205","41/18860",0.0975609756097561,8.97560975609756,5.35915338560518,0.00100199906056479,0.216838770736598,0.202789365298411,"SLC22A4/SLC25A20/SLC25A40/SLC6A8",4
"GO:0042180","ketone metabolic process","9/205","237/18860",0.0379746835443038,3.49367088607595,4.04973980092978,0.00117771445485303,0.216838770736598,0.202789365298411,"AADAT/BMP2/COQ5/CYP4F12/KYNU/PDK3/STARD7/UGT1A4/UGT1A7",9
"GO:0072073","kidney epithelium development","7/205","151/18860",0.0463576158940397,4.26490066225166,4.22252074810893,0.00133500934608647,0.216838770736598,0.202789365298411,"ARG2/BMP2/DLG1/NPHS1/VEGFA/WNT11/WWTR1",7
"GO:0008202","steroid metabolic process","11/205","345/18860",0.0318840579710145,2.93333333333333,3.79920792312995,0.00143822167163374,0.216838770736598,0.202789365298411,"BMP2/CYP3A5/GBA2/OSBPL9/SDR42E1/SERPINA6/SLC27A2/SULT2B1/UGT1A4/UGT1A5/UGT1A7",11
"GO:0001503","ossification","13/205","455/18860",0.0285714285714286,2.62857142857143,3.68623682081155,0.00147368272725166,0.216838770736598,0.202789365298411,"ADCY10/BMP2/CHRD/MIR20B/MSX2/OSR2/OSTF1/SMOC1/SNX10/SOST/VEGFA/WNT11/WWTR1",13
"GO:0010463","mesenchymal cell proliferation","4/205","47/18860",0.0851063829787234,7.82978723404255,4.91434576891037,0.00167753045585287,0.216838770736598,0.202789365298411,"BMP2/CHRD/TGFBR2/WNT11",4
"GO:0045669","positive regulation of osteoblast differentiation","5/205","79/18860",0.0632911392405063,5.82278481012658,4.50288346761008,0.00169760542388061,0.216838770736598,0.202789365298411,"BMP2/MIR20B/MSX2/VEGFA/WWTR1",5
"GO:0090026","positive regulation of monocyte chemotaxis","3/205","23/18860",0.130434782608696,12,5.53336563246374,0.00190903528365695,0.216838770736598,0.202789365298411,"CXCL17/PLA2G7/SERPINE1",3
"GO:0002062","chondrocyte differentiation","6/205","119/18860",0.0504201680672269,4.63865546218487,4.17404060365333,0.00192246197444085,0.216838770736598,0.202789365298411,"BMP2/CREB3L2/MSX2/OSR2/RARG/TGFBR2",6
"GO:0045667","regulation of osteoblast differentiation","7/205","161/18860",0.0434782608695652,4,4.00740869383174,0.00192716999348394,0.216838770736598,0.202789365298411,"BMP2/CHRD/MIR20B/MSX2/SMOC1/VEGFA/WWTR1",7
"GO:0032535","regulation of cellular component size","11/205","361/18860",0.0304709141274238,2.80332409972299,3.62653518607973,0.00205357771028303,0.216838770736598,0.202789365298411,"ADCY10/ARHGAP28/CDK5/DLG1/GBA2/LIMK1/NEB/NPHS1/RARG/TENM1/VEGFA",11
"GO:0019884","antigen processing and presentation of exogenous antigen","4/205","50/18860",0.08,7.36,4.72048208916304,0.00211183147221077,0.216838770736598,0.202789365298411,"CD1C/CD1E/CTSF/CTSS",4
"GO:0009074","aromatic amino acid family catabolic process","3/205","24/18860",0.125,11.5,5.39559337981921,0.00216440411968436,0.216838770736598,0.202789365298411,"HPD/KYNU/QDPR",3
"GO:0061042","vascular wound healing","3/205","24/18860",0.125,11.5,5.39559337981921,0.00216440411968436,0.216838770736598,0.202789365298411,"NDNF/SERPINE1/VEGFA",3
"GO:0072009","nephron epithelium development","6/205","122/18860",0.0491803278688525,4.52459016393443,4.09416703379312,0.00218025687528129,0.216838770736598,0.202789365298411,"BMP2/DLG1/NPHS1/VEGFA/WNT11/WWTR1",6
"GO:0170040","proteinogenic amino acid catabolic process","5/205","85/18860",0.0588235294117647,5.41176470588235,4.2733696977703,0.00234475176048545,0.216838770736598,0.202789365298411,"AADAT/HMGCL/HPD/KYNU/QDPR",5
"GO:0031589","cell-substrate adhesion","11/205","369/18860",0.029810298102981,2.74254742547425,3.54369409288621,0.00243333777018202,0.216838770736598,0.202789365298411,"APOD/CDK5/DAPK3/DLC1/HAS2/LPXN/NDNF/NEDD9/SERPINE1/TYRO3/VEGFA",11
"GO:0002688","regulation of leukocyte chemotaxis","6/205","126/18860",0.0476190476190476,4.38095238095238,3.99160633019896,0.00256354944566732,0.216838770736598,0.202789365298411,"CCL19/CXCL17/NEDD9/PLA2G7/SERPINE1/VEGFA",6
"GO:0170035","L-amino acid catabolic process","5/205","87/18860",0.0574712643678161,5.28735632183908,4.20166090274163,0.00259565860808701,0.216838770736598,0.202789365298411,"AADAT/HMGCL/HPD/KYNU/QDPR",5
"GO:0003091","renal water homeostasis","3/205","26/18860",0.115384615384615,10.6153846153846,5.14304928057257,0.00273634954514279,0.216838770736598,0.202789365298411,"CYP4A11/CYP4F12/HAS2",3
"GO:0002548","monocyte chemotaxis","4/205","54/18860",0.0740740740740741,6.81481481481481,4.48562730114041,0.00280385047140558,0.216838770736598,0.202789365298411,"CALCA/CXCL17/PLA2G7/SERPINE1",4
"GO:0060348","bone development","8/205","220/18860",0.0363636363636364,3.34545454545455,3.66820874004184,0.00286263626190202,0.216838770736598,0.202789365298411,"BMP2/HAS2/MSX2/OSR2/PDGFC/RARG/SNX10/TGFBR2",8
"GO:0001822","kidney development","10/205","323/18860",0.0309597523219814,2.84829721362229,3.51230303595447,0.00289805063307085,0.216838770736598,0.202789365298411,"ARG2/BMP2/CYP4A11/DLG1/HAS2/NPHS1/OSR2/VEGFA/WNT11/WWTR1",10
"GO:0060021","roof of mouth development","5/205","92/18860",0.0543478260869565,5,4.0316566754094,0.00330746203075514,0.216838770736598,0.202789365298411,"DLG1/FOXE1/OSR2/TGFBR2/WNT11",5
"GO:0003272","endocardial cushion formation","3/205","28/18860",0.107142857142857,9.85714285714286,4.91657961887358,0.00339328109522561,0.216838770736598,0.202789365298411,"BMP2/MSX2/TGFBR2",3
"GO:0072001","renal system development","10/205","334/18860",0.029940119760479,2.75449101796407,3.39134667298939,0.00367463993514716,0.216838770736598,0.202789365298411,"ARG2/BMP2/CYP4A11/DLG1/HAS2/NPHS1/OSR2/VEGFA/WNT11/WWTR1",10
"GO:0010810","regulation of cell-substrate adhesion","8/205","230/18860",0.0347826086956522,3.2,3.51899626172029,0.00374945326595958,0.216838770736598,0.202789365298411,"APOD/DAPK3/DLC1/HAS2/NDNF/NEDD9/SERPINE1/VEGFA",8
"GO:0035116","embryonic hindlimb morphogenesis","3/205","29/18860",0.103448275862069,9.51724137931035,4.81171500824678,0.00375479393172466,0.216838770736598,0.202789365298411,"MSX2/OSR2/RARG",3
"GO:0072132","mesenchyme morphogenesis","4/205","59/18860",0.0677966101694915,6.23728813559322,4.22357910820868,0.00386884360504584,0.216838770736598,0.202789365298411,"BMP2/MSX2/TGFBR2/WNT11",4
"GO:0002685","regulation of leukocyte migration","8/205","233/18860",0.0343347639484979,3.1587982832618,3.47581938789146,0.00405311562283563,0.216838770736598,0.202789365298411,"APOD/CCL19/CXCL17/GPR15LG/NEDD9/PLA2G7/SERPINE1/VEGFA",8
"GO:0003416","endochondral bone growth","3/205","30/18860",0.1,9.2,4.71181199930518,0.00413892029605904,0.216838770736598,0.202789365298411,"MSX2/RARG/TGFBR2",3
"GO:0071674","mononuclear cell migration","8/205","235/18860",0.0340425531914894,3.13191489361702,3.44742072461936,0.00426587378492684,0.216838770736598,0.202789365298411,"APOD/CALCA/CCL19/CXCL17/GPR15LG/NEDD9/PLA2G7/SERPINE1",8
"GO:0001657","ureteric bud development","5/205","98/18860",0.0510204081632653,4.69387755102041,3.84321429381654,0.00433530881756192,0.216838770736598,0.202789365298411,"ARG2/BMP2/DLG1/VEGFA/WNT11",5
"GO:0060993","kidney morphogenesis","5/205","98/18860",0.0510204081632653,4.69387755102041,3.84321429381654,0.00433530881756192,0.216838770736598,0.202789365298411,"BMP2/DLG1/VEGFA/WNT11/WWTR1",5
"GO:1901606","alpha-amino acid catabolic process","5/205","98/18860",0.0510204081632653,4.69387755102041,3.84321429381654,0.00433530881756192,0.216838770736598,0.202789365298411,"AADAT/HMGCL/HPD/KYNU/QDPR",5
"GO:0030595","leukocyte chemotaxis","8/205","237/18860",0.0337552742616034,3.10548523206751,3.4193234529001,0.00448714034867434,0.216838770736598,0.202789365298411,"CALCA/CCL19/CXCL17/GPR15LG/NEDD9/PLA2G7/SERPINE1/VEGFA",8
"GO:0007044","cell-substrate junction assembly","5/205","99/18860",0.0505050505050505,4.64646464646465,3.81329362132661,0.0045264292565567,0.216838770736598,0.202789365298411,"APOD/DAPK3/DLC1/TNS1/VEGFA",5
"GO:0072080","nephron tubule development","5/205","99/18860",0.0505050505050505,4.64646464646465,3.81329362132661,0.0045264292565567,0.216838770736598,0.202789365298411,"BMP2/DLG1/VEGFA/WNT11/WWTR1",5
"GO:0072163","mesonephric epithelium development","5/205","99/18860",0.0505050505050505,4.64646464646465,3.81329362132661,0.0045264292565567,0.216838770736598,0.202789365298411,"ARG2/BMP2/DLG1/VEGFA/WNT11",5
"GO:0072164","mesonephric tubule development","5/205","99/18860",0.0505050505050505,4.64646464646465,3.81329362132661,0.0045264292565567,0.216838770736598,0.202789365298411,"ARG2/BMP2/DLG1/VEGFA/WNT11",5
"GO:0045599","negative regulation of fat cell differentiation","4/205","62/18860",0.0645161290322581,5.93548387096774,4.08045312515951,0.00462396916623686,0.216838770736598,0.202789365298411,"BMP2/MSX2/VEGFA/WWTR1",4
"GO:0032970","regulation of actin filament-based process","11/205","402/18860",0.027363184079602,2.51741293532338,3.22376311336941,0.00464525418007928,0.216838770736598,0.202789365298411,"ADCY10/ARHGAP28/DAPK3/DLC1/DLG1/GBA2/LIMK1/NEB/NEDD9/NPHS1/TENM1",11
"GO:0060349","bone morphogenesis","5/205","100/18860",0.05,4.6,3.78376989811238,0.00472347366298215,0.216838770736598,0.202789365298411,"HAS2/MSX2/OSR2/RARG/TGFBR2",5
"GO:0090025","regulation of monocyte chemotaxis","3/205","32/18860",0.09375,8.625,4.52534168876611,0.00497662811207859,0.216838770736598,0.202789365298411,"CXCL17/PLA2G7/SERPINE1",3
"GO:0003418","growth plate cartilage chondrocyte differentiation","2/205","10/18860",0.2,18.4,5.76942065621571,0.00499561517379612,0.216838770736598,0.202789365298411,"RARG/TGFBR2",2
"GO:0060346","bone trabecula formation","2/205","10/18860",0.2,18.4,5.76942065621571,0.00499561517379612,0.216838770736598,0.202789365298411,"MSX2/VEGFA",2
"GO:0070189","kynurenine metabolic process","2/205","10/18860",0.2,18.4,5.76942065621571,0.00499561517379612,0.216838770736598,0.202789365298411,"AADAT/KYNU",2
"GO:1901523","icosanoid catabolic process","2/205","10/18860",0.2,18.4,5.76942065621571,0.00499561517379612,0.216838770736598,0.202789365298411,"CYP4A11/CYP4F12",2
"GO:1902965","regulation of protein localization to early endosome","2/205","10/18860",0.2,18.4,5.76942065621571,0.00499561517379612,0.216838770736598,0.202789365298411,"MGAT3/VEGFA",2
"GO:1902966","positive regulation of protein localization to early endosome","2/205","10/18860",0.2,18.4,5.76942065621571,0.00499561517379612,0.216838770736598,0.202789365298411,"MGAT3/VEGFA",2
"GO:0050921","positive regulation of chemotaxis","6/205","145/18860",0.0413793103448276,3.80689655172414,3.55675643954318,0.0051102549601738,0.216838770736598,0.202789365298411,"CCL19/CXCL17/NEDD9/PLA2G7/SERPINE1/VEGFA",6
"GO:0060055","angiogenesis involved in wound healing","3/205","33/18860",0.0909090909090909,8.36363636363636,4.43810299267304,0.00543096367886795,0.216838770736598,0.202789365298411,"NDNF/SERPINE1/VEGFA",3
"GO:0001837","epithelial to mesenchymal transition","7/205","195/18860",0.0358974358974359,3.3025641025641,3.38808012373905,0.00554773563099721,0.216838770736598,0.202789365298411,"BMP2/HAS2/MSX2/TGFBR2/VEGFA/WNT11/WWTR1",7
"GO:0061326","renal tubule development","5/205","104/18860",0.0480769230769231,4.42307692307692,3.66945740165065,0.00557284510897485,0.216838770736598,0.202789365298411,"BMP2/DLG1/VEGFA/WNT11/WWTR1",5
"GO:0032956","regulation of actin cytoskeleton organization","10/205","357/18860",0.0280112044817927,2.57703081232493,3.15349281975736,0.00582975298747839,0.216838770736598,0.202789365298411,"ARHGAP28/DAPK3/DLC1/DLG1/GBA2/LIMK1/NEB/NEDD9/NPHS1/TENM1",10
"GO:0016054","organic acid catabolic process","8/205","248/18860",0.032258064516129,2.96774193548387,3.26991221599105,0.00586612347991443,0.216838770736598,0.202789365298411,"AADAT/CYP4A11/CYP4F12/HMGCL/HPD/KYNU/QDPR/SLC27A2",8
"GO:0046395","carboxylic acid catabolic process","8/205","248/18860",0.032258064516129,2.96774193548387,3.26991221599105,0.00586612347991443,0.216838770736598,0.202789365298411,"AADAT/CYP4A11/CYP4F12/HMGCL/HPD/KYNU/QDPR/SLC27A2",8
"GO:0050891","multicellular organismal-level water homeostasis","3/205","34/18860",0.0882352941176471,8.11764705882353,4.35447212102187,0.00590942203181321,0.216838770736598,0.202789365298411,"CYP4A11/CYP4F12/HAS2",3
"GO:0071675","regulation of mononuclear cell migration","6/205","150/18860",0.04,3.68,3.45447587381435,0.00601260871805343,0.216838770736598,0.202789365298411,"APOD/CXCL17/GPR15LG/NEDD9/PLA2G7/SERPINE1",6
"GO:0070372","regulation of ERK1 and ERK2 cascade","9/205","303/18860",0.0297029702970297,2.73267326732673,3.18729850752984,0.00604638194929559,0.216838770736598,0.202789365298411,"BMP2/CCL19/CXCL17/DLG1/DUSP6/PDGFC/ROS1/TBC1D10C/VEGFA",9
"GO:0060426","lung vasculature development","2/205","11/18860",0.181818181818182,16.7272727272727,5.4694573160962,0.00606223893157276,0.216838770736598,0.202789365298411,"BMP2/VEGFA",2
"GO:0062111","zinc ion import into organelle","2/205","11/18860",0.181818181818182,16.7272727272727,5.4694573160962,0.00606223893157276,0.216838770736598,0.202789365298411,"SLC30A2/SLC30A8",2
"GO:1901329","regulation of odontoblast differentiation","2/205","11/18860",0.181818181818182,16.7272727272727,5.4694573160962,0.00606223893157276,0.216838770736598,0.202789365298411,"BMP2/SERPINE1",2
"GO:0060675","ureteric bud morphogenesis","4/205","67/18860",0.0597014925373134,5.49253731343284,3.86162121243991,0.00609231105346248,0.216838770736598,0.202789365298411,"BMP2/DLG1/VEGFA/WNT11",4
"GO:1902107","positive regulation of leukocyte differentiation","7/205","199/18860",0.0351758793969849,3.23618090452261,3.3243339924935,0.00618245363242035,0.216838770736598,0.202789365298411,"CALCA/CCL19/CD27/EGR3/NEDD9/PPP2R3C/TGFBR2",7
"GO:1903708","positive regulation of hemopoiesis","7/205","199/18860",0.0351758793969849,3.23618090452261,3.3243339924935,0.00618245363242035,0.216838770736598,0.202789365298411,"CALCA/CCL19/CD27/EGR3/NEDD9/PPP2R3C/TGFBR2",7
"GO:0002687","positive regulation of leukocyte migration","6/205","152/18860",0.0394736842105263,3.63157894736842,3.4147833156889,0.00640421973430444,0.216838770736598,0.202789365298411,"CCL19/CXCL17/NEDD9/PLA2G7/SERPINE1/VEGFA",6
"GO:0002063","chondrocyte development","3/205","35/18860",0.0857142857142857,7.88571428571429,4.27419332813162,0.006412329388027,0.216838770736598,0.202789365298411,"MSX2/RARG/TGFBR2",3
"GO:0006882","intracellular zinc ion homeostasis","3/205","35/18860",0.0857142857142857,7.88571428571429,4.27419332813162,0.006412329388027,0.216838770736598,0.202789365298411,"MT1G/SLC30A2/SLC30A8",3
"GO:0010464","regulation of mesenchymal cell proliferation","3/205","35/18860",0.0857142857142857,7.88571428571429,4.27419332813162,0.006412329388027,0.216838770736598,0.202789365298411,"CHRD/TGFBR2/WNT11",3
"GO:0098868","bone growth","3/205","35/18860",0.0857142857142857,7.88571428571429,4.27419332813162,0.006412329388027,0.216838770736598,0.202789365298411,"MSX2/RARG/TGFBR2",3
"GO:0051893","regulation of focal adhesion assembly","4/205","68/18860",0.0588235294117647,5.41176470588235,3.82048879751212,0.00641905386296067,0.216838770736598,0.202789365298411,"APOD/DAPK3/DLC1/VEGFA",4
"GO:0072171","mesonephric tubule morphogenesis","4/205","68/18860",0.0588235294117647,5.41176470588235,3.82048879751212,0.00641905386296067,0.216838770736598,0.202789365298411,"BMP2/DLG1/VEGFA/WNT11",4
"GO:0072348","sulfur compound transport","4/205","68/18860",0.0588235294117647,5.41176470588235,3.82048879751212,0.00641905386296067,0.216838770736598,0.202789365298411,"LRRC8C/SLC22A4/SLC25A40/SLC26A4",4
"GO:0090109","regulation of cell-substrate junction assembly","4/205","68/18860",0.0588235294117647,5.41176470588235,3.82048879751212,0.00641905386296067,0.216838770736598,0.202789365298411,"APOD/DAPK3/DLC1/VEGFA",4
"GO:0030832","regulation of actin filament length","6/205","153/18860",0.0392156862745098,3.6078431372549,3.39518732770931,0.00660683308248952,0.220493104078265,0.20620692727973,"ARHGAP28/DLG1/GBA2/NEB/NPHS1/TENM1",6
"GO:0150115","cell-substrate junction organization","5/205","109/18860",0.0458715596330275,4.22018348623853,3.5344373234981,0.00677948247072933,0.223561505284765,0.20907652080783,"APOD/DAPK3/DLC1/TNS1/VEGFA",5
"GO:0035137","hindlimb morphogenesis","3/205","36/18860",0.0833333333333333,7.66666666666667,4.19703574833747,0.00693999252025273,0.226162109189412,0.211508626530551,"MSX2/OSR2/RARG",3
"GO:0002573","myeloid leukocyte differentiation","8/205","257/18860",0.0311284046692607,2.86381322957198,3.1536688817962,0.00721696685580088,0.232453467332191,0.217392355350379,"BMP2/CALCA/CCL19/MT1G/NEDD9/SNX10/TGFBR2/VEGFA",8
"GO:0009063","amino acid catabolic process","5/205","111/18860",0.045045045045045,4.14414414414414,3.48267956076437,0.00730966113061367,0.232732888871263,0.217653672624806,"AADAT/HMGCL/HPD/KYNU/QDPR",5
"GO:0002065","columnar/cuboidal epithelial cell differentiation","5/205","113/18860",0.0442477876106195,4.07079646017699,3.43212421547114,0.00786811186797427,0.242705236349371,0.226979892325974,"BMP2/RARG/ROS1/SERPINE1/WNT11",5
"GO:0072006","nephron development","6/205","160/18860",0.0375,3.45,3.26245031609584,0.0081576704651498,0.242705236349371,0.226979892325974,"BMP2/DLG1/NPHS1/VEGFA/WNT11/WWTR1",6
"GO:0006012","galactose metabolic process","2/205","13/18860",0.153846153846154,14.1538461538462,4.9732690293141,0.00847541566665764,0.242705236349371,0.226979892325974,"GLB1L3/PGM1",2
"GO:0010917","negative regulation of mitochondrial membrane potential","2/205","13/18860",0.153846153846154,14.1538461538462,4.9732690293141,0.00847541566665764,0.242705236349371,0.226979892325974,"ADCY10/PIP5KL1",2
"GO:0015838","amino-acid betaine transport","2/205","13/18860",0.153846153846154,14.1538461538462,4.9732690293141,0.00847541566665764,0.242705236349371,0.226979892325974,"SLC22A4/SLC25A20",2
"GO:0036302","atrioventricular canal development","2/205","13/18860",0.153846153846154,14.1538461538462,4.9732690293141,0.00847541566665764,0.242705236349371,0.226979892325974,"BMP2/HAS2",2
"GO:0061430","bone trabecula morphogenesis","2/205","13/18860",0.153846153846154,14.1538461538462,4.9732690293141,0.00847541566665764,0.242705236349371,0.226979892325974,"MSX2/VEGFA",2
"GO:1902946","protein localization to early endosome","2/205","13/18860",0.153846153846154,14.1538461538462,4.9732690293141,0.00847541566665764,0.242705236349371,0.226979892325974,"MGAT3/VEGFA",2
"GO:1905668","positive regulation of protein localization to endosome","2/205","13/18860",0.153846153846154,14.1538461538462,4.9732690293141,0.00847541566665764,0.242705236349371,0.226979892325974,"MGAT3/VEGFA",2
"GO:0001649","osteoblast differentiation","8/205","265/18860",0.030188679245283,2.77735849056604,3.05448863035904,0.00860409796958242,0.242705236349371,0.226979892325974,"BMP2/CHRD/MIR20B/MSX2/SMOC1/VEGFA/WNT11/WWTR1",8
"GO:0045773","positive regulation of axon extension","3/205","39/18860",0.0769230769230769,7.07692307692308,3.9822940898451,0.00867430267097029,0.242705236349371,0.226979892325974,"ADCY10/LIMK1/VEGFA",3
"GO:0072530","purine-containing compound transmembrane transport","3/205","39/18860",0.0769230769230769,7.07692307692308,3.9822940898451,0.00867430267097029,0.242705236349371,0.226979892325974,"ADCY10/LRRC8C/SLC28A2",3
"GO:0072078","nephron tubule morphogenesis","4/205","76/18860",0.0526315789473684,4.84210526315789,3.51820101544517,0.00945776531985182,0.25767129875843,0.240976274461142,"BMP2/DLG1/VEGFA/WNT11",4
"GO:0150116","regulation of cell-substrate junction organization","4/205","76/18860",0.0526315789473684,4.84210526315789,3.51820101544517,0.00945776531985182,0.25767129875843,0.240976274461142,"APOD/DAPK3/DLC1/VEGFA",4
"GO:0051216","cartilage development","7/205","216/18860",0.0324074074074074,2.98148148148148,3.07033653462778,0.00949890657374735,0.25767129875843,0.240976274461142,"BMP2/CREB3L2/MSX2/OSR2/RARG/TGFBR2/WNT11",7
"GO:0035630","bone mineralization involved in bone maturation","2/205","14/18860",0.142857142857143,13.1428571428571,4.76446284205207,0.00981770441235593,0.25767129875843,0.240976274461142,"BMP2/SNX10",2
"GO:0045837","negative regulation of membrane potential","2/205","14/18860",0.142857142857143,13.1428571428571,4.76446284205207,0.00981770441235593,0.25767129875843,0.240976274461142,"ADCY10/PIP5KL1",2
"GO:1905666","regulation of protein localization to endosome","2/205","14/18860",0.142857142857143,13.1428571428571,4.76446284205207,0.00981770441235593,0.25767129875843,0.240976274461142,"MGAT3/VEGFA",2
"GO:0003203","endocardial cushion morphogenesis","3/205","41/18860",0.0731707317073171,6.73170731707317,3.85137934439516,0.00995908060006824,0.25767129875843,0.240976274461142,"BMP2/MSX2/TGFBR2",3
"GO:0019882","antigen processing and presentation","5/205","120/18860",0.0416666666666667,3.83333333333333,3.26393976088629,0.0100557417556888,0.25767129875843,0.240976274461142,"CCL19/CD1C/CD1E/CTSF/CTSS",5
"GO:0060326","cell chemotaxis","9/205","330/18860",0.0272727272727273,2.50909090909091,2.89916743139908,0.0102748403064607,0.25767129875843,0.240976274461142,"CALCA/CCL19/CXCL17/EGR3/GPR15LG/NEDD9/PLA2G7/SERPINE1/VEGFA",9
"GO:0051881","regulation of mitochondrial membrane potential","4/205","78/18860",0.0512820512820513,4.71794871794872,3.44920027888566,0.010341065030022,0.25767129875843,0.240976274461142,"ADCY10/MFN1/PIP5KL1/PPP2R3C",4
"GO:0072088","nephron epithelium morphogenesis","4/205","78/18860",0.0512820512820513,4.71794871794872,3.44920027888566,0.010341065030022,0.25767129875843,0.240976274461142,"BMP2/DLG1/VEGFA/WNT11",4
"GO:0070371","ERK1 and ERK2 cascade","9/205","331/18860",0.027190332326284,2.50151057401813,2.88904984804655,0.0104656488468907,0.25767129875843,0.240976274461142,"BMP2/CCL19/CXCL17/DLG1/DUSP6/PDGFC/ROS1/TBC1D10C/VEGFA",9
"GO:0010720","positive regulation of cell development","11/205","451/18860",0.024390243902439,2.24390243902439,2.80283883034872,0.010591442417856,0.25767129875843,0.240976274461142,"ADCY10/BMP2/CALCA/CCL19/CD27/EGR3/LIMK1/NEDD9/PPP2R3C/TGFBR2/VEGFA",11
"GO:0009072","aromatic amino acid metabolic process","3/205","42/18860",0.0714285714285714,6.57142857142857,3.78916148453578,0.0106406911941934,0.25767129875843,0.240976274461142,"HPD/KYNU/QDPR",3
"GO:0045229","external encapsulating structure organization","9/205","333/18860",0.027027027027027,2.48648648648649,2.86892480536183,0.0108552608220661,0.25767129875843,0.240976274461142,"BMP2/CTSS/ERO1A/HAS2/HRNR/MMP19/NDNF/NPHS1/SMOC1",9
"GO:0003198","epithelial to mesenchymal transition involved in endocardial cushion formation","2/205","15/18860",0.133333333333333,12.2666666666667,4.57595387617327,0.0112476754619349,0.25767129875843,0.240976274461142,"MSX2/TGFBR2",2
"GO:0003413","chondrocyte differentiation involved in endochondral bone morphogenesis","2/205","15/18860",0.133333333333333,12.2666666666667,4.57595387617327,0.0112476754619349,0.25767129875843,0.240976274461142,"RARG/TGFBR2",2
"GO:0035845","photoreceptor cell outer segment organization","2/205","15/18860",0.133333333333333,12.2666666666667,4.57595387617327,0.0112476754619349,0.25767129875843,0.240976274461142,"NPHP4/PRPH2",2
"GO:0070493","thrombin-activated receptor signaling pathway","2/205","15/18860",0.133333333333333,12.2666666666667,4.57595387617327,0.0112476754619349,0.25767129875843,0.240976274461142,"F2RL3/SERPINE1",2
"GO:0072028","nephron morphogenesis","4/205","80/18860",0.05,4.6,3.38250412108096,0.0112761024673974,0.25767129875843,0.240976274461142,"BMP2/DLG1/VEGFA/WNT11",4
"GO:0140962","multicellular organismal-level chemical homeostasis","4/205","80/18860",0.05,4.6,3.38250412108096,0.0112761024673974,0.25767129875843,0.240976274461142,"CYP4A11/CYP4F12/HAS2/VEGFA",4
"GO:0001953","negative regulation of cell-matrix adhesion","3/205","43/18860",0.0697674418604651,6.41860465116279,3.72893776256845,0.0113486998009128,0.25767129875843,0.240976274461142,"APOD/DLC1/SERPINE1",3
"GO:0007595","lactation","3/205","43/18860",0.0697674418604651,6.41860465116279,3.72893776256845,0.0113486998009128,0.25767129875843,0.240976274461142,"SLC22A4/SOCS2/VEGFA",3
"GO:0061333","renal tubule morphogenesis","4/205","81/18860",0.0493827160493827,4.54320987654321,3.34997673091409,0.0117633535797697,0.264914548097252,0.247750219596176,"BMP2/DLG1/VEGFA/WNT11",4
"GO:0001977","renal system process involved in regulation of blood volume","2/205","16/18860",0.125,11.5,4.4045482991461,0.0127632832570824,0.282834356976946,0.264508969226777,"CYP4A11/CYP4F12",2
"GO:0042795","snRNA transcription by RNA polymerase II","2/205","16/18860",0.125,11.5,4.4045482991461,0.0127632832570824,0.282834356976946,0.264508969226777,"ELL/ELL2",2
"GO:0030856","regulation of epithelial cell differentiation","6/205","177/18860",0.0338983050847458,3.11864406779661,2.96865658871335,0.0129870225943424,0.28550835385975,0.267009712653941,"BMP2/MSX2/SERPINE1/SULT2B1/VEGFA/WWTR1",6
"GO:0006520","amino acid metabolic process","8/205","286/18860",0.027972027972028,2.57342657342657,2.81070593491485,0.0131915903449704,0.285708168900773,0.267196581290063,"AADAT/ARG2/DIO1/HMGCL/HPD/KYNU/MCRIP2/QDPR",8
"GO:0003151","outflow tract morphogenesis","4/205","84/18860",0.0476190476190476,4.38095238095238,3.25548570603297,0.0133055428838266,0.285708168900773,0.267196581290063,"MSX2/TGFBR2/VEGFA/WNT11",4
"GO:0030516","regulation of axon extension","4/205","84/18860",0.0476190476190476,4.38095238095238,3.25548570603297,0.0133055428838266,0.285708168900773,0.267196581290063,"ADCY10/CDK5/LIMK1/VEGFA",4
"GO:0048705","skeletal system morphogenesis","7/205","232/18860",0.0301724137931034,2.77586206896552,2.85304579738442,0.0136643516259438,0.291155800029726,0.272291249809293,"DLG1/HAS2/MSX2/OSR2/RARG/TGFBR2/VEGFA",7
"GO:0030833","regulation of actin filament polymerization","5/205","130/18860",0.0384615384615385,3.53846153846154,3.04447217475176,0.0138559476463658,0.292984541835369,0.274001503878717,"ARHGAP28/DLG1/GBA2/NPHS1/TENM1",5
"GO:0001952","regulation of cell-matrix adhesion","5/205","131/18860",0.0381679389312977,3.51145038167939,3.02372011750143,0.0142823207230692,0.296448293069564,0.277240831937753,"APOD/DAPK3/DLC1/SERPINE1/VEGFA",5
"GO:0015697","quaternary ammonium group transport","2/205","17/18860",0.117647058823529,10.8235294117647,4.2477174489429,0.0143625159697036,0.296448293069564,0.277240831937753,"SLC22A4/SLC25A20",2
"GO:0042182","ketone catabolic process","2/205","17/18860",0.117647058823529,10.8235294117647,4.2477174489429,0.0143625159697036,0.296448293069564,0.277240831937753,"CYP4F12/KYNU",2
"GO:0060563","neuroepithelial cell differentiation","3/205","47/18860",0.0638297872340425,5.87234042553191,3.50587283825693,0.0144478409979752,0.296448293069564,0.277240831937753,"BMP2/SERPINE1/WNT11",3
"GO:0042391","regulation of membrane potential","11/205","474/18860",0.0232067510548523,2.13502109704641,2.62354254290425,0.0148758786809794,0.302986646664065,0.283355552893887,"ADCY10/CDK5/DLG1/GABRA1/GABRR2/KCNK1/KCNS3/KCTD7/MFN1/PIP5KL1/PPP2R3C",11
"GO:0042476","odontogenesis","5/205","133/18860",0.037593984962406,3.45864661654135,2.98281597954781,0.0151613373244475,0.306546747362917,0.286684987748485,"BMP2/MSX2/OSR2/SERPINE1/SNX10",5
"GO:0048041","focal adhesion assembly","4/205","88/18860",0.0454545454545455,4.18181818181818,3.13617332518302,0.0155538467824744,0.308612529131408,0.288616923500815,"APOD/DAPK3/DLC1/VEGFA",4
"GO:0030178","negative regulation of Wnt signaling pathway","6/205","185/18860",0.0324324324324324,2.98378378378378,2.84242182342832,0.0158394345700477,0.308612529131408,0.288616923500815,"BMP2/NPHP4/SHISA2/SOST/WNT11/WWTR1",6
"GO:0003128","heart field specification","2/205","18/18860",0.111111111111111,10.2222222222222,4.10342943893103,0.0160433950162176,0.308612529131408,0.288616923500815,"BMP2/WNT11",2
"GO:0006704","glucocorticoid biosynthetic process","2/205","18/18860",0.111111111111111,10.2222222222222,4.10342943893103,0.0160433950162176,0.308612529131408,0.288616923500815,"BMP2/SERPINA6",2
"GO:0019373","epoxygenase P450 pathway","2/205","18/18860",0.111111111111111,10.2222222222222,4.10342943893103,0.0160433950162176,0.308612529131408,0.288616923500815,"CYP4A11/CYP4F12",2
"GO:0045579","positive regulation of B cell differentiation","2/205","18/18860",0.111111111111111,10.2222222222222,4.10342943893103,0.0160433950162176,0.308612529131408,0.288616923500815,"CD27/PPP2R3C",2
"GO:0071895","odontoblast differentiation","2/205","18/18860",0.111111111111111,10.2222222222222,4.10342943893103,0.0160433950162176,0.308612529131408,0.288616923500815,"BMP2/SERPINE1",2
"GO:0030099","myeloid cell differentiation","11/205","481/18860",0.0228690228690229,2.1039501039501,2.57098580084412,0.0164090788310513,0.313469988703531,0.293159658825533,"BMP2/CALCA/CCL19/KLF1/MT1G/NEDD9/RARG/SLC25A40/SNX10/TGFBR2/VEGFA",11
"GO:0045197","establishment or maintenance of epithelial cell apical/basal polarity","3/205","50/18860",0.06,5.52,3.35480802563159,0.0170561042399214,0.31926187061216,0.298576273447284,"DLG1/PARD6B/WNT11",3
"GO:1901568","fatty acid derivative metabolic process","4/205","91/18860",0.043956043956044,4.04395604395604,3.05124541511438,0.0173878766441279,0.31926187061216,0.298576273447284,"CYP4A11/CYP4F12/HMGCL/SLC27A2",4
"GO:0006744","ubiquinone biosynthetic process","2/205","19/18860",0.105263157894737,9.68421052631579,3.97003013232312,0.0178039745783458,0.31926187061216,0.298576273447284,"COQ5/STARD7",2
"GO:0009404","toxin metabolic process","2/205","19/18860",0.105263157894737,9.68421052631579,3.97003013232312,0.0178039745783458,0.31926187061216,0.298576273447284,"CYP3A5/UGT1A7",2
"GO:0051895","negative regulation of focal adhesion assembly","2/205","19/18860",0.105263157894737,9.68421052631579,3.97003013232312,0.0178039745783458,0.31926187061216,0.298576273447284,"APOD/DLC1",2
"GO:0060438","trachea development","2/205","19/18860",0.105263157894737,9.68421052631579,3.97003013232312,0.0178039745783458,0.31926187061216,0.298576273447284,"RARG/TGFBR2",2
"GO:0061101","neuroendocrine cell differentiation","2/205","19/18860",0.105263157894737,9.68421052631579,3.97003013232312,0.0178039745783458,0.31926187061216,0.298576273447284,"BMP2/WNT11",2
"GO:1901569","fatty acid derivative catabolic process","2/205","19/18860",0.105263157894737,9.68421052631579,3.97003013232312,0.0178039745783458,0.31926187061216,0.298576273447284,"CYP4A11/CYP4F12",2
"GO:1901663","quinone biosynthetic process","2/205","19/18860",0.105263157894737,9.68421052631579,3.97003013232312,0.0178039745783458,0.31926187061216,0.298576273447284,"COQ5/STARD7",2
"GO:0003351","epithelial cilium movement involved in extracellular fluid movement","3/205","51/18860",0.0588235294117647,5.41176470588235,3.30714480348855,0.0179800909081217,0.31926187061216,0.298576273447284,"ADCY10/KATNIP/STARD7",3
"GO:0008206","bile acid metabolic process","3/205","51/18860",0.0588235294117647,5.41176470588235,3.30714480348855,0.0179800909081217,0.31926187061216,0.298576273447284,"GBA2/OSBPL9/SLC27A2",3
"GO:0042445","hormone metabolic process","7/205","246/18860",0.0284552845528455,2.61788617886179,2.67752970596544,0.0182657343241865,0.320228380240485,0.299480161038128,"BMP2/CYP3A5/DIO1/FOXE1/PLA2G7/SLC30A8/UGT1A7",7
"GO:0060560","developmental growth involved in morphogenesis","7/205","246/18860",0.0284552845528455,2.61788617886179,2.67752970596544,0.0182657343241865,0.320228380240485,0.299480161038128,"ADCY10/CDK5/LIMK1/RARG/TGFBR2/VEGFA/WNT11",7
"GO:0006487","protein N-linked glycosylation","4/205","93/18860",0.043010752688172,3.95698924731183,2.99662519496482,0.0186824025355108,0.321948431544132,0.301088766874447,"ALG14/GANC/MGAT3/STT3B",4
"GO:0106027","neuron projection organization","4/205","93/18860",0.043010752688172,3.95698924731183,2.99662519496482,0.0186824025355108,0.321948431544132,0.301088766874447,"ADCY10/ARC/CDK5/NEDD9",4
"GO:0030838","positive regulation of actin filament polymerization","3/205","52/18860",0.0576923076923077,5.30769230769231,3.2607212409114,0.0189314630982644,0.321948431544132,0.301088766874447,"DLG1/NPHS1/TENM1",3
"GO:0045621","positive regulation of lymphocyte differentiation","5/205","141/18860",0.0354609929078014,3.26241134751773,2.82669166739211,0.0190379552026133,0.321948431544132,0.301088766874447,"CCL19/CD27/EGR3/PPP2R3C/TGFBR2",5
"GO:0030879","mammary gland development","5/205","142/18860",0.0352112676056338,3.23943661971831,2.80796610049866,0.0195641924594047,0.321948431544132,0.301088766874447,"MSX2/SLC22A4/SOCS2/TGFBR2/VEGFA",5
"GO:0009301","snRNA transcription","2/205","20/18860",0.1,9.2,3.8461572385137,0.0196423411303098,0.321948431544132,0.301088766874447,"ELL/ELL2",2
"GO:0060749","mammary gland alveolus development","2/205","20/18860",0.1,9.2,3.8461572385137,0.0196423411303098,0.321948431544132,0.301088766874447,"SOCS2/VEGFA",2
"GO:0061377","mammary gland lobule development","2/205","20/18860",0.1,9.2,3.8461572385137,0.0196423411303098,0.321948431544132,0.301088766874447,"SOCS2/VEGFA",2
"GO:0150118","negative regulation of cell-substrate junction organization","2/205","20/18860",0.1,9.2,3.8461572385137,0.0196423411303098,0.321948431544132,0.301088766874447,"APOD/DLC1",2
"GO:1901658","glycosyl compound catabolic process","2/205","20/18860",0.1,9.2,3.8461572385137,0.0196423411303098,0.321948431544132,0.301088766874447,"DERA/GBA2",2
"GO:2000774","positive regulation of cellular senescence","2/205","20/18860",0.1,9.2,3.8461572385137,0.0196423411303098,0.321948431544132,0.301088766874447,"ARG2/MIR20B",2
"GO:0003197","endocardial cushion development","3/205","53/18860",0.0566037735849057,5.20754716981132,3.21547990678269,0.0199102636197759,0.322522983782334,0.301626092756346,"BMP2/MSX2/TGFBR2",3
"GO:0010043","response to zinc ion","3/205","53/18860",0.0566037735849057,5.20754716981132,3.21547990678269,0.0199102636197759,0.322522983782334,0.301626092756346,"MT1G/SLC30A2/SLC30A8",3
"GO:0072091","regulation of stem cell proliferation","4/205","95/18860",0.0421052631578947,3.87368421052632,2.9435078212187,0.0200352180903918,0.322660198316194,0.301754416893845,"OSR2/RARG/TGFBR2/WNT11",4
"GO:0006858","extracellular transport","3/205","54/18860",0.0555555555555556,5.11111111111111,3.1713670727808,0.0209165232167388,0.332981432818198,0.311406918550479,"ADCY10/KATNIP/STARD7",3
"GO:0048260","positive regulation of receptor-mediated endocytosis","3/205","54/18860",0.0555555555555556,5.11111111111111,3.1713670727808,0.0209165232167388,0.332981432818198,0.311406918550479,"CCL19/SERPINE1/VEGFA",3
"GO:0003417","growth plate cartilage development","2/205","21/18860",0.0952380952380952,8.76190476190476,3.73067715793184,0.0215566129723566,0.335923882374871,0.314158721080964,"RARG/TGFBR2",2
"GO:0006677","glycosylceramide metabolic process","2/205","21/18860",0.0952380952380952,8.76190476190476,3.73067715793184,0.0215566129723566,0.335923882374871,0.314158721080964,"GBA2/ST6GALNAC3",2
"GO:0006743","ubiquinone metabolic process","2/205","21/18860",0.0952380952380952,8.76190476190476,3.73067715793184,0.0215566129723566,0.335923882374871,0.314158721080964,"COQ5/STARD7",2
"GO:0019320","hexose catabolic process","3/205","55/18860",0.0545454545454545,5.01818181818182,3.12833241071506,0.0219502609060836,0.335923882374871,0.314158721080964,"ADCY10/GLB1L3/PGM1",3
"GO:0035088","establishment or maintenance of apical/basal cell polarity","3/205","55/18860",0.0545454545454545,5.01818181818182,3.12833241071506,0.0219502609060836,0.335923882374871,0.314158721080964,"DLG1/PARD6B/WNT11",3
"GO:0042461","photoreceptor cell development","3/205","55/18860",0.0545454545454545,5.01818181818182,3.12833241071506,0.0219502609060836,0.335923882374871,0.314158721080964,"NPHP4/PRPH2/VEGFA",3
"GO:0061245","establishment or maintenance of bipolar cell polarity","3/205","55/18860",0.0545454545454545,5.01818181818182,3.12833241071506,0.0219502609060836,0.335923882374871,0.314158721080964,"DLG1/PARD6B/WNT11",3
"GO:0071677","positive regulation of mononuclear cell migration","4/205","98/18860",0.0408163265306122,3.75510204081633,2.86648579925543,0.0221751181529855,0.337500424636098,0.31563311610467,"CXCL17/NEDD9/PLA2G7/SERPINE1",4
"GO:0042181","ketone biosynthetic process","3/205","56/18860",0.0535714285714286,4.92857142857143,3.08632871961638,0.023011484309051,0.345076630499313,0.322718444863693,"BMP2/COQ5/STARD7",3
"GO:0045778","positive regulation of ossification","3/205","56/18860",0.0535714285714286,4.92857142857143,3.08632871961638,0.023011484309051,0.345076630499313,0.322718444863693,"ADCY10/BMP2/OSR2",3
"GO:0006590","thyroid hormone generation","2/205","22/18860",0.0909090909090909,8.36363636363636,3.62263777950601,0.0235449397705307,0.345076630499313,0.322718444863693,"DIO1/FOXE1",2
"GO:0035739","CD4-positive, alpha-beta T cell proliferation","2/205","22/18860",0.0909090909090909,8.36363636363636,3.62263777950601,0.0235449397705307,0.345076630499313,0.322718444863693,"ARG2/TGFBR2",2
"GO:0046485","ether lipid metabolic process","2/205","22/18860",0.0909090909090909,8.36363636363636,3.62263777950601,0.0235449397705307,0.345076630499313,0.322718444863693,"AGMO/PLA2G7",2
"GO:0051900","regulation of mitochondrial depolarization","2/205","22/18860",0.0909090909090909,8.36363636363636,3.62263777950601,0.0235449397705307,0.345076630499313,0.322718444863693,"ADCY10/PPP2R3C",2
"GO:2000561","regulation of CD4-positive, alpha-beta T cell proliferation","2/205","22/18860",0.0909090909090909,8.36363636363636,3.62263777950601,0.0235449397705307,0.345076630499313,0.322718444863693,"ARG2/TGFBR2",2
"GO:0060395","SMAD protein signal transduction","4/205","100/18860",0.04,3.68,2.81680647970588,0.0236763353092106,0.34517604635007,0.32281141936824,"BMP2/EID2/TGFBR2/WWTR1",4
"GO:0008064","regulation of actin polymerization or depolymerization","5/205","150/18860",0.0333333333333333,3.06666666666667,2.66389930567773,0.0241197571834676,0.345536622440534,0.323148633032929,"ARHGAP28/DLG1/GBA2/NPHS1/TENM1",5
"GO:0090090","negative regulation of canonical Wnt signaling pathway","5/205","150/18860",0.0333333333333333,3.06666666666667,2.66389930567773,0.0241197571834676,0.345536622440534,0.323148633032929,"BMP2/NPHP4/SOST/WNT11/WWTR1",5
"GO:0001935","endothelial cell proliferation","6/205","204/18860",0.0294117647058824,2.70588235294118,2.56799118008381,0.0242894936709784,0.345536622440534,0.323148633032929,"CALCA/DLG1/EGR3/MIR20B/PPP1R16B/VEGFA",6
"GO:0007178","cell surface receptor protein serine/threonine kinase signaling pathway","10/205","446/18860",0.0224215246636771,2.0627802690583,2.3810881682866,0.0243740791961674,0.345536622440534,0.323148633032929,"BMP2/CHRD/EID2/ERO1A/LPXN/MIR490/MSX2/SOST/TGFBR2/WWTR1",10
"GO:0034446","substrate adhesion-dependent cell spreading","4/205","101/18860",0.0396039603960396,3.64356435643564,2.79244332091915,0.0244495227430847,0.345536622440534,0.323148633032929,"HAS2/LPXN/NEDD9/TYRO3",4
"GO:0061387","regulation of extent of cell growth","4/205","101/18860",0.0396039603960396,3.64356435643564,2.79244332091915,0.0244495227430847,0.345536622440534,0.323148633032929,"ADCY10/CDK5/LIMK1/VEGFA",4
"GO:0098656","monoatomic anion transmembrane transport","5/205","151/18860",0.033112582781457,3.04635761589404,2.64656979952467,0.0247332363831023,0.347771902442605,0.325239084898823,"GABRA1/GABRR2/KCNK1/LRRC8C/SLC26A4",5
"GO:2000107","negative regulation of leukocyte apoptotic process","3/205","58/18860",0.0517241379310345,4.75862068965517,3.00523962662266,0.0252163637049575,0.351124954575449,0.328374886266456,"ARG2/CCL19/CD27",3
"GO:0002475","antigen processing and presentation via MHC class Ib","2/205","23/18860",0.0869565217391304,8,3.5212326752042,0.025605502102614,0.351124954575449,0.328374886266456,"CD1C/CD1E",2
"GO:0002577","regulation of antigen processing and presentation","2/205","23/18860",0.0869565217391304,8,3.5212326752042,0.025605502102614,0.351124954575449,0.328374886266456,"CCL19/CTSS",2
"GO:0042537","benzene-containing compound metabolic process","2/205","23/18860",0.0869565217391304,8,3.5212326752042,0.025605502102614,0.351124954575449,0.328374886266456,"AADAT/KYNU",2
"GO:1903589","positive regulation of blood vessel endothelial cell proliferation involved in sprouting angiogenesis","2/205","23/18860",0.0869565217391304,8,3.5212326752042,0.025605502102614,0.351124954575449,0.328374886266456,"PPP1R16B/VEGFA",2
"GO:1901605","alpha-amino acid metabolic process","6/205","207/18860",0.0289855072463768,2.66666666666667,2.5275410127146,0.0258539232257425,0.352785060765058,0.329927430949196,"AADAT/ARG2/HMGCL/HPD/KYNU/QDPR",6
"GO:0046365","monosaccharide catabolic process","3/205","59/18860",0.0508474576271186,4.67796610169492,2.96607335430836,0.0263599808531671,0.357927190996436,0.334736392567824,"ADCY10/GLB1L3/PGM1",3
"GO:0007162","negative regulation of cell adhesion","8/205","326/18860",0.0245398773006135,2.25766871165644,2.40120429465542,0.0265100923537811,0.358209540585237,0.335000448177948,"APOD/ARG2/BMP2/DLC1/DLG1/LPXN/SERPINE1/VEGFA",8
"GO:0050878","regulation of body fluid levels","9/205","389/18860",0.0231362467866324,2.12853470437018,2.35767071734967,0.0267889325245783,0.360220112102339,0.336880750858391,"CYP4A11/CYP4F12/F2RL3/HAS2/SERPINE1/SLC22A4/SOCS2/TYRO3/VEGFA",9
"GO:0048732","gland development","10/205","454/18860",0.0220264317180617,2.02643171806167,2.32068884928782,0.0271045262682556,0.362703080981005,0.339202843357117,"BMP2/FOXE1/MSX2/RARG/SLC22A4/SOCS2/TGFBR2/UGT1A7/VEGFA/WNT11",10
"GO:0035162","embryonic hemopoiesis","2/205","24/18860",0.0833333333333333,7.66666666666667,3.42577357448839,0.027736511010153,0.364123864920018,0.340531571943061,"TGFBR2/VEGFA",2
"GO:0035303","regulation of dephosphorylation","2/205","24/18860",0.0833333333333333,7.66666666666667,3.42577357448839,0.027736511010153,0.364123864920018,0.340531571943061,"BMP2/PPP2R3C",2
"GO:0045932","negative regulation of muscle contraction","2/205","24/18860",0.0833333333333333,7.66666666666667,3.42577357448839,0.027736511010153,0.364123864920018,0.340531571943061,"ADCY10/CALCA",2
"GO:1901661","quinone metabolic process","2/205","24/18860",0.0833333333333333,7.66666666666667,3.42577357448839,0.027736511010153,0.364123864920018,0.340531571943061,"COQ5/STARD7",2
"GO:0006637","acyl-CoA metabolic process","4/205","106/18860",0.0377358490566038,3.47169811320755,2.67510009599925,0.028543461920226,0.368427908333171,0.344556748017455,"AADAT/ACSM5/PDK3/SLC27A2",4
"GO:0035383","thioester metabolic process","4/205","106/18860",0.0377358490566038,3.47169811320755,2.67510009599925,0.028543461920226,0.368427908333171,0.344556748017455,"AADAT/ACSM5/PDK3/SLC27A2",4
"GO:0030041","actin filament polymerization","5/205","157/18860",0.0318471337579618,2.92993630573248,2.54551581417462,0.0286248307284251,0.368427908333171,0.344556748017455,"ARHGAP28/DLG1/GBA2/NPHS1/TENM1",5
"GO:0030198","extracellular matrix organization","8/205","331/18860",0.0241691842900302,2.22356495468278,2.35425591239206,0.0286622632900634,0.368427908333171,0.344556748017455,"BMP2/CTSS/ERO1A/HAS2/MMP19/NDNF/NPHS1/SMOC1",8
"GO:0001658","branching involved in ureteric bud morphogenesis","3/205","61/18860",0.0491803278688525,4.52459016393443,2.89031250958237,0.0287293964620812,0.368427908333171,0.344556748017455,"BMP2/DLG1/VEGFA",3
"GO:0043062","extracellular structure organization","8/205","332/18860",0.0240963855421687,2.21686746987952,2.3449667350416,0.0291067854718049,0.371547445884329,0.347474164667047,"BMP2/CTSS/ERO1A/HAS2/MMP19/NDNF/NPHS1/SMOC1",8
"GO:0005996","monosaccharide metabolic process","7/205","272/18860",0.0257352941176471,2.36764705882353,2.38166563375413,0.029519015401717,0.375081067260349,0.350778835845609,"ADCY10/APOD/ERO1A/GLB1L3/PDK3/PFKFB1/PGM1",7
"GO:0050920","regulation of chemotaxis","6/205","214/18860",0.0280373831775701,2.57943925233645,2.43587841909245,0.0297616331993411,0.375695996502958,0.351353922627315,"CCL19/CXCL17/NEDD9/PLA2G7/SERPINE1/VEGFA",6
"GO:0070233","negative regulation of T cell apoptotic process","2/205","25/18860",0.08,7.36,3.3356689458638,0.0299362075564986,0.375695996502958,0.351353922627315,"ARG2/CD27",2
"GO:0050900","leukocyte migration","9/205","397/18860",0.0226700251889169,2.08564231738035,2.29176201040636,0.0299743015260483,0.375695996502958,0.351353922627315,"APOD/CALCA/CCL19/CXCL17/GPR15LG/NEDD9/PLA2G7/SERPINE1/VEGFA",9
"GO:0110053","regulation of actin filament organization","7/205","274/18860",0.0255474452554745,2.35036496350365,2.36032665214035,0.0305426406585531,0.381095110919785,0.356403217926502,"ARHGAP28/DLC1/DLG1/GBA2/LIMK1/NPHS1/TENM1",7
"GO:0010718","positive regulation of epithelial to mesenchymal transition","3/205","63/18860",0.0476190476190476,4.38095238095238,2.81775800400795,0.0312080423128855,0.385920880387022,0.360916316409828,"BMP2/TGFBR2/WWTR1",3
"GO:0048008","platelet-derived growth factor receptor signaling pathway","3/205","63/18860",0.0476190476190476,4.38095238095238,2.81775800400795,0.0312080423128855,0.385920880387022,0.360916316409828,"APOD/PDGFC/VEGFA",3
"GO:0015711","organic anion transport","10/205","466/18860",0.0214592274678112,1.97424892703863,2.23235591569842,0.0316011256177148,0.386155536027947,0.361135768255663,"ADCY10/CYP4A11/KCNK1/LRRC8C/SLC22A4/SLC25A20/SLC25A40/SLC26A4/SLC27A2/SLC6A8",10
"GO:0007043","cell-cell junction assembly","5/205","162/18860",0.0308641975308642,2.83950617283951,2.46490288526797,0.0321485149626702,0.386155536027947,0.361135768255663,"DLG1/NPHP4/NPHS1/PARD6B/WNT11",5
"GO:0003148","outflow tract septum morphogenesis","2/205","26/18860",0.0769230769230769,7.07692307692308,3.25040714532187,0.0322028623907782,0.386155536027947,0.361135768255663,"MSX2/TGFBR2",2
"GO:0007263","nitric oxide mediated signal transduction","2/205","26/18860",0.0769230769230769,7.07692307692308,3.25040714532187,0.0322028623907782,0.386155536027947,0.361135768255663,"NDNF/VEGFA",2
"GO:0008211","glucocorticoid metabolic process","2/205","26/18860",0.0769230769230769,7.07692307692308,3.25040714532187,0.0322028623907782,0.386155536027947,0.361135768255663,"BMP2/SERPINA6",2
"GO:0043931","ossification involved in bone maturation","2/205","26/18860",0.0769230769230769,7.07692307692308,3.25040714532187,0.0322028623907782,0.386155536027947,0.361135768255663,"BMP2/SNX10",2
"GO:0060343","trabecula formation","2/205","26/18860",0.0769230769230769,7.07692307692308,3.25040714532187,0.0322028623907782,0.386155536027947,0.361135768255663,"MSX2/VEGFA",2
"GO:0003007","heart morphogenesis","7/205","278/18860",0.0251798561151079,2.31654676258993,2.31820102575891,0.032661101721656,0.388288634201662,0.363130658852476,"BMP2/DLC1/HAS2/MSX2/TGFBR2/VEGFA/WNT11",7
"GO:0048762","mesenchymal cell differentiation","7/205","278/18860",0.0251798561151079,2.31654676258993,2.31820102575891,0.032661101721656,0.388288634201662,0.363130658852476,"BMP2/HAS2/MSX2/TGFBR2/VEGFA/WNT11/WWTR1",7
"GO:0007015","actin filament organization","10/205","469/18860",0.0213219616204691,1.96162046908316,2.21068101916356,0.0328029840846741,0.388308828694646,0.363149544905007,"ARHGAP28/DLC1/DLG1/GBA2/LIMK1/NEB/NEDD9/NPHS1/TAGLN3/TENM1",10
"GO:1902105","regulation of leukocyte differentiation","8/205","343/18860",0.0233236151603499,2.14577259475219,2.24490936235893,0.0343142906703712,0.394243726656209,0.368699909291633,"CALCA/CCL19/CD27/CLPTM1/EGR3/NEDD9/PPP2R3C/TGFBR2",8
"GO:0002053","positive regulation of mesenchymal cell proliferation","2/205","27/18860",0.0740740740740741,6.81481481481481,3.16954302309908,0.0345347753177275,0.394243726656209,0.368699909291633,"CHRD/TGFBR2",2
"GO:0002066","columnar/cuboidal epithelial cell development","2/205","27/18860",0.0740740740740741,6.81481481481481,3.16954302309908,0.0345347753177275,0.394243726656209,0.368699909291633,"RARG/ROS1",2
"GO:0003181","atrioventricular valve morphogenesis","2/205","27/18860",0.0740740740740741,6.81481481481481,3.16954302309908,0.0345347753177275,0.394243726656209,0.368699909291633,"BMP2/TGFBR2",2
"GO:0009081","branched-chain amino acid metabolic process","2/205","27/18860",0.0740740740740741,6.81481481481481,3.16954302309908,0.0345347753177275,0.394243726656209,0.368699909291633,"HMGCL/MCRIP2",2
"GO:1901679","nucleotide transmembrane transport","2/205","27/18860",0.0740740740740741,6.81481481481481,3.16954302309908,0.0345347753177275,0.394243726656209,0.368699909291633,"ADCY10/LRRC8C",2
"GO:1990542","mitochondrial transmembrane transport","2/205","27/18860",0.0740740740740741,6.81481481481481,3.16954302309908,0.0345347753177275,0.394243726656209,0.368699909291633,"SLC25A20/SLC25A40",2
"GO:0060562","epithelial tube morphogenesis","8/205","344/18860",0.0232558139534884,2.13953488372093,2.23600048685124,0.0348171049715051,0.394243726656209,0.368699909291633,"BMP2/DLC1/DLG1/MSX2/RARG/TGFBR2/VEGFA/WNT11",8
"GO:0007218","neuropeptide signaling pathway","4/205","113/18860",0.0353982300884956,3.25663716814159,2.52216621021654,0.0349212059693896,0.394243726656209,0.368699909291633,"ECEL1/KISS1R/TENM1/TYRO3",4
"GO:0048675","axon extension","4/205","113/18860",0.0353982300884956,3.25663716814159,2.52216621021654,0.0349212059693896,0.394243726656209,0.368699909291633,"ADCY10/CDK5/LIMK1/VEGFA",4
"GO:1902476","chloride transmembrane transport","4/205","113/18860",0.0353982300884956,3.25663716814159,2.52216621021654,0.0349212059693896,0.394243726656209,0.368699909291633,"GABRA1/GABRR2/KCNK1/SLC26A4",4
"GO:1901224","positive regulation of non-canonical NF-kappaB signal transduction","3/205","66/18860",0.0454545454545455,4.18181818181818,2.71441564514807,0.03512959253784,0.394243726656209,0.368699909291633,"CCL19/CD27/LRRC19",3
"GO:0048754","branching morphogenesis of an epithelial tube","5/205","166/18860",0.0301204819277108,2.7710843373494,2.40259628553946,0.0351545850123046,0.394243726656209,0.368699909291633,"BMP2/DLG1/MSX2/TGFBR2/VEGFA",5
"GO:0141091","transforming growth factor beta receptor superfamily signaling pathway","9/205","411/18860",0.0218978102189781,2.01459854014599,2.18005455958319,0.0361711673298829,0.404008602837805,0.377832100164864,"BMP2/CHRD/EID2/ERO1A/LPXN/MIR490/MSX2/SOST/TGFBR2",9
"GO:0033081","regulation of T cell differentiation in thymus","2/205","28/18860",0.0714285714285714,6.57142857142857,3.09268717961403,0.0369302748733046,0.405939926186721,0.379638289319978,"CLPTM1/EGR3",2
"GO:0036010","protein localization to endosome","2/205","28/18860",0.0714285714285714,6.57142857142857,3.09268717961403,0.0369302748733046,0.405939926186721,0.379638289319978,"MGAT3/VEGFA",2
"GO:0051882","mitochondrial depolarization","2/205","28/18860",0.0714285714285714,6.57142857142857,3.09268717961403,0.0369302748733046,0.405939926186721,0.379638289319978,"ADCY10/PPP2R3C",2
"GO:2000647","negative regulation of stem cell proliferation","2/205","28/18860",0.0714285714285714,6.57142857142857,3.09268717961403,0.0369302748733046,0.405939926186721,0.379638289319978,"RARG/WNT11",2
"GO:0045216","cell-cell junction organization","6/205","226/18860",0.0265486725663717,2.44247787610619,2.28690944958851,0.0373260896705492,0.40866904500957,0.382190583229546,"DLG1/NPHP4/NPHS1/PARD6B/VEGFA/WNT11",6
"GO:0001655","urogenital system development","3/205","68/18860",0.0441176470588235,4.05882352941177,2.64887223294174,0.0378786379340876,0.409648017796553,0.383106126466774,"OSR2/RARG/WNT11",3
"GO:0042698","ovulation cycle","3/205","68/18860",0.0441176470588235,4.05882352941177,2.64887223294174,0.0378786379340876,0.409648017796553,0.383106126466774,"HAS2/MMP19/TYRO3",3
"GO:0046847","filopodium assembly","3/205","68/18860",0.0441176470588235,4.05882352941177,2.64887223294174,0.0378786379340876,0.409648017796553,0.383106126466774,"FGD6/PPP1R16B/TENM1",3
"GO:0045619","regulation of lymphocyte differentiation","6/205","227/18860",0.026431718061674,2.43171806167401,2.27492809650846,0.0380070543587415,0.409648017796553,0.383106126466774,"CCL19/CD27/CLPTM1/EGR3/PPP2R3C/TGFBR2",6
"GO:0030316","osteoclast differentiation","4/205","117/18860",0.0341880341880342,3.14529914529915,2.44005644089316,0.0389075750820353,0.416427399235342,0.389446258604665,"BMP2/CALCA/NEDD9/SNX10",4
"GO:0010812","negative regulation of cell-substrate adhesion","3/205","69/18860",0.0434782608695652,4,2.61703474096294,0.0392932477968006,0.416427399235342,0.389446258604665,"APOD/DLC1/SERPINE1",3
"GO:0048645","animal organ formation","3/205","69/18860",0.0434782608695652,4,2.61703474096294,0.0392932477968006,0.416427399235342,0.389446258604665,"BMP2/TGFBR2/WNT11",3
"GO:0042178","xenobiotic catabolic process","2/205","29/18860",0.0689655172413793,6.3448275862069,3.01949727238158,0.0393877179060143,0.416427399235342,0.389446258604665,"CYP3A5/UGT1A7",2
"GO:0070977","bone maturation","2/205","29/18860",0.0689655172413793,6.3448275862069,3.01949727238158,0.0393877179060143,0.416427399235342,0.389446258604665,"BMP2/SNX10",2
"GO:0007389","pattern specification process","10/205","486/18860",0.0205761316872428,1.89300411522634,2.09078017277748,0.0402254569568274,0.423643083882901,0.396194425018362,"ARC/BMP2/CHRD/MSX2/OSR2/RARG/RIPPLY1/TGFBR2/VAX2/WNT11",10
"GO:0016055","Wnt signaling pathway","10/205","487/18860",0.0205338809034908,1.88911704312115,2.08387666889911,0.0406952740330089,0.423643083882901,0.396194425018362,"BMP2/DAPK3/NPHP4/RARG/ROR2/SHISA2/SOST/VAX2/WNT11/WWTR1",10
"GO:0001912","positive regulation of leukocyte mediated cytotoxicity","3/205","70/18860",0.0428571428571429,3.94285714285714,2.58579114809925,0.0407344240735669,0.423643083882901,0.396194425018362,"CD1C/CD1E/LAMP1",3
"GO:0001934","positive regulation of protein phosphorylation","6/205","231/18860",0.025974025974026,2.38961038961039,2.2276292162541,0.0408101393980218,0.423643083882901,0.396194425018362,"BMP2/CALCA/MMD2/NEDD9/TENM1/VEGFA",6
"GO:0006631","fatty acid metabolic process","9/205","421/18860",0.0213776722090261,1.9667458432304,2.10292272043066,0.0411029984220531,0.423643083882901,0.396194425018362,"ACSM5/CYP4A11/CYP4F12/MCRIP2/PDK3/SCD/SLC27A2/UGT1A4/UGT1A7",9
"GO:0046942","carboxylic acid transport","8/205","356/18860",0.0224719101123595,2.06741573033708,2.13139735180496,0.0412446135636953,0.423643083882901,0.396194425018362,"CYP4A11/KCNK1/LRRC8C/SLC22A4/SLC25A20/SLC26A4/SLC27A2/SLC6A8",8
"GO:0015849","organic acid transport","8/205","357/18860",0.0224089635854342,2.06162464985994,2.12286639198586,0.0418135607273778,0.423643083882901,0.396194425018362,"CYP4A11/KCNK1/LRRC8C/SLC22A4/SLC25A20/SLC26A4/SLC27A2/SLC6A8",8
"GO:0003071","renal system process involved in regulation of systemic arterial blood pressure","2/205","30/18860",0.0666666666666667,6.13333333333333,2.9496709263943,0.0419054891638682,0.423643083882901,0.396194425018362,"CYP4A11/CYP4F12",2
"GO:0006359","regulation of transcription by RNA polymerase III","2/205","30/18860",0.0666666666666667,6.13333333333333,2.9496709263943,0.0419054891638682,0.423643083882901,0.396194425018362,"ELL/TENM1",2
"GO:0007214","gamma-aminobutyric acid signaling pathway","2/205","30/18860",0.0666666666666667,6.13333333333333,2.9496709263943,0.0419054891638682,0.423643083882901,0.396194425018362,"GABRA1/GABRR2",2
"GO:0010447","response to acidic pH","2/205","30/18860",0.0666666666666667,6.13333333333333,2.9496709263943,0.0419054891638682,0.423643083882901,0.396194425018362,"CTSS/KCNK1",2
"GO:0035357","peroxisome proliferator activated receptor signaling pathway","2/205","30/18860",0.0666666666666667,6.13333333333333,2.9496709263943,0.0419054891638682,0.423643083882901,0.396194425018362,"BMP2/PDK3",2
"GO:0006820","monoatomic anion transport","5/205","175/18860",0.0285714285714286,2.62857142857143,2.26891339289542,0.0425367916519325,0.426909104622656,0.399248833926033,"GABRA1/GABRR2/KCNK1/LRRC8C/SLC26A4",5
"GO:0170039","proteinogenic amino acid metabolic process","5/205","175/18860",0.0285714285714286,2.62857142857143,2.26891339289542,0.0425367916519325,0.426909104622656,0.399248833926033,"AADAT/HMGCL/HPD/KYNU/QDPR",5
"GO:2000401","regulation of lymphocyte migration","3/205","72/18860",0.0416666666666667,3.83333333333333,2.52500520411414,0.0436959578310874,0.433856135411057,0.405745753086305,"APOD/GPR15LG/NEDD9",3
"GO:0045833","negative regulation of lipid metabolic process","4/205","122/18860",0.0327868852459016,3.01639344262295,2.342244396077,0.0442418201943535,0.433856135411057,0.405745753086305,"APOD/BMP2/UGT1A4/UGT1A7",4
"GO:0170033","L-amino acid metabolic process","5/205","177/18860",0.0282485875706215,2.59887005649718,2.24034617228234,0.0442948471488045,0.433856135411057,0.405745753086305,"AADAT/HMGCL/HPD/KYNU/QDPR",5
"GO:0003171","atrioventricular valve development","2/205","31/18860",0.0645161290322581,5.93548387096774,2.88293990951672,0.0444820008869099,0.433856135411057,0.405745753086305,"BMP2/TGFBR2",2
"GO:0019886","antigen processing and presentation of exogenous peptide antigen via MHC class II","2/205","31/18860",0.0645161290322581,5.93548387096774,2.88293990951672,0.0444820008869099,0.433856135411057,0.405745753086305,"CTSF/CTSS",2
"GO:0042403","thyroid hormone metabolic process","2/205","31/18860",0.0645161290322581,5.93548387096774,2.88293990951672,0.0444820008869099,0.433856135411057,0.405745753086305,"DIO1/FOXE1",2
"GO:0046823","negative regulation of nucleocytoplasmic transport","2/205","31/18860",0.0645161290322581,5.93548387096774,2.88293990951672,0.0444820008869099,0.433856135411057,0.405745753086305,"APOD/CDK5",2
"GO:0071577","zinc ion transmembrane transport","2/205","31/18860",0.0645161290322581,5.93548387096774,2.88293990951672,0.0444820008869099,0.433856135411057,0.405745753086305,"SLC30A2/SLC30A8",2
"GO:0031343","positive regulation of cell killing","3/205","73/18860",0.0410958904109589,3.78082191780822,2.49542501485572,0.0452160392271603,0.436778783512617,0.408479037136443,"CD1C/CD1E/LAMP1",3
"GO:1904888","cranial skeletal system development","3/205","73/18860",0.0410958904109589,3.78082191780822,2.49542501485572,0.0452160392271603,0.436778783512617,0.408479037136443,"FOXE1/MSX2/TGFBR2",3
"GO:0097529","myeloid leukocyte migration","6/205","237/18860",0.0253164556962025,2.32911392405063,2.15849075684075,0.0452546970643037,0.436778783512617,0.408479037136443,"CALCA/CCL19/CXCL17/PLA2G7/SERPINE1/VEGFA",6
"GO:0048588","developmental cell growth","6/205","238/18860",0.0252100840336134,2.31932773109244,2.1471710474595,0.0460236835643002,0.44240836597455,0.41374386800812,"ADCY10/CDK5/LIMK1/RARG/TGFBR2/VEGFA",6
"GO:0046530","photoreceptor cell differentiation","3/205","74/18860",0.0405405405405405,3.72972972972973,2.46636293257991,0.046762135329319,0.44240836597455,0.41374386800812,"NPHP4/PRPH2/VEGFA",3
"GO:0070830","bicellular tight junction assembly","3/205","74/18860",0.0405405405405405,3.72972972972973,2.46636293257991,0.046762135329319,0.44240836597455,0.41374386800812,"DLG1/NPHP4/WNT11",3
"GO:0001654","eye development","9/205","432/18860",0.0208333333333333,1.91666666666667,2.02047203963734,0.0470336863870895,0.44240836597455,0.41374386800812,"DLG1/NPHP4/OSR2/PRPH2/RARG/SMOC1/TGFBR2/VAX2/VEGFA",9
"GO:0001773","myeloid dendritic cell activation","2/205","32/18860",0.0625,5.75,2.81906531431331,0.0471156924052319,0.44240836597455,0.41374386800812,"STARD7/TGFBR2",2
"GO:0006829","zinc ion transport","2/205","32/18860",0.0625,5.75,2.81906531431331,0.0471156924052319,0.44240836597455,0.41374386800812,"SLC30A2/SLC30A8",2
"GO:0019883","antigen processing and presentation of endogenous antigen","2/205","32/18860",0.0625,5.75,2.81906531431331,0.0471156924052319,0.44240836597455,0.41374386800812,"CD1C/CD1E",2
"GO:0032682","negative regulation of chemokine production","2/205","32/18860",0.0625,5.75,2.81906531431331,0.0471156924052319,0.44240836597455,0.41374386800812,"APOD/ARG2",2
"GO:0045582","positive regulation of T cell differentiation","4/205","125/18860",0.032,2.944,2.28593065912934,0.0476296697738844,0.444222846039258,0.415440784382525,"CCL19/CD27/EGR3/TGFBR2",4
"GO:1902414","protein localization to cell junction","4/205","125/18860",0.032,2.944,2.28593065912934,0.0476296697738844,0.444222846039258,0.415440784382525,"CDK5/DLG1/HEPACAM/NPHS1",4
"GO:0031346","positive regulation of cell projection organization","8/205","367/18860",0.0217983651226158,2.00544959128065,2.03905191538756,0.0477914022046317,0.444235517137013,0.415452634495227,"ADCY10/CCL19/LIMK1/NDNF/NEDD9/SERPINI1/TENM1/VEGFA",8
"GO:0030858","positive regulation of epithelial cell differentiation","3/205","75/18860",0.04,3.68,2.43780217462838,0.0483340920592318,0.446702645395217,0.417759912718081,"BMP2/SERPINE1/SULT2B1",3
"GO:0015931","nucleobase-containing compound transport","6/205","241/18860",0.024896265560166,2.29045643153527,2.11354902438237,0.0483793478767383,0.446702645395217,0.417759912718081,"ADCY10/ARC/LRRC8C/NDC1/SLC28A2/TGFBR2",6
"GO:0048259","regulation of receptor-mediated endocytosis","4/205","126/18860",0.0317460317460317,2.92063492063492,2.26753223452617,0.0487901084914002,0.447608238263134,0.418606830463832,"ARC/CCL19/SERPINE1/VEGFA",4
"GO:0008361","regulation of cell size","5/205","182/18860",0.0274725274725275,2.52747252747253,2.17061375358464,0.0488785253205575,0.447608238263134,0.418606830463832,"ADCY10/CDK5/LIMK1/RARG/VEGFA",5
"GO:0150063","visual system development","9/205","436/18860",0.0206422018348624,1.89908256880734,1.99108359445009,0.0493247559128283,0.447608238263134,0.418606830463832,"DLG1/NPHP4/OSR2/PRPH2/RARG/SMOC1/TGFBR2/VAX2/VEGFA",9
"GO:0035115","embryonic forelimb morphogenesis","2/205","33/18860",0.0606060606060606,5.57575757575758,2.75783354688736,0.0498050297424167,0.447608238263134,0.418606830463832,"MSX2/OSR2",2
"GO:0035767","endothelial cell chemotaxis","2/205","33/18860",0.0606060606060606,5.57575757575758,2.75783354688736,0.0498050297424167,0.447608238263134,0.418606830463832,"EGR3/VEGFA",2
"GO:0042573","retinoic acid metabolic process","2/205","33/18860",0.0606060606060606,5.57575757575758,2.75783354688736,0.0498050297424167,0.447608238263134,0.418606830463832,"CYP3A5/UGT1A7",2
"GO:0048799","animal organ maturation","2/205","33/18860",0.0606060606060606,5.57575757575758,2.75783354688736,0.0498050297424167,0.447608238263134,0.418606830463832,"BMP2/SNX10",2
"GO:0031214","biomineral tissue development","5/205","183/18860",0.0273224043715847,2.51366120218579,2.15694613110879,0.0498276655576993,0.447608238263134,0.418606830463832,"BMP2/MSX2/OSR2/SNX10/WNT11",5
"GO:0061035","regulation of cartilage development","3/205","76/18860",0.0394736842105263,3.63157894736842,2.40972672290765,0.049931749322494,0.447608238263134,0.418606830463832,"BMP2/RARG/WNT11",3
"GO:0061448","connective tissue development","7/205","307/18860",0.0228013029315961,2.09771986970684,2.03278887353881,0.0509800129116954,0.448996443813505,0.419905091478258,"BMP2/CREB3L2/MSX2/OSR2/RARG/TGFBR2/WNT11",7
"GO:0010717","regulation of epithelial to mesenchymal transition","4/205","128/18860",0.03125,2.875,2.23127354579687,0.0511576123099479,0.448996443813505,0.419905091478258,"BMP2/TGFBR2/VEGFA/WWTR1",4
"GO:0030278","regulation of ossification","4/205","128/18860",0.03125,2.875,2.23127354579687,0.0511576123099479,0.448996443813505,0.419905091478258,"ADCY10/BMP2/OSR2/SOST",4
"GO:0030282","bone mineralization","4/205","128/18860",0.03125,2.875,2.23127354579687,0.0511576123099479,0.448996443813505,0.419905091478258,"BMP2/OSR2/SNX10/WNT11",4
"GO:0045860","positive regulation of protein kinase activity","4/205","128/18860",0.03125,2.875,2.23127354579687,0.0511576123099479,0.448996443813505,0.419905091478258,"CALCA/MMD2/NEDD9/TENM1",4
"GO:0032732","positive regulation of interleukin-1 production","3/205","77/18860",0.038961038961039,3.58441558441558,2.38212127941498,0.0515549412225954,0.448996443813505,0.419905091478258,"CALCA/CCL19/USP50",3
"GO:0060411","cardiac septum morphogenesis","3/205","77/18860",0.038961038961039,3.58441558441558,2.38212127941498,0.0515549412225954,0.448996443813505,0.419905091478258,"MSX2/TGFBR2/WNT11",3
"GO:0007517","muscle organ development","8/205","373/18860",0.0214477211796247,1.97319034852547,1.99002083148491,0.0516333739974511,0.448996443813505,0.419905091478258,"BMP2/CDK5/EGR3/EID2/ERO1A/NEB/NPHS1/SOX15",8
"GO:0003002","regionalization","9/205","440/18860",0.0204545454545455,1.88181818181818,1.96200092825589,0.0516886565739813,0.448996443813505,0.419905091478258,"ARC/BMP2/CHRD/MSX2/RARG/RIPPLY1/TGFBR2/VAX2/WNT11",9
"GO:0048562","embryonic organ morphogenesis","7/205","308/18860",0.0227272727272727,2.09090909090909,2.02351852861205,0.0517075326991004,0.448996443813505,0.419905091478258,"DLG1/FOXE1/OSR2/RARG/TGFBR2/VAX2/WNT11",7
"GO:0006821","chloride transport","4/205","129/18860",0.0310077519379845,2.85271317829457,2.21340658653914,0.0523646324362018,0.449257282319113,0.42014902975008,"GABRA1/GABRR2/KCNK1/SLC26A4",4
"GO:0007160","cell-matrix adhesion","6/205","246/18860",0.024390243902439,2.24390243902439,2.05860324126991,0.0524685892507851,0.449257282319113,0.42014902975008,"APOD/CDK5/DAPK3/DLC1/SERPINE1/VEGFA",6
"GO:0051497","negative regulation of stress fiber assembly","2/205","34/18860",0.0588235294117647,5.41176470588235,2.69905296757554,0.0525485052243294,0.449257282319113,0.42014902975008,"ARHGAP28/DLC1",2
"GO:0060914","heart formation","2/205","34/18860",0.0588235294117647,5.41176470588235,2.69905296757554,0.0525485052243294,0.449257282319113,0.42014902975008,"BMP2/WNT11",2
"GO:0061037","negative regulation of cartilage development","2/205","34/18860",0.0588235294117647,5.41176470588235,2.69905296757554,0.0525485052243294,0.449257282319113,0.42014902975008,"RARG/WNT11",2
"GO:0050772","positive regulation of axonogenesis","3/205","78/18860",0.0384615384615385,3.53846153846154,2.35497122489435,0.0532034962702983,0.452397902393094,0.423086162944862,"ADCY10/LIMK1/VEGFA",3
"GO:0048880","sensory system development","9/205","443/18860",0.0203160270880361,1.86907449209932,1.94038566015984,0.0535097617238418,0.452397902393094,0.423086162944862,"DLG1/NPHP4/OSR2/PRPH2/RARG/SMOC1/TGFBR2/VAX2/VEGFA",9
"GO:1903706","regulation of hemopoiesis","9/205","443/18860",0.0203160270880361,1.86907449209932,1.94038566015984,0.0535097617238418,0.452397902393094,0.423086162944862,"CALCA/CCL19/CD27/CLPTM1/EGR3/NEDD9/PPP2R3C/RARG/TGFBR2",9
"GO:0008154","actin polymerization or depolymerization","5/205","187/18860",0.0267379679144385,2.45989304812834,2.10316540414275,0.0537324584430787,0.452397902393094,0.423086162944862,"ARHGAP28/DLG1/GBA2/NPHS1/TENM1",5
"GO:0016052","carbohydrate catabolic process","5/205","187/18860",0.0267379679144385,2.45989304812834,2.10316540414275,0.0537324584430787,0.452397902393094,0.423086162944862,"ADCY10/DERA/GLB1L3/PFKFB1/PGM1",5
"GO:0051896","regulation of phosphatidylinositol 3-kinase/protein kinase B signal transduction","7/205","311/18860",0.022508038585209,2.07073954983923,1.99591674834863,0.0539293452507115,0.452679655589306,0.423349660803831,"CCL19/DLG1/PDGFC/PIP5KL1/PPP1R16B/TYRO3/VEGFA",7
"GO:0072089","stem cell proliferation","4/205","131/18860",0.0305343511450382,2.80916030534351,2.17818136123963,0.0548250771264464,0.454909925068705,0.425435426788555,"OSR2/RARG/TGFBR2/WNT11",4
"GO:0009988","cell-cell recognition","3/205","79/18860",0.0379746835443038,3.49367088607595,2.32826258036532,0.0548772375885068,0.454909925068705,0.425435426788555,"CCL19/DLG1/NEDD9",3
"GO:0019318","hexose metabolic process","6/205","249/18860",0.0240963855421687,2.21686746987952,2.0262672937833,0.0550204945088984,0.454909925068705,0.425435426788555,"ADCY10/APOD/GLB1L3/PDK3/PFKFB1/PGM1",6
"GO:0000038","very long-chain fatty acid metabolic process","2/205","35/18860",0.0571428571428571,5.25714285714286,2.64255106179092,0.0553446370931962,0.454909925068705,0.425435426788555,"CYP4F12/SLC27A2",2
"GO:0002495","antigen processing and presentation of peptide antigen via MHC class II","2/205","35/18860",0.0571428571428571,5.25714285714286,2.64255106179092,0.0553446370931962,0.454909925068705,0.425435426788555,"CTSF/CTSS",2
"GO:0015868","purine ribonucleotide transport","2/205","35/18860",0.0571428571428571,5.25714285714286,2.64255106179092,0.0553446370931962,0.454909925068705,0.425435426788555,"ADCY10/LRRC8C",2
"GO:0060351","cartilage development involved in endochondral bone morphogenesis","2/205","35/18860",0.0571428571428571,5.25714285714286,2.64255106179092,0.0553446370931962,0.454909925068705,0.425435426788555,"RARG/TGFBR2",2
"GO:0043010","camera-type eye development","8/205","379/18860",0.0211081794195251,1.94195250659631,1.94188949212764,0.0556698567427151,0.456229299341186,0.426669316237377,"DLG1/NPHP4/OSR2/PRPH2/RARG/TGFBR2/VAX2/VEGFA",8
"GO:0120192","tight junction assembly","3/205","80/18860",0.0375,3.45,2.30198197129121,0.0565759831127059,0.462287531628895,0.432335023879426,"DLG1/NPHP4/WNT11",3
"GO:0010811","positive regulation of cell-substrate adhesion","4/205","133/18860",0.0300751879699248,2.76691729323308,2.14361393025607,0.0573471886193232,0.464478691448904,0.434384214195612,"HAS2/NDNF/NEDD9/VEGFA",4
"GO:0062014","negative regulation of small molecule metabolic process","4/205","133/18860",0.0300751879699248,2.76691729323308,2.14361393025607,0.0573471886193232,0.464478691448904,0.434384214195612,"BMP2/PFKFB1/UGT1A4/UGT1A7",4
"GO:0098661","inorganic anion transmembrane transport","4/205","133/18860",0.0300751879699248,2.76691729323308,2.14361393025607,0.0573471886193232,0.464478691448904,0.434384214195612,"GABRA1/GABRR2/KCNK1/SLC26A4",4
"GO:0002067","glandular epithelial cell differentiation","2/205","36/18860",0.0555555555555556,5.11111111111111,2.5881720448081,0.0581919691268988,0.464536288791119,0.434438079694069,"BMP2/RARG",2
"GO:0006691","leukotriene metabolic process","2/205","36/18860",0.0555555555555556,5.11111111111111,2.5881720448081,0.0581919691268988,0.464536288791119,0.434438079694069,"CYP4A11/CYP4F12",2
"GO:0033687","osteoblast proliferation","2/205","36/18860",0.0555555555555556,5.11111111111111,2.5881720448081,0.0581919691268988,0.464536288791119,0.434438079694069,"BMP2/OSR2",2
"GO:0045577","regulation of B cell differentiation","2/205","36/18860",0.0555555555555556,5.11111111111111,2.5881720448081,0.0581919691268988,0.464536288791119,0.434438079694069,"CD27/PPP2R3C",2
"GO:0003206","cardiac chamber morphogenesis","4/205","134/18860",0.0298507462686567,2.74626865671642,2.12656950986935,0.0586312828823803,0.464536288791119,0.434438079694069,"BMP2/MSX2/TGFBR2/WNT11",4
"GO:0042327","positive regulation of phosphorylation","6/205","254/18860",0.0236220472440945,2.17322834645669,1.97338367686979,0.0594382985099011,0.464536288791119,0.434438079694069,"BMP2/CALCA/MMD2/NEDD9/TENM1/VEGFA",6
"GO:0060537","muscle tissue development","9/205","453/18860",0.0198675496688742,1.82781456953642,1.86951646620836,0.059881649025629,0.464536288791119,0.434438079694069,"BMP2/CDK5/DLG1/ERO1A/MSX2/NEB/NPHS1/SOX15/VEGFA",9
"GO:0090287","regulation of cellular response to growth factor stimulus","8/205","385/18860",0.0207792207792208,1.91168831168831,1.89462455787386,0.0599029143401841,0.464536288791119,0.434438079694069,"BMP2/CHRD/EID2/MIR490/MSX2/SHISA2/SOST/VEGFA",8
"GO:0006805","xenobiotic metabolic process","4/205","135/18860",0.0296296296296296,2.72592592592593,2.10968083529143,0.059930685107111,0.464536288791119,0.434438079694069,"CYP3A5/CYP4F12/SLC28A2/UGT1A7",4
"GO:0001570","vasculogenesis","3/205","82/18860",0.0365853658536585,3.36585365853659,2.25065418539108,0.0600477337561748,0.464536288791119,0.434438079694069,"HAS2/TGFBR2/VEGFA",3
"GO:0006163","purine nucleotide metabolic process","9/205","454/18860",0.0198237885462555,1.82378854625551,1.86252710221812,0.06054455712634,0.464536288791119,0.434438079694069,"ADCY10/DERA/DLG1/KYNU/MFN1/NDUFB5/PFKFB1/PGM1/SULT2B1",9
"GO:0010562","positive regulation of phosphorus metabolic process","7/205","320/18860",0.021875,2.0125,1.91493391200218,0.0609502416797762,0.464536288791119,0.434438079694069,"ADCY10/BMP2/CALCA/MMD2/NEDD9/TENM1/VEGFA",7
"GO:0045937","positive regulation of phosphate metabolic process","7/205","320/18860",0.021875,2.0125,1.91493391200218,0.0609502416797762,0.464536288791119,0.434438079694069,"ADCY10/BMP2/CALCA/MMD2/NEDD9/TENM1/VEGFA",7
"GO:0045580","regulation of T cell differentiation","5/205","194/18860",0.0257731958762887,2.37113402061856,2.01230485507152,0.0609826925034332,0.464536288791119,0.434438079694069,"CCL19/CD27/CLPTM1/EGR3/TGFBR2",5
"GO:0002504","antigen processing and presentation of peptide or polysaccharide antigen via MHC class II","2/205","37/18860",0.0540540540540541,4.97297297297297,2.5357748238926,0.0610890702634186,0.464536288791119,0.434438079694069,"CTSF/CTSS",2
"GO:0003230","cardiac atrium development","2/205","37/18860",0.0540540540540541,4.97297297297297,2.5357748238926,0.0610890702634186,0.464536288791119,0.434438079694069,"BMP2/WNT11",2
"GO:0048048","embryonic eye morphogenesis","2/205","37/18860",0.0540540540540541,4.97297297297297,2.5357748238926,0.0610890702634186,0.464536288791119,0.434438079694069,"RARG/VAX2",2
"GO:0061436","establishment of skin barrier","2/205","37/18860",0.0540540540540541,4.97297297297297,2.5357748238926,0.0610890702634186,0.464536288791119,0.434438079694069,"HRNR/STARD7",2
"GO:0090317","negative regulation of intracellular protein transport","2/205","37/18860",0.0540540540540541,4.97297297297297,2.5357748238926,0.0610890702634186,0.464536288791119,0.434438079694069,"APOD/CDK5",2
"GO:2000352","negative regulation of endothelial cell apoptotic process","2/205","37/18860",0.0540540540540541,4.97297297297297,2.5357748238926,0.0610890702634186,0.464536288791119,0.434438079694069,"NDNF/SERPINE1",2
"GO:0032612","interleukin-1 production","4/205","136/18860",0.0294117647058824,2.70588235294118,2.09294515809527,0.0612453540068451,0.464536288791119,0.434438079694069,"ARG2/CALCA/CCL19/USP50",4
"GO:0032652","regulation of interleukin-1 production","4/205","136/18860",0.0294117647058824,2.70588235294118,2.09294515809527,0.0612453540068451,0.464536288791119,0.434438079694069,"ARG2/CALCA/CCL19/USP50",4
"GO:0048706","embryonic skeletal system development","4/205","136/18860",0.0294117647058824,2.70588235294118,2.09294515809527,0.0612453540068451,0.464536288791119,0.434438079694069,"DLG1/OSR2/TGFBR2/WNT11",4
"GO:0043297","apical junction assembly","3/205","83/18860",0.036144578313253,3.32530120481928,2.2255829920763,0.0618203505528161,0.464536288791119,0.434438079694069,"DLG1/NPHP4/WNT11",3
"GO:0048844","artery morphogenesis","3/205","83/18860",0.036144578313253,3.32530120481928,2.2255829920763,0.0618203505528161,0.464536288791119,0.434438079694069,"TGFBR2/VEGFA/WNT11",3
"GO:0097061","dendritic spine organization","3/205","83/18860",0.036144578313253,3.32530120481928,2.2255829920763,0.0618203505528161,0.464536288791119,0.434438079694069,"ARC/CDK5/NEDD9",3
"GO:0097553","calcium ion transmembrane import into cytosol","5/205","195/18860",0.0256410256410256,2.35897435897436,1.99964639819788,0.0620616988084359,0.464536288791119,0.434438079694069,"CACNA1E/CALCA/CCL19/ERO1A/F2RL3",5
"GO:0033674","positive regulation of kinase activity","4/205","137/18860",0.0291970802919708,2.68613138686131,2.076359798863,0.0625752459376105,0.464536288791119,0.434438079694069,"CALCA/MMD2/NEDD9/TENM1",4
"GO:0098773","skin epidermis development","4/205","137/18860",0.0291970802919708,2.68613138686131,2.076359798863,0.0625752459376105,0.464536288791119,0.434438079694069,"FOXE1/HRNR/MSX2/STARD7",4
"GO:0007179","transforming growth factor beta receptor signaling pathway","6/205","258/18860",0.0232558139534884,2.13953488372093,1.93195181977445,0.0631210638925176,0.464536288791119,0.434438079694069,"BMP2/EID2/ERO1A/LPXN/MIR490/TGFBR2",6
"GO:0060390","regulation of SMAD protein signal transduction","3/205","84/18860",0.0357142857142857,3.28571428571429,2.2008917449237,0.0636171952812972,0.464536288791119,0.434438079694069,"BMP2/EID2/TGFBR2",3
"GO:0070373","negative regulation of ERK1 and ERK2 cascade","3/205","84/18860",0.0357142857142857,3.28571428571429,2.2008917449237,0.0636171952812972,0.464536288791119,0.434438079694069,"DLG1/DUSP6/TBC1D10C",3
"GO:0001916","positive regulation of T cell mediated cytotoxicity","2/205","38/18860",0.0526315789473684,4.84210526315789,2.48523125637338,0.064034534230365,0.464536288791119,0.434438079694069,"CD1C/CD1E",2
"GO:0006699","bile acid biosynthetic process","2/205","38/18860",0.0526315789473684,4.84210526315789,2.48523125637338,0.064034534230365,0.464536288791119,0.434438079694069,"OSBPL9/SLC27A2",2
"GO:0010092","specification of animal organ identity","2/205","38/18860",0.0526315789473684,4.84210526315789,2.48523125637338,0.064034534230365,0.464536288791119,0.434438079694069,"BMP2/WNT11",2
"GO:0030224","monocyte differentiation","2/205","38/18860",0.0526315789473684,4.84210526315789,2.48523125637338,0.064034534230365,0.464536288791119,0.434438079694069,"MT1G/VEGFA",2
"GO:0070229","negative regulation of lymphocyte apoptotic process","2/205","38/18860",0.0526315789473684,4.84210526315789,2.48523125637338,0.064034534230365,0.464536288791119,0.434438079694069,"ARG2/CD27",2
"GO:0086004","regulation of cardiac muscle cell contraction","2/205","38/18860",0.0526315789473684,4.84210526315789,2.48523125637338,0.064034534230365,0.464536288791119,0.434438079694069,"ADCY10/DLG1",2
"GO:1901889","negative regulation of cell junction assembly","2/205","38/18860",0.0526315789473684,4.84210526315789,2.48523125637338,0.064034534230365,0.464536288791119,0.434438079694069,"APOD/DLC1",2
"GO:0045444","fat cell differentiation","6/205","259/18860",0.0231660231660232,2.13127413127413,1.92171166352515,0.0640624051690279,0.464536288791119,0.434438079694069,"BMP2/ERO1A/LRRC8C/MSX2/VEGFA/WWTR1",6
"GO:0001764","neuron migration","5/205","197/18860",0.0253807106598985,2.33502538071066,1.97456093888815,0.0642520802767201,0.464695202001343,0.434586696608515,"CDK5/NDNF/NSMF/TYRO3/VEGFA",5
"GO:0035924","cellular response to vascular endothelial growth factor stimulus","3/205","85/18860",0.0352941176470588,3.24705882352941,2.17656963273101,0.065438062796971,0.4720401925719,0.441455790963118,"EGR3/MT1G/VEGFA",3
"GO:0061138","morphogenesis of a branching epithelium","5/205","199/18860",0.0251256281407035,2.31155778894472,1.94977791469843,0.0664855456750434,0.477287229633097,0.446362862294148,"BMP2/DLG1/MSX2/TGFBR2/VEGFA",5
"GO:0001569","branching involved in blood vessel morphogenesis","2/205","39/18860",0.0512820512820513,4.71794871794872,2.43642465412464,0.0670269791795215,0.477287229633097,0.446362862294148,"TGFBR2/VEGFA",2
"GO:0008210","estrogen metabolic process","2/205","39/18860",0.0512820512820513,4.71794871794872,2.43642465412464,0.0670269791795215,0.477287229633097,0.446362862294148,"CYP3A5/UGT1A7",2
"GO:0032232","negative regulation of actin filament bundle assembly","2/205","39/18860",0.0512820512820513,4.71794871794872,2.43642465412464,0.0670269791795215,0.477287229633097,0.446362862294148,"ARHGAP28/DLC1",2
"GO:0120009","intermembrane lipid transfer","2/205","39/18860",0.0512820512820513,4.71794871794872,2.43642465412464,0.0670269791795215,0.477287229633097,0.446362862294148,"PITPNB/STARD7",2
"GO:2000514","regulation of CD4-positive, alpha-beta T cell activation","3/205","86/18860",0.0348837209302326,3.2093023255814,2.15260627857283,0.0672827438816816,0.477482999189582,0.44654594756054,"ARG2/CCL19/TGFBR2",3
"GO:1902903","regulation of supramolecular fiber organization","8/205","395/18860",0.020253164556962,1.86329113924051,1.81768996368889,0.0673992247953526,0.477482999189582,0.44654594756054,"ARHGAP28/DAPK3/DLC1/DLG1/GBA2/LIMK1/NPHS1/TENM1",8
"GO:0008360","regulation of cell shape","4/205","141/18860",0.0283687943262411,2.60992907801418,2.01147024607526,0.0680460905751392,0.479612394130116,0.448537374863848,"DAPK3/DLG1/FGD6/VEGFA",4
"GO:0009132","nucleoside diphosphate metabolic process","4/205","141/18860",0.0283687943262411,2.60992907801418,2.01147024607526,0.0680460905751392,0.479612394130116,0.448537374863848,"DLG1/ENTPD8/PFKFB1/PGM1",4
"GO:0070374","positive regulation of ERK1 and ERK2 cascade","5/205","201/18860",0.0248756218905473,2.28855721393035,1.92529014194241,0.0687619887265435,0.483428194854126,0.452105942441955,"BMP2/CCL19/CXCL17/PDGFC/VEGFA",5
"GO:0032271","regulation of protein polymerization","5/205","202/18860",0.0247524752475248,2.27722772277228,1.91315479665799,0.0699162884661298,0.487638645964768,0.456043590241039,"ARHGAP28/DLG1/GBA2/NPHS1/TENM1",5
"GO:0006084","acetyl-CoA metabolic process","2/205","40/18860",0.05,4.6,2.38924849425439,0.0700650473263458,0.487638645964768,0.456043590241039,"AADAT/PDK3",2
"GO:0035136","forelimb morphogenesis","2/205","40/18860",0.05,4.6,2.38924849425439,0.0700650473263458,0.487638645964768,0.456043590241039,"MSX2/OSR2",2
"GO:0051503","adenine nucleotide transport","2/205","40/18860",0.05,4.6,2.38924849425439,0.0700650473263458,0.487638645964768,0.456043590241039,"ADCY10/LRRC8C",2
"GO:0090092","regulation of transmembrane receptor protein serine/threonine kinase signaling pathway","7/205","331/18860",0.0211480362537764,1.94561933534743,1.81946197673757,0.0702610082672729,0.487776924562271,0.456172909499429,"BMP2/CHRD/EID2/MIR490/MSX2/SOST/TGFBR2",7
"GO:0002224","toll-like receptor signaling pathway","3/205","88/18860",0.0340909090909091,3.13636363636364,2.10571637548003,0.0710426905435375,0.4902445700162,0.458480671407892,"CTSS/LRRC19/TYRO3",3
"GO:0120193","tight junction organization","3/205","88/18860",0.0340909090909091,3.13636363636364,2.10571637548003,0.0710426905435375,0.4902445700162,0.458480671407892,"DLG1/NPHP4/WNT11",3
"GO:0048638","regulation of developmental growth","7/205","332/18860",0.0210843373493976,1.93975903614458,1.81096440924005,0.0711474069120984,0.4902445700162,0.458480671407892,"ADCY10/CDK5/DUSP6/LIMK1/SOCS2/SOX15/VEGFA",7
"GO:0060070","canonical Wnt signaling pathway","7/205","333/18860",0.021021021021021,1.93393393393393,1.8024961908435,0.0720404727770939,0.495166525043549,0.463083723401928,"BMP2/DAPK3/NPHP4/RARG/SOST/WNT11/WWTR1",7
"GO:0007422","peripheral nervous system development","3/205","89/18860",0.0337078651685393,3.10112359550562,2.08277105000274,0.072957518841701,0.497560671791125,0.465322748728086,"CDK5/EGR3/SERPINI1",3
"GO:1901264","carbohydrate derivative transport","3/205","89/18860",0.0337078651685393,3.10112359550562,2.08277105000274,0.072957518841701,0.497560671791125,0.465322748728086,"ADCY10/LRRC8C/SLC28A2",3
"GO:0002478","antigen processing and presentation of exogenous peptide antigen","2/205","41/18860",0.0487804878048781,4.48780487804878,2.34360530318514,0.07314740459436,0.497560671791125,0.465322748728086,"CTSF/CTSS",2
"GO:0015865","purine nucleotide transport","2/205","41/18860",0.0487804878048781,4.48780487804878,2.34360530318514,0.07314740459436,0.497560671791125,0.465322748728086,"ADCY10/LRRC8C",2
"GO:0048568","embryonic organ development","9/205","472/18860",0.0190677966101695,1.75423728813559,1.73960395037968,0.0732869148342163,0.497560671791125,0.465322748728086,"DLG1/FOXE1/OSR2/RARG/SOX15/TGFBR2/VAX2/VEGFA/WNT11",9
"GO:0050770","regulation of axonogenesis","4/205","145/18860",0.0275862068965517,2.53793103448276,1.94878792633447,0.0737564234917475,0.499523943941664,0.467158816659865,"ADCY10/CDK5/LIMK1/VEGFA",4
"GO:0006006","glucose metabolic process","5/205","206/18860",0.0242718446601942,2.23300970873786,1.86531745539067,0.0746402557786254,0.500544804675249,0.468113533842215,"ADCY10/APOD/PDK3/PFKFB1/PGM1",5
"GO:0006935","chemotaxis","9/205","474/18860",0.0189873417721519,1.74683544303797,1.72627148733849,0.0747981143462957,0.500544804675249,0.468113533842215,"CALCA/CCL19/CXCL17/EGR3/GPR15LG/NEDD9/PLA2G7/SERPINE1/VEGFA",9
"GO:0035418","protein localization to synapse","3/205","90/18860",0.0333333333333333,3.06666666666667,2.06014689138227,0.0748952864751349,0.500544804675249,0.468113533842215,"CDK5/DLG1/NPHS1",3
"GO:0016486","peptide hormone processing","2/205","42/18860",0.0476190476190476,4.38095238095238,2.29940568719693,0.0762727402643682,0.500544804675249,0.468113533842215,"PLA2G7/SLC30A8",2
"GO:0060391","positive regulation of SMAD protein signal transduction","2/205","42/18860",0.0476190476190476,4.38095238095238,2.29940568719693,0.0762727402643682,0.500544804675249,0.468113533842215,"BMP2/TGFBR2",2
"GO:1901532","regulation of hematopoietic progenitor cell differentiation","2/205","42/18860",0.0476190476190476,4.38095238095238,2.29940568719693,0.0762727402643682,0.500544804675249,0.468113533842215,"PUS7/VEGFA",2
"GO:0042330","taxis","9/205","476/18860",0.0189075630252101,1.73949579831933,1.71300178510777,0.0763284881545341,0.500544804675249,0.468113533842215,"CALCA/CCL19/CXCL17/EGR3/GPR15LG/NEDD9/PLA2G7/SERPINE1/VEGFA",9
"GO:0007266","Rho protein signal transduction","4/205","147/18860",0.0272108843537415,2.50340136054422,1.91822934978852,0.0767002160803703,0.500544804675249,0.468113533842215,"CCL19/DLC1/LIMK1/P2RY8",4
"GO:0032273","positive regulation of protein polymerization","3/205","91/18860",0.032967032967033,3.03296703296703,2.0378353855457,0.0768557663557373,0.500544804675249,0.468113533842215,"DLG1/NPHS1/TENM1",3
"GO:0042475","odontogenesis of dentin-containing tooth","3/205","91/18860",0.032967032967033,3.03296703296703,2.0378353855457,0.0768557663557373,0.500544804675249,0.468113533842215,"BMP2/MSX2/SERPINE1",3
"GO:0090101","negative regulation of transmembrane receptor protein serine/threonine kinase signaling pathway","5/205","208/18860",0.0240384615384615,2.21153846153846,1.84180990410222,0.0770660124915259,0.500544804675249,0.468113533842215,"BMP2/CHRD/EID2/MIR490/SOST",5
"GO:0045598","regulation of fat cell differentiation","4/205","148/18860",0.027027027027027,2.48648648648649,1.90313831510826,0.078194042330865,0.500544804675249,0.468113533842215,"BMP2/MSX2/VEGFA/WWTR1",4
"GO:0009268","response to pH","2/205","43/18860",0.0465116279069767,4.27906976744186,2.25656748721953,0.0794397666284393,0.500544804675249,0.468113533842215,"CTSS/KCNK1",2
"GO:0046640","regulation of alpha-beta T cell proliferation","2/205","43/18860",0.0465116279069767,4.27906976744186,2.25656748721953,0.0794397666284393,0.500544804675249,0.468113533842215,"ARG2/TGFBR2",2
"GO:0061001","regulation of dendritic spine morphogenesis","2/205","43/18860",0.0465116279069767,4.27906976744186,2.25656748721953,0.0794397666284393,0.500544804675249,0.468113533842215,"ARC/CDK5",2
"GO:0070232","regulation of T cell apoptotic process","2/205","43/18860",0.0465116279069767,4.27906976744186,2.25656748721953,0.0794397666284393,0.500544804675249,0.468113533842215,"ARG2/CD27",2
"GO:1903115","regulation of actin filament-based movement","2/205","43/18860",0.0465116279069767,4.27906976744186,2.25656748721953,0.0794397666284393,0.500544804675249,0.468113533842215,"ADCY10/DLG1",2
"GO:0031334","positive regulation of protein-containing complex assembly","5/205","210/18860",0.0238095238095238,2.19047619047619,1.81856813596225,0.0795340381821019,0.500544804675249,0.468113533842215,"DLG1/NPHS1/TENM1/USP50/VEGFA",5
"GO:0010565","regulation of ketone metabolic process","4/205","149/18860",0.0268456375838926,2.46979865771812,1.88817009667769,0.0797023970001867,0.500544804675249,0.468113533842215,"BMP2/PDK3/UGT1A4/UGT1A7",4
"GO:0001894","tissue homeostasis","6/205","275/18860",0.0218181818181818,2.00727272727273,1.76388705716813,0.0802453469263119,0.500544804675249,0.468113533842215,"CALCA/NPHP4/SLC28A2/SNX10/VEGFA/WWTR1",6
"GO:0060249","anatomical structure homeostasis","6/205","275/18860",0.0218181818181818,2.00727272727273,1.76388705716813,0.0802453469263119,0.500544804675249,0.468113533842215,"CALCA/NPHP4/SLC28A2/SNX10/VEGFA/WWTR1",6
"GO:2000377","regulation of reactive oxygen species metabolic process","4/205","150/18860",0.0266666666666667,2.45333333333333,1.87332273754111,0.0812252090499598,0.500544804675249,0.468113533842215,"ADCY10/ARG2/PDK3/TGFBR2",4
"GO:0018279","protein N-linked glycosylation via asparagine","2/205","44/18860",0.0454545454545455,4.18181818181818,2.21501503946172,0.0826472186485923,0.500544804675249,0.468113533842215,"ALG14/STT3B",2
"GO:0030501","positive regulation of bone mineralization","2/205","44/18860",0.0454545454545455,4.18181818181818,2.21501503946172,0.0826472186485923,0.500544804675249,0.468113533842215,"BMP2/OSR2",2
"GO:1900026","positive regulation of substrate adhesion-dependent cell spreading","2/205","44/18860",0.0454545454545455,4.18181818181818,2.21501503946172,0.0826472186485923,0.500544804675249,0.468113533842215,"HAS2/NEDD9",2
"GO:1900744","regulation of p38MAPK cascade","2/205","44/18860",0.0454545454545455,4.18181818181818,2.21501503946172,0.0826472186485923,0.500544804675249,0.468113533842215,"BMP2/DLG1",2
"GO:0048704","embryonic skeletal system morphogenesis","3/205","94/18860",0.0319148936170213,2.93617021276596,1.97269634211824,0.0828711629876261,0.500544804675249,0.468113533842215,"DLG1/OSR2/TGFBR2",3
"GO:0060828","regulation of canonical Wnt signaling pathway","6/205","278/18860",0.0215827338129496,1.98561151079137,1.73548382802716,0.0835135007109806,0.500544804675249,0.468113533842215,"BMP2/DAPK3/NPHP4/SOST/WNT11/WWTR1",6
"GO:0060078","regulation of postsynaptic membrane potential","4/205","152/18860",0.0263157894736842,2.42105263157895,1.84398299047201,0.0843139118894793,0.500544804675249,0.468113533842215,"CDK5/GABRA1/GABRR2/KCNK1",4
"GO:0001763","morphogenesis of a branching structure","5/205","214/18860",0.0233644859813084,2.14953271028037,1.77285825768267,0.0845960518452303,0.500544804675249,0.468113533842215,"BMP2/DLG1/MSX2/TGFBR2/VEGFA",5
"GO:0007589","body fluid secretion","3/205","95/18860",0.0315789473684211,2.90526315789474,1.95155646754793,0.0849201611907968,0.500544804675249,0.468113533842215,"SLC22A4/SOCS2/VEGFA",3
"GO:0050678","regulation of epithelial cell proliferation","8/205","416/18860",0.0192307692307692,1.76923076923077,1.66308478487269,0.084953554997183,0.500544804675249,0.468113533842215,"DLG1/EGR3/GPR15LG/HAS2/MIR20B/OSR2/PPP1R16B/VEGFA",8
"GO:0060485","mesenchyme development","7/205","347/18860",0.0201729106628242,1.85590778097983,1.68691012707866,0.0852425873210956,0.500544804675249,0.468113533842215,"BMP2/HAS2/MSX2/TGFBR2/VEGFA/WNT11/WWTR1",7
"GO:0031032","actomyosin structure organization","5/205","215/18860",0.0232558139534884,2.13953488372093,1.76158780305133,0.0858876293651658,0.500544804675249,0.468113533842215,"ARHGAP28/DLC1/FRMD3/LIMK1/NEB",5
"GO:0003176","aortic valve development","2/205","45/18860",0.0444444444444444,4.08888888888889,2.17467852654565,0.0858938536201265,0.500544804675249,0.468113533842215,"BMP2/TGFBR2",2
"GO:0030574","collagen catabolic process","2/205","45/18860",0.0444444444444444,4.08888888888889,2.17467852654565,0.0858938536201265,0.500544804675249,0.468113533842215,"CTSS/MMP19",2
"GO:0042092","type 2 immune response","2/205","45/18860",0.0444444444444444,4.08888888888889,2.17467852654565,0.0858938536201265,0.500544804675249,0.468113533842215,"ARG2/STARD7",2
"GO:0106106","cold-induced thermogenesis","4/205","154/18860",0.025974025974026,2.38961038961039,1.81510428490755,0.0874595460487358,0.500544804675249,0.468113533842215,"MCRIP2/PDGFC/SCD/VEGFA",4
"GO:0045666","positive regulation of neuron differentiation","3/205","97/18860",0.0309278350515464,2.84536082474227,1.91009364058894,0.089082513803581,0.500544804675249,0.468113533842215,"BMP2/MMD2/SOCS2",3
"GO:2000106","regulation of leukocyte apoptotic process","3/205","97/18860",0.0309278350515464,2.84536082474227,1.91009364058894,0.089082513803581,0.500544804675249,0.468113533842215,"ARG2/CCL19/CD27",3
"GO:0060412","ventricular septum morphogenesis","2/205","46/18860",0.0434782608695652,4,2.1354934063231,0.0891784508395341,0.500544804675249,0.468113533842215,"TGFBR2/WNT11",2
"GO:0140448","signaling receptor ligand precursor processing","2/205","46/18860",0.0434782608695652,4,2.1354934063231,0.0891784508395341,0.500544804675249,0.468113533842215,"PLA2G7/SLC30A8",2
"GO:0098739","import across plasma membrane","5/205","218/18860",0.0229357798165138,2.11009174311927,1.72814230331973,0.0898244370325546,0.500544804675249,0.468113533842215,"CACNA1E/DLG1/LRRC8C/SLC22A4/SLC30A8",5
"GO:0006091","generation of precursor metabolites and energy","9/205","494/18860",0.0182186234817814,1.67611336032389,1.59629934871846,0.090966179599934,0.500544804675249,0.468113533842215,"ADCY10/COX6B1/DERA/HMGCL/NDUFB5/PDK3/PFKFB1/PGM1/PHKA2",9
"GO:0021954","central nervous system neuron development","3/205","98/18860",0.0306122448979592,2.81632653061224,1.88975730469432,0.0911953789293893,0.500544804675249,0.468113533842215,"CDK5/GBA2/NDNF",3
"GO:0051492","regulation of stress fiber assembly","3/205","98/18860",0.0306122448979592,2.81632653061224,1.88975730469432,0.0911953789293893,0.500544804675249,0.468113533842215,"ARHGAP28/DLC1/LIMK1",3
"GO:0043491","phosphatidylinositol 3-kinase/protein kinase B signal transduction","7/205","354/18860",0.019774011299435,1.81920903954802,1.6310929930852,0.0923308834462411,0.500544804675249,0.468113533842215,"CCL19/DLG1/PDGFC/PIP5KL1/PPP1R16B/TYRO3/VEGFA",7
"GO:0006862","nucleotide transport","2/205","47/18860",0.0425531914893617,3.91489361702128,2.09739990760349,0.0924998112769367,0.500544804675249,0.468113533842215,"ADCY10/LRRC8C",2
"GO:0046633","alpha-beta T cell proliferation","2/205","47/18860",0.0425531914893617,3.91489361702128,2.09739990760349,0.0924998112769367,0.500544804675249,0.468113533842215,"ARG2/TGFBR2",2
"GO:0055078","sodium ion homeostasis","2/205","47/18860",0.0425531914893617,3.91489361702128,2.09739990760349,0.0924998112769367,0.500544804675249,0.468113533842215,"CYP4A11/CYP4F12",2
"GO:0120178","steroid hormone biosynthetic process","2/205","47/18860",0.0425531914893617,3.91489361702128,2.09739990760349,0.0924998112769367,0.500544804675249,0.468113533842215,"BMP2/SERPINA6",2
"GO:0050673","epithelial cell proliferation","9/205","496/18860",0.0181451612903226,1.66935483870968,1.58362459289305,0.0926885954689692,0.500544804675249,0.468113533842215,"CALCA/DLG1/EGR3/GPR15LG/HAS2/MIR20B/OSR2/PPP1R16B/VEGFA",9
"GO:0030111","regulation of Wnt signaling pathway","7/205","356/18860",0.0196629213483146,1.80898876404494,1.61537483505218,0.0944153121332986,0.500544804675249,0.468113533842215,"BMP2/DAPK3/NPHP4/SHISA2/SOST/WNT11/WWTR1",7
"GO:0050679","positive regulation of epithelial cell proliferation","5/205","222/18860",0.0225225225225225,2.07207207207207,1.68437757279225,0.0952170690639518,0.500544804675249,0.468113533842215,"EGR3/HAS2/OSR2/PPP1R16B/VEGFA",5
"GO:0016049","cell growth","9/205","499/18860",0.0180360721442886,1.65931863727455,1.56471805533457,0.0953081296586487,0.500544804675249,0.468113533842215,"ADCY10/CDK5/CDKN2AIP/LIMK1/RARG/ROS1/SOCS2/TGFBR2/VEGFA",9
"GO:0071456","cellular response to hypoxia","4/205","159/18860",0.0251572327044025,2.31446540880503,1.7448333072811,0.0955684873315442,0.500544804675249,0.468113533842215,"ERO1A/NDNF/PDK3/VEGFA",4
"GO:0001914","regulation of T cell mediated cytotoxicity","2/205","48/18860",0.0416666666666667,3.83333333333333,2.06034258371172,0.0958567572529881,0.500544804675249,0.468113533842215,"CD1C/CD1E",2
"GO:0021575","hindbrain morphogenesis","2/205","48/18860",0.0416666666666667,3.83333333333333,2.06034258371172,0.0958567572529881,0.500544804675249,0.468113533842215,"CDK5/DLC1",2
"GO:0031641","regulation of myelination","2/205","48/18860",0.0416666666666667,3.83333333333333,2.06034258371172,0.0958567572529881,0.500544804675249,0.468113533842215,"DLG1/RARG",2
"GO:0048247","lymphocyte chemotaxis","2/205","48/18860",0.0416666666666667,3.83333333333333,2.06034258371172,0.0958567572529881,0.500544804675249,0.468113533842215,"GPR15LG/NEDD9",2
"GO:0051489","regulation of filopodium assembly","2/205","48/18860",0.0416666666666667,3.83333333333333,2.06034258371172,0.0958567572529881,0.500544804675249,0.468113533842215,"PPP1R16B/TENM1",2
"GO:0061383","trabecula morphogenesis","2/205","48/18860",0.0416666666666667,3.83333333333333,2.06034258371172,0.0958567572529881,0.500544804675249,0.468113533842215,"MSX2/VEGFA",2
"GO:0001910","regulation of leukocyte mediated cytotoxicity","3/205","101/18860",0.0297029702970297,2.73267326732673,1.83025311296199,0.0976577492626558,0.500544804675249,0.468113533842215,"CD1C/CD1E/LAMP1",3
"GO:0009952","anterior/posterior pattern specification","5/205","224/18860",0.0223214285714286,2.05357142857143,1.6628392878241,0.0979742440251708,0.500544804675249,0.468113533842215,"ARC/BMP2/MSX2/RARG/RIPPLY1",5
"GO:0014706","striated muscle tissue development","8/205","430/18860",0.0186046511627907,1.71162790697674,1.56481559327211,0.0980215189227853,0.500544804675249,0.468113533842215,"BMP2/CDK5/ERO1A/MSX2/NEB/NPHS1/SOX15/VEGFA",8
"GO:0051347","positive regulation of transferase activity","4/205","161/18860",0.0248447204968944,2.28571428571429,1.71746086878503,0.0989082241625745,0.500544804675249,0.468113533842215,"CALCA/MMD2/NEDD9/TENM1",4
"GO:0032881","regulation of polysaccharide metabolic process","2/205","49/18860",0.0408163265306122,3.75510204081633,2.02426991618822,0.0992481321201852,0.500544804675249,0.468113533842215,"ADCY10/HAS2",2
"GO:0033628","regulation of cell adhesion mediated by integrin","2/205","49/18860",0.0408163265306122,3.75510204081633,2.02426991618822,0.0992481321201852,0.500544804675249,0.468113533842215,"LPXN/SERPINE1",2
"GO:0060443","mammary gland morphogenesis","2/205","49/18860",0.0408163265306122,3.75510204081633,2.02426991618822,0.0992481321201852,0.500544804675249,0.468113533842215,"MSX2/TGFBR2",2
"GO:0097028","dendritic cell differentiation","2/205","49/18860",0.0408163265306122,3.75510204081633,2.02426991618822,0.0992481321201852,0.500544804675249,0.468113533842215,"CCL19/TGFBR2",2
"GO:1903307","positive regulation of regulated secretory pathway","2/205","49/18860",0.0408163265306122,3.75510204081633,2.02426991618822,0.0992481321201852,0.500544804675249,0.468113533842215,"CDK5/LAMP1",2
"GO:1903426","regulation of reactive oxygen species biosynthetic process","2/205","49/18860",0.0408163265306122,3.75510204081633,2.02426991618822,0.0992481321201852,0.500544804675249,0.468113533842215,"ADCY10/ARG2",2
"GO:1903587","regulation of blood vessel endothelial cell proliferation involved in sprouting angiogenesis","2/205","49/18860",0.0408163265306122,3.75510204081633,2.02426991618822,0.0992481321201852,0.500544804675249,0.468113533842215,"PPP1R16B/VEGFA",2
"GO:1905314","semi-lunar valve development","2/205","49/18860",0.0408163265306122,3.75510204081633,2.02426991618822,0.0992481321201852,0.500544804675249,0.468113533842215,"BMP2/TGFBR2",2
"GO:2000516","positive regulation of CD4-positive, alpha-beta T cell activation","2/205","49/18860",0.0408163265306122,3.75510204081633,2.02426991618822,0.0992481321201852,0.500544804675249,0.468113533842215,"CCL19/TGFBR2",2
"GO:0000041","transition metal ion transport","3/205","102/18860",0.0294117647058824,2.70588235294118,1.81090025854321,0.0998522919379676,0.500544804675249,0.468113533842215,"SLC30A2/SLC30A8/TCN1",3
"GO:0071229","cellular response to acid chemical","3/205","102/18860",0.0294117647058824,2.70588235294118,1.81090025854321,0.0998522919379676,0.500544804675249,0.468113533842215,"NSMF/PDGFC/VEGFA",3
"GO:0120162","positive regulation of cold-induced thermogenesis","3/205","102/18860",0.0294117647058824,2.70588235294118,1.81090025854321,0.0998522919379676,0.500544804675249,0.468113533842215,"PDGFC/SCD/VEGFA",3
"GO:0002064","epithelial cell development","5/205","226/18860",0.0221238938053097,2.0353982300885,1.64152396074758,0.100771569669427,0.500544804675249,0.468113533842215,"NPHS1/PPP1R16B/RARG/ROS1/VEGFA",5
"GO:0003016","respiratory system process","2/205","50/18860",0.04,3.68,1.98913396210015,0.102672799948529,0.500544804675249,0.468113533842215,"ECEL1/STARD7",2
"GO:0010634","positive regulation of epithelial cell migration","2/205","50/18860",0.04,3.68,1.98913396210015,0.102672799948529,0.500544804675249,0.468113533842215,"HAS2/TGFBR2",2
"GO:0010837","regulation of keratinocyte proliferation","2/205","50/18860",0.04,3.68,1.98913396210015,0.102672799948529,0.500544804675249,0.468113533842215,"GPR15LG/HAS2",2
"GO:0035850","epithelial cell differentiation involved in kidney development","2/205","50/18860",0.04,3.68,1.98913396210015,0.102672799948529,0.500544804675249,0.468113533842215,"NPHS1/WWTR1",2
"GO:0043029","T cell homeostasis","2/205","50/18860",0.04,3.68,1.98913396210015,0.102672799948529,0.500544804675249,0.468113533842215,"GPR15LG/PPP2R3C",2
"GO:0061028","establishment of endothelial barrier","2/205","50/18860",0.04,3.68,1.98913396210015,0.102672799948529,0.500544804675249,0.468113533842215,"PPP1R16B/VEGFA",2
"GO:0009150","purine ribonucleotide metabolic process","7/205","364/18860",0.0192307692307692,1.76923076923077,1.55348500376656,0.103013884423244,0.500544804675249,0.468113533842215,"ADCY10/DLG1/MFN1/NDUFB5/PFKFB1/PGM1/SULT2B1",7
"GO:0001408","guanine nucleotide transport","1/205","10/18860",0.1,9.2,2.7189223782166,0.10355374181149,0.500544804675249,0.468113533842215,"LRRC8C",1
"GO:0001542","ovulation from ovarian follicle","1/205","10/18860",0.1,9.2,2.7189223782166,0.10355374181149,0.500544804675249,0.468113533842215,"MMP19",1
"GO:0002579","positive regulation of antigen processing and presentation","1/205","10/18860",0.1,9.2,2.7189223782166,0.10355374181149,0.500544804675249,0.468113533842215,"CCL19",1
"GO:0002666","positive regulation of T cell tolerance induction","1/205","10/18860",0.1,9.2,2.7189223782166,0.10355374181149,0.500544804675249,0.468113533842215,"TGFBR2",1
"GO:0003097","renal water transport","1/205","10/18860",0.1,9.2,2.7189223782166,0.10355374181149,0.500544804675249,0.468113533842215,"HAS2",1
"GO:0003149","membranous septum morphogenesis","1/205","10/18860",0.1,9.2,2.7189223782166,0.10355374181149,0.500544804675249,0.468113533842215,"TGFBR2",1
"GO:0009820","alkaloid metabolic process","1/205","10/18860",0.1,9.2,2.7189223782166,0.10355374181149,0.500544804675249,0.468113533842215,"CYP3A5",1
"GO:0010496","intercellular transport","1/205","10/18860",0.1,9.2,2.7189223782166,0.10355374181149,0.500544804675249,0.468113533842215,"ARC",1
"GO:0010749","regulation of nitric oxide mediated signal transduction","1/205","10/18860",0.1,9.2,2.7189223782166,0.10355374181149,0.500544804675249,0.468113533842215,"VEGFA",1
"GO:0014012","peripheral nervous system axon regeneration","1/205","10/18860",0.1,9.2,2.7189223782166,0.10355374181149,0.500544804675249,0.468113533842215,"APOD",1
"GO:0015858","nucleoside transport","1/205","10/18860",0.1,9.2,2.7189223782166,0.10355374181149,0.500544804675249,0.468113533842215,"SLC28A2",1
"GO:0031946","regulation of glucocorticoid biosynthetic process","1/205","10/18860",0.1,9.2,2.7189223782166,0.10355374181149,0.500544804675249,0.468113533842215,"BMP2",1
"GO:0034354","'de novo' NAD+ biosynthetic process from L-tryptophan","1/205","10/18860",0.1,9.2,2.7189223782166,0.10355374181149,0.500544804675249,0.468113533842215,"KYNU",1
"GO:0035360","positive regulation of peroxisome proliferator activated receptor signaling pathway","1/205","10/18860",0.1,9.2,2.7189223782166,0.10355374181149,0.500544804675249,0.468113533842215,"BMP2",1
"GO:0043569","negative regulation of insulin-like growth factor receptor signaling pathway","1/205","10/18860",0.1,9.2,2.7189223782166,0.10355374181149,0.500544804675249,0.468113533842215,"BMP2",1
"GO:0046146","tetrahydrobiopterin metabolic process","1/205","10/18860",0.1,9.2,2.7189223782166,0.10355374181149,0.500544804675249,0.468113533842215,"QDPR",1
"GO:0048845","venous blood vessel morphogenesis","1/205","10/18860",0.1,9.2,2.7189223782166,0.10355374181149,0.500544804675249,0.468113533842215,"VEGFA",1
"GO:0048874","host-mediated modulation of intestinal microbiota composition","1/205","10/18860",0.1,9.2,2.7189223782166,0.10355374181149,0.500544804675249,0.468113533842215,"LRRC19",1
"GO:0050812","regulation of acyl-CoA biosynthetic process","1/205","10/18860",0.1,9.2,2.7189223782166,0.10355374181149,0.500544804675249,0.468113533842215,"PDK3",1
"GO:0051292","nuclear pore complex assembly","1/205","10/18860",0.1,9.2,2.7189223782166,0.10355374181149,0.500544804675249,0.468113533842215,"NDC1",1
"GO:0051409","response to nitrosative stress","1/205","10/18860",0.1,9.2,2.7189223782166,0.10355374181149,0.500544804675249,0.468113533842215,"DUSP6",1
"GO:0051660","establishment of centrosome localization","1/205","10/18860",0.1,9.2,2.7189223782166,0.10355374181149,0.500544804675249,0.468113533842215,"DLG1",1
"GO:0060068","vagina development","1/205","10/18860",0.1,9.2,2.7189223782166,0.10355374181149,0.500544804675249,0.468113533842215,"TYRO3",1
"GO:0060947","cardiac vascular smooth muscle cell differentiation","1/205","10/18860",0.1,9.2,2.7189223782166,0.10355374181149,0.500544804675249,0.468113533842215,"VEGFA",1
"GO:0070729","cyclic nucleotide transport","1/205","10/18860",0.1,9.2,2.7189223782166,0.10355374181149,0.500544804675249,0.468113533842215,"LRRC8C",1
"GO:0070989","oxidative demethylation","1/205","10/18860",0.1,9.2,2.7189223782166,0.10355374181149,0.500544804675249,0.468113533842215,"CYP3A5",1
"GO:0090269","fibroblast growth factor production","1/205","10/18860",0.1,9.2,2.7189223782166,0.10355374181149,0.500544804675249,0.468113533842215,"WNT11",1
"GO:0090270","regulation of fibroblast growth factor production","1/205","10/18860",0.1,9.2,2.7189223782166,0.10355374181149,0.500544804675249,0.468113533842215,"WNT11",1
"GO:0097021","lymphocyte migration into lymphoid organs","1/205","10/18860",0.1,9.2,2.7189223782166,0.10355374181149,0.500544804675249,0.468113533842215,"NEDD9",1
"GO:1902224","ketone body metabolic process","1/205","10/18860",0.1,9.2,2.7189223782166,0.10355374181149,0.500544804675249,0.468113533842215,"HMGCL",1
"GO:1903348","positive regulation of bicellular tight junction assembly","1/205","10/18860",0.1,9.2,2.7189223782166,0.10355374181149,0.500544804675249,0.468113533842215,"NPHP4",1
"GO:1990481","mRNA pseudouridine synthesis","1/205","10/18860",0.1,9.2,2.7189223782166,0.10355374181149,0.500544804675249,0.468113533842215,"PUS7",1
"GO:1990859","cellular response to endothelin","1/205","10/18860",0.1,9.2,2.7189223782166,0.10355374181149,0.500544804675249,0.468113533842215,"KLF1",1
"GO:2000563","positive regulation of CD4-positive, alpha-beta T cell proliferation","1/205","10/18860",0.1,9.2,2.7189223782166,0.10355374181149,0.500544804675249,0.468113533842215,"TGFBR2",1
"GO:0009062","fatty acid catabolic process","3/205","104/18860",0.0288461538461538,2.65384615384615,1.77288391315705,0.104300477862601,0.500544804675249,0.468113533842215,"CYP4A11/CYP4F12/SLC27A2",3
"GO:0043254","regulation of protein-containing complex assembly","8/205","438/18860",0.0182648401826484,1.68036529680365,1.51025211964361,0.105974566183089,0.500544804675249,0.468113533842215,"ARHGAP28/DLG1/GBA2/NPHS1/SOST/TENM1/USP50/VEGFA",8
"GO:0007159","leukocyte cell-cell adhesion","8/205","439/18860",0.0182232346241458,1.67653758542141,1.50350965737283,0.106993290049947,0.500544804675249,0.468113533842215,"ARG2/CALCA/CCL19/CD27/DLG1/EGR3/HAS2/TGFBR2",8
"GO:0006865","amino acid transport","4/205","166/18860",0.0240963855421687,2.21686746987952,1.65076343428221,0.1074916528685,0.500544804675249,0.468113533842215,"KCNK1/LRRC8C/SLC22A4/SLC6A8",4
"GO:0060541","respiratory system development","5/205","231/18860",0.0216450216450216,1.99134199134199,1.58918096735884,0.107938309363426,0.500544804675249,0.468113533842215,"BMP2/RARG/TGFBR2/VEGFA/WNT11",5
"GO:0036294","cellular response to decreased oxygen levels","4/205","167/18860",0.0239520958083832,2.20359281437126,1.63770981929968,0.109247709102368,0.500544804675249,0.468113533842215,"ERO1A/NDNF/PDK3/VEGFA",4
"GO:0045922","negative regulation of fatty acid metabolic process","2/205","52/18860",0.0384615384615385,3.53846153846154,1.92149644553707,0.109617572500174,0.500544804675249,0.468113533842215,"UGT1A4/UGT1A7",2
"GO:2000404","regulation of T cell migration","2/205","52/18860",0.0384615384615385,3.53846153846154,1.92149644553707,0.109617572500174,0.500544804675249,0.468113533842215,"APOD/GPR15LG",2
"GO:0030307","positive regulation of cell growth","4/205","168/18860",0.0238095238095238,2.19047619047619,1.62474834298605,0.111016660582644,0.500544804675249,0.468113533842215,"ADCY10/CDKN2AIP/LIMK1/VEGFA",4
"GO:0006835","dicarboxylic acid transport","3/205","107/18860",0.0280373831775701,2.57943925233645,1.71750524916128,0.111116637684609,0.500544804675249,0.468113533842215,"KCNK1/LRRC8C/SLC26A4",3
"GO:0051017","actin filament bundle assembly","4/205","169/18860",0.0236686390532544,2.17751479289941,1.61187770928071,0.112798406961278,0.500544804675249,0.468113533842215,"ARHGAP28/DLC1/LIMK1/NEDD9",4
"GO:0120254","olefinic compound metabolic process","4/205","169/18860",0.0236686390532544,2.17751479289941,1.61187770928071,0.112798406961278,0.500544804675249,0.468113533842215,"BMP2/CYP3A5/CYP4A11/CYP4F12",4
"GO:0003254","regulation of membrane depolarization","2/205","53/18860",0.0377358490566038,3.47169811320755,1.88891420532974,0.113135506181758,0.500544804675249,0.468113533842215,"ADCY10/PPP2R3C",2
"GO:0019369","arachidonate metabolic process","2/205","53/18860",0.0377358490566038,3.47169811320755,1.88891420532974,0.113135506181758,0.500544804675249,0.468113533842215,"CYP4A11/CYP4F12",2
"GO:0035384","thioester biosynthetic process","2/205","53/18860",0.0377358490566038,3.47169811320755,1.88891420532974,0.113135506181758,0.500544804675249,0.468113533842215,"PDK3/SLC27A2",2
"GO:0050731","positive regulation of peptidyl-tyrosine phosphorylation","2/205","53/18860",0.0377358490566038,3.47169811320755,1.88891420532974,0.113135506181758,0.500544804675249,0.468113533842215,"NEDD9/VEGFA",2
"GO:0071616","acyl-CoA biosynthetic process","2/205","53/18860",0.0377358490566038,3.47169811320755,1.88891420532974,0.113135506181758,0.500544804675249,0.468113533842215,"PDK3/SLC27A2",2
"GO:0071622","regulation of granulocyte chemotaxis","2/205","53/18860",0.0377358490566038,3.47169811320755,1.88891420532974,0.113135506181758,0.500544804675249,0.468113533842215,"CCL19/CXCL17",2
"GO:0000338","protein deneddylation","1/205","11/18860",0.0909090909090909,8.36363636363636,2.56084417690053,0.113302892099482,0.500544804675249,0.468113533842215,"COPS3",1
"GO:0001865","NK T cell differentiation","1/205","11/18860",0.0909090909090909,8.36363636363636,2.56084417690053,0.113302892099482,0.500544804675249,0.468113533842215,"TGFBR2",1
"GO:0002604","regulation of dendritic cell antigen processing and presentation","1/205","11/18860",0.0909090909090909,8.36363636363636,2.56084417690053,0.113302892099482,0.500544804675249,0.468113533842215,"CCL19",1
"GO:0003139","secondary heart field specification","1/205","11/18860",0.0909090909090909,8.36363636363636,2.56084417690053,0.113302892099482,0.500544804675249,0.468113533842215,"WNT11",1
"GO:0006171","cAMP biosynthetic process","1/205","11/18860",0.0909090909090909,8.36363636363636,2.56084417690053,0.113302892099482,0.500544804675249,0.468113533842215,"ADCY10",1
"GO:0006678","glucosylceramide metabolic process","1/205","11/18860",0.0909090909090909,8.36363636363636,2.56084417690053,0.113302892099482,0.500544804675249,0.468113533842215,"GBA2",1
"GO:0019852","L-ascorbic acid metabolic process","1/205","11/18860",0.0909090909090909,8.36363636363636,2.56084417690053,0.113302892099482,0.500544804675249,0.468113533842215,"ERO1A",1
"GO:0030432","peristalsis","1/205","11/18860",0.0909090909090909,8.36363636363636,2.56084417690053,0.113302892099482,0.500544804675249,0.468113533842215,"DLG1",1
"GO:0030953","astral microtubule organization","1/205","11/18860",0.0909090909090909,8.36363636363636,2.56084417690053,0.113302892099482,0.500544804675249,0.468113533842215,"DLG1",1
"GO:0032342","aldosterone biosynthetic process","1/205","11/18860",0.0909090909090909,8.36363636363636,2.56084417690053,0.113302892099482,0.500544804675249,0.468113533842215,"BMP2",1
"GO:0032525","somite rostral/caudal axis specification","1/205","11/18860",0.0909090909090909,8.36363636363636,2.56084417690053,0.113302892099482,0.500544804675249,0.468113533842215,"RIPPLY1",1
"GO:0032836","glomerular basement membrane development","1/205","11/18860",0.0909090909090909,8.36363636363636,2.56084417690053,0.113302892099482,0.500544804675249,0.468113533842215,"NPHS1",1
"GO:0033089","positive regulation of T cell differentiation in thymus","1/205","11/18860",0.0909090909090909,8.36363636363636,2.56084417690053,0.113302892099482,0.500544804675249,0.468113533842215,"EGR3",1
"GO:0033504","floor plate development","1/205","11/18860",0.0909090909090909,8.36363636363636,2.56084417690053,0.113302892099482,0.500544804675249,0.468113533842215,"CHRD",1
"GO:0034635","glutathione transport","1/205","11/18860",0.0909090909090909,8.36363636363636,2.56084417690053,0.113302892099482,0.500544804675249,0.468113533842215,"SLC25A40",1
"GO:0034975","protein folding in endoplasmic reticulum","1/205","11/18860",0.0909090909090909,8.36363636363636,2.56084417690053,0.113302892099482,0.500544804675249,0.468113533842215,"ERO1A",1
"GO:0035443","tripeptide transmembrane transport","1/205","11/18860",0.0909090909090909,8.36363636363636,2.56084417690053,0.113302892099482,0.500544804675249,0.468113533842215,"SLC25A40",1
"GO:0035878","nail development","1/205","11/18860",0.0909090909090909,8.36363636363636,2.56084417690053,0.113302892099482,0.500544804675249,0.468113533842215,"MSX2",1
"GO:0042167","heme catabolic process","1/205","11/18860",0.0909090909090909,8.36363636363636,2.56084417690053,0.113302892099482,0.500544804675249,0.468113533842215,"UGT1A4",1
"GO:0042487","regulation of odontogenesis of dentin-containing tooth","1/205","11/18860",0.0909090909090909,8.36363636363636,2.56084417690053,0.113302892099482,0.500544804675249,0.468113533842215,"BMP2",1
"GO:0045586","regulation of gamma-delta T cell differentiation","1/205","11/18860",0.0909090909090909,8.36363636363636,2.56084417690053,0.113302892099482,0.500544804675249,0.468113533842215,"EGR3",1
"GO:0045602","negative regulation of endothelial cell differentiation","1/205","11/18860",0.0909090909090909,8.36363636363636,2.56084417690053,0.113302892099482,0.500544804675249,0.468113533842215,"VEGFA",1
"GO:0045625","regulation of T-helper 1 cell differentiation","1/205","11/18860",0.0909090909090909,8.36363636363636,2.56084417690053,0.113302892099482,0.500544804675249,0.468113533842215,"CCL19",1
"GO:0045843","negative regulation of striated muscle tissue development","1/205","11/18860",0.0909090909090909,8.36363636363636,2.56084417690053,0.113302892099482,0.500544804675249,0.468113533842215,"SOX15",1
"GO:0046149","pigment catabolic process","1/205","11/18860",0.0909090909090909,8.36363636363636,2.56084417690053,0.113302892099482,0.500544804675249,0.468113533842215,"UGT1A4",1
"GO:0046477","glycosylceramide catabolic process","1/205","11/18860",0.0909090909090909,8.36363636363636,2.56084417690053,0.113302892099482,0.500544804675249,0.468113533842215,"GBA2",1
"GO:0046710","GDP metabolic process","1/205","11/18860",0.0909090909090909,8.36363636363636,2.56084417690053,0.113302892099482,0.500544804675249,0.468113533842215,"DLG1",1
"GO:0048340","paraxial mesoderm morphogenesis","1/205","11/18860",0.0909090909090909,8.36363636363636,2.56084417690053,0.113302892099482,0.500544804675249,0.468113533842215,"WNT11",1
"GO:0050859","negative regulation of B cell receptor signaling pathway","1/205","11/18860",0.0909090909090909,8.36363636363636,2.56084417690053,0.113302892099482,0.500544804675249,0.468113533842215,"LPXN",1
"GO:0060433","bronchus development","1/205","11/18860",0.0909090909090909,8.36363636363636,2.56084417690053,0.113302892099482,0.500544804675249,0.468113533842215,"TGFBR2",1
"GO:0060439","trachea morphogenesis","1/205","11/18860",0.0909090909090909,8.36363636363636,2.56084417690053,0.113302892099482,0.500544804675249,0.468113533842215,"TGFBR2",1
"GO:0070278","extracellular matrix constituent secretion","1/205","11/18860",0.0909090909090909,8.36363636363636,2.56084417690053,0.113302892099482,0.500544804675249,0.468113533842215,"BMP2",1
"GO:0071374","cellular response to parathyroid hormone stimulus","1/205","11/18860",0.0909090909090909,8.36363636363636,2.56084417690053,0.113302892099482,0.500544804675249,0.468113533842215,"SOST",1
"GO:0071578","zinc ion import across plasma membrane","1/205","11/18860",0.0909090909090909,8.36363636363636,2.56084417690053,0.113302892099482,0.500544804675249,0.468113533842215,"SLC30A8",1
"GO:0090160","Golgi to lysosome transport","1/205","11/18860",0.0909090909090909,8.36363636363636,2.56084417690053,0.113302892099482,0.500544804675249,0.468113533842215,"LAMP1",1
"GO:0097267","omega-hydroxylase P450 pathway","1/205","11/18860",0.0909090909090909,8.36363636363636,2.56084417690053,0.113302892099482,0.500544804675249,0.468113533842215,"CYP4A11",1
"GO:0097646","calcitonin family receptor signaling pathway","1/205","11/18860",0.0909090909090909,8.36363636363636,2.56084417690053,0.113302892099482,0.500544804675249,0.468113533842215,"CALCA",1
"GO:0098880","maintenance of postsynaptic specialization structure","1/205","11/18860",0.0909090909090909,8.36363636363636,2.56084417690053,0.113302892099482,0.500544804675249,0.468113533842215,"DLG1",1
"GO:1905461","positive regulation of vascular associated smooth muscle cell apoptotic process","1/205","11/18860",0.0909090909090909,8.36363636363636,2.56084417690053,0.113302892099482,0.500544804675249,0.468113533842215,"ADCY10",1
"GO:1990839","response to endothelin","1/205","11/18860",0.0909090909090909,8.36363636363636,2.56084417690053,0.113302892099482,0.500544804675249,0.468113533842215,"KLF1",1
"GO:2000048","negative regulation of cell-cell adhesion mediated by cadherin","1/205","11/18860",0.0909090909090909,8.36363636363636,2.56084417690053,0.113302892099482,0.500544804675249,0.468113533842215,"VEGFA",1
"GO:2000726","negative regulation of cardiac muscle cell differentiation","1/205","11/18860",0.0909090909090909,8.36363636363636,2.56084417690053,0.113302892099482,0.500544804675249,0.468113533842215,"BMP2",1
"GO:0005976","polysaccharide metabolic process","3/205","108/18860",0.0277777777777778,2.55555555555556,1.69946506288192,0.113426018280413,0.500544804675249,0.468113533842215,"ADCY10/HAS2/PHKA2",3
"GO:0110020","regulation of actomyosin structure organization","3/205","109/18860",0.0275229357798165,2.53211009174312,1.68162687471277,0.115753625642864,0.500544804675249,0.468113533842215,"ARHGAP28/DLC1/LIMK1",3
"GO:1901222","regulation of non-canonical NF-kappaB signal transduction","3/205","109/18860",0.0275229357798165,2.53211009174312,1.68162687471277,0.115753625642864,0.500544804675249,0.468113533842215,"CCL19/CD27/LRRC19",3
"GO:1990845","adaptive thermogenesis","4/205","171/18860",0.0233918128654971,2.15204678362573,1.58640391528099,0.116399877034215,0.500544804675249,0.468113533842215,"MCRIP2/PDGFC/SCD/VEGFA",4
"GO:0010975","regulation of neuron projection development","8/205","448/18860",0.0178571428571429,1.64285714285714,1.44358257682201,0.116405224604703,0.500544804675249,0.468113533842215,"ADCY10/ARC/CDK5/LIMK1/NDNF/NSMF/SERPINI1/VEGFA",8
"GO:0070169","positive regulation of biomineral tissue development","2/205","54/18860",0.037037037037037,3.40740740740741,1.85710684442119,0.116682390141951,0.500544804675249,0.468113533842215,"BMP2/OSR2",2
"GO:0072593","reactive oxygen species metabolic process","5/205","237/18860",0.0210970464135021,1.94092827004219,1.52807440881107,0.116858875011483,0.500544804675249,0.468113533842215,"ADCY10/ARG2/IL19/PDK3/TGFBR2",5
"GO:0009100","glycoprotein metabolic process","7/205","377/18860",0.0185676392572944,1.70822281167109,1.45610599055033,0.117863102992036,0.500544804675249,0.468113533842215,"ALG14/BMP2/CCL19/GANC/MGAT3/ST6GALNAC3/STT3B",7
"GO:0001676","long-chain fatty acid metabolic process","3/205","110/18860",0.0272727272727273,2.50909090909091,1.66398628929519,0.118099196245357,0.500544804675249,0.468113533842215,"CYP4A11/CYP4F12/SLC27A2",3
"GO:0001938","positive regulation of endothelial cell proliferation","3/205","110/18860",0.0272727272727273,2.50909090909091,1.66398628929519,0.118099196245357,0.500544804675249,0.468113533842215,"EGR3/PPP1R16B/VEGFA",3
"GO:0006939","smooth muscle contraction","3/205","110/18860",0.0272727272727273,2.50909090909091,1.66398628929519,0.118099196245357,0.500544804675249,0.468113533842215,"CALCA/DAPK3/DLG1",3
"GO:0061572","actin filament bundle organization","4/205","173/18860",0.023121387283237,2.1271676300578,1.56127857877707,0.12005129304087,0.500544804675249,0.468113533842215,"ARHGAP28/DLC1/LIMK1/NEDD9",4
"GO:0030857","negative regulation of epithelial cell differentiation","2/205","55/18860",0.0363636363636364,3.34545454545455,1.82604018544001,0.120257187471606,0.500544804675249,0.468113533842215,"MSX2/VEGFA",2
"GO:0030865","cortical cytoskeleton organization","2/205","55/18860",0.0363636363636364,3.34545454545455,1.82604018544001,0.120257187471606,0.500544804675249,0.468113533842215,"DLG1/PPP2R3C",2
"GO:0090100","positive regulation of transmembrane receptor protein serine/threonine kinase signaling pathway","3/205","111/18860",0.027027027027027,2.48648648648649,1.64653904735278,0.120462465770717,0.500544804675249,0.468113533842215,"BMP2/MSX2/TGFBR2",3
"GO:0015698","inorganic anion transport","4/205","174/18860",0.0229885057471264,2.11494252873563,1.54884360744525,0.121895467684295,0.500544804675249,0.468113533842215,"GABRA1/GABRR2/KCNK1/SLC26A4",4
"GO:0048639","positive regulation of developmental growth","4/205","174/18860",0.0229885057471264,2.11494252873563,1.54884360744525,0.121895467684295,0.500544804675249,0.468113533842215,"ADCY10/LIMK1/SOX15/VEGFA",4
"GO:1990138","neuron projection extension","4/205","174/18860",0.0229885057471264,2.11494252873563,1.54884360744525,0.121895467684295,0.500544804675249,0.468113533842215,"ADCY10/CDK5/LIMK1/VEGFA",4
"GO:0003073","regulation of systemic arterial blood pressure","3/205","112/18860",0.0267857142857143,2.46428571428571,1.62928102027483,0.122843169205147,0.500544804675249,0.468113533842215,"CALCA/CYP4A11/CYP4F12",3
"GO:0031341","regulation of cell killing","3/205","112/18860",0.0267857142857143,2.46428571428571,1.62928102027483,0.122843169205147,0.500544804675249,0.468113533842215,"CD1C/CD1E/LAMP1",3
"GO:0032231","regulation of actin filament bundle assembly","3/205","112/18860",0.0267857142857143,2.46428571428571,1.62928102027483,0.122843169205147,0.500544804675249,0.468113533842215,"ARHGAP28/DLC1/LIMK1",3
"GO:0000050","urea cycle","1/205","12/18860",0.0833333333333333,7.66666666666667,2.42161646893772,0.122946528744376,0.500544804675249,0.468113533842215,"ARG2",1
"GO:0002068","glandular epithelial cell development","1/205","12/18860",0.0833333333333333,7.66666666666667,2.42161646893772,0.122946528744376,0.500544804675249,0.468113533842215,"RARG",1
"GO:0002551","mast cell chemotaxis","1/205","12/18860",0.0833333333333333,7.66666666666667,2.42161646893772,0.122946528744376,0.500544804675249,0.468113533842215,"VEGFA",1
"GO:0002645","positive regulation of tolerance induction","1/205","12/18860",0.0833333333333333,7.66666666666667,2.42161646893772,0.122946528744376,0.500544804675249,0.468113533842215,"TGFBR2",1
"GO:0002759","regulation of antimicrobial humoral response","1/205","12/18860",0.0833333333333333,7.66666666666667,2.42161646893772,0.122946528744376,0.500544804675249,0.468113533842215,"PPP2R3C",1
"GO:0003207","cardiac chamber formation","1/205","12/18860",0.0833333333333333,7.66666666666667,2.42161646893772,0.122946528744376,0.500544804675249,0.468113533842215,"BMP2",1
"GO:0006705","mineralocorticoid biosynthetic process","1/205","12/18860",0.0833333333333333,7.66666666666667,2.42161646893772,0.122946528744376,0.500544804675249,0.468113533842215,"BMP2",1
"GO:0006863","purine nucleobase transport","1/205","12/18860",0.0833333333333333,7.66666666666667,2.42161646893772,0.122946528744376,0.500544804675249,0.468113533842215,"SLC28A2",1
"GO:0019532","oxalate transport","1/205","12/18860",0.0833333333333333,7.66666666666667,2.42161646893772,0.122946528744376,0.500544804675249,0.468113533842215,"SLC26A4",1
"GO:0019732","antifungal humoral response","1/205","12/18860",0.0833333333333333,7.66666666666667,2.42161646893772,0.122946528744376,0.500544804675249,0.468113533842215,"CALCA",1
"GO:0031943","regulation of glucocorticoid metabolic process","1/205","12/18860",0.0833333333333333,7.66666666666667,2.42161646893772,0.122946528744376,0.500544804675249,0.468113533842215,"BMP2",1
"GO:0032489","regulation of Cdc42 protein signal transduction","1/205","12/18860",0.0833333333333333,7.66666666666667,2.42161646893772,0.122946528744376,0.500544804675249,0.468113533842215,"CCL19",1
"GO:0032610","interleukin-1 alpha production","1/205","12/18860",0.0833333333333333,7.66666666666667,2.42161646893772,0.122946528744376,0.500544804675249,0.468113533842215,"CALCA",1
"GO:0032650","regulation of interleukin-1 alpha production","1/205","12/18860",0.0833333333333333,7.66666666666667,2.42161646893772,0.122946528744376,0.500544804675249,0.468113533842215,"CALCA",1
"GO:0032741","positive regulation of interleukin-18 production","1/205","12/18860",0.0833333333333333,7.66666666666667,2.42161646893772,0.122946528744376,0.500544804675249,0.468113533842215,"USP50",1
"GO:0033629","negative regulation of cell adhesion mediated by integrin","1/205","12/18860",0.0833333333333333,7.66666666666667,2.42161646893772,0.122946528744376,0.500544804675249,0.468113533842215,"SERPINE1",1
"GO:0034214","protein hexamerization","1/205","12/18860",0.0833333333333333,7.66666666666667,2.42161646893772,0.122946528744376,0.500544804675249,0.468113533842215,"LRRC8C",1
"GO:0034651","cortisol biosynthetic process","1/205","12/18860",0.0833333333333333,7.66666666666667,2.42161646893772,0.122946528744376,0.500544804675249,0.468113533842215,"BMP2",1
"GO:0035519","protein K29-linked ubiquitination","1/205","12/18860",0.0833333333333333,7.66666666666667,2.42161646893772,0.122946528744376,0.500544804675249,0.468113533842215,"RNF186",1
"GO:0035810","positive regulation of urine volume","1/205","12/18860",0.0833333333333333,7.66666666666667,2.42161646893772,0.122946528744376,0.500544804675249,0.468113533842215,"HAS2",1
"GO:0036018","cellular response to erythropoietin","1/205","12/18860",0.0833333333333333,7.66666666666667,2.42161646893772,0.122946528744376,0.500544804675249,0.468113533842215,"SOCS2",1
"GO:0043320","natural killer cell degranulation","1/205","12/18860",0.0833333333333333,7.66666666666667,2.42161646893772,0.122946528744376,0.500544804675249,0.468113533842215,"LAMP1",1
"GO:0044849","estrous cycle","1/205","12/18860",0.0833333333333333,7.66666666666667,2.42161646893772,0.122946528744376,0.500544804675249,0.468113533842215,"HAS2",1
"GO:0048635","negative regulation of muscle organ development","1/205","12/18860",0.0833333333333333,7.66666666666667,2.42161646893772,0.122946528744376,0.500544804675249,0.468113533842215,"SOX15",1
"GO:0051549","positive regulation of keratinocyte migration","1/205","12/18860",0.0833333333333333,7.66666666666667,2.42161646893772,0.122946528744376,0.500544804675249,0.468113533842215,"HAS2",1
"GO:0051798","positive regulation of hair follicle development","1/205","12/18860",0.0833333333333333,7.66666666666667,2.42161646893772,0.122946528744376,0.500544804675249,0.468113533842215,"MSX2",1
"GO:0051918","negative regulation of fibrinolysis","1/205","12/18860",0.0833333333333333,7.66666666666667,2.42161646893772,0.122946528744376,0.500544804675249,0.468113533842215,"SERPINE1",1
"GO:0060272","embryonic skeletal joint morphogenesis","1/205","12/18860",0.0833333333333333,7.66666666666667,2.42161646893772,0.122946528744376,0.500544804675249,0.468113533842215,"OSR2",1
"GO:0060398","regulation of growth hormone receptor signaling pathway","1/205","12/18860",0.0833333333333333,7.66666666666667,2.42161646893772,0.122946528744376,0.500544804675249,0.468113533842215,"SOCS2",1
"GO:0062042","regulation of cardiac epithelial to mesenchymal transition","1/205","12/18860",0.0833333333333333,7.66666666666667,2.42161646893772,0.122946528744376,0.500544804675249,0.468113533842215,"TGFBR2",1
"GO:0071257","cellular response to electrical stimulus","1/205","12/18860",0.0833333333333333,7.66666666666667,2.42161646893772,0.122946528744376,0.500544804675249,0.468113533842215,"NSMF",1
"GO:0071609","chemokine (C-C motif) ligand 5 production","1/205","12/18860",0.0833333333333333,7.66666666666667,2.42161646893772,0.122946528744376,0.500544804675249,0.468113533842215,"ARG2",1
"GO:0071649","regulation of chemokine (C-C motif) ligand 5 production","1/205","12/18860",0.0833333333333333,7.66666666666667,2.42161646893772,0.122946528744376,0.500544804675249,0.468113533842215,"ARG2",1
"GO:0072015","podocyte development","1/205","12/18860",0.0833333333333333,7.66666666666667,2.42161646893772,0.122946528744376,0.500544804675249,0.468113533842215,"NPHS1",1
"GO:0072182","regulation of nephron tubule epithelial cell differentiation","1/205","12/18860",0.0833333333333333,7.66666666666667,2.42161646893772,0.122946528744376,0.500544804675249,0.468113533842215,"WWTR1",1
"GO:0097067","cellular response to thyroid hormone stimulus","1/205","12/18860",0.0833333333333333,7.66666666666667,2.42161646893772,0.122946528744376,0.500544804675249,0.468113533842215,"CTSS",1
"GO:0097084","vascular associated smooth muscle cell development","1/205","12/18860",0.0833333333333333,7.66666666666667,2.42161646893772,0.122946528744376,0.500544804675249,0.468113533842215,"VEGFA",1
"GO:0098911","regulation of ventricular cardiac muscle cell action potential","1/205","12/18860",0.0833333333333333,7.66666666666667,2.42161646893772,0.122946528744376,0.500544804675249,0.468113533842215,"DLG1",1
"GO:0120197","mucociliary clearance","1/205","12/18860",0.0833333333333333,7.66666666666667,2.42161646893772,0.122946528744376,0.500544804675249,0.468113533842215,"STARD7",1
"GO:0140507","granzyme-mediated programmed cell death signaling pathway","1/205","12/18860",0.0833333333333333,7.66666666666667,2.42161646893772,0.122946528744376,0.500544804675249,0.468113533842215,"LAMP1",1
"GO:1901862","negative regulation of muscle tissue development","1/205","12/18860",0.0833333333333333,7.66666666666667,2.42161646893772,0.122946528744376,0.500544804675249,0.468113533842215,"SOX15",1
"GO:1902645","tertiary alcohol biosynthetic process","1/205","12/18860",0.0833333333333333,7.66666666666667,2.42161646893772,0.122946528744376,0.500544804675249,0.468113533842215,"BMP2",1
"GO:1903764","regulation of potassium ion export across plasma membrane","1/205","12/18860",0.0833333333333333,7.66666666666667,2.42161646893772,0.122946528744376,0.500544804675249,0.468113533842215,"DLG1",1
"GO:1905165","regulation of lysosomal protein catabolic process","1/205","12/18860",0.0833333333333333,7.66666666666667,2.42161646893772,0.122946528744376,0.500544804675249,0.468113533842215,"MGAT3",1
"GO:2000562","negative regulation of CD4-positive, alpha-beta T cell proliferation","1/205","12/18860",0.0833333333333333,7.66666666666667,2.42161646893772,0.122946528744376,0.500544804675249,0.468113533842215,"ARG2",1
"GO:0002043","blood vessel endothelial cell proliferation involved in sprouting angiogenesis","2/205","56/18860",0.0357142857142857,3.28571428571429,1.79568216414044,0.123858880181331,0.500544804675249,0.468113533842215,"PPP1R16B/VEGFA",2
"GO:2000772","regulation of cellular senescence","2/205","56/18860",0.0357142857142857,3.28571428571429,1.79568216414044,0.123858880181331,0.500544804675249,0.468113533842215,"ARG2/MIR20B",2
"GO:0071560","cellular response to transforming growth factor beta stimulus","6/205","311/18860",0.0192926045016077,1.77491961414791,1.44449230135742,0.124184625521847,0.500544804675249,0.468113533842215,"BMP2/EID2/ERO1A/LPXN/MIR490/TGFBR2",6
"GO:0003205","cardiac chamber development","4/205","176/18860",0.0227272727272727,2.09090909090909,1.52422331197223,0.12562021483581,0.500544804675249,0.468113533842215,"BMP2/MSX2/TGFBR2/WNT11",4
"GO:1902905","positive regulation of supramolecular fiber organization","4/205","176/18860",0.0227272727272727,2.09090909090909,1.52422331197223,0.12562021483581,0.500544804675249,0.468113533842215,"DLG1/LIMK1/NPHS1/TENM1",4
"GO:0032968","positive regulation of transcription elongation by RNA polymerase II","2/205","57/18860",0.0350877192982456,3.2280701754386,1.76600266327053,0.127486468916068,0.500544804675249,0.468113533842215,"ELL/ELL2",2
"GO:0046638","positive regulation of alpha-beta T cell differentiation","2/205","57/18860",0.0350877192982456,3.2280701754386,1.76600266327053,0.127486468916068,0.500544804675249,0.468113533842215,"CCL19/TGFBR2",2
"GO:0009259","ribonucleotide metabolic process","7/205","385/18860",0.0181818181818182,1.67272727272727,1.39802780766191,0.127527440237582,0.500544804675249,0.468113533842215,"ADCY10/DLG1/MFN1/NDUFB5/PFKFB1/PGM1/SULT2B1",7
"GO:0003279","cardiac septum development","3/205","114/18860",0.0263157894736842,2.42105263157895,1.59531671891913,0.127655814809745,0.500544804675249,0.468113533842215,"MSX2/TGFBR2/WNT11",3
"GO:0009134","nucleoside diphosphate catabolic process","3/205","114/18860",0.0263157894736842,2.42105263157895,1.59531671891913,0.127655814809745,0.500544804675249,0.468113533842215,"ENTPD8/PFKFB1/PGM1",3
"GO:0072676","lymphocyte migration","3/205","114/18860",0.0263157894736842,2.42105263157895,1.59531671891913,0.127655814809745,0.500544804675249,0.468113533842215,"APOD/GPR15LG/NEDD9",3
"GO:0021953","central nervous system neuron differentiation","5/205","245/18860",0.0204081632653061,1.87755102040816,1.44931414734334,0.129279025040214,0.500544804675249,0.468113533842215,"BMP2/CDK5/GBA2/GBX1/NDNF",5
"GO:0019217","regulation of fatty acid metabolic process","3/205","115/18860",0.0260869565217391,2.4,1.57860279558219,0.130087224281229,0.500544804675249,0.468113533842215,"PDK3/UGT1A4/UGT1A7",3
"GO:0034440","lipid oxidation","3/205","115/18860",0.0260869565217391,2.4,1.57860279558219,0.130087224281229,0.500544804675249,0.468113533842215,"APOD/PLA2G7/SLC27A2",3
"GO:0006869","lipid transport","8/205","461/18860",0.017353579175705,1.59652928416486,1.3593264123526,0.130761210254904,0.500544804675249,0.468113533842215,"APOD/CYP4A11/GULP1/OSBPL9/PITPNB/SLC25A20/SLC27A2/STARD7",8
"GO:0060997","dendritic spine morphogenesis","2/205","58/18860",0.0344827586206897,3.17241379310345,1.7369733621764,0.131138972673608,0.500544804675249,0.468113533842215,"ARC/CDK5",2
"GO:0086009","membrane repolarization","2/205","58/18860",0.0344827586206897,3.17241379310345,1.7369733621764,0.131138972673608,0.500544804675249,0.468113533842215,"ADCY10/DLG1",2
"GO:0030258","lipid modification","4/205","179/18860",0.0223463687150838,2.05586592178771,1.48790040696336,0.13129669415221,0.500544804675249,0.468113533842215,"APOD/CYP3A5/PLA2G7/SLC27A2",4
"GO:0030509","BMP signaling pathway","4/205","179/18860",0.0223463687150838,2.05586592178771,1.48790040696336,0.13129669415221,0.500544804675249,0.468113533842215,"BMP2/CHRD/MSX2/SOST",4
"GO:0046496","nicotinamide nucleotide metabolic process","4/205","179/18860",0.0223463687150838,2.05586592178771,1.48790040696336,0.13129669415221,0.500544804675249,0.468113533842215,"DERA/KYNU/PFKFB1/PGM1",4
"GO:0006787","porphyrin-containing compound catabolic process","1/205","13/18860",0.0769230769230769,7.07692307692308,2.29759212465388,0.132485788167519,0.500544804675249,0.468113533842215,"UGT1A4",1
"GO:0009120","deoxyribonucleoside metabolic process","1/205","13/18860",0.0769230769230769,7.07692307692308,2.29759212465388,0.132485788167519,0.500544804675249,0.468113533842215,"DERA",1
"GO:0009164","nucleoside catabolic process","1/205","13/18860",0.0769230769230769,7.07692307692308,2.29759212465388,0.132485788167519,0.500544804675249,0.468113533842215,"DERA",1
"GO:0015851","nucleobase transport","1/205","13/18860",0.0769230769230769,7.07692307692308,2.29759212465388,0.132485788167519,0.500544804675249,0.468113533842215,"SLC28A2",1
"GO:0021978","telencephalon regionalization","1/205","13/18860",0.0769230769230769,7.07692307692308,2.29759212465388,0.132485788167519,0.500544804675249,0.468113533842215,"BMP2",1
"GO:0021979","hypothalamus cell differentiation","1/205","13/18860",0.0769230769230769,7.07692307692308,2.29759212465388,0.132485788167519,0.500544804675249,0.468113533842215,"NDNF",1
"GO:0030213","hyaluronan biosynthetic process","1/205","13/18860",0.0769230769230769,7.07692307692308,2.29759212465388,0.132485788167519,0.500544804675249,0.468113533842215,"HAS2",1
"GO:0031952","regulation of protein autophosphorylation","1/205","13/18860",0.0769230769230769,7.07692307692308,2.29759212465388,0.132485788167519,0.500544804675249,0.468113533842215,"VEGFA",1
"GO:0032341","aldosterone metabolic process","1/205","13/18860",0.0769230769230769,7.07692307692308,2.29759212465388,0.132485788167519,0.500544804675249,0.468113533842215,"BMP2",1
"GO:0033015","tetrapyrrole catabolic process","1/205","13/18860",0.0769230769230769,7.07692307692308,2.29759212465388,0.132485788167519,0.500544804675249,0.468113533842215,"UGT1A4",1
"GO:0033690","positive regulation of osteoblast proliferation","1/205","13/18860",0.0769230769230769,7.07692307692308,2.29759212465388,0.132485788167519,0.500544804675249,0.468113533842215,"BMP2",1
"GO:0036017","response to erythropoietin","1/205","13/18860",0.0769230769230769,7.07692307692308,2.29759212465388,0.132485788167519,0.500544804675249,0.468113533842215,"SOCS2",1
"GO:0040015","negative regulation of multicellular organism growth","1/205","13/18860",0.0769230769230769,7.07692307692308,2.29759212465388,0.132485788167519,0.500544804675249,0.468113533842215,"SOCS2",1
"GO:0042117","monocyte activation","1/205","13/18860",0.0769230769230769,7.07692307692308,2.29759212465388,0.132485788167519,0.500544804675249,0.468113533842215,"MT1G",1
"GO:0042373","vitamin K metabolic process","1/205","13/18860",0.0769230769230769,7.07692307692308,2.29759212465388,0.132485788167519,0.500544804675249,0.468113533842215,"CYP4F12",1
"GO:0042939","tripeptide transport","1/205","13/18860",0.0769230769230769,7.07692307692308,2.29759212465388,0.132485788167519,0.500544804675249,0.468113533842215,"SLC25A40",1
"GO:0045838","positive regulation of membrane potential","1/205","13/18860",0.0769230769230769,7.07692307692308,2.29759212465388,0.132485788167519,0.500544804675249,0.468113533842215,"MFN1",1
"GO:0046643","regulation of gamma-delta T cell activation","1/205","13/18860",0.0769230769230769,7.07692307692308,2.29759212465388,0.132485788167519,0.500544804675249,0.468113533842215,"EGR3",1
"GO:0048711","positive regulation of astrocyte differentiation","1/205","13/18860",0.0769230769230769,7.07692307692308,2.29759212465388,0.132485788167519,0.500544804675249,0.468113533842215,"BMP2",1
"GO:0060075","regulation of resting membrane potential","1/205","13/18860",0.0769230769230769,7.07692307692308,2.29759212465388,0.132485788167519,0.500544804675249,0.468113533842215,"KCNK1",1
"GO:0060081","membrane hyperpolarization","1/205","13/18860",0.0769230769230769,7.07692307692308,2.29759212465388,0.132485788167519,0.500544804675249,0.468113533842215,"KCTD7",1
"GO:0061523","cilium disassembly","1/205","13/18860",0.0769230769230769,7.07692307692308,2.29759212465388,0.132485788167519,0.500544804675249,0.468113533842215,"NEDD9",1
"GO:0070486","leukocyte aggregation","1/205","13/18860",0.0769230769230769,7.07692307692308,2.29759212465388,0.132485788167519,0.500544804675249,0.468113533842215,"HAS2",1
"GO:0072310","glomerular epithelial cell development","1/205","13/18860",0.0769230769230769,7.07692307692308,2.29759212465388,0.132485788167519,0.500544804675249,0.468113533842215,"NPHS1",1
"GO:0097048","dendritic cell apoptotic process","1/205","13/18860",0.0769230769230769,7.07692307692308,2.29759212465388,0.132485788167519,0.500544804675249,0.468113533842215,"CCL19",1
"GO:0097475","motor neuron migration","1/205","13/18860",0.0769230769230769,7.07692307692308,2.29759212465388,0.132485788167519,0.500544804675249,0.468113533842215,"VEGFA",1
"GO:0140627","ubiquitin-dependent protein catabolic process via the C-end degron rule pathway","1/205","13/18860",0.0769230769230769,7.07692307692308,2.29759212465388,0.132485788167519,0.500544804675249,0.468113533842215,"DCAF12",1
"GO:1904181","positive regulation of membrane depolarization","1/205","13/18860",0.0769230769230769,7.07692307692308,2.29759212465388,0.132485788167519,0.500544804675249,0.468113533842215,"ADCY10",1
"GO:1990535","neuron projection maintenance","1/205","13/18860",0.0769230769230769,7.07692307692308,2.29759212465388,0.132485788167519,0.500544804675249,0.468113533842215,"ADCY10",1
"GO:2000668","regulation of dendritic cell apoptotic process","1/205","13/18860",0.0769230769230769,7.07692307692308,2.29759212465388,0.132485788167519,0.500544804675249,0.468113533842215,"CCL19",1
"GO:2001053","regulation of mesenchymal cell apoptotic process","1/205","13/18860",0.0769230769230769,7.07692307692308,2.29759212465388,0.132485788167519,0.500544804675249,0.468113533842215,"MSX2",1
"GO:0030038","contractile actin filament bundle assembly","3/205","116/18860",0.0258620689655172,2.37931034482759,1.56206277986459,0.132535002435838,0.500544804675249,0.468113533842215,"ARHGAP28/DLC1/LIMK1",3
"GO:0032611","interleukin-1 beta production","3/205","116/18860",0.0258620689655172,2.37931034482759,1.56206277986459,0.132535002435838,0.500544804675249,0.468113533842215,"ARG2/CCL19/USP50",3
"GO:0032651","regulation of interleukin-1 beta production","3/205","116/18860",0.0258620689655172,2.37931034482759,1.56206277986459,0.132535002435838,0.500544804675249,0.468113533842215,"ARG2/CCL19/USP50",3
"GO:0043149","stress fiber assembly","3/205","116/18860",0.0258620689655172,2.37931034482759,1.56206277986459,0.132535002435838,0.500544804675249,0.468113533842215,"ARHGAP28/DLC1/LIMK1",3
"GO:0015718","monocarboxylic acid transport","4/205","180/18860",0.0222222222222222,2.04444444444444,1.47595050805963,0.133212240023323,0.500544804675249,0.468113533842215,"CYP4A11/SLC25A20/SLC27A2/SLC6A8",4
"GO:0048608","reproductive structure development","6/205","318/18860",0.0188679245283019,1.73584905660377,1.38727526573993,0.133876935443034,0.500544804675249,0.468113533842215,"DLG1/MMP19/RARG/SOX15/TYRO3/VEGFA",6
"GO:0071559","response to transforming growth factor beta","6/205","318/18860",0.0188679245283019,1.73584905660377,1.38727526573993,0.133876935443034,0.500544804675249,0.468113533842215,"BMP2/EID2/ERO1A/LPXN/MIR490/TGFBR2",6
"GO:0016485","protein processing","5/205","248/18860",0.0201612903225806,1.85483870967742,1.42053563481578,0.134086503147777,0.500544804675249,0.468113533842215,"CTSS/ECEL1/PLA2G7/SERPINE1/SLC30A8",5
"GO:0001895","retina homeostasis","2/205","59/18860",0.0338983050847458,3.11864406779661,1.70856760040804,0.134815428526957,0.500544804675249,0.468113533842215,"NPHP4/SLC28A2",2
"GO:0006383","transcription by RNA polymerase III","2/205","59/18860",0.0338983050847458,3.11864406779661,1.70856760040804,0.134815428526957,0.500544804675249,0.468113533842215,"ELL/TENM1",2
"GO:0016073","snRNA metabolic process","2/205","59/18860",0.0338983050847458,3.11864406779661,1.70856760040804,0.134815428526957,0.500544804675249,0.468113533842215,"ELL/ELL2",2
"GO:0061005","cell differentiation involved in kidney development","2/205","59/18860",0.0338983050847458,3.11864406779661,1.70856760040804,0.134815428526957,0.500544804675249,0.468113533842215,"NPHS1/WWTR1",2
"GO:0001936","regulation of endothelial cell proliferation","4/205","181/18860",0.0220994475138122,2.03314917127072,1.46407775525214,0.135139291822708,0.500544804675249,0.468113533842215,"EGR3/MIR20B/PPP1R16B/VEGFA",4
"GO:0006937","regulation of muscle contraction","4/205","181/18860",0.0220994475138122,2.03314917127072,1.46407775525214,0.135139291822708,0.500544804675249,0.468113533842215,"ADCY10/CALCA/DAPK3/DLG1",4
"GO:0022604","regulation of cell morphogenesis","5/205","249/18860",0.0200803212851406,1.84738955823293,1.41103101976329,0.135706708242836,0.500544804675249,0.468113533842215,"ARC/DAPK3/DLG1/FGD6/VEGFA",5
"GO:0019693","ribose phosphate metabolic process","7/205","392/18860",0.0178571428571429,1.64285714285714,1.34829898761937,0.136303181753305,0.500544804675249,0.468113533842215,"ADCY10/DLG1/MFN1/NDUFB5/PFKFB1/PGM1/SULT2B1",7
"GO:0051960","regulation of nervous system development","8/205","466/18860",0.0171673819742489,1.5793991416309,1.32761254898364,0.136516801828707,0.500544804675249,0.468113533842215,"ADCY10/BMP2/CDK5/DLG1/GBX1/LIMK1/RARG/VEGFA",8
"GO:0019748","secondary metabolic process","2/205","60/18860",0.0333333333333333,3.06666666666667,1.68076025380922,0.138514891350536,0.500544804675249,0.468113533842215,"CYP3A5/UGT1A7",2
"GO:0031648","protein destabilization","2/205","60/18860",0.0333333333333333,3.06666666666667,1.68076025380922,0.138514891350536,0.500544804675249,0.468113533842215,"BMP2/KLF1",2
"GO:0042311","vasodilation","2/205","60/18860",0.0333333333333333,3.06666666666667,1.68076025380922,0.138514891350536,0.500544804675249,0.468113533842215,"CALCA/VEGFA",2
"GO:0051250","negative regulation of lymphocyte activation","4/205","183/18860",0.0218579234972678,2.01092896174863,1.44055969045172,0.139027458258596,0.500544804675249,0.468113533842215,"ARG2/DLG1/TBC1D10C/TYRO3",4
"GO:0071453","cellular response to oxygen levels","4/205","183/18860",0.0218579234972678,2.01092896174863,1.44055969045172,0.139027458258596,0.500544804675249,0.468113533842215,"ERO1A/NDNF/PDK3/VEGFA",4
"GO:0015908","fatty acid transport","3/205","119/18860",0.0252100840336134,2.31932773109244,1.5134512119482,0.139973876461139,0.500544804675249,0.468113533842215,"CYP4A11/SLC25A20/SLC27A2",3
"GO:0060840","artery development","3/205","119/18860",0.0252100840336134,2.31932773109244,1.5134512119482,0.139973876461139,0.500544804675249,0.468113533842215,"TGFBR2/VEGFA/WNT11",3
"GO:0061458","reproductive system development","6/205","323/18860",0.0185758513931889,1.70897832817337,1.3472653186492,0.141014603535237,0.500544804675249,0.468113533842215,"DLG1/MMP19/RARG/SOX15/TYRO3/VEGFA",6
"GO:0000101","sulfur amino acid transport","1/205","14/18860",0.0714285714285714,6.57142857142857,2.18604765694154,0.141921794610224,0.500544804675249,0.468113533842215,"SLC22A4",1
"GO:0001696","gastric acid secretion","1/205","14/18860",0.0714285714285714,6.57142857142857,2.18604765694154,0.141921794610224,0.500544804675249,0.468113533842215,"SNX10",1
"GO:0002664","regulation of T cell tolerance induction","1/205","14/18860",0.0714285714285714,6.57142857142857,2.18604765694154,0.141921794610224,0.500544804675249,0.468113533842215,"TGFBR2",1
"GO:0006000","fructose metabolic process","1/205","14/18860",0.0714285714285714,6.57142857142857,2.18604765694154,0.141921794610224,0.500544804675249,0.468113533842215,"PFKFB1",1
"GO:0006568","L-tryptophan metabolic process","1/205","14/18860",0.0714285714285714,6.57142857142857,2.18604765694154,0.141921794610224,0.500544804675249,0.468113533842215,"KYNU",1
"GO:0008212","mineralocorticoid metabolic process","1/205","14/18860",0.0714285714285714,6.57142857142857,2.18604765694154,0.141921794610224,0.500544804675249,0.468113533842215,"BMP2",1
"GO:0009133","nucleoside diphosphate biosynthetic process","1/205","14/18860",0.0714285714285714,6.57142857142857,2.18604765694154,0.141921794610224,0.500544804675249,0.468113533842215,"ENTPD8",1
"GO:0009437","carnitine metabolic process","1/205","14/18860",0.0714285714285714,6.57142857142857,2.18604765694154,0.141921794610224,0.500544804675249,0.468113533842215,"SLC22A4",1
"GO:0009812","flavonoid metabolic process","1/205","14/18860",0.0714285714285714,6.57142857142857,2.18604765694154,0.141921794610224,0.500544804675249,0.468113533842215,"UGT1A7",1
"GO:0009950","dorsal/ventral axis specification","1/205","14/18860",0.0714285714285714,6.57142857142857,2.18604765694154,0.141921794610224,0.500544804675249,0.468113533842215,"VAX2",1
"GO:0010642","negative regulation of platelet-derived growth factor receptor signaling pathway","1/205","14/18860",0.0714285714285714,6.57142857142857,2.18604765694154,0.141921794610224,0.500544804675249,0.468113533842215,"APOD",1
"GO:0019627","urea metabolic process","1/205","14/18860",0.0714285714285714,6.57142857142857,2.18604765694154,0.141921794610224,0.500544804675249,0.468113533842215,"ARG2",1
"GO:0030011","maintenance of cell polarity","1/205","14/18860",0.0714285714285714,6.57142857142857,2.18604765694154,0.141921794610224,0.500544804675249,0.468113533842215,"WNT11",1
"GO:0033540","fatty acid beta-oxidation using acyl-CoA oxidase","1/205","14/18860",0.0714285714285714,6.57142857142857,2.18604765694154,0.141921794610224,0.500544804675249,0.468113533842215,"SLC27A2",1
"GO:0034650","cortisol metabolic process","1/205","14/18860",0.0714285714285714,6.57142857142857,2.18604765694154,0.141921794610224,0.500544804675249,0.468113533842215,"BMP2",1
"GO:0035589","G protein-coupled purinergic nucleotide receptor signaling pathway","1/205","14/18860",0.0714285714285714,6.57142857142857,2.18604765694154,0.141921794610224,0.500544804675249,0.468113533842215,"P2RY8",1
"GO:0042363","fat-soluble vitamin catabolic process","1/205","14/18860",0.0714285714285714,6.57142857142857,2.18604765694154,0.141921794610224,0.500544804675249,0.468113533842215,"CYP4F12",1
"GO:0042447","hormone catabolic process","1/205","14/18860",0.0714285714285714,6.57142857142857,2.18604765694154,0.141921794610224,0.500544804675249,0.468113533842215,"DIO1",1
"GO:0045605","negative regulation of epidermal cell differentiation","1/205","14/18860",0.0714285714285714,6.57142857142857,2.18604765694154,0.141921794610224,0.500544804675249,0.468113533842215,"MSX2",1
"GO:0045683","negative regulation of epidermis development","1/205","14/18860",0.0714285714285714,6.57142857142857,2.18604765694154,0.141921794610224,0.500544804675249,0.468113533842215,"MSX2",1
"GO:0045986","negative regulation of smooth muscle contraction","1/205","14/18860",0.0714285714285714,6.57142857142857,2.18604765694154,0.141921794610224,0.500544804675249,0.468113533842215,"CALCA",1
"GO:0050746","regulation of lipoprotein metabolic process","1/205","14/18860",0.0714285714285714,6.57142857142857,2.18604765694154,0.141921794610224,0.500544804675249,0.468113533842215,"APOD",1
"GO:0051547","regulation of keratinocyte migration","1/205","14/18860",0.0714285714285714,6.57142857142857,2.18604765694154,0.141921794610224,0.500544804675249,0.468113533842215,"HAS2",1
"GO:0060707","trophoblast giant cell differentiation","1/205","14/18860",0.0714285714285714,6.57142857142857,2.18604765694154,0.141921794610224,0.500544804675249,0.468113533842215,"SOX15",1
"GO:0061029","eyelid development in camera-type eye","1/205","14/18860",0.0714285714285714,6.57142857142857,2.18604765694154,0.141921794610224,0.500544804675249,0.468113533842215,"OSR2",1
"GO:0070988","demethylation","1/205","14/18860",0.0714285714285714,6.57142857142857,2.18604765694154,0.141921794610224,0.500544804675249,0.468113533842215,"CYP3A5",1
"GO:0071679","commissural neuron axon guidance","1/205","14/18860",0.0714285714285714,6.57142857142857,2.18604765694154,0.141921794610224,0.500544804675249,0.468113533842215,"VEGFA",1
"GO:0072160","nephron tubule epithelial cell differentiation","1/205","14/18860",0.0714285714285714,6.57142857142857,2.18604765694154,0.141921794610224,0.500544804675249,0.468113533842215,"WWTR1",1
"GO:1901334","lactone metabolic process","1/205","14/18860",0.0714285714285714,6.57142857142857,2.18604765694154,0.141921794610224,0.500544804675249,0.468113533842215,"ERO1A",1
"GO:1904350","regulation of protein catabolic process in the vacuole","1/205","14/18860",0.0714285714285714,6.57142857142857,2.18604765694154,0.141921794610224,0.500544804675249,0.468113533842215,"MGAT3",1
"GO:1905208","negative regulation of cardiocyte differentiation","1/205","14/18860",0.0714285714285714,6.57142857142857,2.18604765694154,0.141921794610224,0.500544804675249,0.468113533842215,"BMP2",1
"GO:2001171","positive regulation of ATP biosynthetic process","1/205","14/18860",0.0714285714285714,6.57142857142857,2.18604765694154,0.141921794610224,0.500544804675249,0.468113533842215,"ADCY10",1
"GO:0001913","T cell mediated cytotoxicity","2/205","61/18860",0.0327868852459016,3.01639344262295,1.65352762176108,0.142236433550144,0.500544804675249,0.468113533842215,"CD1C/CD1E",2
"GO:0032387","negative regulation of intracellular transport","2/205","61/18860",0.0327868852459016,3.01639344262295,1.65352762176108,0.142236433550144,0.500544804675249,0.468113533842215,"APOD/CDK5",2
"GO:0042733","embryonic digit morphogenesis","2/205","61/18860",0.0327868852459016,3.01639344262295,1.65352762176108,0.142236433550144,0.500544804675249,0.468113533842215,"MSX2/OSR2",2
"GO:0048168","regulation of neuronal synaptic plasticity","2/205","61/18860",0.0327868852459016,3.01639344262295,1.65352762176108,0.142236433550144,0.500544804675249,0.468113533842215,"ARC/NSMF",2
"GO:0060350","endochondral bone morphogenesis","2/205","61/18860",0.0327868852459016,3.01639344262295,1.65352762176108,0.142236433550144,0.500544804675249,0.468113533842215,"RARG/TGFBR2",2
"GO:0070231","T cell apoptotic process","2/205","61/18860",0.0327868852459016,3.01639344262295,1.65352762176108,0.142236433550144,0.500544804675249,0.468113533842215,"ARG2/CD27",2
"GO:0046434","organophosphate catabolic process","5/205","253/18860",0.0197628458498024,1.81818181818182,1.37344268346466,0.142274487816441,0.500544804675249,0.468113533842215,"DERA/ENTPD8/PFKFB1/PGM1/PLA2G7",5
"GO:0044344","cellular response to fibroblast growth factor stimulus","3/205","120/18860",0.025,2.3,1.49757236087724,0.142484456210894,0.500544804675249,0.468113533842215,"EGR3/NDNF/SHISA2",3
"GO:0043604","amide biosynthetic process","4/205","185/18860",0.0216216216216216,1.98918918918919,1.41733840241794,0.142960275725737,0.500544804675249,0.468113533842215,"ARG2/PDK3/SLC27A2/ST6GALNAC3",4
"GO:0001659","temperature homeostasis","4/205","186/18860",0.021505376344086,1.97849462365591,1.40583668755183,0.144943138526224,0.500544804675249,0.468113533842215,"MCRIP2/PDGFC/SCD/VEGFA",4
"GO:0006109","regulation of carbohydrate metabolic process","4/205","186/18860",0.021505376344086,1.97849462365591,1.40583668755183,0.144943138526224,0.500544804675249,0.468113533842215,"ADCY10/HAS2/PDK3/PFKFB1",4
"GO:0072524","pyridine-containing compound metabolic process","4/205","186/18860",0.021505376344086,1.97849462365591,1.40583668755183,0.144943138526224,0.500544804675249,0.468113533842215,"DERA/KYNU/PFKFB1/PGM1",4
"GO:0033559","unsaturated fatty acid metabolic process","3/205","121/18860",0.0247933884297521,2.28099173553719,1.48185067224784,0.14501006774071,0.500544804675249,0.468113533842215,"CYP4A11/CYP4F12/SCD",3
"GO:0071621","granulocyte chemotaxis","3/205","121/18860",0.0247933884297521,2.28099173553719,1.48185067224784,0.14501006774071,0.500544804675249,0.468113533842215,"CCL19/CXCL17/VEGFA",3
"GO:0001541","ovarian follicle development","2/205","62/18860",0.032258064516129,2.96774193548387,1.62684732441,0.145979144796646,0.500544804675249,0.468113533842215,"MMP19/VEGFA",2
"GO:0007632","visual behavior","2/205","62/18860",0.032258064516129,2.96774193548387,1.62684732441,0.145979144796646,0.500544804675249,0.468113533842215,"CDK5/NPHP4",2
"GO:0010574","regulation of vascular endothelial growth factor production","2/205","62/18860",0.032258064516129,2.96774193548387,1.62684732441,0.145979144796646,0.500544804675249,0.468113533842215,"CXCL17/MIR20B",2
"GO:0042908","xenobiotic transport","2/205","62/18860",0.032258064516129,2.96774193548387,1.62684732441,0.145979144796646,0.500544804675249,0.468113533842215,"SLC22A4/SLC28A2",2
"GO:0170041","non-proteinogenic amino acid metabolic process","2/205","62/18860",0.032258064516129,2.96774193548387,1.62684732441,0.145979144796646,0.500544804675249,0.468113533842215,"AADAT/KYNU",2
"GO:1900024","regulation of substrate adhesion-dependent cell spreading","2/205","62/18860",0.032258064516129,2.96774193548387,1.62684732441,0.145979144796646,0.500544804675249,0.468113533842215,"HAS2/NEDD9",2
"GO:1901570","fatty acid derivative biosynthetic process","2/205","62/18860",0.032258064516129,2.96774193548387,1.62684732441,0.145979144796646,0.500544804675249,0.468113533842215,"HMGCL/SLC27A2",2
"GO:0035265","organ growth","4/205","187/18860",0.0213903743315508,1.96791443850267,1.39440636684922,0.146936814593615,0.500544804675249,0.468113533842215,"DUSP6/MSX2/RARG/TGFBR2",4
"GO:1903037","regulation of leukocyte cell-cell adhesion","7/205","401/18860",0.0174563591022444,1.60598503740648,1.28578583346187,0.148011310305012,0.500544804675249,0.468113533842215,"ARG2/CCL19/CD27/DLG1/EGR3/HAS2/TGFBR2",7
"GO:0008544","epidermis development","7/205","402/18860",0.0174129353233831,1.60199004975124,1.27893553022196,0.149341028683721,0.500544804675249,0.468113533842215,"CST6/FOXE1/HRNR/LORICRIN/MSX2/STARD7/SULT2B1",7
"GO:0003179","heart valve morphogenesis","2/205","63/18860",0.0317460317460317,2.92063492063492,1.60069820884959,0.149742131763327,0.500544804675249,0.468113533842215,"BMP2/TGFBR2",2
"GO:0006940","regulation of smooth muscle contraction","2/205","63/18860",0.0317460317460317,2.92063492063492,1.60069820884959,0.149742131763327,0.500544804675249,0.468113533842215,"CALCA/DAPK3",2
"GO:0043616","keratinocyte proliferation","2/205","63/18860",0.0317460317460317,2.92063492063492,1.60069820884959,0.149742131763327,0.500544804675249,0.468113533842215,"GPR15LG/HAS2",2
"GO:0045453","bone resorption","2/205","63/18860",0.0317460317460317,2.92063492063492,1.60069820884959,0.149742131763327,0.500544804675249,0.468113533842215,"CALCA/SNX10",2
"GO:0045604","regulation of epidermal cell differentiation","2/205","63/18860",0.0317460317460317,2.92063492063492,1.60069820884959,0.149742131763327,0.500544804675249,0.468113533842215,"MSX2/SULT2B1",2
"GO:0070228","regulation of lymphocyte apoptotic process","2/205","63/18860",0.0317460317460317,2.92063492063492,1.60069820884959,0.149742131763327,0.500544804675249,0.468113533842215,"ARG2/CD27",2
"GO:0070542","response to fatty acid","2/205","63/18860",0.0317460317460317,2.92063492063492,1.60069820884959,0.149742131763327,0.500544804675249,0.468113533842215,"PDK3/SCD",2
"GO:0001768","establishment of T cell polarity","1/205","15/18860",0.0666666666666667,6.13333333333333,2.0849020619251,0.151255660263673,0.500544804675249,0.468113533842215,"CCL19",1
"GO:0001878","response to yeast","1/205","15/18860",0.0666666666666667,6.13333333333333,2.0849020619251,0.151255660263673,0.500544804675249,0.468113533842215,"CALCA",1
"GO:0001976","nervous system process involved in regulation of systemic arterial blood pressure","1/205","15/18860",0.0666666666666667,6.13333333333333,2.0849020619251,0.151255660263673,0.500544804675249,0.468113533842215,"CALCA",1
"GO:0002829","negative regulation of type 2 immune response","1/205","15/18860",0.0666666666666667,6.13333333333333,2.0849020619251,0.151255660263673,0.500544804675249,0.468113533842215,"ARG2",1
"GO:0006999","nuclear pore organization","1/205","15/18860",0.0666666666666667,6.13333333333333,2.0849020619251,0.151255660263673,0.500544804675249,0.468113533842215,"NDC1",1
"GO:0007190","activation of adenylate cyclase activity","1/205","15/18860",0.0666666666666667,6.13333333333333,2.0849020619251,0.151255660263673,0.500544804675249,0.468113533842215,"CALCA",1
"GO:0009080","pyruvate family amino acid catabolic process","1/205","15/18860",0.0666666666666667,6.13333333333333,2.0849020619251,0.151255660263673,0.500544804675249,0.468113533842215,"HMGCL",1
"GO:0019336","phenol-containing compound catabolic process","1/205","15/18860",0.0666666666666667,6.13333333333333,2.0849020619251,0.151255660263673,0.500544804675249,0.468113533842215,"DIO1",1
"GO:0032488","Cdc42 protein signal transduction","1/205","15/18860",0.0666666666666667,6.13333333333333,2.0849020619251,0.151255660263673,0.500544804675249,0.468113533842215,"CCL19",1
"GO:0042492","gamma-delta T cell differentiation","1/205","15/18860",0.0666666666666667,6.13333333333333,2.0849020619251,0.151255660263673,0.500544804675249,0.468113533842215,"EGR3",1
"GO:0042762","regulation of sulfur metabolic process","1/205","15/18860",0.0666666666666667,6.13333333333333,2.0849020619251,0.151255660263673,0.500544804675249,0.468113533842215,"PDK3",1
"GO:0045117","azole transmembrane transport","1/205","15/18860",0.0666666666666667,6.13333333333333,2.0849020619251,0.151255660263673,0.500544804675249,0.468113533842215,"SLC28A2",1
"GO:0045779","negative regulation of bone resorption","1/205","15/18860",0.0666666666666667,6.13333333333333,2.0849020619251,0.151255660263673,0.500544804675249,0.468113533842215,"CALCA",1
"GO:0048791","calcium ion-regulated exocytosis of neurotransmitter","1/205","15/18860",0.0666666666666667,6.13333333333333,2.0849020619251,0.151255660263673,0.500544804675249,0.468113533842215,"CDK5",1
"GO:0048820","hair follicle maturation","1/205","15/18860",0.0666666666666667,6.13333333333333,2.0849020619251,0.151255660263673,0.500544804675249,0.468113533842215,"MSX2",1
"GO:0050930","induction of positive chemotaxis","1/205","15/18860",0.0666666666666667,6.13333333333333,2.0849020619251,0.151255660263673,0.500544804675249,0.468113533842215,"VEGFA",1
"GO:0051791","medium-chain fatty acid metabolic process","1/205","15/18860",0.0666666666666667,6.13333333333333,2.0849020619251,0.151255660263673,0.500544804675249,0.468113533842215,"CYP4A11",1
"GO:0060397","growth hormone receptor signaling pathway via JAK-STAT","1/205","15/18860",0.0666666666666667,6.13333333333333,2.0849020619251,0.151255660263673,0.500544804675249,0.468113533842215,"SOCS2",1
"GO:0061043","regulation of vascular wound healing","1/205","15/18860",0.0666666666666667,6.13333333333333,2.0849020619251,0.151255660263673,0.500544804675249,0.468113533842215,"SERPINE1",1
"GO:0070885","negative regulation of calcineurin-NFAT signaling cascade","1/205","15/18860",0.0666666666666667,6.13333333333333,2.0849020619251,0.151255660263673,0.500544804675249,0.468113533842215,"TBC1D10C",1
"GO:0071107","response to parathyroid hormone","1/205","15/18860",0.0666666666666667,6.13333333333333,2.0849020619251,0.151255660263673,0.500544804675249,0.468113533842215,"SOST",1
"GO:0072176","nephric duct development","1/205","15/18860",0.0666666666666667,6.13333333333333,2.0849020619251,0.151255660263673,0.500544804675249,0.468113533842215,"WNT11",1
"GO:0097152","mesenchymal cell apoptotic process","1/205","15/18860",0.0666666666666667,6.13333333333333,2.0849020619251,0.151255660263673,0.500544804675249,0.468113533842215,"MSX2",1
"GO:0097531","mast cell migration","1/205","15/18860",0.0666666666666667,6.13333333333333,2.0849020619251,0.151255660263673,0.500544804675249,0.468113533842215,"VEGFA",1
"GO:0106057","negative regulation of calcineurin-mediated signaling","1/205","15/18860",0.0666666666666667,6.13333333333333,2.0849020619251,0.151255660263673,0.500544804675249,0.468113533842215,"TBC1D10C",1
"GO:0141212","phospholipase C/protein kinase C signal transduction","1/205","15/18860",0.0666666666666667,6.13333333333333,2.0849020619251,0.151255660263673,0.500544804675249,0.468113533842215,"CCL19",1
"GO:1900452","regulation of long-term synaptic depression","1/205","15/18860",0.0666666666666667,6.13333333333333,2.0849020619251,0.151255660263673,0.500544804675249,0.468113533842215,"ARC",1
"GO:1900748","positive regulation of vascular endothelial growth factor signaling pathway","1/205","15/18860",0.0666666666666667,6.13333333333333,2.0849020619251,0.151255660263673,0.500544804675249,0.468113533842215,"VEGFA",1
"GO:1902950","regulation of dendritic spine maintenance","1/205","15/18860",0.0666666666666667,6.13333333333333,2.0849020619251,0.151255660263673,0.500544804675249,0.468113533842215,"NEDD9",1
"GO:2000288","positive regulation of myoblast proliferation","1/205","15/18860",0.0666666666666667,6.13333333333333,2.0849020619251,0.151255660263673,0.500544804675249,0.468113533842215,"SOX15",1
"GO:2001028","positive regulation of endothelial cell chemotaxis","1/205","15/18860",0.0666666666666667,6.13333333333333,2.0849020619251,0.151255660263673,0.500544804675249,0.468113533842215,"VEGFA",1
"GO:0050863","regulation of T cell activation","7/205","404/18860",0.0173267326732673,1.59405940594059,1.26529095214953,0.152017439879916,0.500544804675249,0.468113533842215,"ARG2/CCL19/CD27/CLPTM1/DLG1/EGR3/TGFBR2",7
"GO:0009135","purine nucleoside diphosphate metabolic process","3/205","124/18860",0.0241935483870968,2.2258064516129,1.43559831723582,0.152674420802176,0.500544804675249,0.468113533842215,"DLG1/PFKFB1/PGM1",3
"GO:0009179","purine ribonucleoside diphosphate metabolic process","3/205","124/18860",0.0241935483870968,2.2258064516129,1.43559831723582,0.152674420802176,0.500544804675249,0.468113533842215,"DLG1/PFKFB1/PGM1",3
"GO:0030510","regulation of BMP signaling pathway","3/205","124/18860",0.0241935483870968,2.2258064516129,1.43559831723582,0.152674420802176,0.500544804675249,0.468113533842215,"CHRD/MSX2/SOST",3
"GO:0046634","regulation of alpha-beta T cell activation","3/205","124/18860",0.0241935483870968,2.2258064516129,1.43559831723582,0.152674420802176,0.500544804675249,0.468113533842215,"ARG2/CCL19/TGFBR2",3
"GO:0051047","positive regulation of secretion","6/205","331/18860",0.0181268882175227,1.66767371601208,1.28466804108307,0.152794076056072,0.500544804675249,0.468113533842215,"BMP2/CDK5/CYP4A11/KISS1R/LAMP1/SLC30A8",6
"GO:0032786","positive regulation of DNA-templated transcription, elongation","2/205","64/18860",0.03125,2.875,1.57506026334774,0.153524517866877,0.500544804675249,0.468113533842215,"ELL/ELL2",2
"GO:1901293","nucleoside phosphate biosynthetic process","6/205","332/18860",0.0180722891566265,1.66265060240964,1.2769620834385,0.15429677548817,0.500544804675249,0.468113533842215,"ADCY10/ENTPD8/KYNU/NDUFB5/PDK3/SLC27A2",6
"GO:0006575","modified amino acid metabolic process","4/205","191/18860",0.0209424083769634,1.92670157068063,1.34938130516194,0.15501728396058,0.500544804675249,0.468113533842215,"DIO1/FOXE1/SLC22A4/SLC6A8",4
"GO:0051495","positive regulation of cytoskeleton organization","4/205","191/18860",0.0209424083769634,1.92670157068063,1.34938130516194,0.15501728396058,0.500544804675249,0.468113533842215,"DLG1/LIMK1/NPHS1/TENM1",4
"GO:1901292","nucleoside phosphate catabolic process","4/205","191/18860",0.0209424083769634,1.92670157068063,1.34938130516194,0.15501728396058,0.500544804675249,0.468113533842215,"DERA/ENTPD8/PFKFB1/PGM1",4
"GO:0071887","leukocyte apoptotic process","3/205","125/18860",0.024,2.208,1.42047543015856,0.155257488450413,0.500544804675249,0.468113533842215,"ARG2/CCL19/CD27",3
"GO:0010876","lipid localization","8/205","483/18860",0.0165631469979296,1.52380952380952,1.22249835168528,0.157023168313608,0.500544804675249,0.468113533842215,"APOD/CYP4A11/GULP1/OSBPL9/PITPNB/SLC25A20/SLC27A2/STARD7",8
"GO:0042129","regulation of T cell proliferation","4/205","192/18860",0.0208333333333333,1.91666666666667,1.3382948029455,0.157063245448757,0.500544804675249,0.468113533842215,"ARG2/CCL19/DLG1/TGFBR2",4
"GO:0071772","response to BMP","4/205","192/18860",0.0208333333333333,1.91666666666667,1.3382948029455,0.157063245448757,0.500544804675249,0.468113533842215,"BMP2/CHRD/MSX2/SOST",4
"GO:0071773","cellular response to BMP stimulus","4/205","192/18860",0.0208333333333333,1.91666666666667,1.3382948029455,0.157063245448757,0.500544804675249,0.468113533842215,"BMP2/CHRD/MSX2/SOST",4
"GO:0002763","positive regulation of myeloid leukocyte differentiation","2/205","65/18860",0.0307692307692308,2.83076923076923,1.54991453881441,0.157325443011954,0.500544804675249,0.468113533842215,"CALCA/NEDD9",2
"GO:0010573","vascular endothelial growth factor production","2/205","65/18860",0.0307692307692308,2.83076923076923,1.54991453881441,0.157325443011954,0.500544804675249,0.468113533842215,"CXCL17/MIR20B",2
"GO:0015909","long-chain fatty acid transport","2/205","65/18860",0.0307692307692308,2.83076923076923,1.54991453881441,0.157325443011954,0.500544804675249,0.468113533842215,"SLC25A20/SLC27A2",2
"GO:0032757","positive regulation of interleukin-8 production","2/205","65/18860",0.0307692307692308,2.83076923076923,1.54991453881441,0.157325443011954,0.500544804675249,0.468113533842215,"CALCA/SERPINE1",2
"GO:0042446","hormone biosynthetic process","2/205","65/18860",0.0307692307692308,2.83076923076923,1.54991453881441,0.157325443011954,0.500544804675249,0.468113533842215,"BMP2/DIO1",2
"GO:1903409","reactive oxygen species biosynthetic process","2/205","65/18860",0.0307692307692308,2.83076923076923,1.54991453881441,0.157325443011954,0.500544804675249,0.468113533842215,"ADCY10/ARG2",2
"GO:0046660","female sex differentiation","3/205","126/18860",0.0238095238095238,2.19047619047619,1.40549518668977,0.157854253815267,0.500544804675249,0.468113533842215,"MMP19/TYRO3/VEGFA",3
"GO:0045927","positive regulation of growth","5/205","263/18860",0.0190114068441065,1.74904942965779,1.28234694198826,0.159280686001963,0.500544804675249,0.468113533842215,"ADCY10/CDKN2AIP/LIMK1/SOX15/VEGFA",5
"GO:1901136","carbohydrate derivative catabolic process","5/205","263/18860",0.0190114068441065,1.74904942965779,1.28234694198826,0.159280686001963,0.500544804675249,0.468113533842215,"DERA/GBA2/PFKFB1/PGM1/STT3B",5
"GO:0001767","establishment of lymphocyte polarity","1/205","16/18860",0.0625,5.75,1.99253375437562,0.160488485397445,0.500544804675249,0.468113533842215,"CCL19",1
"GO:0002076","osteoblast development","1/205","16/18860",0.0625,5.75,1.99253375437562,0.160488485397445,0.500544804675249,0.468113533842215,"MSX2",1
"GO:0002468","dendritic cell antigen processing and presentation","1/205","16/18860",0.0625,5.75,1.99253375437562,0.160488485397445,0.500544804675249,0.468113533842215,"CCL19",1
"GO:0002517","T cell tolerance induction","1/205","16/18860",0.0625,5.75,1.99253375437562,0.160488485397445,0.500544804675249,0.468113533842215,"TGFBR2",1
"GO:0006086","pyruvate decarboxylation to acetyl-CoA","1/205","16/18860",0.0625,5.75,1.99253375437562,0.160488485397445,0.500544804675249,0.468113533842215,"PDK3",1
"GO:0009068","aspartate family amino acid catabolic process","1/205","16/18860",0.0625,5.75,1.99253375437562,0.160488485397445,0.500544804675249,0.468113533842215,"AADAT",1
"GO:0009111","vitamin catabolic process","1/205","16/18860",0.0625,5.75,1.99253375437562,0.160488485397445,0.500544804675249,0.468113533842215,"CYP4F12",1
"GO:0010273","detoxification of copper ion","1/205","16/18860",0.0625,5.75,1.99253375437562,0.160488485397445,0.500544804675249,0.468113533842215,"MT1G",1
"GO:0021513","spinal cord dorsal/ventral patterning","1/205","16/18860",0.0625,5.75,1.99253375437562,0.160488485397445,0.500544804675249,0.468113533842215,"CHRD",1
"GO:0021984","adenohypophysis development","1/205","16/18860",0.0625,5.75,1.99253375437562,0.160488485397445,0.500544804675249,0.468113533842215,"BMP2",1
"GO:0030810","positive regulation of nucleotide biosynthetic process","1/205","16/18860",0.0625,5.75,1.99253375437562,0.160488485397445,0.500544804675249,0.468113533842215,"ADCY10",1
"GO:0034309","primary alcohol biosynthetic process","1/205","16/18860",0.0625,5.75,1.99253375437562,0.160488485397445,0.500544804675249,0.468113533842215,"BMP2",1
"GO:0034374","low-density lipoprotein particle remodeling","1/205","16/18860",0.0625,5.75,1.99253375437562,0.160488485397445,0.500544804675249,0.468113533842215,"PLA2G7",1
"GO:0034638","phosphatidylcholine catabolic process","1/205","16/18860",0.0625,5.75,1.99253375437562,0.160488485397445,0.500544804675249,0.468113533842215,"PLA2G7",1
"GO:0042559","pteridine-containing compound biosynthetic process","1/205","16/18860",0.0625,5.75,1.99253375437562,0.160488485397445,0.500544804675249,0.468113533842215,"QDPR",1
"GO:0043650","dicarboxylic acid biosynthetic process","1/205","16/18860",0.0625,5.75,1.99253375437562,0.160488485397445,0.500544804675249,0.468113533842215,"KYNU",1
"GO:0045651","positive regulation of macrophage differentiation","1/205","16/18860",0.0625,5.75,1.99253375437562,0.160488485397445,0.500544804675249,0.468113533842215,"CALCA",1
"GO:0046642","negative regulation of alpha-beta T cell proliferation","1/205","16/18860",0.0625,5.75,1.99253375437562,0.160488485397445,0.500544804675249,0.468113533842215,"ARG2",1
"GO:0051481","negative regulation of cytosolic calcium ion concentration","1/205","16/18860",0.0625,5.75,1.99253375437562,0.160488485397445,0.500544804675249,0.468113533842215,"CALCA",1
"GO:0051782","negative regulation of cell division","1/205","16/18860",0.0625,5.75,1.99253375437562,0.160488485397445,0.500544804675249,0.468113533842215,"GPR15LG",1
"GO:0060026","convergent extension","1/205","16/18860",0.0625,5.75,1.99253375437562,0.160488485397445,0.500544804675249,0.468113533842215,"WNT11",1
"GO:0061668","mitochondrial ribosome assembly","1/205","16/18860",0.0625,5.75,1.99253375437562,0.160488485397445,0.500544804675249,0.468113533842215,"FASTKD2",1
"GO:0070131","positive regulation of mitochondrial translation","1/205","16/18860",0.0625,5.75,1.99253375437562,0.160488485397445,0.500544804675249,0.468113533842215,"FASTKD2",1
"GO:0071941","nitrogen cycle metabolic process","1/205","16/18860",0.0625,5.75,1.99253375437562,0.160488485397445,0.500544804675249,0.468113533842215,"ARG2",1
"GO:0072498","embryonic skeletal joint development","1/205","16/18860",0.0625,5.75,1.99253375437562,0.160488485397445,0.500544804675249,0.468113533842215,"OSR2",1
"GO:0072531","pyrimidine-containing compound transmembrane transport","1/205","16/18860",0.0625,5.75,1.99253375437562,0.160488485397445,0.500544804675249,0.468113533842215,"SLC28A2",1
"GO:0090030","regulation of steroid hormone biosynthetic process","1/205","16/18860",0.0625,5.75,1.99253375437562,0.160488485397445,0.500544804675249,0.468113533842215,"BMP2",1
"GO:1900373","positive regulation of purine nucleotide biosynthetic process","1/205","16/18860",0.0625,5.75,1.99253375437562,0.160488485397445,0.500544804675249,0.468113533842215,"ADCY10",1
"GO:1902358","sulfate transmembrane transport","1/205","16/18860",0.0625,5.75,1.99253375437562,0.160488485397445,0.500544804675249,0.468113533842215,"SLC26A4",1
"GO:1990169","stress response to copper ion","1/205","16/18860",0.0625,5.75,1.99253375437562,0.160488485397445,0.500544804675249,0.468113533842215,"MT1G",1
"GO:2000402","negative regulation of lymphocyte migration","1/205","16/18860",0.0625,5.75,1.99253375437562,0.160488485397445,0.500544804675249,0.468113533842215,"APOD",1
"GO:2000696","regulation of epithelial cell differentiation involved in kidney development","1/205","16/18860",0.0625,5.75,1.99253375437562,0.160488485397445,0.500544804675249,0.468113533842215,"WWTR1",1
"GO:0009205","purine ribonucleoside triphosphate metabolic process","5/205","264/18860",0.0189393939393939,1.74242424242424,1.27345315365188,0.161025621852759,0.500544804675249,0.468113533842215,"ADCY10/MFN1/NDUFB5/PFKFB1/PGM1",5
"GO:0043523","regulation of neuron apoptotic process","5/205","264/18860",0.0189393939393939,1.74242424242424,1.27345315365188,0.161025621852759,0.500544804675249,0.468113533842215,"ADCY10/CDK5/NDNF/NSMF/TYRO3",5
"GO:0032731","positive regulation of interleukin-1 beta production","2/205","66/18860",0.0303030303030303,2.78787878787879,1.52524307679749,0.16114406333927,0.500544804675249,0.468113533842215,"CCL19/USP50",2
"GO:0043113","receptor clustering","2/205","66/18860",0.0303030303030303,2.78787878787879,1.52524307679749,0.16114406333927,0.500544804675249,0.468113533842215,"CDK5/DLG1",2
"GO:0071774","response to fibroblast growth factor","3/205","128/18860",0.0234375,2.15625,1.37595201990807,0.163087815304944,0.500544804675249,0.468113533842215,"EGR3/NDNF/SHISA2",3
"GO:0072329","monocarboxylic acid catabolic process","3/205","128/18860",0.0234375,2.15625,1.37595201990807,0.163087815304944,0.500544804675249,0.468113533842215,"CYP4A11/CYP4F12/SLC27A2",3
"GO:0051932","synaptic transmission, GABAergic","2/205","67/18860",0.0298507462686567,2.74626865671642,1.50102884337365,0.164979550977173,0.500544804675249,0.468113533842215,"GABRA1/GABRR2",2
"GO:0070059","intrinsic apoptotic signaling pathway in response to endoplasmic reticulum stress","2/205","67/18860",0.0298507462686567,2.74626865671642,1.50102884337365,0.164979550977173,0.500544804675249,0.468113533842215,"ERO1A/RNF186",2
"GO:1903670","regulation of sprouting angiogenesis","2/205","67/18860",0.0298507462686567,2.74626865671642,1.50102884337365,0.164979550977173,0.500544804675249,0.468113533842215,"PPP1R16B/VEGFA",2
"GO:2000351","regulation of endothelial cell apoptotic process","2/205","67/18860",0.0298507462686567,2.74626865671642,1.50102884337365,0.164979550977173,0.500544804675249,0.468113533842215,"NDNF/SERPINE1",2
"GO:0046394","carboxylic acid biosynthetic process","6/205","339/18860",0.0176991150442478,1.6283185840708,1.22373159364489,0.164997851840869,0.500544804675249,0.468113533842215,"ACSM5/CYP4A11/KYNU/OSBPL9/SCD/SLC27A2",6
"GO:0048736","appendage development","4/205","196/18860",0.0204081632653061,1.87755102040816,1.29460321865929,0.165346844767763,0.500544804675249,0.468113533842215,"MSX2/OSR2/RARG/SMOC1",4
"GO:0060173","limb development","4/205","196/18860",0.0204081632653061,1.87755102040816,1.29460321865929,0.165346844767763,0.500544804675249,0.468113533842215,"MSX2/OSR2/RARG/SMOC1",4
"GO:0022612","gland morphogenesis","3/205","129/18860",0.0232558139534884,2.13953488372093,1.36138396745294,0.165724081563723,0.500544804675249,0.468113533842215,"MSX2/RARG/TGFBR2",3
"GO:0030326","embryonic limb morphogenesis","3/205","129/18860",0.0232558139534884,2.13953488372093,1.36138396745294,0.165724081563723,0.500544804675249,0.468113533842215,"MSX2/OSR2/RARG",3
"GO:0034341","response to type II interferon","3/205","129/18860",0.0232558139534884,2.13953488372093,1.36138396745294,0.165724081563723,0.500544804675249,0.468113533842215,"DAPK3/KYNU/SLC30A8",3
"GO:0035113","embryonic appendage morphogenesis","3/205","129/18860",0.0232558139534884,2.13953488372093,1.36138396745294,0.165724081563723,0.500544804675249,0.468113533842215,"MSX2/OSR2/RARG",3
"GO:0001558","regulation of cell growth","7/205","414/18860",0.0169082125603865,1.55555555555556,1.19816105007802,0.165731745113893,0.500544804675249,0.468113533842215,"ADCY10/CDK5/CDKN2AIP/LIMK1/ROS1/SOCS2/VEGFA",7
"GO:0001885","endothelial cell development","2/205","68/18860",0.0294117647058824,2.70588235294118,1.47725566837135,0.16883109379666,0.500544804675249,0.468113533842215,"PPP1R16B/VEGFA",2
"GO:0038066","p38MAPK cascade","2/205","68/18860",0.0294117647058824,2.70588235294118,1.47725566837135,0.16883109379666,0.500544804675249,0.468113533842215,"BMP2/DLG1",2
"GO:0043470","regulation of carbohydrate catabolic process","2/205","68/18860",0.0294117647058824,2.70588235294118,1.47725566837135,0.16883109379666,0.500544804675249,0.468113533842215,"ADCY10/PFKFB1",2
"GO:0050832","defense response to fungus","2/205","68/18860",0.0294117647058824,2.70588235294118,1.47725566837135,0.16883109379666,0.500544804675249,0.468113533842215,"CALCA/GPR15LG",2
"GO:2001244","positive regulation of intrinsic apoptotic signaling pathway","2/205","68/18860",0.0294117647058824,2.70588235294118,1.47725566837135,0.16883109379666,0.500544804675249,0.468113533842215,"ADCY10/IL19",2
"GO:0001574","ganglioside biosynthetic process","1/205","17/18860",0.0588235294117647,5.41176470588235,1.9076575369504,0.16962135848668,0.500544804675249,0.468113533842215,"ST6GALNAC3",1
"GO:0003214","cardiac left ventricle morphogenesis","1/205","17/18860",0.0588235294117647,5.41176470588235,1.9076575369504,0.16962135848668,0.500544804675249,0.468113533842215,"TGFBR2",1
"GO:0006570","tyrosine metabolic process","1/205","17/18860",0.0588235294117647,5.41176470588235,1.9076575369504,0.16962135848668,0.500544804675249,0.468113533842215,"HPD",1
"GO:0006855","xenobiotic transmembrane transport","1/205","17/18860",0.0588235294117647,5.41176470588235,1.9076575369504,0.16962135848668,0.500544804675249,0.468113533842215,"SLC28A2",1
"GO:0010663","positive regulation of striated muscle cell apoptotic process","1/205","17/18860",0.0588235294117647,5.41176470588235,1.9076575369504,0.16962135848668,0.500544804675249,0.468113533842215,"ADCY10",1
"GO:0010666","positive regulation of cardiac muscle cell apoptotic process","1/205","17/18860",0.0588235294117647,5.41176470588235,1.9076575369504,0.16962135848668,0.500544804675249,0.468113533842215,"ADCY10",1
"GO:0010838","positive regulation of keratinocyte proliferation","1/205","17/18860",0.0588235294117647,5.41176470588235,1.9076575369504,0.16962135848668,0.500544804675249,0.468113533842215,"HAS2",1
"GO:0010989","negative regulation of low-density lipoprotein particle clearance","1/205","17/18860",0.0588235294117647,5.41176470588235,1.9076575369504,0.16962135848668,0.500544804675249,0.468113533842215,"IL19",1
"GO:0018200","peptidyl-glutamic acid modification","1/205","17/18860",0.0588235294117647,5.41176470588235,1.9076575369504,0.16962135848668,0.500544804675249,0.468113533842215,"AGBL2",1
"GO:0030728","ovulation","1/205","17/18860",0.0588235294117647,5.41176470588235,1.9076575369504,0.16962135848668,0.500544804675249,0.468113533842215,"MMP19",1
"GO:0032305","positive regulation of icosanoid secretion","1/205","17/18860",0.0588235294117647,5.41176470588235,1.9076575369504,0.16962135848668,0.500544804675249,0.468113533842215,"CYP4A11",1
"GO:0032621","interleukin-18 production","1/205","17/18860",0.0588235294117647,5.41176470588235,1.9076575369504,0.16962135848668,0.500544804675249,0.468113533842215,"USP50",1
"GO:0032661","regulation of interleukin-18 production","1/205","17/18860",0.0588235294117647,5.41176470588235,1.9076575369504,0.16962135848668,0.500544804675249,0.468113533842215,"USP50",1
"GO:0033865","nucleoside bisphosphate metabolic process","1/205","17/18860",0.0588235294117647,5.41176470588235,1.9076575369504,0.16962135848668,0.500544804675249,0.468113533842215,"SULT2B1",1
"GO:0033875","ribonucleoside bisphosphate metabolic process","1/205","17/18860",0.0588235294117647,5.41176470588235,1.9076575369504,0.16962135848668,0.500544804675249,0.468113533842215,"SULT2B1",1
"GO:0034032","purine nucleoside bisphosphate metabolic process","1/205","17/18860",0.0588235294117647,5.41176470588235,1.9076575369504,0.16962135848668,0.500544804675249,0.468113533842215,"SULT2B1",1
"GO:0034035","purine ribonucleoside bisphosphate metabolic process","1/205","17/18860",0.0588235294117647,5.41176470588235,1.9076575369504,0.16962135848668,0.500544804675249,0.468113533842215,"SULT2B1",1
"GO:0034656","nucleobase-containing small molecule catabolic process","1/205","17/18860",0.0588235294117647,5.41176470588235,1.9076575369504,0.16962135848668,0.500544804675249,0.468113533842215,"DERA",1
"GO:0043117","positive regulation of vascular permeability","1/205","17/18860",0.0588235294117647,5.41176470588235,1.9076575369504,0.16962135848668,0.500544804675249,0.468113533842215,"VEGFA",1
"GO:0043605","amide catabolic process","1/205","17/18860",0.0588235294117647,5.41176470588235,1.9076575369504,0.16962135848668,0.500544804675249,0.468113533842215,"AADAT",1
"GO:0045836","positive regulation of meiotic nuclear division","1/205","17/18860",0.0588235294117647,5.41176470588235,1.9076575369504,0.16962135848668,0.500544804675249,0.468113533842215,"MSX2",1
"GO:0046851","negative regulation of bone remodeling","1/205","17/18860",0.0588235294117647,5.41176470588235,1.9076575369504,0.16962135848668,0.500544804675249,0.468113533842215,"CALCA",1
"GO:0048148","behavioral response to cocaine","1/205","17/18860",0.0588235294117647,5.41176470588235,1.9076575369504,0.16962135848668,0.500544804675249,0.468113533842215,"CDK5",1
"GO:0048841","regulation of axon extension involved in axon guidance","1/205","17/18860",0.0588235294117647,5.41176470588235,1.9076575369504,0.16962135848668,0.500544804675249,0.468113533842215,"VEGFA",1
"GO:0050427","3'-phosphoadenosine 5'-phosphosulfate metabolic process","1/205","17/18860",0.0588235294117647,5.41176470588235,1.9076575369504,0.16962135848668,0.500544804675249,0.468113533842215,"SULT2B1",1
"GO:0051917","regulation of fibrinolysis","1/205","17/18860",0.0588235294117647,5.41176470588235,1.9076575369504,0.16962135848668,0.500544804675249,0.468113533842215,"SERPINE1",1
"GO:0060841","venous blood vessel development","1/205","17/18860",0.0588235294117647,5.41176470588235,1.9076575369504,0.16962135848668,0.500544804675249,0.468113533842215,"VEGFA",1
"GO:0060977","coronary vasculature morphogenesis","1/205","17/18860",0.0588235294117647,5.41176470588235,1.9076575369504,0.16962135848668,0.500544804675249,0.468113533842215,"VEGFA",1
"GO:0090399","replicative senescence","1/205","17/18860",0.0588235294117647,5.41176470588235,1.9076575369504,0.16962135848668,0.500544804675249,0.468113533842215,"SERPINE1",1
"GO:1901550","regulation of endothelial cell development","1/205","17/18860",0.0588235294117647,5.41176470588235,1.9076575369504,0.16962135848668,0.500544804675249,0.468113533842215,"VEGFA",1
"GO:1902036","regulation of hematopoietic stem cell differentiation","1/205","17/18860",0.0588235294117647,5.41176470588235,1.9076575369504,0.16962135848668,0.500544804675249,0.468113533842215,"PUS7",1
"GO:1903140","regulation of establishment of endothelial barrier","1/205","17/18860",0.0588235294117647,5.41176470588235,1.9076575369504,0.16962135848668,0.500544804675249,0.468113533842215,"VEGFA",1
"GO:2001224","positive regulation of neuron migration","1/205","17/18860",0.0588235294117647,5.41176470588235,1.9076575369504,0.16962135848668,0.500544804675249,0.468113533842215,"NSMF",1
"GO:0016053","organic acid biosynthetic process","6/205","342/18860",0.0175438596491228,1.6140350877193,1.20128992826462,0.169679267722043,0.500544804675249,0.468113533842215,"ACSM5/CYP4A11/KYNU/OSBPL9/SCD/SLC27A2",6
"GO:0032543","mitochondrial translation","3/205","131/18860",0.0229007633587786,2.10687022900763,1.33264260497784,0.171034265035136,0.504005227816306,0.471349749441737,"FASTKD2/MRPS33/MRPS34",3
"GO:0021885","forebrain cell migration","2/205","69/18860",0.0289855072463768,2.66666666666667,1.45390818942385,0.172697895169791,0.504974833730547,0.472256532704114,"CDK5/TYRO3",2
"GO:0043525","positive regulation of neuron apoptotic process","2/205","69/18860",0.0289855072463768,2.66666666666667,1.45390818942385,0.172697895169791,0.504974833730547,0.472256532704114,"ADCY10/CDK5",2
"GO:0045744","negative regulation of G protein-coupled receptor signaling pathway","2/205","69/18860",0.0289855072463768,2.66666666666667,1.45390818942385,0.172697895169791,0.504974833730547,0.472256532704114,"CALCA/SERPINE1",2
"GO:0071300","cellular response to retinoic acid","2/205","69/18860",0.0289855072463768,2.66666666666667,1.45390818942385,0.172697895169791,0.504974833730547,0.472256532704114,"RARG/WNT11",2
"GO:0009144","purine nucleoside triphosphate metabolic process","5/205","271/18860",0.018450184501845,1.69741697416974,1.2122376801606,0.173454420074998,0.504974833730547,0.472256532704114,"ADCY10/MFN1/NDUFB5/PFKFB1/PGM1",5
"GO:0006090","pyruvate metabolic process","3/205","132/18860",0.0227272727272727,2.09090909090909,1.31846455904338,0.173707656286838,0.504974833730547,0.472256532704114,"PDK3/PFKFB1/PGM1",3
"GO:0030512","negative regulation of transforming growth factor beta receptor signaling pathway","3/205","132/18860",0.0227272727272727,2.09090909090909,1.31846455904338,0.173707656286838,0.504974833730547,0.472256532704114,"BMP2/EID2/MIR490",3
"GO:0051209","release of sequestered calcium ion into cytosol","3/205","133/18860",0.0225563909774436,2.07518796992481,1.30441188096433,0.176392897848396,0.504974833730547,0.472256532704114,"CCL19/ERO1A/F2RL3",3
"GO:0006687","glycosphingolipid metabolic process","2/205","70/18860",0.0285714285714286,2.62857142857143,1.43097180040444,0.176579173731444,0.504974833730547,0.472256532704114,"GBA2/ST6GALNAC3",2
"GO:0072522","purine-containing compound biosynthetic process","5/205","273/18860",0.0183150183150183,1.68498168498168,1.19507254058044,0.177072276510059,0.504974833730547,0.472256532704114,"ADCY10/KYNU/NDUFB5/PDK3/SLC27A2",5
"GO:0071466","cellular response to xenobiotic stimulus","4/205","202/18860",0.0198019801980198,1.82178217821782,1.23094455909003,0.17805803045928,0.504974833730547,0.472256532704114,"CYP3A5/CYP4F12/SLC28A2/UGT1A7",4
"GO:0001522","pseudouridine synthesis","1/205","18/18860",0.0555555555555556,5.11111111111111,1.82923962940299,0.178655356337883,0.504974833730547,0.472256532704114,"PUS7",1
"GO:0002031","G protein-coupled receptor internalization","1/205","18/18860",0.0555555555555556,5.11111111111111,1.82923962940299,0.178655356337883,0.504974833730547,0.472256532704114,"CALCA",1
"GO:0006103","2-oxoglutarate metabolic process","1/205","18/18860",0.0555555555555556,5.11111111111111,1.82923962940299,0.178655356337883,0.504974833730547,0.472256532704114,"AADAT",1
"GO:0006577","amino-acid betaine metabolic process","1/205","18/18860",0.0555555555555556,5.11111111111111,1.82923962940299,0.178655356337883,0.504974833730547,0.472256532704114,"SLC22A4",1
"GO:0007379","segment specification","1/205","18/18860",0.0555555555555556,5.11111111111111,1.82923962940299,0.178655356337883,0.504974833730547,0.472256532704114,"RIPPLY1",1
"GO:0010755","regulation of plasminogen activation","1/205","18/18860",0.0555555555555556,5.11111111111111,1.82923962940299,0.178655356337883,0.504974833730547,0.472256532704114,"SERPINE1",1
"GO:0016137","glycoside metabolic process","1/205","18/18860",0.0555555555555556,5.11111111111111,1.82923962940299,0.178655356337883,0.504974833730547,0.472256532704114,"GBA2",1
"GO:0021511","spinal cord patterning","1/205","18/18860",0.0555555555555556,5.11111111111111,1.82923962940299,0.178655356337883,0.504974833730547,0.472256532704114,"CHRD",1
"GO:0030007","intracellular potassium ion homeostasis","1/205","18/18860",0.0555555555555556,5.11111111111111,1.82923962940299,0.178655356337883,0.504974833730547,0.472256532704114,"KCTD7",1
"GO:0030575","nuclear body organization","1/205","18/18860",0.0555555555555556,5.11111111111111,1.82923962940299,0.178655356337883,0.504974833730547,0.472256532704114,"USP50",1
"GO:0030903","notochord development","1/205","18/18860",0.0555555555555556,5.11111111111111,1.82923962940299,0.178655356337883,0.504974833730547,0.472256532704114,"WNT11",1
"GO:0035022","positive regulation of Rac protein signal transduction","1/205","18/18860",0.0555555555555556,5.11111111111111,1.82923962940299,0.178655356337883,0.504974833730547,0.472256532704114,"CCL19",1
"GO:0035672","oligopeptide transmembrane transport","1/205","18/18860",0.0555555555555556,5.11111111111111,1.82923962940299,0.178655356337883,0.504974833730547,0.472256532704114,"SLC25A40",1
"GO:0042308","negative regulation of protein import into nucleus","1/205","18/18860",0.0555555555555556,5.11111111111111,1.82923962940299,0.178655356337883,0.504974833730547,0.472256532704114,"APOD",1
"GO:0042481","regulation of odontogenesis","1/205","18/18860",0.0555555555555556,5.11111111111111,1.82923962940299,0.178655356337883,0.504974833730547,0.472256532704114,"BMP2",1
"GO:0044539","long-chain fatty acid import into cell","1/205","18/18860",0.0555555555555556,5.11111111111111,1.82923962940299,0.178655356337883,0.504974833730547,0.472256532704114,"SLC27A2",1
"GO:0045945","positive regulation of transcription by RNA polymerase III","1/205","18/18860",0.0555555555555556,5.11111111111111,1.82923962940299,0.178655356337883,0.504974833730547,0.472256532704114,"ELL",1
"GO:0045956","positive regulation of calcium ion-dependent exocytosis","1/205","18/18860",0.0555555555555556,5.11111111111111,1.82923962940299,0.178655356337883,0.504974833730547,0.472256532704114,"CDK5",1
"GO:0046184","aldehyde biosynthetic process","1/205","18/18860",0.0555555555555556,5.11111111111111,1.82923962940299,0.178655356337883,0.504974833730547,0.472256532704114,"BMP2",1
"GO:0046579","positive regulation of Ras protein signal transduction","1/205","18/18860",0.0555555555555556,5.11111111111111,1.82923962940299,0.178655356337883,0.504974833730547,0.472256532704114,"MMD2",1
"GO:0060039","pericardium development","1/205","18/18860",0.0555555555555556,5.11111111111111,1.82923962940299,0.178655356337883,0.504974833730547,0.472256532704114,"BMP2",1
"GO:0090190","positive regulation of branching involved in ureteric bud morphogenesis","1/205","18/18860",0.0555555555555556,5.11111111111111,1.82923962940299,0.178655356337883,0.504974833730547,0.472256532704114,"VEGFA",1
"GO:0090660","cerebrospinal fluid circulation","1/205","18/18860",0.0555555555555556,5.11111111111111,1.82923962940299,0.178655356337883,0.504974833730547,0.472256532704114,"KATNIP",1
"GO:0097094","craniofacial suture morphogenesis","1/205","18/18860",0.0555555555555556,5.11111111111111,1.82923962940299,0.178655356337883,0.504974833730547,0.472256532704114,"MSX2",1
"GO:1901142","insulin metabolic process","1/205","18/18860",0.0555555555555556,5.11111111111111,1.82923962940299,0.178655356337883,0.504974833730547,0.472256532704114,"SLC30A8",1
"GO:1901163","regulation of trophoblast cell migration","1/205","18/18860",0.0555555555555556,5.11111111111111,1.82923962940299,0.178655356337883,0.504974833730547,0.472256532704114,"VEGFA",1
"GO:1902931","negative regulation of alcohol biosynthetic process","1/205","18/18860",0.0555555555555556,5.11111111111111,1.82923962940299,0.178655356337883,0.504974833730547,0.472256532704114,"BMP2",1
"GO:1905288","vascular associated smooth muscle cell apoptotic process","1/205","18/18860",0.0555555555555556,5.11111111111111,1.82923962940299,0.178655356337883,0.504974833730547,0.472256532704114,"ADCY10",1
"GO:1905459","regulation of vascular associated smooth muscle cell apoptotic process","1/205","18/18860",0.0555555555555556,5.11111111111111,1.82923962940299,0.178655356337883,0.504974833730547,0.472256532704114,"ADCY10",1
"GO:0050864","regulation of B cell activation","3/205","134/18860",0.0223880597014925,2.05970149253731,1.29048235214294,0.179089728725481,0.505171638054563,0.472440585693437,"CD27/PPP2R3C/TBC1D10C",3
"GO:0051283","negative regulation of sequestering of calcium ion","3/205","134/18860",0.0223880597014925,2.05970149253731,1.29048235214294,0.179089728725481,0.505171638054563,0.472440585693437,"CCL19/ERO1A/F2RL3",3
"GO:0030324","lung development","4/205","203/18860",0.0197044334975369,1.8128078817734,1.22054459988718,0.180208316816533,0.505985254969603,0.473201486787077,"BMP2/TGFBR2/VEGFA/WNT11",4
"GO:0007566","embryo implantation","2/205","71/18860",0.028169014084507,2.59154929577465,1.40843260384293,0.180474163144393,0.505985254969603,0.473201486787077,"CALCA/VEGFA",2
"GO:0045682","regulation of epidermis development","2/205","71/18860",0.028169014084507,2.59154929577465,1.40843260384293,0.180474163144393,0.505985254969603,0.473201486787077,"MSX2/SULT2B1",2
"GO:0048662","negative regulation of smooth muscle cell proliferation","2/205","71/18860",0.028169014084507,2.59154929577465,1.40843260384293,0.180474163144393,0.505985254969603,0.473201486787077,"APOD/BMP2",2
"GO:1901657","glycosyl compound metabolic process","2/205","71/18860",0.028169014084507,2.59154929577465,1.40843260384293,0.180474163144393,0.505985254969603,0.473201486787077,"DERA/GBA2",2
"GO:2000379","positive regulation of reactive oxygen species metabolic process","2/205","71/18860",0.028169014084507,2.59154929577465,1.40843260384293,0.180474163144393,0.505985254969603,0.473201486787077,"ADCY10/TGFBR2",2
"GO:0009185","ribonucleoside diphosphate metabolic process","3/205","135/18860",0.0222222222222222,2.04444444444444,1.27667381019782,0.181797888807716,0.50918114458784,0.476190308504911,"DLG1/PFKFB1/PGM1",3
"GO:0010632","regulation of epithelial cell migration","2/205","72/18860",0.0277777777777778,2.55555555555556,1.38627736696463,0.18438211186763,0.512454218413366,0.479251313515217,"HAS2/TGFBR2",2
"GO:0018105","peptidyl-serine phosphorylation","2/205","72/18860",0.0277777777777778,2.55555555555556,1.38627736696463,0.18438211186763,0.512454218413366,0.479251313515217,"PDK3/TENM1",2
"GO:0022617","extracellular matrix disassembly","2/205","72/18860",0.0277777777777778,2.55555555555556,1.38627736696463,0.18438211186763,0.512454218413366,0.479251313515217,"CTSS/MMP19",2
"GO:0048002","antigen processing and presentation of peptide antigen","2/205","72/18860",0.0277777777777778,2.55555555555556,1.38627736696463,0.18438211186763,0.512454218413366,0.479251313515217,"CTSF/CTSS",2
"GO:0006790","sulfur compound metabolic process","5/205","277/18860",0.0180505415162455,1.66064981949458,1.16115962338632,0.184393319123292,0.512454218413366,0.479251313515217,"AADAT/ACSM5/PDK3/SLC27A2/SULT2B1",5
"GO:0051282","regulation of sequestering of calcium ion","3/205","136/18860",0.0220588235294118,2.02941176470588,1.26298414712646,0.184517118916006,0.512454218413366,0.479251313515217,"CCL19/ERO1A/F2RL3",3
"GO:0002708","positive regulation of lymphocyte mediated immunity","3/205","137/18860",0.0218978102189781,2.01459854014599,1.24941130754094,0.187247160848359,0.512454218413366,0.479251313515217,"CD1C/CD1E/LAMP1",3
"GO:0055007","cardiac muscle cell differentiation","3/205","137/18860",0.0218978102189781,2.01459854014599,1.24941130754094,0.187247160848359,0.512454218413366,0.479251313515217,"BMP2/NEB/VEGFA",3
"GO:0001701","in utero embryonic development","7/205","429/18860",0.0163170163170163,1.5011655011655,1.10071275315655,0.187291294617122,0.512454218413366,0.479251313515217,"BMP2/COPS3/ELL/SLC25A20/SOX15/TGFBR2/VEGFA",7
"GO:0006044","N-acetylglucosamine metabolic process","1/205","19/18860",0.0526315789473684,4.84210526315789,1.75643757369447,0.187591544213413,0.512454218413366,0.479251313515217,"MGAT3",1
"GO:0006896","Golgi to vacuole transport","1/205","19/18860",0.0526315789473684,4.84210526315789,1.75643757369447,0.187591544213413,0.512454218413366,0.479251313515217,"LAMP1",1
"GO:0009642","response to light intensity","1/205","19/18860",0.0526315789473684,4.84210526315789,1.75643757369447,0.187591544213413,0.512454218413366,0.479251313515217,"PRPH2",1
"GO:0010560","positive regulation of glycoprotein biosynthetic process","1/205","19/18860",0.0526315789473684,4.84210526315789,1.75643757369447,0.187591544213413,0.512454218413366,0.479251313515217,"CCL19",1
"GO:0015812","gamma-aminobutyric acid transport","1/205","19/18860",0.0526315789473684,4.84210526315789,1.75643757369447,0.187591544213413,0.512454218413366,0.479251313515217,"SLC6A8",1
"GO:0018149","peptide cross-linking","1/205","19/18860",0.0526315789473684,4.84210526315789,1.75643757369447,0.187591544213413,0.512454218413366,0.479251313515217,"LORICRIN",1
"GO:0021819","layer formation in cerebral cortex","1/205","19/18860",0.0526315789473684,4.84210526315789,1.75643757369447,0.187591544213413,0.512454218413366,0.479251313515217,"CDK5",1
"GO:0030540","female genitalia development","1/205","19/18860",0.0526315789473684,4.84210526315789,1.75643757369447,0.187591544213413,0.512454218413366,0.479251313515217,"TYRO3",1
"GO:0032303","regulation of icosanoid secretion","1/205","19/18860",0.0526315789473684,4.84210526315789,1.75643757369447,0.187591544213413,0.512454218413366,0.479251313515217,"CYP4A11",1
"GO:0034393","positive regulation of smooth muscle cell apoptotic process","1/205","19/18860",0.0526315789473684,4.84210526315789,1.75643757369447,0.187591544213413,0.512454218413366,0.479251313515217,"ADCY10",1
"GO:0046931","pore complex assembly","1/205","19/18860",0.0526315789473684,4.84210526315789,1.75643757369447,0.187591544213413,0.512454218413366,0.479251313515217,"NDC1",1
"GO:0050884","neuromuscular process controlling posture","1/205","19/18860",0.0526315789473684,4.84210526315789,1.75643757369447,0.187591544213413,0.512454218413366,0.479251313515217,"GBX1",1
"GO:0098915","membrane repolarization during ventricular cardiac muscle cell action potential","1/205","19/18860",0.0526315789473684,4.84210526315789,1.75643757369447,0.187591544213413,0.512454218413366,0.479251313515217,"DLG1",1
"GO:0140131","positive regulation of lymphocyte chemotaxis","1/205","19/18860",0.0526315789473684,4.84210526315789,1.75643757369447,0.187591544213413,0.512454218413366,0.479251313515217,"NEDD9",1
"GO:0170044","non-proteinogenic amino acid catabolic process","1/205","19/18860",0.0526315789473684,4.84210526315789,1.75643757369447,0.187591544213413,0.512454218413366,0.479251313515217,"KYNU",1
"GO:1900424","regulation of defense response to bacterium","1/205","19/18860",0.0526315789473684,4.84210526315789,1.75643757369447,0.187591544213413,0.512454218413366,0.479251313515217,"ARG2",1
"GO:0006898","receptor-mediated endocytosis","5/205","279/18860",0.017921146953405,1.64874551971326,1.14440715829326,0.188095346671202,0.512878391062293,0.479648003193731,"ARC/CALCA/CCL19/SERPINE1/VEGFA",5
"GO:0030225","macrophage differentiation","2/205","73/18860",0.0273972602739726,2.52054794520548,1.36449348102948,0.188302282927925,0.512878391062293,0.479648003193731,"CALCA/VEGFA",2
"GO:0072577","endothelial cell apoptotic process","2/205","73/18860",0.0273972602739726,2.52054794520548,1.36449348102948,0.188302282927925,0.512878391062293,0.479648003193731,"NDNF/SERPINE1",2
"GO:0030323","respiratory tube development","4/205","207/18860",0.0193236714975845,1.77777777777778,1.17951913926681,0.188895618365421,0.513799625490389,0.480509549052573,"BMP2/TGFBR2/VEGFA/WNT11",4
"GO:0035270","endocrine system development","3/205","138/18860",0.0217391304347826,2,1.23595328697347,0.189987757424242,0.513799625490389,0.480509549052573,"BMP2/FOXE1/WNT11",3
"GO:0035710","CD4-positive, alpha-beta T cell activation","3/205","138/18860",0.0217391304347826,2,1.23595328697347,0.189987757424242,0.513799625490389,0.480509549052573,"ARG2/CCL19/TGFBR2",3
"GO:0002711","positive regulation of T cell mediated immunity","2/205","74/18860",0.027027027027027,2.48648648648649,1.34306892368213,0.192233953694553,0.513799625490389,0.480509549052573,"CD1C/CD1E",2
"GO:0018209","peptidyl-serine modification","2/205","74/18860",0.027027027027027,2.48648648648649,1.34306892368213,0.192233953694553,0.513799625490389,0.480509549052573,"PDK3/TENM1",2
"GO:0032835","glomerulus development","2/205","74/18860",0.027027027027027,2.48648648648649,1.34306892368213,0.192233953694553,0.513799625490389,0.480509549052573,"NPHS1/WWTR1",2
"GO:0051057","positive regulation of small GTPase mediated signal transduction","2/205","74/18860",0.027027027027027,2.48648648648649,1.34306892368213,0.192233953694553,0.513799625490389,0.480509549052573,"CCL19/MMD2",2
"GO:1901379","regulation of potassium ion transmembrane transport","2/205","74/18860",0.027027027027027,2.48648648648649,1.34306892368213,0.192233953694553,0.513799625490389,0.480509549052573,"DLG1/KCNS3",2
"GO:0031623","receptor internalization","3/205","139/18860",0.0215827338129496,1.98561151079137,1.22260813024846,0.19273865252751,0.513799625490389,0.480509549052573,"ARC/CALCA/VEGFA",3
"GO:0072175","epithelial tube formation","3/205","139/18860",0.0215827338129496,1.98561151079137,1.22260813024846,0.19273865252751,0.513799625490389,0.480509549052573,"DLC1/RARG/VEGFA",3
"GO:0098659","inorganic cation import across plasma membrane","3/205","139/18860",0.0215827338129496,1.98561151079137,1.22260813024846,0.19273865252751,0.513799625490389,0.480509549052573,"CACNA1E/DLG1/SLC30A8",3
"GO:0099587","inorganic ion import across plasma membrane","3/205","139/18860",0.0215827338129496,1.98561151079137,1.22260813024846,0.19273865252751,0.513799625490389,0.480509549052573,"CACNA1E/DLG1/SLC30A8",3
"GO:0051259","protein complex oligomerization","5/205","282/18860",0.0177304964539007,1.63120567375887,1.11952707967834,0.19369862265909,0.513799625490389,0.480509549052573,"ARC/KCNS3/KCTD7/LRRC8C/PRPH2",5
"GO:0015980","energy derivation by oxidation of organic compounds","7/205","434/18860",0.0161290322580645,1.48387096774194,1.06904880073689,0.194725434987955,0.513799625490389,0.480509549052573,"ADCY10/COX6B1/NDUFB5/PDK3/PFKFB1/PGM1/PHKA2",7
"GO:0051260","protein homooligomerization","4/205","210/18860",0.019047619047619,1.75238095238095,1.14933506192814,0.195498044716188,0.513799625490389,0.480509549052573,"ARC/KCNS3/KCTD7/PRPH2",4
"GO:0051208","sequestering of calcium ion","3/205","140/18860",0.0214285714285714,1.97142857142857,1.20937392991809,0.195499591147913,0.513799625490389,0.480509549052573,"CCL19/ERO1A/F2RL3",3
"GO:0045670","regulation of osteoclast differentiation","2/205","75/18860",0.0266666666666667,2.45333333333333,1.32199222405221,0.196176415657164,0.513799625490389,0.480509549052573,"CALCA/NEDD9",2
"GO:1902893","regulation of miRNA transcription","2/205","75/18860",0.0266666666666667,2.45333333333333,1.32199222405221,0.196176415657164,0.513799625490389,0.480509549052573,"BMP2/VEGFA",2
"GO:0001946","lymphangiogenesis","1/205","20/18860",0.05,4.6,1.68855683642065,0.196430975954629,0.513799625490389,0.480509549052573,"VEGFA",1
"GO:0002643","regulation of tolerance induction","1/205","20/18860",0.05,4.6,1.68855683642065,0.196430975954629,0.513799625490389,0.480509549052573,"TGFBR2",1
"GO:0006098","pentose-phosphate shunt","1/205","20/18860",0.05,4.6,1.68855683642065,0.196430975954629,0.513799625490389,0.480509549052573,"DERA",1
"GO:0006857","oligopeptide transport","1/205","20/18860",0.05,4.6,1.68855683642065,0.196430975954629,0.513799625490389,0.480509549052573,"SLC25A40",1
"GO:0010522","regulation of calcium ion transport into cytosol","1/205","20/18860",0.05,4.6,1.68855683642065,0.196430975954629,0.513799625490389,0.480509549052573,"CALCA",1
"GO:0015810","aspartate transmembrane transport","1/205","20/18860",0.05,4.6,1.68855683642065,0.196430975954629,0.513799625490389,0.480509549052573,"LRRC8C",1
"GO:0016556","mRNA modification","1/205","20/18860",0.05,4.6,1.68855683642065,0.196430975954629,0.513799625490389,0.480509549052573,"PUS7",1
"GO:0030812","negative regulation of nucleotide catabolic process","1/205","20/18860",0.05,4.6,1.68855683642065,0.196430975954629,0.513799625490389,0.480509549052573,"PFKFB1",1
"GO:0033122","negative regulation of purine nucleotide catabolic process","1/205","20/18860",0.05,4.6,1.68855683642065,0.196430975954629,0.513799625490389,0.480509549052573,"PFKFB1",1
"GO:0035358","regulation of peroxisome proliferator activated receptor signaling pathway","1/205","20/18860",0.05,4.6,1.68855683642065,0.196430975954629,0.513799625490389,0.480509549052573,"BMP2",1
"GO:0043116","negative regulation of vascular permeability","1/205","20/18860",0.05,4.6,1.68855683642065,0.196430975954629,0.513799625490389,0.480509549052573,"VEGFA",1
"GO:0043129","surfactant homeostasis","1/205","20/18860",0.05,4.6,1.68855683642065,0.196430975954629,0.513799625490389,0.480509549052573,"VEGFA",1
"GO:0045762","positive regulation of adenylate cyclase activity","1/205","20/18860",0.05,4.6,1.68855683642065,0.196430975954629,0.513799625490389,0.480509549052573,"CALCA",1
"GO:0045820","negative regulation of glycolytic process","1/205","20/18860",0.05,4.6,1.68855683642065,0.196430975954629,0.513799625490389,0.480509549052573,"PFKFB1",1
"GO:0048339","paraxial mesoderm development","1/205","20/18860",0.05,4.6,1.68855683642065,0.196430975954629,0.513799625490389,0.480509549052573,"WNT11",1
"GO:0051546","keratinocyte migration","1/205","20/18860",0.05,4.6,1.68855683642065,0.196430975954629,0.513799625490389,0.480509549052573,"HAS2",1
"GO:0051797","regulation of hair follicle development","1/205","20/18860",0.05,4.6,1.68855683642065,0.196430975954629,0.513799625490389,0.480509549052573,"MSX2",1
"GO:0051923","sulfation","1/205","20/18860",0.05,4.6,1.68855683642065,0.196430975954629,0.513799625490389,0.480509549052573,"SULT2B1",1
"GO:0055003","cardiac myofibril assembly","1/205","20/18860",0.05,4.6,1.68855683642065,0.196430975954629,0.513799625490389,0.480509549052573,"NEB",1
"GO:0071371","cellular response to gonadotropin stimulus","1/205","20/18860",0.05,4.6,1.68855683642065,0.196430975954629,0.513799625490389,0.480509549052573,"NSMF",1
"GO:0071380","cellular response to prostaglandin E stimulus","1/205","20/18860",0.05,4.6,1.68855683642065,0.196430975954629,0.513799625490389,0.480509549052573,"CCL19",1
"GO:0071636","positive regulation of transforming growth factor beta production","1/205","20/18860",0.05,4.6,1.68855683642065,0.196430975954629,0.513799625490389,0.480509549052573,"WNT11",1
"GO:1902001","fatty acid transmembrane transport","1/205","20/18860",0.05,4.6,1.68855683642065,0.196430975954629,0.513799625490389,0.480509549052573,"SLC25A20",1
"GO:2000434","regulation of protein neddylation","1/205","20/18860",0.05,4.6,1.68855683642065,0.196430975954629,0.513799625490389,0.480509549052573,"COPS3",1
"GO:0048565","digestive tract development","3/205","141/18860",0.0212765957446809,1.95744680851064,1.19624882475842,0.198270319421234,0.51799620410414,0.484434223180805,"FOXE1/PDGFC/WNT11",3
"GO:0062012","regulation of small molecule metabolic process","6/205","360/18860",0.0166666666666667,1.53333333333333,1.07103274343558,0.198888080009192,0.51799620410414,0.484434223180805,"ADCY10/BMP2/PDK3/PFKFB1/UGT1A4/UGT1A7",6
"GO:1901888","regulation of cell junction assembly","5/205","285/18860",0.0175438596491228,1.6140350877193,1.0949387898153,0.199360402509801,0.51799620410414,0.484434223180805,"APOD/DAPK3/DLC1/NPHP4/VEGFA",5
"GO:0002695","negative regulation of leukocyte activation","4/205","212/18860",0.0188679245283019,1.73584905660377,1.12948162954073,0.199939179332766,0.51799620410414,0.484434223180805,"ARG2/DLG1/TBC1D10C/TYRO3",4
"GO:0051651","maintenance of location in cell","4/205","212/18860",0.0188679245283019,1.73584905660377,1.12948162954073,0.199939179332766,0.51799620410414,0.484434223180805,"CCL19/CDK5/ERO1A/F2RL3",4
"GO:0033627","cell adhesion mediated by integrin","2/205","76/18860",0.0263157894736842,2.42105263157895,1.30125243037013,0.20012897420675,0.51799620410414,0.484434223180805,"LPXN/SERPINE1",2
"GO:0046635","positive regulation of alpha-beta T cell activation","2/205","76/18860",0.0263157894736842,2.42105263157895,1.30125243037013,0.20012897420675,0.51799620410414,0.484434223180805,"CCL19/TGFBR2",2
"GO:0061614","miRNA transcription","2/205","76/18860",0.0263157894736842,2.42105263157895,1.30125243037013,0.20012897420675,0.51799620410414,0.484434223180805,"BMP2/VEGFA",2
"GO:1903053","regulation of extracellular matrix organization","2/205","76/18860",0.0263157894736842,2.42105263157895,1.30125243037013,0.20012897420675,0.51799620410414,0.484434223180805,"BMP2/HAS2",2
"GO:0007498","mesoderm development","3/205","142/18860",0.0211267605633803,1.94366197183099,1.18323099832333,0.201050584668075,0.51799620410414,0.484434223180805,"PUS7/VEGFA/WNT11",3
"GO:0009141","nucleoside triphosphate metabolic process","5/205","287/18860",0.0174216027874564,1.60278745644599,1.07870516819655,0.203166428777885,0.51799620410414,0.484434223180805,"ADCY10/MFN1/NDUFB5/PFKFB1/PGM1",5
"GO:0071695","anatomical structure maturation","5/205","287/18860",0.0174216027874564,1.60278745644599,1.07870516819655,0.203166428777885,0.51799620410414,0.484434223180805,"BMP2/CCL19/MSX2/SNX10/VEGFA",5
"GO:0003014","renal system process","3/205","143/18860",0.020979020979021,1.93006993006993,1.17031867755368,0.203840135431317,0.51799620410414,0.484434223180805,"CYP4A11/CYP4F12/HAS2",3
"GO:0002090","regulation of receptor internalization","2/205","77/18860",0.025974025974026,2.38961038961039,1.28083907988645,0.204090948419661,0.51799620410414,0.484434223180805,"ARC/VEGFA",2
"GO:0003281","ventricular septum development","2/205","77/18860",0.025974025974026,2.38961038961039,1.28083907988645,0.204090948419661,0.51799620410414,0.484434223180805,"TGFBR2/WNT11",2
"GO:0030514","negative regulation of BMP signaling pathway","2/205","77/18860",0.025974025974026,2.38961038961039,1.28083907988645,0.204090948419661,0.51799620410414,0.484434223180805,"CHRD/SOST",2
"GO:0070527","platelet aggregation","2/205","77/18860",0.025974025974026,2.38961038961039,1.28083907988645,0.204090948419661,0.51799620410414,0.484434223180805,"F2RL3/TYRO3",2
"GO:1904062","regulation of monoatomic cation transmembrane transport","5/205","288/18860",0.0173611111111111,1.59722222222222,1.07063515500881,0.205078668276312,0.51799620410414,0.484434223180805,"CALCA/CTSS/DLG1/F2RL3/KCNS3",5
"GO:0000027","ribosomal large subunit assembly","1/205","21/18860",0.0476190476190476,4.38095238095238,1.62501888474331,0.205174694103743,0.51799620410414,0.484434223180805,"FASTKD2",1
"GO:0010759","positive regulation of macrophage chemotaxis","1/205","21/18860",0.0476190476190476,4.38095238095238,1.62501888474331,0.205174694103743,0.51799620410414,0.484434223180805,"CXCL17",1
"GO:0035335","peptidyl-tyrosine dephosphorylation","1/205","21/18860",0.0476190476190476,4.38095238095238,1.62501888474331,0.205174694103743,0.51799620410414,0.484434223180805,"DUSP6",1
"GO:0035809","regulation of urine volume","1/205","21/18860",0.0476190476190476,4.38095238095238,1.62501888474331,0.205174694103743,0.51799620410414,0.484434223180805,"HAS2",1
"GO:0042359","vitamin D metabolic process","1/205","21/18860",0.0476190476190476,4.38095238095238,1.62501888474331,0.205174694103743,0.51799620410414,0.484434223180805,"UGT1A4",1
"GO:0043011","myeloid dendritic cell differentiation","1/205","21/18860",0.0476190476190476,4.38095238095238,1.62501888474331,0.205174694103743,0.51799620410414,0.484434223180805,"TGFBR2",1
"GO:0048245","eosinophil chemotaxis","1/205","21/18860",0.0476190476190476,4.38095238095238,1.62501888474331,0.205174694103743,0.51799620410414,0.484434223180805,"CCL19",1
"GO:0048846","axon extension involved in axon guidance","1/205","21/18860",0.0476190476190476,4.38095238095238,1.62501888474331,0.205174694103743,0.51799620410414,0.484434223180805,"VEGFA",1
"GO:0070875","positive regulation of glycogen metabolic process","1/205","21/18860",0.0476190476190476,4.38095238095238,1.62501888474331,0.205174694103743,0.51799620410414,0.484434223180805,"ADCY10",1
"GO:0071605","monocyte chemotactic protein-1 production","1/205","21/18860",0.0476190476190476,4.38095238095238,1.62501888474331,0.205174694103743,0.51799620410414,0.484434223180805,"APOD",1
"GO:0071637","regulation of monocyte chemotactic protein-1 production","1/205","21/18860",0.0476190476190476,4.38095238095238,1.62501888474331,0.205174694103743,0.51799620410414,0.484434223180805,"APOD",1
"GO:0090189","regulation of branching involved in ureteric bud morphogenesis","1/205","21/18860",0.0476190476190476,4.38095238095238,1.62501888474331,0.205174694103743,0.51799620410414,0.484434223180805,"VEGFA",1
"GO:0090713","immunological memory process","1/205","21/18860",0.0476190476190476,4.38095238095238,1.62501888474331,0.205174694103743,0.51799620410414,0.484434223180805,"CD27",1
"GO:0097501","stress response to metal ion","1/205","21/18860",0.0476190476190476,4.38095238095238,1.62501888474331,0.205174694103743,0.51799620410414,0.484434223180805,"MT1G",1
"GO:1900119","positive regulation of execution phase of apoptosis","1/205","21/18860",0.0476190476190476,4.38095238095238,1.62501888474331,0.205174694103743,0.51799620410414,0.484434223180805,"DLC1",1
"GO:1902284","neuron projection extension involved in neuron projection guidance","1/205","21/18860",0.0476190476190476,4.38095238095238,1.62501888474331,0.205174694103743,0.51799620410414,0.484434223180805,"VEGFA",1
"GO:1903427","negative regulation of reactive oxygen species biosynthetic process","1/205","21/18860",0.0476190476190476,4.38095238095238,1.62501888474331,0.205174694103743,0.51799620410414,0.484434223180805,"ADCY10",1
"GO:1903428","positive regulation of reactive oxygen species biosynthetic process","1/205","21/18860",0.0476190476190476,4.38095238095238,1.62501888474331,0.205174694103743,0.51799620410414,0.484434223180805,"ADCY10",1
"GO:2000193","positive regulation of fatty acid transport","1/205","21/18860",0.0476190476190476,4.38095238095238,1.62501888474331,0.205174694103743,0.51799620410414,0.484434223180805,"CYP4A11",1
"GO:2001169","regulation of ATP biosynthetic process","1/205","21/18860",0.0476190476190476,4.38095238095238,1.62501888474331,0.205174694103743,0.51799620410414,0.484434223180805,"ADCY10",1
"GO:0030098","lymphocyte differentiation","7/205","441/18860",0.0158730158730159,1.46031746031746,1.02537412352602,0.205328459244168,0.51799620410414,0.484434223180805,"CCL19/CD27/CLPTM1/EGR3/PPP2R3C/TGFBR2/TYRO3",7
"GO:0001101","response to acid chemical","3/205","144/18860",0.0208333333333333,1.91666666666667,1.15751013143907,0.206638721512292,0.518644248833196,0.485040279832224,"NSMF/PDGFC/VEGFA",3
"GO:0002832","negative regulation of response to biotic stimulus","3/205","144/18860",0.0208333333333333,1.91666666666667,1.15751013143907,0.206638721512292,0.518644248833196,0.485040279832224,"ARG2/EIF4E2/TYRO3",3
"GO:0048813","dendrite morphogenesis","3/205","144/18860",0.0208333333333333,1.91666666666667,1.15751013143907,0.206638721512292,0.518644248833196,0.485040279832224,"ARC/CDK5/NSMF",3
"GO:0090288","negative regulation of cellular response to growth factor stimulus","3/205","144/18860",0.0208333333333333,1.91666666666667,1.15751013143907,0.206638721512292,0.518644248833196,0.485040279832224,"CHRD/SHISA2/SOST",3
"GO:1903039","positive regulation of leukocyte cell-cell adhesion","5/205","289/18860",0.0173010380622837,1.5916955017301,1.06259600337018,0.206996957972362,0.518644248833196,0.485040279832224,"CCL19/CD27/EGR3/HAS2/TGFBR2",5
"GO:0003170","heart valve development","2/205","78/18860",0.0256410256410256,2.35897435897436,1.26074217090304,0.208061670844644,0.518644248833196,0.485040279832224,"BMP2/TGFBR2",2
"GO:0009123","nucleoside monophosphate metabolic process","2/205","78/18860",0.0256410256410256,2.35897435897436,1.26074217090304,0.208061670844644,0.518644248833196,0.485040279832224,"DLG1/ENTPD8",2
"GO:0051898","negative regulation of phosphatidylinositol 3-kinase/protein kinase B signal transduction","2/205","78/18860",0.0256410256410256,2.35897435897436,1.26074217090304,0.208061670844644,0.518644248833196,0.485040279832224,"DLG1/PIP5KL1",2
"GO:0006836","neurotransmitter transport","4/205","216/18860",0.0185185185185185,1.7037037037037,1.09039989080239,0.208911748681776,0.518644248833196,0.485040279832224,"CDK5/SLC22A4/SLC28A2/SLC6A8",4
"GO:0051258","protein polymerization","5/205","291/18860",0.0171821305841924,1.5807560137457,1.04660929183854,0.210851384723293,0.518644248833196,0.485040279832224,"ARHGAP28/DLG1/GBA2/NPHS1/TENM1",5
"GO:0051897","positive regulation of phosphatidylinositol 3-kinase/protein kinase B signal transduction","4/205","217/18860",0.0184331797235023,1.69585253456221,1.08075639668542,0.211172967339155,0.518644248833196,0.485040279832224,"CCL19/PDGFC/TYRO3/VEGFA",4
"GO:0009620","response to fungus","2/205","79/18860",0.0253164556962025,2.32911392405063,1.24095213674294,0.212040487292855,0.518644248833196,0.485040279832224,"CALCA/GPR15LG",2
"GO:0042130","negative regulation of T cell proliferation","2/205","79/18860",0.0253164556962025,2.32911392405063,1.24095213674294,0.212040487292855,0.518644248833196,0.485040279832224,"ARG2/DLG1",2
"GO:0050730","regulation of peptidyl-tyrosine phosphorylation","2/205","79/18860",0.0253164556962025,2.32911392405063,1.24095213674294,0.212040487292855,0.518644248833196,0.485040279832224,"NEDD9/VEGFA",2
"GO:0061512","protein localization to cilium","2/205","79/18860",0.0253164556962025,2.32911392405063,1.24095213674294,0.212040487292855,0.518644248833196,0.485040279832224,"NPHP4/SNX10",2
"GO:0072678","T cell migration","2/205","79/18860",0.0253164556962025,2.32911392405063,1.24095213674294,0.212040487292855,0.518644248833196,0.485040279832224,"APOD/GPR15LG",2
"GO:1903533","regulation of protein targeting","2/205","79/18860",0.0253164556962025,2.32911392405063,1.24095213674294,0.212040487292855,0.518644248833196,0.485040279832224,"ADCY10/CDK5",2
"GO:1903578","regulation of ATP metabolic process","2/205","79/18860",0.0253164556962025,2.32911392405063,1.24095213674294,0.212040487292855,0.518644248833196,0.485040279832224,"ADCY10/PFKFB1",2
"GO:0038061","non-canonical NF-kappaB signal transduction","3/205","146/18860",0.0205479452054795,1.89041095890411,1.13219764169872,0.212262005333187,0.518644248833196,0.485040279832224,"CCL19/CD27/LRRC19",3
"GO:0070646","protein modification by small protein removal","3/205","146/18860",0.0205479452054795,1.89041095890411,1.13219764169872,0.212262005333187,0.518644248833196,0.485040279832224,"COPS3/USP42/USP50",3
"GO:0099175","regulation of postsynapse organization","3/205","146/18860",0.0205479452054795,1.89041095890411,1.13219764169872,0.212262005333187,0.518644248833196,0.485040279832224,"ARC/CDK5/NEDD9",3
"GO:0006066","alcohol metabolic process","6/205","368/18860",0.016304347826087,1.5,1.01540805767476,0.212438278931082,0.518644248833196,0.485040279832224,"BMP2/CYP3A5/GBA2/QDPR/SULT2B1/UGT1A4",6
"GO:0002029","desensitization of G protein-coupled receptor signaling pathway","1/205","22/18860",0.0454545454545455,4.18181818181818,1.56533731213223,0.213823730024372,0.518644248833196,0.485040279832224,"CALCA",1
"GO:0006491","N-glycan processing","1/205","22/18860",0.0454545454545455,4.18181818181818,1.56533731213223,0.213823730024372,0.518644248833196,0.485040279832224,"GANC",1
"GO:0006700","C21-steroid hormone biosynthetic process","1/205","22/18860",0.0454545454545455,4.18181818181818,1.56533731213223,0.213823730024372,0.518644248833196,0.485040279832224,"BMP2",1
"GO:0010566","regulation of ketone biosynthetic process","1/205","22/18860",0.0454545454545455,4.18181818181818,1.56533731213223,0.213823730024372,0.518644248833196,0.485040279832224,"BMP2",1
"GO:0032616","interleukin-13 production","1/205","22/18860",0.0454545454545455,4.18181818181818,1.56533731213223,0.213823730024372,0.518644248833196,0.485040279832224,"ARG2",1
"GO:0032656","regulation of interleukin-13 production","1/205","22/18860",0.0454545454545455,4.18181818181818,1.56533731213223,0.213823730024372,0.518644248833196,0.485040279832224,"ARG2",1
"GO:0033138","positive regulation of peptidyl-serine phosphorylation","1/205","22/18860",0.0454545454545455,4.18181818181818,1.56533731213223,0.213823730024372,0.518644248833196,0.485040279832224,"TENM1",1
"GO:0034104","negative regulation of tissue remodeling","1/205","22/18860",0.0454545454545455,4.18181818181818,1.56533731213223,0.213823730024372,0.518644248833196,0.485040279832224,"CALCA",1
"GO:0042474","middle ear morphogenesis","1/205","22/18860",0.0454545454545455,4.18181818181818,1.56533731213223,0.213823730024372,0.518644248833196,0.485040279832224,"OSR2",1
"GO:0043651","linoleic acid metabolic process","1/205","22/18860",0.0454545454545455,4.18181818181818,1.56533731213223,0.213823730024372,0.518644248833196,0.485040279832224,"CYP4A11",1
"GO:0046885","regulation of hormone biosynthetic process","1/205","22/18860",0.0454545454545455,4.18181818181818,1.56533731213223,0.213823730024372,0.518644248833196,0.485040279832224,"BMP2",1
"GO:0050849","negative regulation of calcium-mediated signaling","1/205","22/18860",0.0454545454545455,4.18181818181818,1.56533731213223,0.213823730024372,0.518644248833196,0.485040279832224,"TBC1D10C",1
"GO:0070166","enamel mineralization","1/205","22/18860",0.0454545454545455,4.18181818181818,1.56533731213223,0.213823730024372,0.518644248833196,0.485040279832224,"MSX2",1
"GO:0071468","cellular response to acidic pH","1/205","22/18860",0.0454545454545455,4.18181818181818,1.56533731213223,0.213823730024372,0.518644248833196,0.485040279832224,"KCNK1",1
"GO:0071731","response to nitric oxide","1/205","22/18860",0.0454545454545455,4.18181818181818,1.56533731213223,0.213823730024372,0.518644248833196,0.485040279832224,"CCL19",1
"GO:0072111","cell proliferation involved in kidney development","1/205","22/18860",0.0454545454545455,4.18181818181818,1.56533731213223,0.213823730024372,0.518644248833196,0.485040279832224,"BMP2",1
"GO:0072202","cell differentiation involved in metanephros development","1/205","22/18860",0.0454545454545455,4.18181818181818,1.56533731213223,0.213823730024372,0.518644248833196,0.485040279832224,"WWTR1",1
"GO:0072234","metanephric nephron tubule development","1/205","22/18860",0.0454545454545455,4.18181818181818,1.56533731213223,0.213823730024372,0.518644248833196,0.485040279832224,"WWTR1",1
"GO:0097066","response to thyroid hormone","1/205","22/18860",0.0454545454545455,4.18181818181818,1.56533731213223,0.213823730024372,0.518644248833196,0.485040279832224,"CTSS",1
"GO:0140354","lipid import into cell","1/205","22/18860",0.0454545454545455,4.18181818181818,1.56533731213223,0.213823730024372,0.518644248833196,0.485040279832224,"SLC27A2",1
"GO:1903376","regulation of oxidative stress-induced neuron intrinsic apoptotic signaling pathway","1/205","22/18860",0.0454545454545455,4.18181818181818,1.56533731213223,0.213823730024372,0.518644248833196,0.485040279832224,"ADCY10",1
"GO:2000725","regulation of cardiac muscle cell differentiation","1/205","22/18860",0.0454545454545455,4.18181818181818,1.56533731213223,0.213823730024372,0.518644248833196,0.485040279832224,"BMP2",1
"GO:0048872","homeostasis of number of cells","6/205","369/18860",0.016260162601626,1.49593495934959,1.00854746344973,0.21415464798583,0.518992453998906,0.48536592410842,"GPR15LG/KLF1/LRRC19/PPP2R3C/SLC25A40/VEGFA",6
"GO:0007200","phospholipase C-activating G protein-coupled receptor signaling pathway","3/205","147/18860",0.0204081632653061,1.87755102040816,1.11969043494443,0.215086209275954,0.520794405327266,0.487051123507658,"CALCA/F2RL3/VEGFA",3
"GO:0042440","pigment metabolic process","2/205","80/18860",0.025,2.3,1.22145982150146,0.216026756630808,0.522614948355754,0.488753710014634,"UGT1A4/UGT1A7",2
"GO:0097530","granulocyte migration","3/205","148/18860",0.0202702702702703,1.86486486486486,1.1072804742448,0.217918461005852,0.524654400652668,0.490661022233029,"CCL19/CXCL17/VEGFA",3
"GO:0022408","negative regulation of cell-cell adhesion","4/205","220/18860",0.0181818181818182,1.67272727272727,1.05212188667867,0.217997988035531,0.524654400652668,0.490661022233029,"ARG2/BMP2/DLG1/VEGFA",4
"GO:0006936","muscle contraction","6/205","372/18860",0.0161290322580645,1.48387096774194,0.988085902438664,0.219332656767007,0.524654400652668,0.490661022233029,"ADCY10/ARG2/CALCA/DAPK3/DLG1/SLC6A8",6
"GO:0021879","forebrain neuron differentiation","2/205","81/18860",0.0246913580246914,2.2716049382716,1.20225645743607,0.22001985057622,0.524654400652668,0.490661022233029,"BMP2/NDNF",2
"GO:0043299","leukocyte degranulation","2/205","81/18860",0.0246913580246914,2.2716049382716,1.20225645743607,0.22001985057622,0.524654400652668,0.490661022233029,"GPR15LG/LAMP1",2
"GO:0001759","organ induction","1/205","23/18860",0.0434782608695652,4,1.50909971794466,0.222379104020816,0.524654400652668,0.490661022233029,"BMP2",1
"GO:0003283","atrial septum development","1/205","23/18860",0.0434782608695652,4,1.50909971794466,0.222379104020816,0.524654400652668,0.490661022233029,"WNT11",1
"GO:0006085","acetyl-CoA biosynthetic process","1/205","23/18860",0.0434782608695652,4,1.50909971794466,0.222379104020816,0.524654400652668,0.490661022233029,"PDK3",1
"GO:0006123","mitochondrial electron transport, cytochrome c to oxygen","1/205","23/18860",0.0434782608695652,4,1.50909971794466,0.222379104020816,0.524654400652668,0.490661022233029,"COX6B1",1
"GO:0006488","dolichol-linked oligosaccharide biosynthetic process","1/205","23/18860",0.0434782608695652,4,1.50909971794466,0.222379104020816,0.524654400652668,0.490661022233029,"ALG14",1
"GO:0006525","arginine metabolic process","1/205","23/18860",0.0434782608695652,4,1.50909971794466,0.222379104020816,0.524654400652668,0.490661022233029,"ARG2",1
"GO:0009083","branched-chain amino acid catabolic process","1/205","23/18860",0.0434782608695652,4,1.50909971794466,0.222379104020816,0.524654400652668,0.490661022233029,"HMGCL",1
"GO:0010955","negative regulation of protein processing","1/205","23/18860",0.0434782608695652,4,1.50909971794466,0.222379104020816,0.524654400652668,0.490661022233029,"SERPINE1",1
"GO:0010985","negative regulation of lipoprotein particle clearance","1/205","23/18860",0.0434782608695652,4,1.50909971794466,0.222379104020816,0.524654400652668,0.490661022233029,"IL19",1
"GO:0014821","phasic smooth muscle contraction","1/205","23/18860",0.0434782608695652,4,1.50909971794466,0.222379104020816,0.524654400652668,0.490661022233029,"DLG1",1
"GO:0016338","calcium-independent cell-cell adhesion via plasma membrane cell-adhesion molecules","1/205","23/18860",0.0434782608695652,4,1.50909971794466,0.222379104020816,0.524654400652668,0.490661022233029,"BMP2",1
"GO:0022401","negative adaptation of signaling pathway","1/205","23/18860",0.0434782608695652,4,1.50909971794466,0.222379104020816,0.524654400652668,0.490661022233029,"CALCA",1
"GO:0023058","adaptation of signaling pathway","1/205","23/18860",0.0434782608695652,4,1.50909971794466,0.222379104020816,0.524654400652668,0.490661022233029,"CALCA",1
"GO:0031290","retinal ganglion cell axon guidance","1/205","23/18860",0.0434782608695652,4,1.50909971794466,0.222379104020816,0.524654400652668,0.490661022233029,"VEGFA",1
"GO:0032700","negative regulation of interleukin-17 production","1/205","23/18860",0.0434782608695652,4,1.50909971794466,0.222379104020816,0.524654400652668,0.490661022233029,"ARG2",1
"GO:0034122","negative regulation of toll-like receptor signaling pathway","1/205","23/18860",0.0434782608695652,4,1.50909971794466,0.222379104020816,0.524654400652668,0.490661022233029,"TYRO3",1
"GO:0046426","negative regulation of receptor signaling pathway via JAK-STAT","1/205","23/18860",0.0434782608695652,4,1.50909971794466,0.222379104020816,0.524654400652668,0.490661022233029,"SOCS2",1
"GO:0046479","glycosphingolipid catabolic process","1/205","23/18860",0.0434782608695652,4,1.50909971794466,0.222379104020816,0.524654400652668,0.490661022233029,"GBA2",1
"GO:0051349","positive regulation of lyase activity","1/205","23/18860",0.0434782608695652,4,1.50909971794466,0.222379104020816,0.524654400652668,0.490661022233029,"CALCA",1
"GO:0060339","negative regulation of type I interferon-mediated signaling pathway","1/205","23/18860",0.0434782608695652,4,1.50909971794466,0.222379104020816,0.524654400652668,0.490661022233029,"EIF4E2",1
"GO:0061097","regulation of protein tyrosine kinase activity","1/205","23/18860",0.0434782608695652,4,1.50909971794466,0.222379104020816,0.524654400652668,0.490661022233029,"NEDD9",1
"GO:0061687","detoxification of inorganic compound","1/205","23/18860",0.0434782608695652,4,1.50909971794466,0.222379104020816,0.524654400652668,0.490661022233029,"MT1G",1
"GO:1903020","positive regulation of glycoprotein metabolic process","1/205","23/18860",0.0434782608695652,4,1.50909971794466,0.222379104020816,0.524654400652668,0.490661022233029,"CCL19",1
"GO:2000047","regulation of cell-cell adhesion mediated by cadherin","1/205","23/18860",0.0434782608695652,4,1.50909971794466,0.222379104020816,0.524654400652668,0.490661022233029,"VEGFA",1
"GO:0009060","aerobic respiration","5/205","297/18860",0.0168350168350168,1.54882154882155,0.999364530794693,0.222551956955554,0.524654400652668,0.490661022233029,"COX6B1/NDUFB5/PDK3/PFKFB1/PGM1",5
"GO:0007585","respiratory gaseous exchange by respiratory system","2/205","82/18860",0.024390243902439,2.24390243902439,1.18333364386541,0.224019153496721,0.526321505670837,0.492220112276621,"ECEL1/STARD7",2
"GO:0031424","keratinization","2/205","82/18860",0.024390243902439,2.24390243902439,1.18333364386541,0.224019153496721,0.526321505670837,0.492220112276621,"HRNR/LORICRIN",2
"GO:0046637","regulation of alpha-beta T cell differentiation","2/205","82/18860",0.024390243902439,2.24390243902439,1.18333364386541,0.224019153496721,0.526321505670837,0.492220112276621,"CCL19/TGFBR2",2
"GO:1902807","negative regulation of cell cycle G1/S phase transition","2/205","82/18860",0.024390243902439,2.24390243902439,1.18333364386541,0.224019153496721,0.526321505670837,0.492220112276621,"DLG1/GPR15LG",2
"GO:0031401","positive regulation of protein modification process","6/205","375/18860",0.016,1.472,0.967802053213041,0.224552934104425,0.526714873569432,0.492587993104455,"BMP2/CALCA/MMD2/NEDD9/TENM1/VEGFA",6
"GO:0051235","maintenance of location","4/205","223/18860",0.0179372197309417,1.65022421524664,1.02392041528416,0.224882410656412,0.526714873569432,0.492587993104455,"CCL19/CDK5/ERO1A/F2RL3",4
"GO:0016311","dephosphorylation","3/205","151/18860",0.0198675496688742,1.82781456953642,1.0706188509404,0.226461076121747,0.526714873569432,0.492587993104455,"BMP2/DUSP6/PPP2R3C",3
"GO:0120161","regulation of cold-induced thermogenesis","3/205","151/18860",0.0198675496688742,1.82781456953642,1.0706188509404,0.226461076121747,0.526714873569432,0.492587993104455,"PDGFC/SCD/VEGFA",3
"GO:0042098","T cell proliferation","4/205","224/18860",0.0178571428571429,1.64285714285714,1.01461380274013,0.227189831867889,0.526714873569432,0.492587993104455,"ARG2/CCL19/DLG1/TGFBR2",4
"GO:0002260","lymphocyte homeostasis","2/205","83/18860",0.0240963855421687,2.21686746987952,1.16468332745962,0.228024062211385,0.526714873569432,0.492587993104455,"GPR15LG/PPP2R3C",2
"GO:0021536","diencephalon development","2/205","83/18860",0.0240963855421687,2.21686746987952,1.16468332745962,0.228024062211385,0.526714873569432,0.492587993104455,"BMP2/NDNF",2
"GO:0030500","regulation of bone mineralization","2/205","83/18860",0.0240963855421687,2.21686746987952,1.16468332745962,0.228024062211385,0.526714873569432,0.492587993104455,"BMP2/OSR2",2
"GO:0043954","cellular component maintenance","2/205","83/18860",0.0240963855421687,2.21686746987952,1.16468332745962,0.228024062211385,0.526714873569432,0.492587993104455,"DLG1/NEDD9",2
"GO:1903008","organelle disassembly","2/205","83/18860",0.0240963855421687,2.21686746987952,1.16468332745962,0.228024062211385,0.526714873569432,0.492587993104455,"EIF4E2/NEDD9",2
"GO:0006986","response to unfolded protein","3/205","152/18860",0.0197368421052632,1.81578947368421,1.05858282786356,0.229323099562665,0.526714873569432,0.492587993104455,"CREB3L2/ERO1A/STT3B",3
"GO:0033157","regulation of intracellular protein transport","3/205","152/18860",0.0197368421052632,1.81578947368421,1.05858282786356,0.229323099562665,0.526714873569432,0.492587993104455,"APOD/CDK5/TENM1",3
"GO:0007398","ectoderm development","1/205","24/18860",0.0416666666666667,3.83333333333333,1.45595376915757,0.230841825456062,0.526714873569432,0.492587993104455,"VAX2",1
"GO:0009190","cyclic nucleotide biosynthetic process","1/205","24/18860",0.0416666666666667,3.83333333333333,1.45595376915757,0.230841825456062,0.526714873569432,0.492587993104455,"ADCY10",1
"GO:0010988","regulation of low-density lipoprotein particle clearance","1/205","24/18860",0.0416666666666667,3.83333333333333,1.45595376915757,0.230841825456062,0.526714873569432,0.492587993104455,"IL19",1
"GO:0015867","ATP transport","1/205","24/18860",0.0416666666666667,3.83333333333333,1.45595376915757,0.230841825456062,0.526714873569432,0.492587993104455,"ADCY10",1
"GO:0021871","forebrain regionalization","1/205","24/18860",0.0416666666666667,3.83333333333333,1.45595376915757,0.230841825456062,0.526714873569432,0.492587993104455,"BMP2",1
"GO:0034312","diol biosynthetic process","1/205","24/18860",0.0416666666666667,3.83333333333333,1.45595376915757,0.230841825456062,0.526714873569432,0.492587993104455,"QDPR",1
"GO:0036303","lymph vessel morphogenesis","1/205","24/18860",0.0416666666666667,3.83333333333333,1.45595376915757,0.230841825456062,0.526714873569432,0.492587993104455,"VEGFA",1
"GO:0036480","neuron intrinsic apoptotic signaling pathway in response to oxidative stress","1/205","24/18860",0.0416666666666667,3.83333333333333,1.45595376915757,0.230841825456062,0.526714873569432,0.492587993104455,"ADCY10",1
"GO:0045822","negative regulation of heart contraction","1/205","24/18860",0.0416666666666667,3.83333333333333,1.45595376915757,0.230841825456062,0.526714873569432,0.492587993104455,"ADCY10",1
"GO:0046058","cAMP metabolic process","1/205","24/18860",0.0416666666666667,3.83333333333333,1.45595376915757,0.230841825456062,0.526714873569432,0.492587993104455,"ADCY10",1
"GO:0046641","positive regulation of alpha-beta T cell proliferation","1/205","24/18860",0.0416666666666667,3.83333333333333,1.45595376915757,0.230841825456062,0.526714873569432,0.492587993104455,"TGFBR2",1
"GO:0046835","carbohydrate phosphorylation","1/205","24/18860",0.0416666666666667,3.83333333333333,1.45595376915757,0.230841825456062,0.526714873569432,0.492587993104455,"PFKFB1",1
"GO:0050908","detection of light stimulus involved in visual perception","1/205","24/18860",0.0416666666666667,3.83333333333333,1.45595376915757,0.230841825456062,0.526714873569432,0.492587993104455,"PRPH2",1
"GO:0050962","detection of light stimulus involved in sensory perception","1/205","24/18860",0.0416666666666667,3.83333333333333,1.45595376915757,0.230841825456062,0.526714873569432,0.492587993104455,"PRPH2",1
"GO:0061318","renal filtration cell differentiation","1/205","24/18860",0.0416666666666667,3.83333333333333,1.45595376915757,0.230841825456062,0.526714873569432,0.492587993104455,"NPHS1",1
"GO:0070129","regulation of mitochondrial translation","1/205","24/18860",0.0416666666666667,3.83333333333333,1.45595376915757,0.230841825456062,0.526714873569432,0.492587993104455,"FASTKD2",1
"GO:0072112","podocyte differentiation","1/205","24/18860",0.0416666666666667,3.83333333333333,1.45595376915757,0.230841825456062,0.526714873569432,0.492587993104455,"NPHS1",1
"GO:0072170","metanephric tubule development","1/205","24/18860",0.0416666666666667,3.83333333333333,1.45595376915757,0.230841825456062,0.526714873569432,0.492587993104455,"WWTR1",1
"GO:0097062","dendritic spine maintenance","1/205","24/18860",0.0416666666666667,3.83333333333333,1.45595376915757,0.230841825456062,0.526714873569432,0.492587993104455,"NEDD9",1
"GO:0097623","potassium ion export across plasma membrane","1/205","24/18860",0.0416666666666667,3.83333333333333,1.45595376915757,0.230841825456062,0.526714873569432,0.492587993104455,"DLG1",1
"GO:1902644","tertiary alcohol metabolic process","1/205","24/18860",0.0416666666666667,3.83333333333333,1.45595376915757,0.230841825456062,0.526714873569432,0.492587993104455,"BMP2",1
"GO:2001026","regulation of endothelial cell chemotaxis","1/205","24/18860",0.0416666666666667,3.83333333333333,1.45595376915757,0.230841825456062,0.526714873569432,0.492587993104455,"VEGFA",1
"GO:2001044","regulation of integrin-mediated signaling pathway","1/205","24/18860",0.0416666666666667,3.83333333333333,1.45595376915757,0.230841825456062,0.526714873569432,0.492587993104455,"SERPINE1",1
"GO:0042246","tissue regeneration","2/205","84/18860",0.0238095238095238,2.19047619047619,1.14629778381443,0.232033985795046,0.528055626283576,0.49384187584415,"APOD/SOX15",2
"GO:0045913","positive regulation of carbohydrate metabolic process","2/205","84/18860",0.0238095238095238,2.19047619047619,1.14629778381443,0.232033985795046,0.528055626283576,0.49384187584415,"ADCY10/HAS2",2
"GO:2000027","regulation of animal organ morphogenesis","2/205","84/18860",0.0238095238095238,2.19047619047619,1.14629778381443,0.232033985795046,0.528055626283576,0.49384187584415,"BMP2/VEGFA",2
"GO:0035148","tube formation","3/205","153/18860",0.0196078431372549,1.80392156862745,1.04663669500813,0.232191968524691,0.528055626283576,0.49384187584415,"DLC1/RARG/VEGFA",3
"GO:0048511","rhythmic process","5/205","302/18860",0.0165562913907285,1.52317880794702,0.960785996054941,0.232450611846365,0.5282101680184,0.493986404519583,"CDK5/EGR3/HAS2/MMP19/TYRO3",5
"GO:1903829","positive regulation of protein localization","7/205","459/18860",0.0152505446623094,1.40305010893246,0.916396257865715,0.233558475034025,0.528404874996703,0.494168496054298,"DLG1/MGAT3/NEDD9/SLC30A8/TENM1/VEGFA/WWTR1",7
"GO:0009101","glycoprotein biosynthetic process","5/205","303/18860",0.0165016501650165,1.51815181518152,0.953154029870829,0.234445583453789,0.528404874996703,0.494168496054298,"ALG14/CCL19/GANC/MGAT3/STT3B",5
"GO:0045921","positive regulation of exocytosis","2/205","85/18860",0.0235294117647059,2.16470588235294,1.12816960021136,0.236048345385361,0.528404874996703,0.494168496054298,"CDK5/LAMP1",2
"GO:0061053","somite development","2/205","85/18860",0.0235294117647059,2.16470588235294,1.12816960021136,0.236048345385361,0.528404874996703,0.494168496054298,"RIPPLY1/WNT11",2
"GO:0070227","lymphocyte apoptotic process","2/205","85/18860",0.0235294117647059,2.16470588235294,1.12816960021136,0.236048345385361,0.528404874996703,0.494168496054298,"ARG2/CD27",2
"GO:0055123","digestive system development","3/205","155/18860",0.0193548387096774,1.78064516129032,1.0230086339255,0.23794930102677,0.528404874996703,0.494168496054298,"FOXE1/PDGFC/WNT11",3
"GO:0045926","negative regulation of growth","4/205","229/18860",0.0174672489082969,1.60698689956332,0.968763149083853,0.238815903774878,0.528404874996703,0.494168496054298,"CDK5/CDKN2AIP/MT1G/SOCS2",4
"GO:0002070","epithelial cell maturation","1/205","25/18860",0.04,3.68,1.40559634825707,0.239212892868543,0.528404874996703,0.494168496054298,"VEGFA",1
"GO:0002433","immune response-regulating cell surface receptor signaling pathway involved in phagocytosis","1/205","25/18860",0.04,3.68,1.40559634825707,0.239212892868543,0.528404874996703,0.494168496054298,"LIMK1",1
"GO:0006740","NADPH regeneration","1/205","25/18860",0.04,3.68,1.40559634825707,0.239212892868543,0.528404874996703,0.494168496054298,"DERA",1
"GO:0007042","lysosomal lumen acidification","1/205","25/18860",0.04,3.68,1.40559634825707,0.239212892868543,0.528404874996703,0.494168496054298,"LAMP1",1
"GO:0030808","regulation of nucleotide biosynthetic process","1/205","25/18860",0.04,3.68,1.40559634825707,0.239212892868543,0.528404874996703,0.494168496054298,"ADCY10",1
"GO:0031281","positive regulation of cyclase activity","1/205","25/18860",0.04,3.68,1.40559634825707,0.239212892868543,0.528404874996703,0.494168496054298,"CALCA",1
"GO:0035024","negative regulation of Rho protein signal transduction","1/205","25/18860",0.04,3.68,1.40559634825707,0.239212892868543,0.528404874996703,0.494168496054298,"DLC1",1
"GO:0038096","Fc-gamma receptor signaling pathway involved in phagocytosis","1/205","25/18860",0.04,3.68,1.40559634825707,0.239212892868543,0.528404874996703,0.494168496054298,"LIMK1",1
"GO:0040037","negative regulation of fibroblast growth factor receptor signaling pathway","1/205","25/18860",0.04,3.68,1.40559634825707,0.239212892868543,0.528404874996703,0.494168496054298,"SHISA2",1
"GO:0043302","positive regulation of leukocyte degranulation","1/205","25/18860",0.04,3.68,1.40559634825707,0.239212892868543,0.528404874996703,0.494168496054298,"LAMP1",1
"GO:0046039","GTP metabolic process","1/205","25/18860",0.04,3.68,1.40559634825707,0.239212892868543,0.528404874996703,0.494168496054298,"MFN1",1
"GO:0050855","regulation of B cell receptor signaling pathway","1/205","25/18860",0.04,3.68,1.40559634825707,0.239212892868543,0.528404874996703,0.494168496054298,"LPXN",1
"GO:0050927","positive regulation of positive chemotaxis","1/205","25/18860",0.04,3.68,1.40559634825707,0.239212892868543,0.528404874996703,0.494168496054298,"VEGFA",1
"GO:0060155","platelet dense granule organization","1/205","25/18860",0.04,3.68,1.40559634825707,0.239212892868543,0.528404874996703,0.494168496054298,"F2RL3",1
"GO:0060444","branching involved in mammary gland duct morphogenesis","1/205","25/18860",0.04,3.68,1.40559634825707,0.239212892868543,0.528404874996703,0.494168496054298,"MSX2",1
"GO:0061450","trophoblast cell migration","1/205","25/18860",0.04,3.68,1.40559634825707,0.239212892868543,0.528404874996703,0.494168496054298,"VEGFA",1
"GO:0071294","cellular response to zinc ion","1/205","25/18860",0.04,3.68,1.40559634825707,0.239212892868543,0.528404874996703,0.494168496054298,"MT1G",1
"GO:0072243","metanephric nephron epithelium development","1/205","25/18860",0.04,3.68,1.40559634825707,0.239212892868543,0.528404874996703,0.494168496054298,"WWTR1",1
"GO:0072311","glomerular epithelial cell differentiation","1/205","25/18860",0.04,3.68,1.40559634825707,0.239212892868543,0.528404874996703,0.494168496054298,"NPHS1",1
"GO:0072677","eosinophil migration","1/205","25/18860",0.04,3.68,1.40559634825707,0.239212892868543,0.528404874996703,0.494168496054298,"CCL19",1
"GO:0090023","positive regulation of neutrophil chemotaxis","1/205","25/18860",0.04,3.68,1.40559634825707,0.239212892868543,0.528404874996703,0.494168496054298,"CCL19",1
"GO:1900371","regulation of purine nucleotide biosynthetic process","1/205","25/18860",0.04,3.68,1.40559634825707,0.239212892868543,0.528404874996703,0.494168496054298,"ADCY10",1
"GO:1901201","regulation of extracellular matrix assembly","1/205","25/18860",0.04,3.68,1.40559634825707,0.239212892868543,0.528404874996703,0.494168496054298,"HAS2",1
"GO:1901623","regulation of lymphocyte chemotaxis","1/205","25/18860",0.04,3.68,1.40559634825707,0.239212892868543,0.528404874996703,0.494168496054298,"NEDD9",1
"GO:1903318","negative regulation of protein maturation","1/205","25/18860",0.04,3.68,1.40559634825707,0.239212892868543,0.528404874996703,0.494168496054298,"SERPINE1",1
"GO:1903902","positive regulation of viral life cycle","1/205","25/18860",0.04,3.68,1.40559634825707,0.239212892868543,0.528404874996703,0.494168496054298,"TYRO3",1
"GO:1904037","positive regulation of epithelial cell apoptotic process","1/205","25/18860",0.04,3.68,1.40559634825707,0.239212892868543,0.528404874996703,0.494168496054298,"WNT11",1
"GO:1905563","negative regulation of vascular endothelial cell proliferation","1/205","25/18860",0.04,3.68,1.40559634825707,0.239212892868543,0.528404874996703,0.494168496054298,"MIR20B",1
"GO:1904019","epithelial cell apoptotic process","2/205","86/18860",0.0232558139534884,2.13953488372093,1.11029165947441,0.240066573992591,0.529446186273469,0.495142338749385,"TGFBR2/WNT11",2
"GO:2000736","regulation of stem cell differentiation","2/205","86/18860",0.0232558139534884,2.13953488372093,1.11029165947441,0.240066573992591,0.529446186273469,0.495142338749385,"PUS7/TGFBR2",2
"GO:0030218","erythrocyte differentiation","3/205","156/18860",0.0192307692307692,1.76923076923077,1.01132404735464,0.240837297542516,0.530206051525755,0.495852970854982,"KLF1/SLC25A40/VEGFA",3
"GO:1905039","carboxylic acid transmembrane transport","3/205","156/18860",0.0192307692307692,1.76923076923077,1.01132404735464,0.240837297542516,0.530206051525755,0.495852970854982,"LRRC8C/SLC25A20/SLC6A8",3
"GO:0001909","leukocyte mediated cytotoxicity","3/205","157/18860",0.0191082802547771,1.75796178343949,0.999724032629635,0.243731205575022,0.530206051525755,0.495852970854982,"CD1C/CD1E/LAMP1",3
"GO:0035107","appendage morphogenesis","3/205","157/18860",0.0191082802547771,1.75796178343949,0.999724032629635,0.243731205575022,0.530206051525755,0.495852970854982,"MSX2/OSR2/RARG",3
"GO:0035108","limb morphogenesis","3/205","157/18860",0.0191082802547771,1.75796178343949,0.999724032629635,0.243731205575022,0.530206051525755,0.495852970854982,"MSX2/OSR2/RARG",3
"GO:0001523","retinoid metabolic process","2/205","87/18860",0.0229885057471264,2.11494252873563,1.09265712484166,0.244088116312056,0.530206051525755,0.495852970854982,"CYP3A5/UGT1A7",2
"GO:0005977","glycogen metabolic process","2/205","87/18860",0.0229885057471264,2.11494252873563,1.09265712484166,0.244088116312056,0.530206051525755,0.495852970854982,"ADCY10/PHKA2",2
"GO:0050871","positive regulation of B cell activation","2/205","87/18860",0.0229885057471264,2.11494252873563,1.09265712484166,0.244088116312056,0.530206051525755,0.495852970854982,"CD27/PPP2R3C",2
"GO:0055117","regulation of cardiac muscle contraction","2/205","87/18860",0.0229885057471264,2.11494252873563,1.09265712484166,0.244088116312056,0.530206051525755,0.495852970854982,"ADCY10/DLG1",2
"GO:0001932","regulation of protein phosphorylation","6/205","387/18860",0.0155038759689922,1.42635658914729,0.888379197971974,0.245828512656987,0.530206051525755,0.495852970854982,"BMP2/CALCA/MMD2/NEDD9/TENM1/VEGFA",6
"GO:0099111","microtubule-based transport","4/205","232/18860",0.0172413793103448,1.58620689655172,0.941782107874469,0.245858232632174,0.530206051525755,0.495852970854982,"ADCY10/KATNIP/LAMP1/STARD7",4
"GO:0000963","mitochondrial RNA processing","1/205","26/18860",0.0384615384615385,3.53846153846154,1.35776501007116,0.247493294087654,0.530206051525755,0.495852970854982,"FASTKD2",1
"GO:0002407","dendritic cell chemotaxis","1/205","26/18860",0.0384615384615385,3.53846153846154,1.35776501007116,0.247493294087654,0.530206051525755,0.495852970854982,"CCL19",1
"GO:0008045","motor neuron axon guidance","1/205","26/18860",0.0384615384615385,3.53846153846154,1.35776501007116,0.247493294087654,0.530206051525755,0.495852970854982,"CDK5",1
"GO:0009435","NAD+ biosynthetic process","1/205","26/18860",0.0384615384615385,3.53846153846154,1.35776501007116,0.247493294087654,0.530206051525755,0.495852970854982,"KYNU",1
"GO:0019377","glycolipid catabolic process","1/205","26/18860",0.0384615384615385,3.53846153846154,1.35776501007116,0.247493294087654,0.530206051525755,0.495852970854982,"GBA2",1
"GO:0030194","positive regulation of blood coagulation","1/205","26/18860",0.0384615384615385,3.53846153846154,1.35776501007116,0.247493294087654,0.530206051525755,0.495852970854982,"SERPINE1",1
"GO:0031167","rRNA methylation","1/205","26/18860",0.0384615384615385,3.53846153846154,1.35776501007116,0.247493294087654,0.530206051525755,0.495852970854982,"MRM1",1
"GO:0032331","negative regulation of chondrocyte differentiation","1/205","26/18860",0.0384615384615385,3.53846153846154,1.35776501007116,0.247493294087654,0.530206051525755,0.495852970854982,"RARG",1
"GO:0036120","cellular response to platelet-derived growth factor stimulus","1/205","26/18860",0.0384615384615385,3.53846153846154,1.35776501007116,0.247493294087654,0.530206051525755,0.495852970854982,"HAS2",1
"GO:0043567","regulation of insulin-like growth factor receptor signaling pathway","1/205","26/18860",0.0384615384615385,3.53846153846154,1.35776501007116,0.247493294087654,0.530206051525755,0.495852970854982,"BMP2",1
"GO:0045649","regulation of macrophage differentiation","1/205","26/18860",0.0384615384615385,3.53846153846154,1.35776501007116,0.247493294087654,0.530206051525755,0.495852970854982,"CALCA",1
"GO:0046514","ceramide catabolic process","1/205","26/18860",0.0384615384615385,3.53846153846154,1.35776501007116,0.247493294087654,0.530206051525755,0.495852970854982,"GBA2",1
"GO:0050926","regulation of positive chemotaxis","1/205","26/18860",0.0384615384615385,3.53846153846154,1.35776501007116,0.247493294087654,0.530206051525755,0.495852970854982,"VEGFA",1
"GO:0051457","maintenance of protein location in nucleus","1/205","26/18860",0.0384615384615385,3.53846153846154,1.35776501007116,0.247493294087654,0.530206051525755,0.495852970854982,"CDK5",1
"GO:0060706","cell differentiation involved in embryonic placenta development","1/205","26/18860",0.0384615384615385,3.53846153846154,1.35776501007116,0.247493294087654,0.530206051525755,0.495852970854982,"SOX15",1
"GO:0071276","cellular response to cadmium ion","1/205","26/18860",0.0384615384615385,3.53846153846154,1.35776501007116,0.247493294087654,0.530206051525755,0.495852970854982,"MT1G",1
"GO:0071280","cellular response to copper ion","1/205","26/18860",0.0384615384615385,3.53846153846154,1.35776501007116,0.247493294087654,0.530206051525755,0.495852970854982,"MT1G",1
"GO:0099149","regulation of postsynaptic neurotransmitter receptor internalization","1/205","26/18860",0.0384615384615385,3.53846153846154,1.35776501007116,0.247493294087654,0.530206051525755,0.495852970854982,"ARC",1
"GO:1900048","positive regulation of hemostasis","1/205","26/18860",0.0384615384615385,3.53846153846154,1.35776501007116,0.247493294087654,0.530206051525755,0.495852970854982,"SERPINE1",1
"GO:1901071","glucosamine-containing compound metabolic process","1/205","26/18860",0.0384615384615385,3.53846153846154,1.35776501007116,0.247493294087654,0.530206051525755,0.495852970854982,"MGAT3",1
"GO:1903306","negative regulation of regulated secretory pathway","1/205","26/18860",0.0384615384615385,3.53846153846154,1.35776501007116,0.247493294087654,0.530206051525755,0.495852970854982,"CDK5",1
"GO:1903523","negative regulation of blood circulation","1/205","26/18860",0.0384615384615385,3.53846153846154,1.35776501007116,0.247493294087654,0.530206051525755,0.495852970854982,"ADCY10",1
"GO:1903579","negative regulation of ATP metabolic process","1/205","26/18860",0.0384615384615385,3.53846153846154,1.35776501007116,0.247493294087654,0.530206051525755,0.495852970854982,"PFKFB1",1
"GO:1905146","lysosomal protein catabolic process","1/205","26/18860",0.0384615384615385,3.53846153846154,1.35776501007116,0.247493294087654,0.530206051525755,0.495852970854982,"MGAT3",1
"GO:2000291","regulation of myoblast proliferation","1/205","26/18860",0.0384615384615385,3.53846153846154,1.35776501007116,0.247493294087654,0.530206051525755,0.495852970854982,"SOX15",1
"GO:2000810","regulation of bicellular tight junction assembly","1/205","26/18860",0.0384615384615385,3.53846153846154,1.35776501007116,0.247493294087654,0.530206051525755,0.495852970854982,"NPHP4",1
"GO:0046849","bone remodeling","2/205","88/18860",0.0227272727272727,2.09090909090909,1.07525942577704,0.248112428539231,0.530711526682371,0.496325695293679,"CALCA/SNX10",2
"GO:0070509","calcium ion import","2/205","88/18860",0.0227272727272727,2.09090909090909,1.07525942577704,0.248112428539231,0.530711526682371,0.496325695293679,"CACNA1E/CDK5",2
"GO:1903532","positive regulation of secretion by cell","5/205","310/18860",0.0161290322580645,1.48387096774194,0.900486257306695,0.24854324863844,0.53122283852506,0.496803878248213,"BMP2/CDK5/KISS1R/LAMP1/SLC30A8",5
"GO:0002705","positive regulation of leukocyte mediated immunity","3/205","159/18860",0.0188679245283019,1.73584905660377,0.976772712688465,0.249535840069662,0.53293313569234,0.498403361937621,"CD1C/CD1E/LAMP1",3
"GO:0045859","regulation of protein kinase activity","4/205","234/18860",0.0170940170940171,1.57264957264957,0.924007942802328,0.250578838454681,0.533316790349442,0.498762158863757,"CALCA/MMD2/NEDD9/TENM1",4
"GO:0006140","regulation of nucleotide metabolic process","2/205","89/18860",0.0224719101123595,2.06741573033708,1.0580922446538,0.25213897818745,0.533316790349442,0.498762158863757,"ADCY10/PFKFB1",2
"GO:0014910","regulation of smooth muscle cell migration","2/205","89/18860",0.0224719101123595,2.06741573033708,1.0580922446538,0.25213897818745,0.533316790349442,0.498762158863757,"HAS2/SERPINE1",2
"GO:0033077","T cell differentiation in thymus","2/205","89/18860",0.0224719101123595,2.06741573033708,1.0580922446538,0.25213897818745,0.533316790349442,0.498762158863757,"CLPTM1/EGR3",2
"GO:0044042","glucan metabolic process","2/205","89/18860",0.0224719101123595,2.06741573033708,1.0580922446538,0.25213897818745,0.533316790349442,0.498762158863757,"ADCY10/PHKA2",2
"GO:1900542","regulation of purine nucleotide metabolic process","2/205","89/18860",0.0224719101123595,2.06741573033708,1.0580922446538,0.25213897818745,0.533316790349442,0.498762158863757,"ADCY10/PFKFB1",2
"GO:2000243","positive regulation of reproductive process","2/205","89/18860",0.0224719101123595,2.06741573033708,1.0580922446538,0.25213897818745,0.533316790349442,0.498762158863757,"MSX2/VEGFA",2
"GO:2000628","regulation of miRNA metabolic process","2/205","89/18860",0.0224719101123595,2.06741573033708,1.0580922446538,0.25213897818745,0.533316790349442,0.498762158863757,"BMP2/VEGFA",2
"GO:0006997","nucleus organization","3/205","160/18860",0.01875,1.725,0.965418971089585,0.252446112647786,0.533316790349442,0.498762158863757,"NDC1/PITPNB/USP50",3
"GO:1903825","organic acid transmembrane transport","3/205","160/18860",0.01875,1.725,0.965418971089585,0.252446112647786,0.533316790349442,0.498762158863757,"LRRC8C/SLC25A20/SLC6A8",3
"GO:0050769","positive regulation of neurogenesis","4/205","235/18860",0.0170212765957447,1.56595744680851,0.915183545657436,0.252946487864125,0.533316790349442,0.498762158863757,"ADCY10/BMP2/LIMK1/VEGFA",4
"GO:0050866","negative regulation of cell activation","4/205","235/18860",0.0170212765957447,1.56595744680851,0.915183545657436,0.252946487864125,0.533316790349442,0.498762158863757,"ARG2/DLG1/TBC1D10C/TYRO3",4
"GO:0030336","negative regulation of cell migration","6/205","391/18860",0.0153452685421995,1.41176470588235,0.862490739497791,0.253049914849771,0.533316790349442,0.498762158863757,"APOD/CHRD/DLC1/NEDD9/PIP5KL1/SERPINE1",6
"GO:0007409","axonogenesis","7/205","472/18860",0.0148305084745763,1.36440677966102,0.84048280748681,0.25471544817897,0.533316790349442,0.498762158863757,"ADCY10/CDK5/GBX1/LIMK1/PARD6B/VAX2/VEGFA",7
"GO:0007163","establishment or maintenance of cell polarity","4/205","236/18860",0.0169491525423729,1.55932203389831,0.90640038710003,0.255318871476508,0.533316790349442,0.498762158863757,"CCL19/DLG1/PARD6B/WNT11",4
"GO:0001779","natural killer cell differentiation","1/205","27/18860",0.037037037037037,3.40740740740741,1.31223118790726,0.255684006348036,0.533316790349442,0.498762158863757,"TYRO3",1
"GO:0005980","glycogen catabolic process","1/205","27/18860",0.037037037037037,3.40740740740741,1.31223118790726,0.255684006348036,0.533316790349442,0.498762158863757,"ADCY10",1
"GO:0021697","cerebellar cortex formation","1/205","27/18860",0.037037037037037,3.40740740740741,1.31223118790726,0.255684006348036,0.533316790349442,0.498762158863757,"CDK5",1
"GO:0022038","corpus callosum development","1/205","27/18860",0.037037037037037,3.40740740740741,1.31223118790726,0.255684006348036,0.533316790349442,0.498762158863757,"CDK5",1
"GO:0030325","adrenal gland development","1/205","27/18860",0.037037037037037,3.40740740740741,1.31223118790726,0.255684006348036,0.533316790349442,0.498762158863757,"WNT11",1
"GO:0035313","wound healing, spreading of epidermal cells","1/205","27/18860",0.037037037037037,3.40740740740741,1.31223118790726,0.255684006348036,0.533316790349442,0.498762158863757,"MSX2",1
"GO:0042730","fibrinolysis","1/205","27/18860",0.037037037037037,3.40740740740741,1.31223118790726,0.255684006348036,0.533316790349442,0.498762158863757,"SERPINE1",1
"GO:0045624","positive regulation of T-helper cell differentiation","1/205","27/18860",0.037037037037037,3.40740740740741,1.31223118790726,0.255684006348036,0.533316790349442,0.498762158863757,"CCL19",1
"GO:0051446","positive regulation of meiotic cell cycle","1/205","27/18860",0.037037037037037,3.40740740740741,1.31223118790726,0.255684006348036,0.533316790349442,0.498762158863757,"MSX2",1
"GO:0071379","cellular response to prostaglandin stimulus","1/205","27/18860",0.037037037037037,3.40740740740741,1.31223118790726,0.255684006348036,0.533316790349442,0.498762158863757,"CCL19",1
"GO:0071624","positive regulation of granulocyte chemotaxis","1/205","27/18860",0.037037037037037,3.40740740740741,1.31223118790726,0.255684006348036,0.533316790349442,0.498762158863757,"CCL19",1
"GO:0090314","positive regulation of protein targeting to membrane","1/205","27/18860",0.037037037037037,3.40740740740741,1.31223118790726,0.255684006348036,0.533316790349442,0.498762158863757,"CDK5",1
"GO:0097186","amelogenesis","1/205","27/18860",0.037037037037037,3.40740740740741,1.31223118790726,0.255684006348036,0.533316790349442,0.498762158863757,"MSX2",1
"GO:0150105","protein localization to cell-cell junction","1/205","27/18860",0.037037037037037,3.40740740740741,1.31223118790726,0.255684006348036,0.533316790349442,0.498762158863757,"HEPACAM",1
"GO:1902894","negative regulation of miRNA transcription","1/205","27/18860",0.037037037037037,3.40740740740741,1.31223118790726,0.255684006348036,0.533316790349442,0.498762158863757,"VEGFA",1
"GO:2001259","positive regulation of cation channel activity","1/205","27/18860",0.037037037037037,3.40740740740741,1.31223118790726,0.255684006348036,0.533316790349442,0.498762158863757,"CTSS",1
"GO:0001843","neural tube closure","2/205","90/18860",0.0222222222222222,2.04444444444444,1.04114950424695,0.256167243908185,0.533521252350129,0.498953373373995,"DLC1/RARG",2
"GO:0021872","forebrain generation of neurons","2/205","90/18860",0.0222222222222222,2.04444444444444,1.04114950424695,0.256167243908185,0.533521252350129,0.498953373373995,"BMP2/NDNF",2
"GO:0072330","monocarboxylic acid biosynthetic process","4/205","237/18860",0.0168776371308017,1.55274261603376,0.89765806078139,0.257695867123976,0.536301691910905,0.501553662851126,"ACSM5/OSBPL9/SCD/SLC27A2",4
"GO:0043410","positive regulation of MAPK cascade","7/205","474/18860",0.0147679324894515,1.35864978902954,0.82900043177272,0.258021205745559,0.536575630566967,0.501809852489191,"BMP2/CCL19/CD27/CXCL17/PDGFC/TENM1/VEGFA",7
"GO:0016101","diterpenoid metabolic process","2/205","91/18860",0.021978021978022,2.02197802197802,1.02442535597703,0.260196715313858,0.539357769391869,0.504411731131822,"CYP3A5/UGT1A7",2
"GO:0055013","cardiac muscle cell development","2/205","91/18860",0.021978021978022,2.02197802197802,1.02442535597703,0.260196715313858,0.539357769391869,0.504411731131822,"NEB/VEGFA",2
"GO:0060606","tube closure","2/205","91/18860",0.021978021978022,2.02197802197802,1.02442535597703,0.260196715313858,0.539357769391869,0.504411731131822,"DLC1/RARG",2
"GO:0086003","cardiac muscle cell contraction","2/205","91/18860",0.021978021978022,2.02197802197802,1.02442535597703,0.260196715313858,0.539357769391869,0.504411731131822,"ADCY10/DLG1",2
"GO:0001666","response to hypoxia","5/205","317/18860",0.0157728706624606,1.45110410094637,0.849092571368807,0.262854458755997,0.539357769391869,0.504411731131822,"BMP2/ERO1A/NDNF/PDK3/VEGFA",5
"GO:0009251","glucan catabolic process","1/205","28/18860",0.0357142857142857,3.28571428571429,1.26879474035447,0.263785996402656,0.539357769391869,0.504411731131822,"ADCY10",1
"GO:0010640","regulation of platelet-derived growth factor receptor signaling pathway","1/205","28/18860",0.0357142857142857,3.28571428571429,1.26879474035447,0.263785996402656,0.539357769391869,0.504411731131822,"APOD",1
"GO:0015740","C4-dicarboxylate transport","1/205","28/18860",0.0357142857142857,3.28571428571429,1.26879474035447,0.263785996402656,0.539357769391869,0.504411731131822,"LRRC8C",1
"GO:0031639","plasminogen activation","1/205","28/18860",0.0357142857142857,3.28571428571429,1.26879474035447,0.263785996402656,0.539357769391869,0.504411731131822,"SERPINE1",1
"GO:0034698","response to gonadotropin","1/205","28/18860",0.0357142857142857,3.28571428571429,1.26879474035447,0.263785996402656,0.539357769391869,0.504411731131822,"NSMF",1
"GO:0036119","response to platelet-derived growth factor","1/205","28/18860",0.0357142857142857,3.28571428571429,1.26879474035447,0.263785996402656,0.539357769391869,0.504411731131822,"HAS2",1
"GO:0045116","protein neddylation","1/205","28/18860",0.0357142857142857,3.28571428571429,1.26879474035447,0.263785996402656,0.539357769391869,0.504411731131822,"COPS3",1
"GO:0046037","GMP metabolic process","1/205","28/18860",0.0357142857142857,3.28571428571429,1.26879474035447,0.263785996402656,0.539357769391869,0.504411731131822,"DLG1",1
"GO:0046629","gamma-delta T cell activation","1/205","28/18860",0.0357142857142857,3.28571428571429,1.26879474035447,0.263785996402656,0.539357769391869,0.504411731131822,"EGR3",1
"GO:0046949","fatty-acyl-CoA biosynthetic process","1/205","28/18860",0.0357142857142857,3.28571428571429,1.26879474035447,0.263785996402656,0.539357769391869,0.504411731131822,"SLC27A2",1
"GO:0048745","smooth muscle tissue development","1/205","28/18860",0.0357142857142857,3.28571428571429,1.26879474035447,0.263785996402656,0.539357769391869,0.504411731131822,"DLG1",1
"GO:0060740","prostate gland epithelium morphogenesis","1/205","28/18860",0.0357142857142857,3.28571428571429,1.26879474035447,0.263785996402656,0.539357769391869,0.504411731131822,"RARG",1
"GO:0061615","glycolytic process through fructose-6-phosphate","1/205","28/18860",0.0357142857142857,3.28571428571429,1.26879474035447,0.263785996402656,0.539357769391869,0.504411731131822,"PFKFB1",1
"GO:0072010","glomerular epithelium development","1/205","28/18860",0.0357142857142857,3.28571428571429,1.26879474035447,0.263785996402656,0.539357769391869,0.504411731131822,"NPHS1",1
"GO:0072207","metanephric epithelium development","1/205","28/18860",0.0357142857142857,3.28571428571429,1.26879474035447,0.263785996402656,0.539357769391869,0.504411731131822,"WWTR1",1
"GO:1904046","negative regulation of vascular endothelial growth factor production","1/205","28/18860",0.0357142857142857,3.28571428571429,1.26879474035447,0.263785996402656,0.539357769391869,0.504411731131822,"MIR20B",1
"GO:1905523","positive regulation of macrophage migration","1/205","28/18860",0.0357142857142857,3.28571428571429,1.26879474035447,0.263785996402656,0.539357769391869,0.504411731131822,"CXCL17",1
"GO:0001656","metanephros development","2/205","92/18860",0.0217391304347826,2,1.00791416885235,0.264226892803165,0.539357769391869,0.504411731131822,"OSR2/WWTR1",2
"GO:0009953","dorsal/ventral pattern formation","2/205","92/18860",0.0217391304347826,2,1.00791416885235,0.264226892803165,0.539357769391869,0.504411731131822,"CHRD/VAX2",2
"GO:0033273","response to vitamin","2/205","92/18860",0.0217391304347826,2,1.00791416885235,0.264226892803165,0.539357769391869,0.504411731131822,"KYNU/SLC22A4",2
"GO:0034765","regulation of monoatomic ion transmembrane transport","5/205","318/18860",0.0157232704402516,1.44654088050314,0.841850802286627,0.264914802578887,0.539569119958469,0.504609387884397,"CALCA/CTSS/DLG1/F2RL3/KCNS3",5
"GO:0043085","positive regulation of catalytic activity","5/205","318/18860",0.0157232704402516,1.44654088050314,0.841850802286627,0.264914802578887,0.539569119958469,0.504609387884397,"BMP2/CALCA/MMD2/NEDD9/TENM1",5
"GO:0051402","neuron apoptotic process","5/205","318/18860",0.0157232704402516,1.44654088050314,0.841850802286627,0.264914802578887,0.539569119958469,0.504609387884397,"ADCY10/CDK5/NDNF/NSMF/TYRO3",5
"GO:0021915","neural tube development","3/205","165/18860",0.0181818181818182,1.67272727272727,0.909822988662321,0.267068104719223,0.541645043998604,0.506550808770878,"CHRD/DLC1/RARG",3
"GO:0045807","positive regulation of endocytosis","3/205","165/18860",0.0181818181818182,1.67272727272727,0.909822988662321,0.267068104719223,0.541645043998604,0.506550808770878,"CCL19/SERPINE1/VEGFA",3
"GO:0046034","ATP metabolic process","4/205","241/18860",0.016597510373444,1.52697095435685,0.863089151435888,0.267247539553804,0.541645043998604,0.506550808770878,"ADCY10/NDUFB5/PFKFB1/PGM1",4
"GO:0002088","lens development in camera-type eye","2/205","93/18860",0.021505376344086,1.97849462365591,0.991610519061086,0.268257287388868,0.541645043998604,0.506550808770878,"DLG1/TGFBR2",2
"GO:0019646","aerobic electron transport chain","2/205","93/18860",0.021505376344086,1.97849462365591,0.991610519061086,0.268257287388868,0.541645043998604,0.506550808770878,"COX6B1/NDUFB5",2
"GO:0035023","regulation of Rho protein signal transduction","2/205","93/18860",0.021505376344086,1.97849462365591,0.991610519061086,0.268257287388868,0.541645043998604,0.506550808770878,"CCL19/DLC1",2
"GO:0043266","regulation of potassium ion transport","2/205","93/18860",0.021505376344086,1.97849462365591,0.991610519061086,0.268257287388868,0.541645043998604,0.506550808770878,"DLG1/KCNS3",2
"GO:0071230","cellular response to amino acid stimulus","2/205","93/18860",0.021505376344086,1.97849462365591,0.991610519061086,0.268257287388868,0.541645043998604,0.506550808770878,"NSMF/PDGFC",2
"GO:0050867","positive regulation of cell activation","6/205","401/18860",0.0149625935162095,1.37655860349127,0.798986258653261,0.271354383433676,0.541645043998604,0.506550808770878,"CCL19/CD27/EGR3/PPP2R3C/SOX15/TGFBR2",6
"GO:0001573","ganglioside metabolic process","1/205","29/18860",0.0344827586206897,3.17241379310345,1.22727953651639,0.271800220634679,0.541645043998604,0.506550808770878,"ST6GALNAC3",1
"GO:0001963","synaptic transmission, dopaminergic","1/205","29/18860",0.0344827586206897,3.17241379310345,1.22727953651639,0.271800220634679,0.541645043998604,0.506550808770878,"CDK5",1
"GO:0002052","positive regulation of neuroblast proliferation","1/205","29/18860",0.0344827586206897,3.17241379310345,1.22727953651639,0.271800220634679,0.541645043998604,0.506550808770878,"VEGFA",1
"GO:0002092","positive regulation of receptor internalization","1/205","29/18860",0.0344827586206897,3.17241379310345,1.22727953651639,0.271800220634679,0.541645043998604,0.506550808770878,"VEGFA",1
"GO:0003156","regulation of animal organ formation","1/205","29/18860",0.0344827586206897,3.17241379310345,1.22727953651639,0.271800220634679,0.541645043998604,0.506550808770878,"BMP2",1
"GO:0006833","water transport","1/205","29/18860",0.0344827586206897,3.17241379310345,1.22727953651639,0.271800220634679,0.541645043998604,0.506550808770878,"HAS2",1
"GO:0019359","nicotinamide nucleotide biosynthetic process","1/205","29/18860",0.0344827586206897,3.17241379310345,1.22727953651639,0.271800220634679,0.541645043998604,0.506550808770878,"KYNU",1
"GO:0019363","pyridine nucleotide biosynthetic process","1/205","29/18860",0.0344827586206897,3.17241379310345,1.22727953651639,0.271800220634679,0.541645043998604,0.506550808770878,"KYNU",1
"GO:0034695","response to prostaglandin E","1/205","29/18860",0.0344827586206897,3.17241379310345,1.22727953651639,0.271800220634679,0.541645043998604,0.506550808770878,"CCL19",1
"GO:0042634","regulation of hair cycle","1/205","29/18860",0.0344827586206897,3.17241379310345,1.22727953651639,0.271800220634679,0.541645043998604,0.506550808770878,"MSX2",1
"GO:0045063","T-helper 1 cell differentiation","1/205","29/18860",0.0344827586206897,3.17241379310345,1.22727953651639,0.271800220634679,0.541645043998604,0.506550808770878,"CCL19",1
"GO:0045980","negative regulation of nucleotide metabolic process","1/205","29/18860",0.0344827586206897,3.17241379310345,1.22727953651639,0.271800220634679,0.541645043998604,0.506550808770878,"PFKFB1",1
"GO:0086013","membrane repolarization during cardiac muscle cell action potential","1/205","29/18860",0.0344827586206897,3.17241379310345,1.22727953651639,0.271800220634679,0.541645043998604,0.506550808770878,"DLG1",1
"GO:0097421","liver regeneration","1/205","29/18860",0.0344827586206897,3.17241379310345,1.22727953651639,0.271800220634679,0.541645043998604,0.506550808770878,"SLC22A4",1
"GO:1900543","negative regulation of purine nucleotide metabolic process","1/205","29/18860",0.0344827586206897,3.17241379310345,1.22727953651639,0.271800220634679,0.541645043998604,0.506550808770878,"PFKFB1",1
"GO:1900745","positive regulation of p38MAPK cascade","1/205","29/18860",0.0344827586206897,3.17241379310345,1.22727953651639,0.271800220634679,0.541645043998604,0.506550808770878,"BMP2",1
"GO:1902473","regulation of protein localization to synapse","1/205","29/18860",0.0344827586206897,3.17241379310345,1.22727953651639,0.271800220634679,0.541645043998604,0.506550808770878,"DLG1",1
"GO:1903055","positive regulation of extracellular matrix organization","1/205","29/18860",0.0344827586206897,3.17241379310345,1.22727953651639,0.271800220634679,0.541645043998604,0.506550808770878,"BMP2",1
"GO:1903421","regulation of synaptic vesicle recycling","1/205","29/18860",0.0344827586206897,3.17241379310345,1.22727953651639,0.271800220634679,0.541645043998604,0.506550808770878,"CDK5",1
"GO:1904862","inhibitory synapse assembly","1/205","29/18860",0.0344827586206897,3.17241379310345,1.22727953651639,0.271800220634679,0.541645043998604,0.506550808770878,"GABRA1",1
"GO:2000629","negative regulation of miRNA metabolic process","1/205","29/18860",0.0344827586206897,3.17241379310345,1.22727953651639,0.271800220634679,0.541645043998604,0.506550808770878,"VEGFA",1
"GO:0034243","regulation of transcription elongation by RNA polymerase II","2/205","94/18860",0.0212765957446809,1.95744680851064,0.975509180168358,0.272287420528025,0.542225848211811,0.507093981550167,"ELL/ELL2",2
"GO:0034101","erythrocyte homeostasis","3/205","167/18860",0.0179640718562874,1.65269461077844,0.888111295043111,0.2729457785122,0.542367149554371,0.507226127704088,"KLF1/SLC25A40/VEGFA",3
"GO:0050657","nucleic acid transport","3/205","167/18860",0.0179640718562874,1.65269461077844,0.888111295043111,0.2729457785122,0.542367149554371,0.507226127704088,"ARC/NDC1/TGFBR2",3
"GO:0050658","RNA transport","3/205","167/18860",0.0179640718562874,1.65269461077844,0.888111295043111,0.2729457785122,0.542367149554371,0.507226127704088,"ARC/NDC1/TGFBR2",3
"GO:0009166","nucleotide catabolic process","3/205","168/18860",0.0178571428571429,1.64285714285714,0.877364105212466,0.275889944292738,0.546435487810852,0.511030870417065,"DERA/PFKFB1/PGM1",3
"GO:0006094","gluconeogenesis","2/205","95/18860",0.0210526315789474,1.93684210526316,0.959605113877159,0.276316823954632,0.546435487810852,0.511030870417065,"PFKFB1/PGM1",2
"GO:0050672","negative regulation of lymphocyte proliferation","2/205","95/18860",0.0210526315789474,1.93684210526316,0.959605113877159,0.276316823954632,0.546435487810852,0.511030870417065,"ARG2/DLG1",2
"GO:0099173","postsynapse organization","4/205","245/18860",0.0163265306122449,1.50204081632653,0.829142512201072,0.276863329887369,0.546435487810852,0.511030870417065,"ARC/CDK5/DLG1/NEDD9",4
"GO:1902652","secondary alcohol metabolic process","3/205","169/18860",0.0177514792899408,1.63313609467456,0.866688014537868,0.27883738171439,0.546435487810852,0.511030870417065,"GBA2/SULT2B1/UGT1A4",3
"GO:0000272","polysaccharide catabolic process","1/205","30/18860",0.0333333333333333,3.06666666666667,1.18752985348342,0.279727625168155,0.546435487810852,0.511030870417065,"ADCY10",1
"GO:0002323","natural killer cell activation involved in immune response","1/205","30/18860",0.0333333333333333,3.06666666666667,1.18752985348342,0.279727625168155,0.546435487810852,0.511030870417065,"LAMP1",1
"GO:0003209","cardiac atrium morphogenesis","1/205","30/18860",0.0333333333333333,3.06666666666667,1.18752985348342,0.279727625168155,0.546435487810852,0.511030870417065,"BMP2",1
"GO:0006024","glycosaminoglycan biosynthetic process","1/205","30/18860",0.0333333333333333,3.06666666666667,1.18752985348342,0.279727625168155,0.546435487810852,0.511030870417065,"HAS2",1
"GO:0007039","protein catabolic process in the vacuole","1/205","30/18860",0.0333333333333333,3.06666666666667,1.18752985348342,0.279727625168155,0.546435487810852,0.511030870417065,"MGAT3",1
"GO:0009264","deoxyribonucleotide catabolic process","1/205","30/18860",0.0333333333333333,3.06666666666667,1.18752985348342,0.279727625168155,0.546435487810852,0.511030870417065,"DERA",1
"GO:0010758","regulation of macrophage chemotaxis","1/205","30/18860",0.0333333333333333,3.06666666666667,1.18752985348342,0.279727625168155,0.546435487810852,0.511030870417065,"CXCL17",1
"GO:0021854","hypothalamus development","1/205","30/18860",0.0333333333333333,3.06666666666667,1.18752985348342,0.279727625168155,0.546435487810852,0.511030870417065,"NDNF",1
"GO:0031579","membrane raft organization","1/205","30/18860",0.0333333333333333,3.06666666666667,1.18752985348342,0.279727625168155,0.546435487810852,0.511030870417065,"DLG1",1
"GO:0045606","positive regulation of epidermal cell differentiation","1/205","30/18860",0.0333333333333333,3.06666666666667,1.18752985348342,0.279727625168155,0.546435487810852,0.511030870417065,"SULT2B1",1
"GO:0045761","regulation of adenylate cyclase activity","1/205","30/18860",0.0333333333333333,3.06666666666667,1.18752985348342,0.279727625168155,0.546435487810852,0.511030870417065,"CALCA",1
"GO:0046386","deoxyribose phosphate catabolic process","1/205","30/18860",0.0333333333333333,3.06666666666667,1.18752985348342,0.279727625168155,0.546435487810852,0.511030870417065,"DERA",1
"GO:0050820","positive regulation of coagulation","1/205","30/18860",0.0333333333333333,3.06666666666667,1.18752985348342,0.279727625168155,0.546435487810852,0.511030870417065,"SERPINE1",1
"GO:0051156","glucose 6-phosphate metabolic process","1/205","30/18860",0.0333333333333333,3.06666666666667,1.18752985348342,0.279727625168155,0.546435487810852,0.511030870417065,"DERA",1
"GO:0051491","positive regulation of filopodium assembly","1/205","30/18860",0.0333333333333333,3.06666666666667,1.18752985348342,0.279727625168155,0.546435487810852,0.511030870417065,"TENM1",1
"GO:0051894","positive regulation of focal adhesion assembly","1/205","30/18860",0.0333333333333333,3.06666666666667,1.18752985348342,0.279727625168155,0.546435487810852,0.511030870417065,"VEGFA",1
"GO:0060396","growth hormone receptor signaling pathway","1/205","30/18860",0.0333333333333333,3.06666666666667,1.18752985348342,0.279727625168155,0.546435487810852,0.511030870417065,"SOCS2",1
"GO:0060512","prostate gland morphogenesis","1/205","30/18860",0.0333333333333333,3.06666666666667,1.18752985348342,0.279727625168155,0.546435487810852,0.511030870417065,"RARG",1
"GO:0071467","cellular response to pH","1/205","30/18860",0.0333333333333333,3.06666666666667,1.18752985348342,0.279727625168155,0.546435487810852,0.511030870417065,"KCNK1",1
"GO:0014909","smooth muscle cell migration","2/205","96/18860",0.0208333333333333,1.91666666666667,0.943893461315021,0.280345039514635,0.546870253137704,0.511437466453311,"HAS2/SERPINE1",2
"GO:0060996","dendritic spine development","2/205","96/18860",0.0208333333333333,1.91666666666667,0.943893461315021,0.280345039514635,0.546870253137704,0.511437466453311,"ARC/CDK5",2
"GO:2000146","negative regulation of cell motility","6/205","406/18860",0.0147783251231527,1.35960591133005,0.767862069350362,0.280628291479713,0.547037556227167,0.511593929650411,"APOD/CHRD/DLC1/NEDD9/PIP5KL1/SERPINE1",6
"GO:0051236","establishment of RNA localization","3/205","170/18860",0.0176470588235294,1.62352941176471,0.856082043998978,0.281787882343638,0.548525955089161,0.51298589225705,"ARC/NDC1/TGFBR2",3
"GO:0140053","mitochondrial gene expression","3/205","170/18860",0.0176470588235294,1.62352941176471,0.856082043998978,0.281787882343638,0.548525955089161,0.51298589225705,"FASTKD2/MRPS33/MRPS34",3
"GO:0014020","primary neural tube formation","2/205","97/18860",0.0206185567010309,1.89690721649485,0.928369534811383,0.284371619003289,0.549798529589383,0.514176014181825,"DLC1/RARG",2
"GO:0032945","negative regulation of mononuclear cell proliferation","2/205","97/18860",0.0206185567010309,1.89690721649485,0.928369534811383,0.284371619003289,0.549798529589383,0.514176014181825,"ARG2/DLG1",2
"GO:0002507","tolerance induction","1/205","31/18860",0.032258064516129,2.96774193548387,1.14940741490536,0.287569145977529,0.549798529589383,0.514176014181825,"TGFBR2",1
"GO:0003401","axis elongation","1/205","31/18860",0.032258064516129,2.96774193548387,1.14940741490536,0.287569145977529,0.549798529589383,0.514176014181825,"WNT11",1
"GO:0010894","negative regulation of steroid biosynthetic process","1/205","31/18860",0.032258064516129,2.96774193548387,1.14940741490536,0.287569145977529,0.549798529589383,0.514176014181825,"BMP2",1
"GO:0014047","glutamate secretion","1/205","31/18860",0.032258064516129,2.96774193548387,1.14940741490536,0.287569145977529,0.549798529589383,0.514176014181825,"KCNK1",1
"GO:0021522","spinal cord motor neuron differentiation","1/205","31/18860",0.032258064516129,2.96774193548387,1.14940741490536,0.287569145977529,0.549798529589383,0.514176014181825,"GBX1",1
"GO:0021801","cerebral cortex radial glia-guided migration","1/205","31/18860",0.032258064516129,2.96774193548387,1.14940741490536,0.287569145977529,0.549798529589383,0.514176014181825,"CDK5",1
"GO:0022030","telencephalon glial cell migration","1/205","31/18860",0.032258064516129,2.96774193548387,1.14940741490536,0.287569145977529,0.549798529589383,0.514176014181825,"CDK5",1
"GO:0030878","thyroid gland development","1/205","31/18860",0.032258064516129,2.96774193548387,1.14940741490536,0.287569145977529,0.549798529589383,0.514176014181825,"FOXE1",1
"GO:0032801","receptor catabolic process","1/205","31/18860",0.032258064516129,2.96774193548387,1.14940741490536,0.287569145977529,0.549798529589383,0.514176014181825,"CDK5",1
"GO:0033135","regulation of peptidyl-serine phosphorylation","1/205","31/18860",0.032258064516129,2.96774193548387,1.14940741490536,0.287569145977529,0.549798529589383,0.514176014181825,"TENM1",1
"GO:0033688","regulation of osteoblast proliferation","1/205","31/18860",0.032258064516129,2.96774193548387,1.14940741490536,0.287569145977529,0.549798529589383,0.514176014181825,"BMP2",1
"GO:0042430","indole-containing compound metabolic process","1/205","31/18860",0.032258064516129,2.96774193548387,1.14940741490536,0.287569145977529,0.549798529589383,0.514176014181825,"KYNU",1
"GO:0045672","positive regulation of osteoclast differentiation","1/205","31/18860",0.032258064516129,2.96774193548387,1.14940741490536,0.287569145977529,0.549798529589383,0.514176014181825,"NEDD9",1
"GO:0060402","calcium ion transport into cytosol","1/205","31/18860",0.032258064516129,2.96774193548387,1.14940741490536,0.287569145977529,0.549798529589383,0.514176014181825,"CALCA",1
"GO:0070723","response to cholesterol","1/205","31/18860",0.032258064516129,2.96774193548387,1.14940741490536,0.287569145977529,0.549798529589383,0.514176014181825,"TGFBR2",1
"GO:0071378","cellular response to growth hormone stimulus","1/205","31/18860",0.032258064516129,2.96774193548387,1.14940741490536,0.287569145977529,0.549798529589383,0.514176014181825,"SOCS2",1
"GO:0098901","regulation of cardiac muscle cell action potential","1/205","31/18860",0.032258064516129,2.96774193548387,1.14940741490536,0.287569145977529,0.549798529589383,0.514176014181825,"DLG1",1
"GO:0099558","maintenance of synapse structure","1/205","31/18860",0.032258064516129,2.96774193548387,1.14940741490536,0.287569145977529,0.549798529589383,0.514176014181825,"DLG1",1
"GO:0099625","ventricular cardiac muscle cell membrane repolarization","1/205","31/18860",0.032258064516129,2.96774193548387,1.14940741490536,0.287569145977529,0.549798529589383,0.514176014181825,"DLG1",1
"GO:1903672","positive regulation of sprouting angiogenesis","1/205","31/18860",0.032258064516129,2.96774193548387,1.14940741490536,0.287569145977529,0.549798529589383,0.514176014181825,"VEGFA",1
"GO:2000191","regulation of fatty acid transport","1/205","31/18860",0.032258064516129,2.96774193548387,1.14940741490536,0.287569145977529,0.549798529589383,0.514176014181825,"CYP4A11",1
"GO:0008037","cell recognition","3/205","172/18860",0.0174418604651163,1.6046511627907,0.835076644033841,0.287697248671938,0.549798529589383,0.514176014181825,"CCL19/DLG1/NEDD9",3
"GO:0035051","cardiocyte differentiation","3/205","172/18860",0.0174418604651163,1.6046511627907,0.835076644033841,0.287697248671938,0.549798529589383,0.514176014181825,"BMP2/NEB/VEGFA",3
"GO:0035966","response to topologically incorrect protein","3/205","172/18860",0.0174418604651163,1.6046511627907,0.835076644033841,0.287697248671938,0.549798529589383,0.514176014181825,"CREB3L2/ERO1A/STT3B",3
"GO:0043588","skin development","5/205","329/18860",0.0151975683890578,1.39817629179331,0.763769924305841,0.287808518521613,0.549798529589383,0.514176014181825,"FOXE1/HRNR/LORICRIN/MSX2/STARD7",5
"GO:0019319","hexose biosynthetic process","2/205","98/18860",0.0204081632653061,1.87755102040816,0.913028810133211,0.288396124004828,0.549798529589383,0.514176014181825,"PFKFB1/PGM1",2
"GO:0031503","protein-containing complex localization","2/205","98/18860",0.0204081632653061,1.87755102040816,0.913028810133211,0.288396124004828,0.549798529589383,0.514176014181825,"DLG1/NDC1",2
"GO:0055006","cardiac cell development","2/205","98/18860",0.0204081632653061,1.87755102040816,0.913028810133211,0.288396124004828,0.549798529589383,0.514176014181825,"NEB/VEGFA",2
"GO:0030217","T cell differentiation","5/205","330/18860",0.0151515151515152,1.39393939393939,0.75681077526482,0.289908680216376,0.551922367147328,0.516162244176164,"CCL19/CD27/CLPTM1/EGR3/TGFBR2",5
"GO:0036293","response to decreased oxygen levels","5/205","330/18860",0.0151515151515152,1.39393939393939,0.75681077526482,0.289908680216376,0.551922367147328,0.516162244176164,"BMP2/ERO1A/NDNF/PDK3/VEGFA",5
"GO:0055074","calcium ion homeostasis","5/205","331/18860",0.0151057401812689,1.38972809667674,0.749874105428582,0.292011664942761,0.55517354920106,0.519202775825122,"CALCA/CCL19/ERO1A/F2RL3/SNX10",5
"GO:0001942","hair follicle development","2/205","99/18860",0.0202020202020202,1.85858585858586,0.897866919148924,0.292418125734421,0.55517354920106,0.519202775825122,"FOXE1/MSX2",2
"GO:0006839","mitochondrial transport","2/205","99/18860",0.0202020202020202,1.85858585858586,0.897866919148924,0.292418125734421,0.55517354920106,0.519202775825122,"SLC25A20/SLC25A40",2
"GO:0051781","positive regulation of cell division","2/205","99/18860",0.0202020202020202,1.85858585858586,0.897866919148924,0.292418125734421,0.55517354920106,0.519202775825122,"PDGFC/VEGFA",2
"GO:0006007","glucose catabolic process","1/205","32/18860",0.03125,2.875,1.11278893986052,0.295325708995991,0.557454893091765,0.521336307010767,"ADCY10",1
"GO:0010575","positive regulation of vascular endothelial growth factor production","1/205","32/18860",0.03125,2.875,1.11278893986052,0.295325708995991,0.557454893091765,0.521336307010767,"CXCL17",1
"GO:0019082","viral protein processing","1/205","32/18860",0.03125,2.875,1.11278893986052,0.295325708995991,0.557454893091765,0.521336307010767,"ST6GALNAC3",1
"GO:0035590","purinergic nucleotide receptor signaling pathway","1/205","32/18860",0.03125,2.875,1.11278893986052,0.295325708995991,0.557454893091765,0.521336307010767,"P2RY8",1
"GO:0045954","positive regulation of natural killer cell mediated cytotoxicity","1/205","32/18860",0.03125,2.875,1.11278893986052,0.295325708995991,0.557454893091765,0.521336307010767,"LAMP1",1
"GO:0051291","protein heterooligomerization","1/205","32/18860",0.03125,2.875,1.11278893986052,0.295325708995991,0.557454893091765,0.521336307010767,"PRPH2",1
"GO:0072525","pyridine-containing compound biosynthetic process","1/205","32/18860",0.03125,2.875,1.11278893986052,0.295325708995991,0.557454893091765,0.521336307010767,"KYNU",1
"GO:1902042","negative regulation of extrinsic apoptotic signaling pathway via death domain receptors","1/205","32/18860",0.03125,2.875,1.11278893986052,0.295325708995991,0.557454893091765,0.521336307010767,"SERPINE1",1
"GO:0009798","axis specification","2/205","100/18860",0.02,1.84,0.882879642892888,0.296437204882372,0.557454893091765,0.521336307010767,"RIPPLY1/VAX2",2
"GO:0042773","ATP synthesis coupled electron transport","2/205","100/18860",0.02,1.84,0.882879642892888,0.296437204882372,0.557454893091765,0.521336307010767,"COX6B1/NDUFB5",2
"GO:0042775","mitochondrial ATP synthesis coupled electron transport","2/205","100/18860",0.02,1.84,0.882879642892888,0.296437204882372,0.557454893091765,0.521336307010767,"COX6B1/NDUFB5",2
"GO:0046364","monosaccharide biosynthetic process","2/205","100/18860",0.02,1.84,0.882879642892888,0.296437204882372,0.557454893091765,0.521336307010767,"PFKFB1/PGM1",2
"GO:0051899","membrane depolarization","2/205","100/18860",0.02,1.84,0.882879642892888,0.296437204882372,0.557454893091765,0.521336307010767,"ADCY10/PPP2R3C",2
"GO:0140115","export across plasma membrane","2/205","100/18860",0.02,1.84,0.882879642892888,0.296437204882372,0.557454893091765,0.521336307010767,"DLG1/SLC30A2",2
"GO:0050670","regulation of lymphocyte proliferation","4/205","254/18860",0.015748031496063,1.4488188976378,0.754918587795828,0.298693986790727,0.558291820795218,0.522119008541528,"ARG2/CCL19/DLG1/TGFBR2",4
"GO:0007032","endosome organization","2/205","101/18860",0.0198019801980198,1.82178217821782,0.868062905004829,0.300452951460548,0.558291820795218,0.522119008541528,"SNX10/USP50",2
"GO:0048640","negative regulation of developmental growth","2/205","101/18860",0.0198019801980198,1.82178217821782,0.868062905004829,0.300452951460548,0.558291820795218,0.522119008541528,"CDK5/SOCS2",2
"GO:0002274","myeloid leukocyte activation","4/205","255/18860",0.0156862745098039,1.44313725490196,0.746847875936496,0.301133577172189,0.558291820795218,0.522119008541528,"GPR15LG/MT1G/STARD7/TGFBR2",4
"GO:0006814","sodium ion transport","4/205","255/18860",0.0156862745098039,1.44313725490196,0.746847875936496,0.301133577172189,0.558291820795218,0.522119008541528,"DLG1/KCNK1/SLC22A4/SLC6A8",4
"GO:0009913","epidermal cell differentiation","4/205","255/18860",0.0156862745098039,1.44313725490196,0.746847875936496,0.301133577172189,0.558291820795218,0.522119008541528,"HRNR/LORICRIN/MSX2/SULT2B1",4
"GO:0048738","cardiac muscle tissue development","4/205","255/18860",0.0156862745098039,1.44313725490196,0.746847875936496,0.301133577172189,0.558291820795218,0.522119008541528,"BMP2/MSX2/NEB/VEGFA",4
"GO:0006694","steroid biosynthetic process","3/205","177/18860",0.0169491525423729,1.55932203389831,0.783725339420325,0.30251003557935,0.558291820795218,0.522119008541528,"BMP2/SDR42E1/SERPINA6",3
"GO:0048592","eye morphogenesis","3/205","177/18860",0.0169491525423729,1.55932203389831,0.783725339420325,0.30251003557935,0.558291820795218,0.522119008541528,"RARG/VAX2/VEGFA",3
"GO:0045333","cellular respiration","5/205","336/18860",0.0148809523809524,1.36904761904762,0.715522499112791,0.302566297436228,0.558291820795218,0.522119008541528,"COX6B1/NDUFB5/PDK3/PFKFB1/PGM1",5
"GO:0001945","lymph vessel development","1/205","33/18860",0.0303030303030303,2.78787878787879,1.07756410110168,0.302998230222665,0.558291820795218,0.522119008541528,"VEGFA",1
"GO:0006308","DNA catabolic process","1/205","33/18860",0.0303030303030303,2.78787878787879,1.07756410110168,0.302998230222665,0.558291820795218,0.522119008541528,"TREX2",1
"GO:0007274","neuromuscular synaptic transmission","1/205","33/18860",0.0303030303030303,2.78787878787879,1.07756410110168,0.302998230222665,0.558291820795218,0.522119008541528,"EGR3",1
"GO:0030517","negative regulation of axon extension","1/205","33/18860",0.0303030303030303,2.78787878787879,1.07756410110168,0.302998230222665,0.558291820795218,0.522119008541528,"CDK5",1
"GO:0035020","regulation of Rac protein signal transduction","1/205","33/18860",0.0303030303030303,2.78787878787879,1.07756410110168,0.302998230222665,0.558291820795218,0.522119008541528,"CCL19",1
"GO:0035751","regulation of lysosomal lumen pH","1/205","33/18860",0.0303030303030303,2.78787878787879,1.07756410110168,0.302998230222665,0.558291820795218,0.522119008541528,"LAMP1",1
"GO:0036336","dendritic cell migration","1/205","33/18860",0.0303030303030303,2.78787878787879,1.07756410110168,0.302998230222665,0.558291820795218,0.522119008541528,"CCL19",1
"GO:0048710","regulation of astrocyte differentiation","1/205","33/18860",0.0303030303030303,2.78787878787879,1.07756410110168,0.302998230222665,0.558291820795218,0.522119008541528,"BMP2",1
"GO:0051450","myoblast proliferation","1/205","33/18860",0.0303030303030303,2.78787878787879,1.07756410110168,0.302998230222665,0.558291820795218,0.522119008541528,"SOX15",1
"GO:0051642","centrosome localization","1/205","33/18860",0.0303030303030303,2.78787878787879,1.07756410110168,0.302998230222665,0.558291820795218,0.522119008541528,"DLG1",1
"GO:0060292","long-term synaptic depression","1/205","33/18860",0.0303030303030303,2.78787878787879,1.07756410110168,0.302998230222665,0.558291820795218,0.522119008541528,"ARC",1
"GO:0061036","positive regulation of cartilage development","1/205","33/18860",0.0303030303030303,2.78787878787879,1.07756410110168,0.302998230222665,0.558291820795218,0.522119008541528,"BMP2",1
"GO:0061842","microtubule organizing center localization","1/205","33/18860",0.0303030303030303,2.78787878787879,1.07756410110168,0.302998230222665,0.558291820795218,0.522119008541528,"DLG1",1
"GO:0090022","regulation of neutrophil chemotaxis","1/205","33/18860",0.0303030303030303,2.78787878787879,1.07756410110168,0.302998230222665,0.558291820795218,0.522119008541528,"CCL19",1
"GO:0090313","regulation of protein targeting to membrane","1/205","33/18860",0.0303030303030303,2.78787878787879,1.07756410110168,0.302998230222665,0.558291820795218,0.522119008541528,"CDK5",1
"GO:1900227","positive regulation of NLRP3 inflammasome complex assembly","1/205","33/18860",0.0303030303030303,2.78787878787879,1.07756410110168,0.302998230222665,0.558291820795218,0.522119008541528,"USP50",1
"GO:1903955","positive regulation of protein targeting to mitochondrion","1/205","33/18860",0.0303030303030303,2.78787878787879,1.07756410110168,0.302998230222665,0.558291820795218,0.522119008541528,"ADCY10",1
"GO:1905207","regulation of cardiocyte differentiation","1/205","33/18860",0.0303030303030303,2.78787878787879,1.07756410110168,0.302998230222665,0.558291820795218,0.522119008541528,"BMP2",1
"GO:0001667","ameboidal-type cell migration","4/205","256/18860",0.015625,1.4375,0.738811264967051,0.303575540301235,0.558291820795218,0.522119008541528,"HAS2/TGFBR2/TNS1/VEGFA",4
"GO:0043549","regulation of kinase activity","4/205","256/18860",0.015625,1.4375,0.738811264967051,0.303575540301235,0.558291820795218,0.522119008541528,"CALCA/MMD2/NEDD9/TENM1",4
"GO:0002042","cell migration involved in sprouting angiogenesis","2/205","102/18860",0.0196078431372549,1.80392156862745,0.853412765520362,0.304464964650999,0.558291820795218,0.522119008541528,"EGR3/VEGFA",2
"GO:0006112","energy reserve metabolic process","2/205","102/18860",0.0196078431372549,1.80392156862745,0.853412765520362,0.304464964650999,0.558291820795218,0.522119008541528,"ADCY10/PHKA2",2
"GO:0010631","epithelial cell migration","2/205","102/18860",0.0196078431372549,1.80392156862745,0.853412765520362,0.304464964650999,0.558291820795218,0.522119008541528,"HAS2/TGFBR2",2
"GO:0022404","molting cycle process","2/205","102/18860",0.0196078431372549,1.80392156862745,0.853412765520362,0.304464964650999,0.558291820795218,0.522119008541528,"FOXE1/MSX2",2
"GO:0022405","hair cycle process","2/205","102/18860",0.0196078431372549,1.80392156862745,0.853412765520362,0.304464964650999,0.558291820795218,0.522119008541528,"FOXE1/MSX2",2
"GO:0046330","positive regulation of JNK cascade","2/205","102/18860",0.0196078431372549,1.80392156862745,0.853412765520362,0.304464964650999,0.558291820795218,0.522119008541528,"CCL19/CD27",2
"GO:0030900","forebrain development","6/205","419/18860",0.0143198090692124,1.31742243436754,0.688796655429167,0.30506132184927,0.558291820795218,0.522119008541528,"BMP2/CDK5/DLC1/NDNF/TYRO3/VAX2",6
"GO:0015748","organophosphate ester transport","3/205","178/18860",0.0168539325842697,1.55056179775281,0.773647318806338,0.30547776018502,0.558291820795218,0.522119008541528,"ADCY10/LRRC8C/PITPNB",3
"GO:0035264","multicellular organism growth","3/205","178/18860",0.0168539325842697,1.55056179775281,0.773647318806338,0.30547776018502,0.558291820795218,0.522119008541528,"RARG/SOCS2/WWTR1",3
"GO:0032944","regulation of mononuclear cell proliferation","4/205","258/18860",0.0155038759689922,1.42635658914729,0.72283911624214,0.308466134211662,0.558291820795218,0.522119008541528,"ARG2/CCL19/DLG1/TGFBR2",4
"GO:0006096","glycolytic process","2/205","103/18860",0.0194174757281553,1.78640776699029,0.838925414990583,0.30847285265674,0.558291820795218,0.522119008541528,"PFKFB1/PGM1",2
"GO:0034109","homotypic cell-cell adhesion","2/205","103/18860",0.0194174757281553,1.78640776699029,0.838925414990583,0.30847285265674,0.558291820795218,0.522119008541528,"F2RL3/TYRO3",2
"GO:0043648","dicarboxylic acid metabolic process","2/205","103/18860",0.0194174757281553,1.78640776699029,0.838925414990583,0.30847285265674,0.558291820795218,0.522119008541528,"AADAT/KYNU",2
"GO:2001237","negative regulation of extrinsic apoptotic signaling pathway","2/205","103/18860",0.0194174757281553,1.78640776699029,0.838925414990583,0.30847285265674,0.558291820795218,0.522119008541528,"IL19/SERPINE1",2
"GO:0070588","calcium ion transmembrane transport","5/205","339/18860",0.0147492625368732,1.35693215339233,0.695171468690289,0.30892814828455,0.558291820795218,0.522119008541528,"CACNA1E/CALCA/CCL19/ERO1A/F2RL3",5
"GO:0002825","regulation of T-helper 1 type immune response","1/205","34/18860",0.0294117647058824,2.70588235294118,1.04363381412921,0.310587615828675,0.558291820795218,0.522119008541528,"CCL19",1
"GO:0002828","regulation of type 2 immune response","1/205","34/18860",0.0294117647058824,2.70588235294118,1.04363381412921,0.310587615828675,0.558291820795218,0.522119008541528,"ARG2",1
"GO:0007628","adult walking behavior","1/205","34/18860",0.0294117647058824,2.70588235294118,1.04363381412921,0.310587615828675,0.558291820795218,0.522119008541528,"GBX1",1
"GO:0008053","mitochondrial fusion","1/205","34/18860",0.0294117647058824,2.70588235294118,1.04363381412921,0.310587615828675,0.558291820795218,0.522119008541528,"MFN1",1
"GO:0030212","hyaluronan metabolic process","1/205","34/18860",0.0294117647058824,2.70588235294118,1.04363381412921,0.310587615828675,0.558291820795218,0.522119008541528,"HAS2",1
"GO:0031069","hair follicle morphogenesis","1/205","34/18860",0.0294117647058824,2.70588235294118,1.04363381412921,0.310587615828675,0.558291820795218,0.522119008541528,"FOXE1",1
"GO:0034311","diol metabolic process","1/205","34/18860",0.0294117647058824,2.70588235294118,1.04363381412921,0.310587615828675,0.558291820795218,0.522119008541528,"QDPR",1
"GO:0034505","tooth mineralization","1/205","34/18860",0.0294117647058824,2.70588235294118,1.04363381412921,0.310587615828675,0.558291820795218,0.522119008541528,"MSX2",1
"GO:0042219","modified amino acid catabolic process","1/205","34/18860",0.0294117647058824,2.70588235294118,1.04363381412921,0.310587615828675,0.558291820795218,0.522119008541528,"DIO1",1
"GO:0042558","pteridine-containing compound metabolic process","1/205","34/18860",0.0294117647058824,2.70588235294118,1.04363381412921,0.310587615828675,0.558291820795218,0.522119008541528,"QDPR",1
"GO:0043406","positive regulation of MAP kinase activity","1/205","34/18860",0.0294117647058824,2.70588235294118,1.04363381412921,0.310587615828675,0.558291820795218,0.522119008541528,"TENM1",1
"GO:0045671","negative regulation of osteoclast differentiation","1/205","34/18860",0.0294117647058824,2.70588235294118,1.04363381412921,0.310587615828675,0.558291820795218,0.522119008541528,"CALCA",1
"GO:0046475","glycerophospholipid catabolic process","1/205","34/18860",0.0294117647058824,2.70588235294118,1.04363381412921,0.310587615828675,0.558291820795218,0.522119008541528,"PLA2G7",1
"GO:0050869","negative regulation of B cell activation","1/205","34/18860",0.0294117647058824,2.70588235294118,1.04363381412921,0.310587615828675,0.558291820795218,0.522119008541528,"TBC1D10C",1
"GO:0060603","mammary gland duct morphogenesis","1/205","34/18860",0.0294117647058824,2.70588235294118,1.04363381412921,0.310587615828675,0.558291820795218,0.522119008541528,"MSX2",1
"GO:0071498","cellular response to fluid shear stress","1/205","34/18860",0.0294117647058824,2.70588235294118,1.04363381412921,0.310587615828675,0.558291820795218,0.522119008541528,"HAS2",1
"GO:0086011","membrane repolarization during action potential","1/205","34/18860",0.0294117647058824,2.70588235294118,1.04363381412921,0.310587615828675,0.558291820795218,0.522119008541528,"DLG1",1
"GO:0098884","postsynaptic neurotransmitter receptor internalization","1/205","34/18860",0.0294117647058824,2.70588235294118,1.04363381412921,0.310587615828675,0.558291820795218,0.522119008541528,"ARC",1
"GO:0099590","neurotransmitter receptor internalization","1/205","34/18860",0.0294117647058824,2.70588235294118,1.04363381412921,0.310587615828675,0.558291820795218,0.522119008541528,"ARC",1
"GO:0120255","olefinic compound biosynthetic process","1/205","34/18860",0.0294117647058824,2.70588235294118,1.04363381412921,0.310587615828675,0.558291820795218,0.522119008541528,"BMP2",1
"GO:0140239","postsynaptic endocytosis","1/205","34/18860",0.0294117647058824,2.70588235294118,1.04363381412921,0.310587615828675,0.558291820795218,0.522119008541528,"ARC",1
"GO:0141087","positive regulation of inflammasome-mediated signaling pathway","1/205","34/18860",0.0294117647058824,2.70588235294118,1.04363381412921,0.310587615828675,0.558291820795218,0.522119008541528,"USP50",1
"GO:1902624","positive regulation of neutrophil migration","1/205","34/18860",0.0294117647058824,2.70588235294118,1.04363381412921,0.310587615828675,0.558291820795218,0.522119008541528,"CCL19",1
"GO:0030216","keratinocyte differentiation","3/205","180/18860",0.0166666666666667,1.53333333333333,0.753676855179383,0.311416832164446,0.559146746883993,0.522918542307242,"HRNR/LORICRIN/MSX2",3
"GO:0006754","ATP biosynthetic process","2/205","104/18860",0.0192307692307692,1.76923076923077,0.824597168910258,0.312476232554665,0.559146746883993,0.522918542307242,"ADCY10/NDUFB5",2
"GO:0021510","spinal cord development","2/205","104/18860",0.0192307692307692,1.76923076923077,0.824597168910258,0.312476232554665,0.559146746883993,0.522918542307242,"CHRD/GBX1",2
"GO:0032602","chemokine production","2/205","104/18860",0.0192307692307692,1.76923076923077,0.824597168910258,0.312476232554665,0.559146746883993,0.522918542307242,"APOD/ARG2",2
"GO:0032642","regulation of chemokine production","2/205","104/18860",0.0192307692307692,1.76923076923077,0.824597168910258,0.312476232554665,0.559146746883993,0.522918542307242,"APOD/ARG2",2
"GO:0032784","regulation of DNA-templated transcription elongation","2/205","104/18860",0.0192307692307692,1.76923076923077,0.824597168910258,0.312476232554665,0.559146746883993,0.522918542307242,"ELL/ELL2",2
"GO:0045824","negative regulation of innate immune response","2/205","104/18860",0.0192307692307692,1.76923076923077,0.824597168910258,0.312476232554665,0.559146746883993,0.522918542307242,"EIF4E2/TYRO3",2
"GO:0017015","regulation of transforming growth factor beta receptor signaling pathway","3/205","181/18860",0.0165745856353591,1.52486187845304,0.743782816839324,0.314387801945487,0.561582212534059,0.525196209403884,"BMP2/EID2/MIR490",3
"GO:0040013","negative regulation of locomotion","6/205","424/18860",0.0141509433962264,1.30188679245283,0.659071186955911,0.314563570906018,0.561582212534059,0.525196209403884,"APOD/CHRD/DLC1/NEDD9/PIP5KL1/SERPINE1",6
"GO:0001841","neural tube formation","2/205","105/18860",0.019047619047619,1.75238095238095,0.810424462435576,0.316474730150569,0.561582212534059,0.525196209403884,"DLC1/RARG",2
"GO:0010906","regulation of glucose metabolic process","2/205","105/18860",0.019047619047619,1.75238095238095,0.810424462435576,0.316474730150569,0.561582212534059,0.525196209403884,"ADCY10/PDK3",2
"GO:0032637","interleukin-8 production","2/205","105/18860",0.019047619047619,1.75238095238095,0.810424462435576,0.316474730150569,0.561582212534059,0.525196209403884,"CALCA/SERPINE1",2
"GO:0032677","regulation of interleukin-8 production","2/205","105/18860",0.019047619047619,1.75238095238095,0.810424462435576,0.316474730150569,0.561582212534059,0.525196209403884,"CALCA/SERPINE1",2
"GO:0034308","primary alcohol metabolic process","2/205","105/18860",0.019047619047619,1.75238095238095,0.810424462435576,0.316474730150569,0.561582212534059,0.525196209403884,"BMP2/CYP3A5",2
"GO:0070167","regulation of biomineral tissue development","2/205","105/18860",0.019047619047619,1.75238095238095,0.810424462435576,0.316474730150569,0.561582212534059,0.525196209403884,"BMP2/OSR2",2
"GO:0070664","negative regulation of leukocyte proliferation","2/205","105/18860",0.019047619047619,1.75238095238095,0.810424462435576,0.316474730150569,0.561582212534059,0.525196209403884,"ARG2/DLG1",2
"GO:0090132","epithelium migration","2/205","105/18860",0.019047619047619,1.75238095238095,0.810424462435576,0.316474730150569,0.561582212534059,0.525196209403884,"HAS2/TGFBR2",2
"GO:0097006","regulation of plasma lipoprotein particle levels","2/205","105/18860",0.019047619047619,1.75238095238095,0.810424462435576,0.316474730150569,0.561582212534059,0.525196209403884,"IL19/PLA2G7",2
"GO:0022409","positive regulation of cell-cell adhesion","5/205","343/18860",0.0145772594752187,1.34110787172012,0.668331794900751,0.31744037508875,0.561582212534059,0.525196209403884,"CCL19/CD27/EGR3/HAS2/TGFBR2",5
"GO:0002431","Fc receptor mediated stimulatory signaling pathway","1/205","35/18860",0.0285714285714286,2.62857142857143,1.01090879545022,0.318094762262072,0.561582212534059,0.525196209403884,"LIMK1",1
"GO:0010661","positive regulation of muscle cell apoptotic process","1/205","35/18860",0.0285714285714286,2.62857142857143,1.01090879545022,0.318094762262072,0.561582212534059,0.525196209403884,"ADCY10",1
"GO:0031128","developmental induction","1/205","35/18860",0.0285714285714286,2.62857142857143,1.01090879545022,0.318094762262072,0.561582212534059,0.525196209403884,"BMP2",1
"GO:0040020","regulation of meiotic nuclear division","1/205","35/18860",0.0285714285714286,2.62857142857143,1.01090879545022,0.318094762262072,0.561582212534059,0.525196209403884,"MSX2",1
"GO:0045684","positive regulation of epidermis development","1/205","35/18860",0.0285714285714286,2.62857142857143,1.01090879545022,0.318094762262072,0.561582212534059,0.525196209403884,"SULT2B1",1
"GO:0051281","positive regulation of release of sequestered calcium ion into cytosol","1/205","35/18860",0.0285714285714286,2.62857142857143,1.01090879545022,0.318094762262072,0.561582212534059,0.525196209403884,"F2RL3",1
"GO:0062125","regulation of mitochondrial gene expression","1/205","35/18860",0.0285714285714286,2.62857142857143,1.01090879545022,0.318094762262072,0.561582212534059,0.525196209403884,"FASTKD2",1
"GO:0071634","regulation of transforming growth factor beta production","1/205","35/18860",0.0285714285714286,2.62857142857143,1.01090879545022,0.318094762262072,0.561582212534059,0.525196209403884,"WNT11",1
"GO:0110110","positive regulation of animal organ morphogenesis","1/205","35/18860",0.0285714285714286,2.62857142857143,1.01090879545022,0.318094762262072,0.561582212534059,0.525196209403884,"BMP2",1
"GO:0007519","skeletal muscle tissue development","3/205","183/18860",0.0163934426229508,1.50819672131148,0.724173249794646,0.320331679374301,0.562545186404572,0.526096790325537,"CDK5/ERO1A/NPHS1",3
"GO:0043409","negative regulation of MAPK cascade","3/205","183/18860",0.0163934426229508,1.50819672131148,0.724173249794646,0.320331679374301,0.562545186404572,0.526096790325537,"DLG1/DUSP6/TBC1D10C",3
"GO:0060041","retina development in camera-type eye","3/205","183/18860",0.0163934426229508,1.50819672131148,0.724173249794646,0.320331679374301,0.562545186404572,0.526096790325537,"NPHP4/PRPH2/VAX2",3
"GO:0006721","terpenoid metabolic process","2/205","106/18860",0.0188679245283019,1.73584905660377,0.796403845373823,0.320467979836251,0.562545186404572,0.526096790325537,"CYP3A5/UGT1A7",2
"GO:0006885","regulation of pH","2/205","106/18860",0.0188679245283019,1.73584905660377,0.796403845373823,0.320467979836251,0.562545186404572,0.526096790325537,"LAMP1/SLC26A4",2
"GO:0019364","pyridine nucleotide catabolic process","2/205","106/18860",0.0188679245283019,1.73584905660377,0.796403845373823,0.320467979836251,0.562545186404572,0.526096790325537,"PFKFB1/PGM1",2
"GO:0035279","miRNA-mediated gene silencing by mRNA destabilization","2/205","106/18860",0.0188679245283019,1.73584905660377,0.796403845373823,0.320467979836251,0.562545186404572,0.526096790325537,"DCAF12/MIR20B",2
"GO:0046032","ADP catabolic process","2/205","106/18860",0.0188679245283019,1.73584905660377,0.796403845373823,0.320467979836251,0.562545186404572,0.526096790325537,"PFKFB1/PGM1",2
"GO:0048534","hematopoietic or lymphoid organ development","2/205","106/18860",0.0188679245283019,1.73584905660377,0.796403845373823,0.320467979836251,0.562545186404572,0.526096790325537,"FOXE1/PPP2R3C",2
"GO:0019730","antimicrobial humoral response","3/205","184/18860",0.016304347826087,1.5,0.714456213072865,0.323304220853757,0.56680550111703,0.530081070966753,"CALCA/CCL19/PPP2R3C",3
"GO:1903844","regulation of cellular response to transforming growth factor beta stimulus","3/205","184/18860",0.016304347826087,1.5,0.714456213072865,0.323304220853757,0.56680550111703,0.530081070966753,"BMP2/EID2/MIR490",3
"GO:0051251","positive regulation of lymphocyte activation","5/205","346/18860",0.0144508670520231,1.32947976878613,0.648418364355364,0.323844294166727,0.567101849744695,0.530358218590801,"CCL19/CD27/EGR3/PPP2R3C/TGFBR2",5
"GO:0006942","regulation of striated muscle contraction","2/205","107/18860",0.0186915887850467,1.7196261682243,0.782531977428511,0.324455624448663,0.567101849744695,0.530358218590801,"ADCY10/DLG1",2
"GO:0008585","female gonad development","2/205","107/18860",0.0186915887850467,1.7196261682243,0.782531977428511,0.324455624448663,0.567101849744695,0.530358218590801,"MMP19/VEGFA",2
"GO:0030101","natural killer cell activation","2/205","107/18860",0.0186915887850467,1.7196261682243,0.782531977428511,0.324455624448663,0.567101849744695,0.530358218590801,"LAMP1/TYRO3",2
"GO:0000154","rRNA modification","1/205","36/18860",0.0277777777777778,2.55555555555556,0.979308341278742,0.325520556351648,0.567101849744695,0.530358218590801,"MRM1",1
"GO:0001782","B cell homeostasis","1/205","36/18860",0.0277777777777778,2.55555555555556,0.979308341278742,0.325520556351648,0.567101849744695,0.530358218590801,"PPP2R3C",1
"GO:0006298","mismatch repair","1/205","36/18860",0.0277777777777778,2.55555555555556,0.979308341278742,0.325520556351648,0.567101849744695,0.530358218590801,"MCM9",1
"GO:0006536","glutamate metabolic process","1/205","36/18860",0.0277777777777778,2.55555555555556,0.979308341278742,0.325520556351648,0.567101849744695,0.530358218590801,"AADAT",1
"GO:0071392","cellular response to estradiol stimulus","1/205","36/18860",0.0277777777777778,2.55555555555556,0.979308341278742,0.325520556351648,0.567101849744695,0.530358218590801,"MSX2",1
"GO:1904893","negative regulation of receptor signaling pathway via STAT","1/205","36/18860",0.0277777777777778,2.55555555555556,0.979308341278742,0.325520556351648,0.567101849744695,0.530358218590801,"SOCS2",1
"GO:0042325","regulation of phosphorylation","6/205","431/18860",0.0139211136890951,1.28074245939675,0.618065474481477,0.32794606393024,0.568457752703294,0.531626269961165,"BMP2/CALCA/MMD2/NEDD9/TENM1/VEGFA",6
"GO:0090257","regulation of muscle system process","4/205","266/18860",0.0150375939849624,1.38345864661654,0.660254810723267,0.328101148704916,0.568457752703294,0.531626269961165,"ADCY10/CALCA/DAPK3/DLG1",4
"GO:0002709","regulation of T cell mediated immunity","2/205","108/18860",0.0185185185185185,1.7037037037037,0.768805623684677,0.328437315131083,0.568457752703294,0.531626269961165,"CD1C/CD1E",2
"GO:0010586","miRNA metabolic process","2/205","108/18860",0.0185185185185185,1.7037037037037,0.768805623684677,0.328437315131083,0.568457752703294,0.531626269961165,"BMP2/VEGFA",2
"GO:0032526","response to retinoic acid","2/205","108/18860",0.0185185185185185,1.7037037037037,0.768805623684677,0.328437315131083,0.568457752703294,0.531626269961165,"RARG/WNT11",2
"GO:0042102","positive regulation of T cell proliferation","2/205","108/18860",0.0185185185185185,1.7037037037037,0.768805623684677,0.328437315131083,0.568457752703294,0.531626269961165,"CCL19/TGFBR2",2
"GO:0050870","positive regulation of T cell activation","4/205","267/18860",0.0149812734082397,1.37827715355805,0.652573813692034,0.330561897839556,0.568457752703294,0.531626269961165,"CCL19/CD27/EGR3/TGFBR2",4
"GO:0006486","protein glycosylation","3/205","187/18860",0.0160427807486631,1.47593582887701,0.685647329555696,0.332222099442161,0.568457752703294,0.531626269961165,"MGAT3/ST6GALNAC3/STT3B",3
"GO:0035725","sodium ion transmembrane transport","3/205","187/18860",0.0160427807486631,1.47593582887701,0.685647329555696,0.332222099442161,0.568457752703294,0.531626269961165,"DLG1/KCNK1/SLC6A8",3
"GO:0043413","macromolecule glycosylation","3/205","187/18860",0.0160427807486631,1.47593582887701,0.685647329555696,0.332222099442161,0.568457752703294,0.531626269961165,"MGAT3/ST6GALNAC3/STT3B",3
"GO:0009137","purine nucleoside diphosphate catabolic process","2/205","109/18860",0.018348623853211,1.68807339449541,0.755221650320106,0.332412711196283,0.568457752703294,0.531626269961165,"PFKFB1/PGM1",2
"GO:0009181","purine ribonucleoside diphosphate catabolic process","2/205","109/18860",0.018348623853211,1.68807339449541,0.755221650320106,0.332412711196283,0.568457752703294,0.531626269961165,"PFKFB1/PGM1",2
"GO:0050829","defense response to Gram-negative bacterium","2/205","109/18860",0.018348623853211,1.68807339449541,0.755221650320106,0.332412711196283,0.568457752703294,0.531626269961165,"CALCA/SERPINE1",2
"GO:0072526","pyridine-containing compound catabolic process","2/205","109/18860",0.018348623853211,1.68807339449541,0.755221650320106,0.332412711196283,0.568457752703294,0.531626269961165,"PFKFB1/PGM1",2
"GO:0003161","cardiac conduction system development","1/205","37/18860",0.027027027027027,2.48648648648649,0.948759287850972,0.332865875409654,0.568457752703294,0.531626269961165,"MSX2",1
"GO:0007035","vacuolar acidification","1/205","37/18860",0.027027027027027,2.48648648648649,0.948759287850972,0.332865875409654,0.568457752703294,0.531626269961165,"LAMP1",1
"GO:0007616","long-term memory","1/205","37/18860",0.027027027027027,2.48648648648649,0.948759287850972,0.332865875409654,0.568457752703294,0.531626269961165,"ARC",1
"GO:0017145","stem cell division","1/205","37/18860",0.027027027027027,2.48648648648649,0.948759287850972,0.332865875409654,0.568457752703294,0.531626269961165,"WWTR1",1
"GO:0021884","forebrain neuron development","1/205","37/18860",0.027027027027027,2.48648648648649,0.948759287850972,0.332865875409654,0.568457752703294,0.531626269961165,"NDNF",1
"GO:0032350","regulation of hormone metabolic process","1/205","37/18860",0.027027027027027,2.48648648648649,0.948759287850972,0.332865875409654,0.568457752703294,0.531626269961165,"BMP2",1
"GO:0045939","negative regulation of steroid metabolic process","1/205","37/18860",0.027027027027027,2.48648648648649,0.948759287850972,0.332865875409654,0.568457752703294,0.531626269961165,"BMP2",1
"GO:0046825","regulation of protein export from nucleus","1/205","37/18860",0.027027027027027,2.48648648648649,0.948759287850972,0.332865875409654,0.568457752703294,0.531626269961165,"CDK5",1
"GO:0055075","potassium ion homeostasis","1/205","37/18860",0.027027027027027,2.48648648648649,0.948759287850972,0.332865875409654,0.568457752703294,0.531626269961165,"KCTD7",1
"GO:0060218","hematopoietic stem cell differentiation","1/205","37/18860",0.027027027027027,2.48648648648649,0.948759287850972,0.332865875409654,0.568457752703294,0.531626269961165,"PUS7",1
"GO:0071676","negative regulation of mononuclear cell migration","1/205","37/18860",0.027027027027027,2.48648648648649,0.948759287850972,0.332865875409654,0.568457752703294,0.531626269961165,"APOD",1
"GO:0072344","rescue of stalled ribosome","1/205","37/18860",0.027027027027027,2.48648648648649,0.948759287850972,0.332865875409654,0.568457752703294,0.531626269961165,"EIF4E2",1
"GO:0090050","positive regulation of cell migration involved in sprouting angiogenesis","1/205","37/18860",0.027027027027027,2.48648648648649,0.948759287850972,0.332865875409654,0.568457752703294,0.531626269961165,"VEGFA",1
"GO:0090183","regulation of kidney development","1/205","37/18860",0.027027027027027,2.48648648648649,0.948759287850972,0.332865875409654,0.568457752703294,0.531626269961165,"VEGFA",1
"GO:0150117","positive regulation of cell-substrate junction organization","1/205","37/18860",0.027027027027027,2.48648648648649,0.948759287850972,0.332865875409654,0.568457752703294,0.531626269961165,"VEGFA",1
"GO:1900746","regulation of vascular endothelial growth factor signaling pathway","1/205","37/18860",0.027027027027027,2.48648648648649,0.948759287850972,0.332865875409654,0.568457752703294,0.531626269961165,"VEGFA",1
"GO:1903749","positive regulation of establishment of protein localization to mitochondrion","1/205","37/18860",0.027027027027027,2.48648648648649,0.948759287850972,0.332865875409654,0.568457752703294,0.531626269961165,"ADCY10",1
"GO:2000515","negative regulation of CD4-positive, alpha-beta T cell activation","1/205","37/18860",0.027027027027027,2.48648648648649,0.948759287850972,0.332865875409654,0.568457752703294,0.531626269961165,"ARG2",1
"GO:0007254","JNK cascade","3/205","188/18860",0.0159574468085106,1.46808510638298,0.676156087311589,0.335194222362613,0.571018129644359,0.534020755103465,"CCL19/CD27/NPHS1",3
"GO:0003341","cilium movement","4/205","269/18860",0.0148698884758364,1.36802973977695,0.637303514195461,0.335486467047177,0.571018129644359,0.534020755103465,"ADCY10/KATNIP/NPHP4/STARD7",4
"GO:0014812","muscle cell migration","2/205","110/18860",0.0181818181818182,1.67272727272727,0.74177702052918,0.336381479991671,0.571018129644359,0.534020755103465,"HAS2/SERPINE1",2
"GO:0090130","tissue migration","2/205","110/18860",0.0181818181818182,1.67272727272727,0.74177702052918,0.336381479991671,0.571018129644359,0.534020755103465,"HAS2/TGFBR2",2
"GO:1990830","cellular response to leukemia inhibitory factor","2/205","110/18860",0.0181818181818182,1.67272727272727,0.74177702052918,0.336381479991671,0.571018129644359,0.534020755103465,"RARG/SNX10",2
"GO:0016042","lipid catabolic process","5/205","352/18860",0.0142045454545455,1.30681818181818,0.609131855818394,0.336694434426052,0.571018129644359,0.534020755103465,"CYP4A11/CYP4F12/GBA2/PLA2G7/SLC27A2",5
"GO:0002717","positive regulation of natural killer cell mediated immunity","1/205","38/18860",0.0263157894736842,2.42105263157895,0.919195122220291,0.340131587333419,0.571018129644359,0.534020755103465,"LAMP1",1
"GO:0006023","aminoglycan biosynthetic process","1/205","38/18860",0.0263157894736842,2.42105263157895,0.919195122220291,0.340131587333419,0.571018129644359,0.534020755103465,"HAS2",1
"GO:0008207","C21-steroid hormone metabolic process","1/205","38/18860",0.0263157894736842,2.42105263157895,0.919195122220291,0.340131587333419,0.571018129644359,0.534020755103465,"BMP2",1
"GO:0010613","positive regulation of cardiac muscle hypertrophy","1/205","38/18860",0.0263157894736842,2.42105263157895,0.919195122220291,0.340131587333419,0.571018129644359,0.534020755103465,"ADCY10",1
"GO:0010984","regulation of lipoprotein particle clearance","1/205","38/18860",0.0263157894736842,2.42105263157895,0.919195122220291,0.340131587333419,0.571018129644359,0.534020755103465,"IL19",1
"GO:0021696","cerebellar cortex morphogenesis","1/205","38/18860",0.0263157894736842,2.42105263157895,0.919195122220291,0.340131587333419,0.571018129644359,0.534020755103465,"CDK5",1
"GO:0032414","positive regulation of ion transmembrane transporter activity","1/205","38/18860",0.0263157894736842,2.42105263157895,0.919195122220291,0.340131587333419,0.571018129644359,0.534020755103465,"CTSS",1
"GO:0035909","aorta morphogenesis","1/205","38/18860",0.0263157894736842,2.42105263157895,0.919195122220291,0.340131587333419,0.571018129644359,0.534020755103465,"TGFBR2",1
"GO:0036314","response to sterol","1/205","38/18860",0.0263157894736842,2.42105263157895,0.919195122220291,0.340131587333419,0.571018129644359,0.534020755103465,"TGFBR2",1
"GO:0038094","Fc-gamma receptor signaling pathway","1/205","38/18860",0.0263157894736842,2.42105263157895,0.919195122220291,0.340131587333419,0.571018129644359,0.534020755103465,"LIMK1",1
"GO:0043268","positive regulation of potassium ion transport","1/205","38/18860",0.0263157894736842,2.42105263157895,0.919195122220291,0.340131587333419,0.571018129644359,0.534020755103465,"DLG1",1
"GO:0045920","negative regulation of exocytosis","1/205","38/18860",0.0263157894736842,2.42105263157895,0.919195122220291,0.340131587333419,0.571018129644359,0.534020755103465,"CDK5",1
"GO:0048730","epidermis morphogenesis","1/205","38/18860",0.0263157894736842,2.42105263157895,0.919195122220291,0.340131587333419,0.571018129644359,0.534020755103465,"FOXE1",1
"GO:0051602","response to electrical stimulus","1/205","38/18860",0.0263157894736842,2.42105263157895,0.919195122220291,0.340131587333419,0.571018129644359,0.534020755103465,"NSMF",1
"GO:0071539","protein localization to centrosome","1/205","38/18860",0.0263157894736842,2.42105263157895,0.919195122220291,0.340131587333419,0.571018129644359,0.534020755103465,"SNX10",1
"GO:0086005","ventricular cardiac muscle cell action potential","1/205","38/18860",0.0263157894736842,2.42105263157895,0.919195122220291,0.340131587333419,0.571018129644359,0.534020755103465,"DLG1",1
"GO:0099633","protein localization to postsynaptic specialization membrane","1/205","38/18860",0.0263157894736842,2.42105263157895,0.919195122220291,0.340131587333419,0.571018129644359,0.534020755103465,"DLG1",1
"GO:0099645","neurotransmitter receptor localization to postsynaptic specialization membrane","1/205","38/18860",0.0263157894736842,2.42105263157895,0.919195122220291,0.340131587333419,0.571018129644359,0.534020755103465,"DLG1",1
"GO:1905332","positive regulation of morphogenesis of an epithelium","1/205","38/18860",0.0263157894736842,2.42105263157895,0.919195122220291,0.340131587333419,0.571018129644359,0.534020755103465,"VEGFA",1
"GO:0003333","amino acid transmembrane transport","2/205","111/18860",0.018018018018018,1.65765765765766,0.728468790646989,0.340343296766367,0.571018129644359,0.534020755103465,"LRRC8C/SLC22A4",2
"GO:0045639","positive regulation of myeloid cell differentiation","2/205","111/18860",0.018018018018018,1.65765765765766,0.728468790646989,0.340343296766367,0.571018129644359,0.534020755103465,"CALCA/NEDD9",2
"GO:0046545","development of primary female sexual characteristics","2/205","111/18860",0.018018018018018,1.65765765765766,0.728468790646989,0.340343296766367,0.571018129644359,0.534020755103465,"MMP19/VEGFA",2
"GO:0090398","cellular senescence","2/205","111/18860",0.018018018018018,1.65765765765766,0.728468790646989,0.340343296766367,0.571018129644359,0.534020755103465,"ARG2/MIR20B",2
"GO:0051302","regulation of cell division","3/205","190/18860",0.0157894736842105,1.45263157894737,0.65733707185552,0.341136674979228,0.572002778264202,0.534941606425309,"GPR15LG/PDGFC/VEGFA",3
"GO:0006816","calcium ion transport","6/205","439/18860",0.0136674259681093,1.25740318906606,0.572042394892693,0.343332739730852,0.572857132521206,0.535740605409343,"CACNA1E/CALCA/CCL19/CDK5/ERO1A/F2RL3",6
"GO:0045766","positive regulation of angiogenesis","3/205","191/18860",0.0157068062827225,1.44502617801047,0.64800797140545,0.344106665261441,0.572857132521206,0.535740605409343,"SERPINE1/TGFBR2/VEGFA",3
"GO:0006641","triglyceride metabolic process","2/205","112/18860",0.0178571428571429,1.64285714285714,0.715294106462121,0.344297844540208,0.572857132521206,0.535740605409343,"AGMO/SLC22A4",2
"GO:0009191","ribonucleoside diphosphate catabolic process","2/205","112/18860",0.0178571428571429,1.64285714285714,0.715294106462121,0.344297844540208,0.572857132521206,0.535740605409343,"PFKFB1/PGM1",2
"GO:0046031","ADP metabolic process","2/205","112/18860",0.0178571428571429,1.64285714285714,0.715294106462121,0.344297844540208,0.572857132521206,0.535740605409343,"PFKFB1/PGM1",2
"GO:1990823","response to leukemia inhibitory factor","2/205","112/18860",0.0178571428571429,1.64285714285714,0.715294106462121,0.344297844540208,0.572857132521206,0.535740605409343,"RARG/SNX10",2
"GO:1902600","proton transmembrane transport","3/205","192/18860",0.015625,1.4375,0.638731610496717,0.347075608433071,0.572857132521206,0.535740605409343,"COX6B1/LAMP1/NDUFB5",3
"GO:0003180","aortic valve morphogenesis","1/205","39/18860",0.0256410256410256,2.35897435897436,0.890555218404179,0.34731855070589,0.572857132521206,0.535740605409343,"TGFBR2",1
"GO:0006516","glycoprotein catabolic process","1/205","39/18860",0.0256410256410256,2.35897435897436,0.890555218404179,0.34731855070589,0.572857132521206,0.535740605409343,"STT3B",1
"GO:0014742","positive regulation of muscle hypertrophy","1/205","39/18860",0.0256410256410256,2.35897435897436,0.890555218404179,0.34731855070589,0.572857132521206,0.535740605409343,"ADCY10",1
"GO:0023019","signal transduction involved in regulation of gene expression","1/205","39/18860",0.0256410256410256,2.35897435897436,0.890555218404179,0.34731855070589,0.572857132521206,0.535740605409343,"MSX2",1
"GO:0030866","cortical actin cytoskeleton organization","1/205","39/18860",0.0256410256410256,2.35897435897436,0.890555218404179,0.34731855070589,0.572857132521206,0.535740605409343,"DLG1",1
"GO:0032147","activation of protein kinase activity","1/205","39/18860",0.0256410256410256,2.35897435897436,0.890555218404179,0.34731855070589,0.572857132521206,0.535740605409343,"CALCA",1
"GO:0034391","regulation of smooth muscle cell apoptotic process","1/205","39/18860",0.0256410256410256,2.35897435897436,0.890555218404179,0.34731855070589,0.572857132521206,0.535740605409343,"ADCY10",1
"GO:0034694","response to prostaglandin","1/205","39/18860",0.0256410256410256,2.35897435897436,0.890555218404179,0.34731855070589,0.572857132521206,0.535740605409343,"CCL19",1
"GO:0035633","maintenance of blood-brain barrier","1/205","39/18860",0.0256410256410256,2.35897435897436,0.890555218404179,0.34731855070589,0.572857132521206,0.535740605409343,"VEGFA",1
"GO:0042044","fluid transport","1/205","39/18860",0.0256410256410256,2.35897435897436,0.890555218404179,0.34731855070589,0.572857132521206,0.535740605409343,"HAS2",1
"GO:0042462","eye photoreceptor cell development","1/205","39/18860",0.0256410256410256,2.35897435897436,0.890555218404179,0.34731855070589,0.572857132521206,0.535740605409343,"VEGFA",1
"GO:0043372","positive regulation of CD4-positive, alpha-beta T cell differentiation","1/205","39/18860",0.0256410256410256,2.35897435897436,0.890555218404179,0.34731855070589,0.572857132521206,0.535740605409343,"CCL19",1
"GO:0043516","regulation of DNA damage response, signal transduction by p53 class mediator","1/205","39/18860",0.0256410256410256,2.35897435897436,0.890555218404179,0.34731855070589,0.572857132521206,0.535740605409343,"COPS3",1
"GO:0048384","retinoic acid receptor signaling pathway","1/205","39/18860",0.0256410256410256,2.35897435897436,0.890555218404179,0.34731855070589,0.572857132521206,0.535740605409343,"RARG",1
"GO:0070316","regulation of G0 to G1 transition","1/205","39/18860",0.0256410256410256,2.35897435897436,0.890555218404179,0.34731855070589,0.572857132521206,0.535740605409343,"SOX15",1
"GO:0070884","regulation of calcineurin-NFAT signaling cascade","1/205","39/18860",0.0256410256410256,2.35897435897436,0.890555218404179,0.34731855070589,0.572857132521206,0.535740605409343,"TBC1D10C",1
"GO:0071604","transforming growth factor beta production","1/205","39/18860",0.0256410256410256,2.35897435897436,0.890555218404179,0.34731855070589,0.572857132521206,0.535740605409343,"WNT11",1
"GO:1902547","regulation of cellular response to vascular endothelial growth factor stimulus","1/205","39/18860",0.0256410256410256,2.35897435897436,0.890555218404179,0.34731855070589,0.572857132521206,0.535740605409343,"VEGFA",1
"GO:1903580","positive regulation of ATP metabolic process","1/205","39/18860",0.0256410256410256,2.35897435897436,0.890555218404179,0.34731855070589,0.572857132521206,0.535740605409343,"ADCY10",1
"GO:1905508","protein localization to microtubule organizing center","1/205","39/18860",0.0256410256410256,2.35897435897436,0.890555218404179,0.34731855070589,0.572857132521206,0.535740605409343,"SNX10",1
"GO:0070482","response to oxygen levels","5/205","357/18860",0.0140056022408964,1.28851540616247,0.576926750328611,0.347436816835966,0.572857132521206,0.535740605409343,"BMP2/ERO1A/NDNF/PDK3/VEGFA",5
"GO:0032355","response to estradiol","2/205","113/18860",0.0176991150442478,1.6283185840708,0.702250199707352,0.34824481397463,0.573847789833269,0.53666707610856,"MSX2/SOCS2",2
"GO:0019216","regulation of lipid metabolic process","5/205","358/18860",0.0139664804469274,1.28491620111732,0.570542438846209,0.349588151548593,0.575718894048515,0.538416947844725,"APOD/BMP2/PDK3/UGT1A4/UGT1A7",5
"GO:0009410","response to xenobiotic stimulus","6/205","443/18860",0.0135440180586907,1.24604966139955,0.549355940149148,0.351055180449711,0.577169014261877,0.539773111950781,"CYP3A5/CYP4F12/DUSP6/SLC28A2/TGFBR2/UGT1A7",6
"GO:0006664","glycolipid metabolic process","2/205","114/18860",0.0175438596491228,1.6140350877193,0.689334384718143,0.352183903245432,0.577169014261877,0.539773111950781,"GBA2/ST6GALNAC3",2
"GO:0002699","positive regulation of immune effector process","4/205","276/18860",0.0144927536231884,1.33333333333333,0.584793210809464,0.352743774926944,0.577169014261877,0.539773111950781,"CCL19/CD1C/CD1E/LAMP1",4
"GO:0031099","regeneration","3/205","194/18860",0.0154639175257732,1.42268041237113,0.620334579382951,0.353009695608611,0.577169014261877,0.539773111950781,"APOD/SLC22A4/SOX15",3
"GO:0043270","positive regulation of monoatomic ion transport","3/205","194/18860",0.0154639175257732,1.42268041237113,0.620334579382951,0.353009695608611,0.577169014261877,0.539773111950781,"CTSS/DLG1/F2RL3",3
"GO:0006688","glycosphingolipid biosynthetic process","1/205","40/18860",0.025,2.3,0.862784178480754,0.354427614895109,0.577169014261877,0.539773111950781,"ST6GALNAC3",1
"GO:0006766","vitamin metabolic process","1/205","40/18860",0.025,2.3,0.862784178480754,0.354427614895109,0.577169014261877,0.539773111950781,"CYP4F12",1
"GO:0014912","negative regulation of smooth muscle cell migration","1/205","40/18860",0.025,2.3,0.862784178480754,0.354427614895109,0.577169014261877,0.539773111950781,"SERPINE1",1
"GO:0030513","positive regulation of BMP signaling pathway","1/205","40/18860",0.025,2.3,0.862784178480754,0.354427614895109,0.577169014261877,0.539773111950781,"MSX2",1
"GO:0031076","embryonic camera-type eye development","1/205","40/18860",0.025,2.3,0.862784178480754,0.354427614895109,0.577169014261877,0.539773111950781,"RARG",1
"GO:0032885","regulation of polysaccharide biosynthetic process","1/205","40/18860",0.025,2.3,0.862784178480754,0.354427614895109,0.577169014261877,0.539773111950781,"HAS2",1
"GO:0034383","low-density lipoprotein particle clearance","1/205","40/18860",0.025,2.3,0.862784178480754,0.354427614895109,0.577169014261877,0.539773111950781,"IL19",1
"GO:0034390","smooth muscle cell apoptotic process","1/205","40/18860",0.025,2.3,0.862784178480754,0.354427614895109,0.577169014261877,0.539773111950781,"ADCY10",1
"GO:0045124","regulation of bone resorption","1/205","40/18860",0.025,2.3,0.862784178480754,0.354427614895109,0.577169014261877,0.539773111950781,"CALCA",1
"GO:0046688","response to copper ion","1/205","40/18860",0.025,2.3,0.862784178480754,0.354427614895109,0.577169014261877,0.539773111950781,"MT1G",1
"GO:0050858","negative regulation of antigen receptor-mediated signaling pathway","1/205","40/18860",0.025,2.3,0.862784178480754,0.354427614895109,0.577169014261877,0.539773111950781,"LPXN",1
"GO:0090659","walking behavior","1/205","40/18860",0.025,2.3,0.862784178480754,0.354427614895109,0.577169014261877,0.539773111950781,"GBX1",1
"GO:0106056","regulation of calcineurin-mediated signaling","1/205","40/18860",0.025,2.3,0.862784178480754,0.354427614895109,0.577169014261877,0.539773111950781,"TBC1D10C",1
"GO:1900117","regulation of execution phase of apoptosis","1/205","40/18860",0.025,2.3,0.862784178480754,0.354427614895109,0.577169014261877,0.539773111950781,"DLC1",1
"GO:1904018","positive regulation of vasculature development","3/205","195/18860",0.0153846153846154,1.41538461538462,0.611212672656711,0.355974515454852,0.578556038493314,0.541070268186223,"SERPINE1/TGFBR2/VEGFA",3
"GO:0009206","purine ribonucleoside triphosphate biosynthetic process","2/205","115/18860",0.0173913043478261,1.6,0.676544055249511,0.356114817917365,0.578556038493314,0.541070268186223,"ADCY10/NDUFB5",2
"GO:0022904","respiratory electron transport chain","2/205","115/18860",0.0173913043478261,1.6,0.676544055249511,0.356114817917365,0.578556038493314,0.541070268186223,"COX6B1/NDUFB5",2
"GO:1903509","liposaccharide metabolic process","2/205","115/18860",0.0173913043478261,1.6,0.676544055249511,0.356114817917365,0.578556038493314,0.541070268186223,"GBA2/ST6GALNAC3",2
"GO:0009145","purine nucleoside triphosphate biosynthetic process","2/205","116/18860",0.0172413793103448,1.58620689655172,0.66387668144245,0.360037270820549,0.581442013834366,0.54376925557529,"ADCY10/NDUFB5",2
"GO:0032963","collagen metabolic process","2/205","116/18860",0.0172413793103448,1.58620689655172,0.66387668144245,0.360037270820549,0.581442013834366,0.54376925557529,"CTSS/MMP19",2
"GO:0032386","regulation of intracellular transport","4/205","279/18860",0.014336917562724,1.31899641577061,0.562719541923205,0.360143801003824,0.581442013834366,0.54376925557529,"APOD/CDK5/LAMP1/TENM1",4
"GO:0009167","purine ribonucleoside monophosphate metabolic process","1/205","41/18860",0.024390243902439,2.24390243902439,0.83583126197512,0.361459620152628,0.581442013834366,0.54376925557529,"DLG1",1
"GO:0016202","regulation of striated muscle tissue development","1/205","41/18860",0.024390243902439,2.24390243902439,0.83583126197512,0.361459620152628,0.581442013834366,0.54376925557529,"SOX15",1
"GO:0017158","regulation of calcium ion-dependent exocytosis","1/205","41/18860",0.024390243902439,2.24390243902439,0.83583126197512,0.361459620152628,0.581442013834366,0.54376925557529,"CDK5",1
"GO:0021799","cerebral cortex radially oriented cell migration","1/205","41/18860",0.024390243902439,2.24390243902439,0.83583126197512,0.361459620152628,0.581442013834366,0.54376925557529,"CDK5",1
"GO:0034121","regulation of toll-like receptor signaling pathway","1/205","41/18860",0.024390243902439,2.24390243902439,0.83583126197512,0.361459620152628,0.581442013834366,0.54376925557529,"TYRO3",1
"GO:0034368","protein-lipid complex remodeling","1/205","41/18860",0.024390243902439,2.24390243902439,0.83583126197512,0.361459620152628,0.581442013834366,0.54376925557529,"PLA2G7",1
"GO:0034369","plasma lipoprotein particle remodeling","1/205","41/18860",0.024390243902439,2.24390243902439,0.83583126197512,0.361459620152628,0.581442013834366,0.54376925557529,"PLA2G7",1
"GO:0035886","vascular associated smooth muscle cell differentiation","1/205","41/18860",0.024390243902439,2.24390243902439,0.83583126197512,0.361459620152628,0.581442013834366,0.54376925557529,"VEGFA",1
"GO:0040036","regulation of fibroblast growth factor receptor signaling pathway","1/205","41/18860",0.024390243902439,2.24390243902439,0.83583126197512,0.361459620152628,0.581442013834366,0.54376925557529,"SHISA2",1
"GO:0044319","wound healing, spreading of cells","1/205","41/18860",0.024390243902439,2.24390243902439,0.83583126197512,0.361459620152628,0.581442013834366,0.54376925557529,"MSX2",1
"GO:0060306","regulation of membrane repolarization","1/205","41/18860",0.024390243902439,2.24390243902439,0.83583126197512,0.361459620152628,0.581442013834366,0.54376925557529,"ADCY10",1
"GO:0070873","regulation of glycogen metabolic process","1/205","41/18860",0.024390243902439,2.24390243902439,0.83583126197512,0.361459620152628,0.581442013834366,0.54376925557529,"ADCY10",1
"GO:0071711","basement membrane organization","1/205","41/18860",0.024390243902439,2.24390243902439,0.83583126197512,0.361459620152628,0.581442013834366,0.54376925557529,"CTSS",1
"GO:0090505","epiboly involved in wound healing","1/205","41/18860",0.024390243902439,2.24390243902439,0.83583126197512,0.361459620152628,0.581442013834366,0.54376925557529,"MSX2",1
"GO:0007565","female pregnancy","3/205","197/18860",0.0152284263959391,1.4010152284264,0.5931190652934,0.361898911521569,0.581473309115282,0.543798523174125,"CALCA/KLF1/VEGFA",3
"GO:0060538","skeletal muscle organ development","3/205","197/18860",0.0152284263959391,1.4010152284264,0.5931190652934,0.361898911521569,0.581473309115282,0.543798523174125,"CDK5/ERO1A/NPHS1",3
"GO:0021700","developmental maturation","5/205","364/18860",0.0137362637362637,1.26373626373626,0.53262342986282,0.362510374484005,0.582118108591706,0.544401544839137,"BMP2/CCL19/MSX2/SNX10/VEGFA",5
"GO:0007229","integrin-mediated signaling pathway","2/205","117/18860",0.0170940170940171,1.57264957264957,0.65132980693164,0.363950981928679,0.583754614905872,0.545932018728236,"NEDD9/SERPINE1",2
"GO:0018958","phenol-containing compound metabolic process","2/205","117/18860",0.0170940170940171,1.57264957264957,0.65132980693164,0.363950981928679,0.583754614905872,0.545932018728236,"DIO1/FOXE1",2
"GO:0045765","regulation of angiogenesis","5/205","365/18860",0.0136986301369863,1.26027397260274,0.526366982408556,0.364665813151515,0.584484909312218,0.546614995940478,"MIR20B/PPP1R16B/SERPINE1/TGFBR2/VEGFA",5
"GO:0001906","cell killing","4/205","281/18860",0.0142348754448399,1.30960854092527,0.548142604982336,0.365076508008015,0.584484909312218,0.546614995940478,"CCL19/CD1C/CD1E/LAMP1",4
"GO:0045664","regulation of neuron differentiation","3/205","199/18860",0.0150753768844221,1.38693467336683,0.575221836903369,0.367815276670098,0.584484909312218,0.546614995940478,"BMP2/MMD2/SOCS2",3
"GO:0001776","leukocyte homeostasis","2/205","118/18860",0.0169491525423729,1.55932203389831,0.638901046086716,0.367855678238996,0.584484909312218,0.546614995940478,"GPR15LG/PPP2R3C",2
"GO:0019432","triglyceride biosynthetic process","1/205","42/18860",0.0238095238095238,2.19047619047619,0.809649889858072,0.368415397710878,0.584484909312218,0.546614995940478,"AGMO",1
"GO:0032411","positive regulation of transporter activity","1/205","42/18860",0.0238095238095238,2.19047619047619,0.809649889858072,0.368415397710878,0.584484909312218,0.546614995940478,"CTSS",1
"GO:0032892","positive regulation of organic acid transport","1/205","42/18860",0.0238095238095238,2.19047619047619,0.809649889858072,0.368415397710878,0.584484909312218,0.546614995940478,"CYP4A11",1
"GO:0045023","G0 to G1 transition","1/205","42/18860",0.0238095238095238,2.19047619047619,0.809649889858072,0.368415397710878,0.584484909312218,0.546614995940478,"SOX15",1
"GO:0045616","regulation of keratinocyte differentiation","1/205","42/18860",0.0238095238095238,2.19047619047619,0.809649889858072,0.368415397710878,0.584484909312218,0.546614995940478,"MSX2",1
"GO:0045981","positive regulation of nucleotide metabolic process","1/205","42/18860",0.0238095238095238,2.19047619047619,0.809649889858072,0.368415397710878,0.584484909312218,0.546614995940478,"ADCY10",1
"GO:0046717","acid secretion","1/205","42/18860",0.0238095238095238,2.19047619047619,0.809649889858072,0.368415397710878,0.584484909312218,0.546614995940478,"SNX10",1
"GO:0048536","spleen development","1/205","42/18860",0.0238095238095238,2.19047619047619,0.809649889858072,0.368415397710878,0.584484909312218,0.546614995940478,"PPP2R3C",1
"GO:0060392","negative regulation of SMAD protein signal transduction","1/205","42/18860",0.0238095238095238,2.19047619047619,0.809649889858072,0.368415397710878,0.584484909312218,0.546614995940478,"EID2",1
"GO:0071398","cellular response to fatty acid","1/205","42/18860",0.0238095238095238,2.19047619047619,0.809649889858072,0.368415397710878,0.584484909312218,0.546614995940478,"PDK3",1
"GO:0090504","epiboly","1/205","42/18860",0.0238095238095238,2.19047619047619,0.809649889858072,0.368415397710878,0.584484909312218,0.546614995940478,"MSX2",1
"GO:0097178","ruffle assembly","1/205","42/18860",0.0238095238095238,2.19047619047619,0.809649889858072,0.368415397710878,0.584484909312218,0.546614995940478,"SNX10",1
"GO:0099622","cardiac muscle cell membrane repolarization","1/205","42/18860",0.0238095238095238,2.19047619047619,0.809649889858072,0.368415397710878,0.584484909312218,0.546614995940478,"DLG1",1
"GO:1900544","positive regulation of purine nucleotide metabolic process","1/205","42/18860",0.0238095238095238,2.19047619047619,0.809649889858072,0.368415397710878,0.584484909312218,0.546614995940478,"ADCY10",1
"GO:1903170","negative regulation of calcium ion transmembrane transport","1/205","42/18860",0.0238095238095238,2.19047619047619,0.809649889858072,0.368415397710878,0.584484909312218,0.546614995940478,"CALCA",1
"GO:0042060","wound healing","6/205","453/18860",0.0132450331125828,1.21854304635762,0.493552347079008,0.370420141673835,0.587197744783172,0.549152061528172,"F2RL3/MSX2/NDNF/SERPINE1/TYRO3/VEGFA",6
"GO:0006672","ceramide metabolic process","2/205","119/18860",0.0168067226890756,1.54621848739496,0.62658808137983,0.371751093654002,0.587197744783172,0.549152061528172,"GBA2/ST6GALNAC3",2
"GO:0007265","Ras protein signal transduction","2/205","119/18860",0.0168067226890756,1.54621848739496,0.62658808137983,0.371751093654002,0.587197744783172,0.549152061528172,"MMD2/USP50",2
"GO:0044272","sulfur compound biosynthetic process","2/205","119/18860",0.0168067226890756,1.54621848739496,0.62658808137983,0.371751093654002,0.587197744783172,0.549152061528172,"PDK3/SLC27A2",2
"GO:0070663","regulation of leukocyte proliferation","4/205","284/18860",0.0140845070422535,1.29577464788732,0.526480934832357,0.372472666551656,0.587197744783172,0.549152061528172,"ARG2/CCL19/DLG1/TGFBR2",4
"GO:0002262","myeloid cell homeostasis","3/205","201/18860",0.0149253731343284,1.37313432835821,0.557516450369425,0.373722390028693,0.587197744783172,0.549152061528172,"KLF1/SLC25A40/VEGFA",3
"GO:0016051","carbohydrate biosynthetic process","3/205","201/18860",0.0149253731343284,1.37313432835821,0.557516450369425,0.373722390028693,0.587197744783172,0.549152061528172,"HAS2/PFKFB1/PGM1",3
"GO:0000578","embryonic axis specification","1/205","43/18860",0.0232558139534884,2.13953488372093,0.784197211870617,0.375295769879508,0.587197744783172,0.549152061528172,"RIPPLY1",1
"GO:0006040","amino sugar metabolic process","1/205","43/18860",0.0232558139534884,2.13953488372093,0.784197211870617,0.375295769879508,0.587197744783172,0.549152061528172,"MGAT3",1
"GO:0009124","nucleoside monophosphate biosynthetic process","1/205","43/18860",0.0232558139534884,2.13953488372093,0.784197211870617,0.375295769879508,0.587197744783172,0.549152061528172,"ENTPD8",1
"GO:0014044","Schwann cell development","1/205","43/18860",0.0232558139534884,2.13953488372093,0.784197211870617,0.375295769879508,0.587197744783172,0.549152061528172,"CDK5",1
"GO:0021983","pituitary gland development","1/205","43/18860",0.0232558139534884,2.13953488372093,0.784197211870617,0.375295769879508,0.587197744783172,0.549152061528172,"BMP2",1
"GO:0032735","positive regulation of interleukin-12 production","1/205","43/18860",0.0232558139534884,2.13953488372093,0.784197211870617,0.375295769879508,0.587197744783172,0.549152061528172,"CCL19",1
"GO:0033280","response to vitamin D","1/205","43/18860",0.0232558139534884,2.13953488372093,0.784197211870617,0.375295769879508,0.587197744783172,0.549152061528172,"SLC22A4",1
"GO:0034367","protein-containing complex remodeling","1/205","43/18860",0.0232558139534884,2.13953488372093,0.784197211870617,0.375295769879508,0.587197744783172,0.549152061528172,"PLA2G7",1
"GO:0036297","interstrand cross-link repair","1/205","43/18860",0.0232558139534884,2.13953488372093,0.784197211870617,0.375295769879508,0.587197744783172,0.549152061528172,"MCM9",1
"GO:0045687","positive regulation of glial cell differentiation","1/205","43/18860",0.0232558139534884,2.13953488372093,0.784197211870617,0.375295769879508,0.587197744783172,0.549152061528172,"BMP2",1
"GO:0048701","embryonic cranial skeleton morphogenesis","1/205","43/18860",0.0232558139534884,2.13953488372093,0.784197211870617,0.375295769879508,0.587197744783172,0.549152061528172,"TGFBR2",1
"GO:0048873","homeostasis of number of cells within a tissue","1/205","43/18860",0.0232558139534884,2.13953488372093,0.784197211870617,0.375295769879508,0.587197744783172,0.549152061528172,"VEGFA",1
"GO:0051154","negative regulation of striated muscle cell differentiation","1/205","43/18860",0.0232558139534884,2.13953488372093,0.784197211870617,0.375295769879508,0.587197744783172,0.549152061528172,"BMP2",1
"GO:0052652","cyclic purine nucleotide metabolic process","1/205","43/18860",0.0232558139534884,2.13953488372093,0.784197211870617,0.375295769879508,0.587197744783172,0.549152061528172,"ADCY10",1
"GO:1901861","regulation of muscle tissue development","1/205","43/18860",0.0232558139534884,2.13953488372093,0.784197211870617,0.375295769879508,0.587197744783172,0.549152061528172,"SOX15",1
"GO:1902305","regulation of sodium ion transmembrane transport","1/205","43/18860",0.0232558139534884,2.13953488372093,0.784197211870617,0.375295769879508,0.587197744783172,0.549152061528172,"DLG1",1
"GO:0006887","exocytosis","5/205","370/18860",0.0135135135135135,1.24324324324324,0.495349610596305,0.375446427144479,0.587197744783172,0.549152061528172,"CDK5/GPR15LG/LAMP1/SYTL3/TMEM167A",5
"GO:0120034","positive regulation of plasma membrane bounded cell projection assembly","2/205","120/18860",0.0166666666666667,1.53333333333333,0.614388660872713,0.375636968864903,0.587197744783172,0.549152061528172,"CCL19/TENM1",2
"GO:1901890","positive regulation of cell junction assembly","2/205","120/18860",0.0166666666666667,1.53333333333333,0.614388660872713,0.375636968864903,0.587197744783172,0.549152061528172,"NPHP4/VEGFA",2
"GO:0070085","glycosylation","3/205","202/18860",0.0148514851485149,1.36633663366337,0.548734321522059,0.376672103992051,0.588483772170322,0.550354764701183,"MGAT3/ST6GALNAC3/STT3B",3
"GO:0006720","isoprenoid metabolic process","2/205","121/18860",0.0165289256198347,1.52066115702479,0.602300595816865,0.379513051236738,0.589704970550671,0.551496839264754,"CYP3A5/UGT1A7",2
"GO:0009201","ribonucleoside triphosphate biosynthetic process","2/205","121/18860",0.0165289256198347,1.52066115702479,0.602300595816865,0.379513051236738,0.589704970550671,0.551496839264754,"ADCY10/NDUFB5",2
"GO:0015695","organic cation transport","2/205","121/18860",0.0165289256198347,1.52066115702479,0.602300595816865,0.379513051236738,0.589704970550671,0.551496839264754,"SLC22A4/SLC25A20",2
"GO:0046822","regulation of nucleocytoplasmic transport","2/205","121/18860",0.0165289256198347,1.52066115702479,0.602300595816865,0.379513051236738,0.589704970550671,0.551496839264754,"APOD/CDK5",2
"GO:0099072","regulation of postsynaptic membrane neurotransmitter receptor levels","2/205","121/18860",0.0165289256198347,1.52066115702479,0.602300595816865,0.379513051236738,0.589704970550671,0.551496839264754,"ARC/DLG1",2
"GO:1903076","regulation of protein localization to plasma membrane","2/205","121/18860",0.0165289256198347,1.52066115702479,0.602300595816865,0.379513051236738,0.589704970550671,0.551496839264754,"CDK5/DLG1",2
"GO:0002040","sprouting angiogenesis","3/205","203/18860",0.0147783251231527,1.35960591133005,0.539998519950088,0.379619060799683,0.589704970550671,0.551496839264754,"EGR3/PPP1R16B/VEGFA",3
"GO:0008217","regulation of blood pressure","3/205","203/18860",0.0147783251231527,1.35960591133005,0.539998519950088,0.379619060799683,0.589704970550671,0.551496839264754,"CALCA/CYP4A11/CYP4F12",3
"GO:0006739","NADP+ metabolic process","1/205","44/18860",0.0227272727272727,2.09090909090909,0.759433727815448,0.382101550140692,0.589704970550671,0.551496839264754,"DERA",1
"GO:0009126","purine nucleoside monophosphate metabolic process","1/205","44/18860",0.0227272727272727,2.09090909090909,0.759433727815448,0.382101550140692,0.589704970550671,0.551496839264754,"DLG1",1
"GO:0009187","cyclic nucleotide metabolic process","1/205","44/18860",0.0227272727272727,2.09090909090909,0.759433727815448,0.382101550140692,0.589704970550671,0.551496839264754,"ADCY10",1
"GO:0032309","icosanoid secretion","1/205","44/18860",0.0227272727272727,2.09090909090909,0.759433727815448,0.382101550140692,0.589704970550671,0.551496839264754,"CYP4A11",1
"GO:0043277","apoptotic cell clearance","1/205","44/18860",0.0227272727272727,2.09090909090909,0.759433727815448,0.382101550140692,0.589704970550671,0.551496839264754,"TYRO3",1
"GO:0045454","cell redox homeostasis","1/205","44/18860",0.0227272727272727,2.09090909090909,0.759433727815448,0.382101550140692,0.589704970550671,0.551496839264754,"ERO1A",1
"GO:0048246","macrophage chemotaxis","1/205","44/18860",0.0227272727272727,2.09090909090909,0.759433727815448,0.382101550140692,0.589704970550671,0.551496839264754,"CXCL17",1
"GO:0060416","response to growth hormone","1/205","44/18860",0.0227272727272727,2.09090909090909,0.759433727815448,0.382101550140692,0.589704970550671,0.551496839264754,"SOCS2",1
"GO:0071542","dopaminergic neuron differentiation","1/205","44/18860",0.0227272727272727,2.09090909090909,0.759433727815448,0.382101550140692,0.589704970550671,0.551496839264754,"VEGFA",1
"GO:0098703","calcium ion import across plasma membrane","1/205","44/18860",0.0227272727272727,2.09090909090909,0.759433727815448,0.382101550140692,0.589704970550671,0.551496839264754,"CACNA1E",1
"GO:1902656","calcium ion import into cytosol","1/205","44/18860",0.0227272727272727,2.09090909090909,0.759433727815448,0.382101550140692,0.589704970550671,0.551496839264754,"CACNA1E",1
"GO:2000378","negative regulation of reactive oxygen species metabolic process","1/205","44/18860",0.0227272727272727,2.09090909090909,0.759433727815448,0.382101550140692,0.589704970550671,0.551496839264754,"ADCY10",1
"GO:2000403","positive regulation of lymphocyte migration","1/205","44/18860",0.0227272727272727,2.09090909090909,0.759433727815448,0.382101550140692,0.589704970550671,0.551496839264754,"NEDD9",1
"GO:0034976","response to endoplasmic reticulum stress","4/205","288/18860",0.0138888888888889,1.27777777777778,0.497969839538983,0.382324818699362,0.589704970550671,0.551496839264754,"CREB3L2/ERO1A/RNF186/STT3B",4
"GO:0002706","regulation of lymphocyte mediated immunity","3/205","204/18860",0.0147058823529412,1.35294117647059,0.53130852001734,0.382563116274208,0.589704970550671,0.551496839264754,"CD1C/CD1E/LAMP1",3
"GO:0006164","purine nucleotide biosynthetic process","3/205","204/18860",0.0147058823529412,1.35294117647059,0.53130852001734,0.382563116274208,0.589704970550671,0.551496839264754,"ADCY10/KYNU/NDUFB5",3
"GO:0018108","peptidyl-tyrosine phosphorylation","2/205","122/18860",0.0163934426229508,1.50819672131148,0.590321758360869,0.383379094695196,0.590634089157782,0.552365758471329,"NEDD9/VEGFA",2
"GO:1901342","regulation of vasculature development","5/205","375/18860",0.0133333333333333,1.22666666666667,0.46476369787067,0.386226739851717,0.593753536264777,0.555283090536811,"MIR20B/PPP1R16B/SERPINE1/TGFBR2/VEGFA",5
"GO:0018212","peptidyl-tyrosine modification","2/205","123/18860",0.016260162601626,1.49593495934959,0.578450079359206,0.387234859615072,0.593753536264777,0.555283090536811,"NEDD9/VEGFA",2
"GO:0070555","response to interleukin-1","2/205","123/18860",0.016260162601626,1.49593495934959,0.578450079359206,0.387234859615072,0.593753536264777,0.555283090536811,"HAS2/SLC30A8",2
"GO:0046631","alpha-beta T cell activation","3/205","206/18860",0.0145631067961165,1.33980582524272,0.514063865658847,0.388441955799369,0.593753536264777,0.555283090536811,"ARG2/CCL19/TGFBR2",3
"GO:0009409","response to cold","1/205","45/18860",0.0222222222222222,2.04444444444444,0.735322955019034,0.388833543243432,0.593753536264777,0.555283090536811,"MCRIP2",1
"GO:0021587","cerebellum morphogenesis","1/205","45/18860",0.0222222222222222,2.04444444444444,0.735322955019034,0.388833543243432,0.593753536264777,0.555283090536811,"CDK5",1
"GO:0034405","response to fluid shear stress","1/205","45/18860",0.0222222222222222,2.04444444444444,0.735322955019034,0.388833543243432,0.593753536264777,0.555283090536811,"HAS2",1
"GO:0035337","fatty-acyl-CoA metabolic process","1/205","45/18860",0.0222222222222222,2.04444444444444,0.735322955019034,0.388833543243432,0.593753536264777,0.555283090536811,"SLC27A2",1
"GO:0043403","skeletal muscle tissue regeneration","1/205","45/18860",0.0222222222222222,2.04444444444444,0.735322955019034,0.388833543243432,0.593753536264777,0.555283090536811,"SOX15",1
"GO:0045494","photoreceptor cell maintenance","1/205","45/18860",0.0222222222222222,2.04444444444444,0.735322955019034,0.388833543243432,0.593753536264777,0.555283090536811,"NPHP4",1
"GO:0048634","regulation of muscle organ development","1/205","45/18860",0.0222222222222222,2.04444444444444,0.735322955019034,0.388833543243432,0.593753536264777,0.555283090536811,"SOX15",1
"GO:0060338","regulation of type I interferon-mediated signaling pathway","1/205","45/18860",0.0222222222222222,2.04444444444444,0.735322955019034,0.388833543243432,0.593753536264777,0.555283090536811,"EIF4E2",1
"GO:0072595","maintenance of protein localization in organelle","1/205","45/18860",0.0222222222222222,2.04444444444444,0.735322955019034,0.388833543243432,0.593753536264777,0.555283090536811,"CDK5",1
"GO:1900271","regulation of long-term synaptic potentiation","1/205","45/18860",0.0222222222222222,2.04444444444444,0.735322955019034,0.388833543243432,0.593753536264777,0.555283090536811,"ARC",1
"GO:1902622","regulation of neutrophil migration","1/205","45/18860",0.0222222222222222,2.04444444444444,0.735322955019034,0.388833543243432,0.593753536264777,0.555283090536811,"CCL19",1
"GO:2000573","positive regulation of DNA biosynthetic process","1/205","45/18860",0.0222222222222222,2.04444444444444,0.735322955019034,0.388833543243432,0.593753536264777,0.555283090536811,"VEGFA",1
"GO:0051962","positive regulation of nervous system development","4/205","291/18860",0.013745704467354,1.26460481099656,0.47685748799744,0.38970365211311,0.594754334078961,0.556219044715304,"ADCY10/BMP2/LIMK1/VEGFA",4
"GO:0070252","actin-mediated cell contraction","2/205","124/18860",0.0161290322580645,1.48387096774194,0.566683546277296,0.391080112710366,0.596526383374291,0.557876279492355,"ADCY10/DLG1",2
"GO:0050767","regulation of neurogenesis","5/205","378/18860",0.0132275132275132,1.21693121693122,0.446613764336708,0.392691441249224,0.597988182572205,0.559243365878851,"ADCY10/BMP2/CDK5/LIMK1/VEGFA",5
"GO:0002520","immune system development","3/205","208/18860",0.0144230769230769,1.32692307692308,0.49699632332917,0.394307506201039,0.597988182572205,0.559243365878851,"FOXE1/PPP2R3C/TGFBR2",3
"GO:0006403","RNA localization","3/205","208/18860",0.0144230769230769,1.32692307692308,0.49699632332917,0.394307506201039,0.597988182572205,0.559243365878851,"ARC/NDC1/TGFBR2",3
"GO:0006941","striated muscle contraction","3/205","208/18860",0.0144230769230769,1.32692307692308,0.49699632332917,0.394307506201039,0.597988182572205,0.559243365878851,"ADCY10/ARG2/DLG1",3
"GO:0071805","potassium ion transmembrane transport","3/205","208/18860",0.0144230769230769,1.32692307692308,0.49699632332917,0.394307506201039,0.597988182572205,0.559243365878851,"DLG1/KCNK1/KCNS3",3
"GO:0022900","electron transport chain","2/205","125/18860",0.016,1.472,0.555020201187783,0.394914626925975,0.597988182572205,0.559243365878851,"COX6B1/NDUFB5",2
"GO:1904064","positive regulation of cation transmembrane transport","2/205","125/18860",0.016,1.472,0.555020201187783,0.394914626925975,0.597988182572205,0.559243365878851,"CTSS/F2RL3",2
"GO:0009066","aspartate family amino acid metabolic process","1/205","46/18860",0.0217391304347826,2,0.711831135441034,0.395492545296852,0.597988182572205,0.559243365878851,"AADAT",1
"GO:0009262","deoxyribonucleotide metabolic process","1/205","46/18860",0.0217391304347826,2,0.711831135441034,0.395492545296852,0.597988182572205,0.559243365878851,"DERA",1
"GO:0021762","substantia nigra development","1/205","46/18860",0.0217391304347826,2,0.711831135441034,0.395492545296852,0.597988182572205,0.559243365878851,"COX6B1",1
"GO:0030279","negative regulation of ossification","1/205","46/18860",0.0217391304347826,2,0.711831135441034,0.395492545296852,0.597988182572205,0.559243365878851,"SOST",1
"GO:0032790","ribosome disassembly","1/205","46/18860",0.0217391304347826,2,0.711831135441034,0.395492545296852,0.597988182572205,0.559243365878851,"EIF4E2",1
"GO:0042168","heme metabolic process","1/205","46/18860",0.0217391304347826,2,0.711831135441034,0.395492545296852,0.597988182572205,0.559243365878851,"UGT1A4",1
"GO:0043300","regulation of leukocyte degranulation","1/205","46/18860",0.0217391304347826,2,0.711831135441034,0.395492545296852,0.597988182572205,0.559243365878851,"LAMP1",1
"GO:0045601","regulation of endothelial cell differentiation","1/205","46/18860",0.0217391304347826,2,0.711831135441034,0.395492545296852,0.597988182572205,0.559243365878851,"VEGFA",1
"GO:1903214","regulation of protein targeting to mitochondrion","1/205","46/18860",0.0217391304347826,2,0.711831135441034,0.395492545296852,0.597988182572205,0.559243365878851,"ADCY10",1
"GO:0001838","embryonic epithelial tube formation","2/205","126/18860",0.0158730158730159,1.46031746031746,0.543458138853379,0.398738181330986,0.602086962207055,0.563076577614123,"DLC1/RARG",2
"GO:0045446","endothelial cell differentiation","2/205","126/18860",0.0158730158730159,1.46031746031746,0.543458138853379,0.398738181330986,0.602086962207055,0.563076577614123,"PPP1R16B/VEGFA",2
"GO:0002696","positive regulation of leukocyte activation","5/205","381/18860",0.0131233595800525,1.20734908136483,0.428611683047483,0.399151454599347,0.602086962207055,0.563076577614123,"CCL19/CD27/EGR3/PPP2R3C/TGFBR2",5
"GO:0002822","regulation of adaptive immune response based on somatic recombination of immune receptors built from immunoglobulin superfamily domains","3/205","210/18860",0.0142857142857143,1.31428571428571,0.480101987894034,0.400158680536472,0.602086962207055,0.563076577614123,"CCL19/CD1C/CD1E",3
"GO:0120032","regulation of plasma membrane bounded cell projection assembly","3/205","210/18860",0.0142857142857143,1.31428571428571,0.480101987894034,0.400158680536472,0.602086962207055,0.563076577614123,"CCL19/PPP1R16B/TENM1",3
"GO:0009116","nucleoside metabolic process","1/205","47/18860",0.0212765957446809,1.95744680851064,0.688926976950052,0.402079343862502,0.602086962207055,0.563076577614123,"DERA",1
"GO:0014911","positive regulation of smooth muscle cell migration","1/205","47/18860",0.0212765957446809,1.95744680851064,0.688926976950052,0.402079343862502,0.602086962207055,0.563076577614123,"HAS2",1
"GO:0021517","ventral spinal cord development","1/205","47/18860",0.0212765957446809,1.95744680851064,0.688926976950052,0.402079343862502,0.602086962207055,0.563076577614123,"GBX1",1
"GO:0030149","sphingolipid catabolic process","1/205","47/18860",0.0212765957446809,1.95744680851064,0.688926976950052,0.402079343862502,0.602086962207055,0.563076577614123,"GBA2",1
"GO:0043330","response to exogenous dsRNA","1/205","47/18860",0.0212765957446809,1.95744680851064,0.688926976950052,0.402079343862502,0.602086962207055,0.563076577614123,"SLC22A4",1
"GO:0046850","regulation of bone remodeling","1/205","47/18860",0.0212765957446809,1.95744680851064,0.688926976950052,0.402079343862502,0.602086962207055,0.563076577614123,"CALCA",1
"GO:0048806","genitalia development","1/205","47/18860",0.0212765957446809,1.95744680851064,0.688926976950052,0.402079343862502,0.602086962207055,0.563076577614123,"TYRO3",1
"GO:0060071","Wnt signaling pathway, planar cell polarity pathway","1/205","47/18860",0.0212765957446809,1.95744680851064,0.688926976950052,0.402079343862502,0.602086962207055,0.563076577614123,"WNT11",1
"GO:0070293","renal absorption","1/205","47/18860",0.0212765957446809,1.95744680851064,0.688926976950052,0.402079343862502,0.602086962207055,0.563076577614123,"HAS2",1
"GO:0097106","postsynaptic density organization","1/205","47/18860",0.0212765957446809,1.95744680851064,0.688926976950052,0.402079343862502,0.602086962207055,0.563076577614123,"DLG1",1
"GO:1902692","regulation of neuroblast proliferation","1/205","47/18860",0.0212765957446809,1.95744680851064,0.688926976950052,0.402079343862502,0.602086962207055,0.563076577614123,"VEGFA",1
"GO:0016579","protein deubiquitination","2/205","127/18860",0.015748031496063,1.4488188976378,0.531995504891894,0.402550561013526,0.602086962207055,0.563076577614123,"USP42/USP50",2
"GO:0021761","limbic system development","2/205","127/18860",0.015748031496063,1.4488188976378,0.531995504891894,0.402550561013526,0.602086962207055,0.563076577614123,"CDK5/NDNF",2
"GO:0042303","molting cycle","2/205","127/18860",0.015748031496063,1.4488188976378,0.531995504891894,0.402550561013526,0.602086962207055,0.563076577614123,"FOXE1/MSX2",2
"GO:0042633","hair cycle","2/205","127/18860",0.015748031496063,1.4488188976378,0.531995504891894,0.402550561013526,0.602086962207055,0.563076577614123,"FOXE1/MSX2",2
"GO:0141193","nuclear receptor-mediated signaling pathway","3/205","211/18860",0.014218009478673,1.30805687203791,0.47171858661107,0.403078545000495,0.602551305802143,0.563510835485112,"BMP2/PDK3/RARG",3
"GO:0007548","sex differentiation","4/205","297/18860",0.0134680134680135,1.23905723905724,0.435306022616093,0.404424410974104,0.604237118877168,0.565087421454194,"MMP19/SOX15/TYRO3/VEGFA",4
"GO:0002532","production of molecular mediator involved in inflammatory response","2/205","128/18860",0.015625,1.4375,0.520630494019269,0.406351556977154,0.605809371812011,0.566557805065309,"APOD/SERPINE1",2
"GO:0006690","icosanoid metabolic process","2/205","128/18860",0.015625,1.4375,0.520630494019269,0.406351556977154,0.605809371812011,0.566557805065309,"CYP4A11/CYP4F12",2
"GO:0051224","negative regulation of protein transport","2/205","128/18860",0.015625,1.4375,0.520630494019269,0.406351556977154,0.605809371812011,0.566557805065309,"APOD/CDK5",2
"GO:1903305","regulation of regulated secretory pathway","2/205","128/18860",0.015625,1.4375,0.520630494019269,0.406351556977154,0.605809371812011,0.566557805065309,"CDK5/LAMP1",2
"GO:0006911","phagocytosis, engulfment","1/205","48/18860",0.0208333333333333,1.91666666666667,0.666581424142026,0.408594718045683,0.607192794520677,0.567851593127641,"GULP1",1
"GO:0033173","calcineurin-NFAT signaling cascade","1/205","48/18860",0.0208333333333333,1.91666666666667,0.666581424142026,0.408594718045683,0.607192794520677,0.567851593127641,"TBC1D10C",1
"GO:0046686","response to cadmium ion","1/205","48/18860",0.0208333333333333,1.91666666666667,0.666581424142026,0.408594718045683,0.607192794520677,0.567851593127641,"MT1G",1
"GO:0048489","synaptic vesicle transport","1/205","48/18860",0.0208333333333333,1.91666666666667,0.666581424142026,0.408594718045683,0.607192794520677,0.567851593127641,"CDK5",1
"GO:1900181","negative regulation of protein localization to nucleus","1/205","48/18860",0.0208333333333333,1.91666666666667,0.666581424142026,0.408594718045683,0.607192794520677,0.567851593127641,"APOD",1
"GO:1905521","regulation of macrophage migration","1/205","48/18860",0.0208333333333333,1.91666666666667,0.666581424142026,0.408594718045683,0.607192794520677,0.567851593127641,"CXCL17",1
"GO:0060491","regulation of cell projection assembly","3/205","213/18860",0.0140845070422535,1.29577464788732,0.455077010467863,0.408906181028506,0.607329823833224,0.567979744044675,"CCL19/PPP1R16B/TENM1",3
"GO:0006368","transcription elongation by RNA polymerase II","2/205","129/18860",0.0155038759689922,1.42635658914729,0.509361348366748,0.410140966038783,0.608511235097712,0.56908460937696,"ELL/ELL2",2
"GO:0009142","nucleoside triphosphate biosynthetic process","2/205","129/18860",0.0155038759689922,1.42635658914729,0.509361348366748,0.410140966038783,0.608511235097712,0.56908460937696,"ADCY10/NDUFB5",2
"GO:0090596","sensory organ morphogenesis","4/205","300/18860",0.0133333333333333,1.22666666666667,0.414856532921524,0.411761664942902,0.610588764396059,0.571027531513852,"OSR2/RARG/VAX2/VEGFA",4
"GO:0043200","response to amino acid","2/205","130/18860",0.0153846153846154,1.41538461538462,0.498186355868469,0.413918590728096,0.611846325110516,0.572203612425225,"NSMF/PDGFC",2
"GO:0007520","myoblast fusion","1/205","49/18860",0.0204081632653061,1.87755102040816,0.644767454785878,0.415039438585798,0.611846325110516,0.572203612425225,"NPHS1",1
"GO:0032620","interleukin-17 production","1/205","49/18860",0.0204081632653061,1.87755102040816,0.644767454785878,0.415039438585798,0.611846325110516,0.572203612425225,"ARG2",1
"GO:0032660","regulation of interleukin-17 production","1/205","49/18860",0.0204081632653061,1.87755102040816,0.644767454785878,0.415039438585798,0.611846325110516,0.572203612425225,"ARG2",1
"GO:0035094","response to nicotine","1/205","49/18860",0.0204081632653061,1.87755102040816,0.644767454785878,0.415039438585798,0.611846325110516,0.572203612425225,"KCNK1",1
"GO:0046578","regulation of Ras protein signal transduction","1/205","49/18860",0.0204081632653061,1.87755102040816,0.644767454785878,0.415039438585798,0.611846325110516,0.572203612425225,"MMD2",1
"GO:0060976","coronary vasculature development","1/205","49/18860",0.0204081632653061,1.87755102040816,0.644767454785878,0.415039438585798,0.611846325110516,0.572203612425225,"VEGFA",1
"GO:1900225","regulation of NLRP3 inflammasome complex assembly","1/205","49/18860",0.0204081632653061,1.87755102040816,0.644767454785878,0.415039438585798,0.611846325110516,0.572203612425225,"USP50",1
"GO:1901524","regulation of mitophagy","1/205","49/18860",0.0204081632653061,1.87755102040816,0.644767454785878,0.415039438585798,0.611846325110516,0.572203612425225,"ADCY10",1
"GO:1902041","regulation of extrinsic apoptotic signaling pathway via death domain receptors","1/205","49/18860",0.0204081632653061,1.87755102040816,0.644767454785878,0.415039438585798,0.611846325110516,0.572203612425225,"SERPINE1",1
"GO:1902175","regulation of oxidative stress-induced intrinsic apoptotic signaling pathway","1/205","49/18860",0.0204081632653061,1.87755102040816,0.644767454785878,0.415039438585798,0.611846325110516,0.572203612425225,"ADCY10",1
"GO:0043542","endothelial cell migration","4/205","302/18860",0.0132450331125828,1.21854304635762,0.401340985693836,0.416643065033336,0.61388366496933,0.57410894907449,"CALCA/EGR3/LPXN/VEGFA",4
"GO:0034767","positive regulation of monoatomic ion transmembrane transport","2/205","131/18860",0.0152671755725191,1.40458015267176,0.487103848716036,0.417684239188453,0.614849013493473,0.57501175079135,"CTSS/F2RL3",2
"GO:0044703","multi-organism reproductive process","3/205","217/18860",0.0138248847926267,1.27188940092166,0.422282300691656,0.420509568662921,0.614849013493473,0.57501175079135,"CALCA/KLF1/VEGFA",3
"GO:0002920","regulation of humoral immune response","1/205","50/18860",0.02,1.84,0.623459898568703,0.421414267945742,0.614849013493473,0.57501175079135,"PPP2R3C",1
"GO:0010907","positive regulation of glucose metabolic process","1/205","50/18860",0.02,1.84,0.623459898568703,0.421414267945742,0.614849013493473,0.57501175079135,"ADCY10",1
"GO:0014037","Schwann cell differentiation","1/205","50/18860",0.02,1.84,0.623459898568703,0.421414267945742,0.614849013493473,0.57501175079135,"CDK5",1
"GO:0019674","NAD+ metabolic process","1/205","50/18860",0.02,1.84,0.623459898568703,0.421414267945742,0.614849013493473,0.57501175079135,"KYNU",1
"GO:0022602","ovulation cycle process","1/205","50/18860",0.02,1.84,0.623459898568703,0.421414267945742,0.614849013493473,0.57501175079135,"MMP19",1
"GO:0031295","T cell costimulation","1/205","50/18860",0.02,1.84,0.623459898568703,0.421414267945742,0.614849013493473,0.57501175079135,"CCL19",1
"GO:0032365","intracellular lipid transport","1/205","50/18860",0.02,1.84,0.623459898568703,0.421414267945742,0.614849013493473,0.57501175079135,"SLC25A20",1
"GO:0045622","regulation of T-helper cell differentiation","1/205","50/18860",0.02,1.84,0.623459898568703,0.421414267945742,0.614849013493473,0.57501175079135,"CCL19",1
"GO:0045947","negative regulation of translational initiation","1/205","50/18860",0.02,1.84,0.623459898568703,0.421414267945742,0.614849013493473,0.57501175079135,"EIF4E2",1
"GO:0046636","negative regulation of alpha-beta T cell activation","1/205","50/18860",0.02,1.84,0.623459898568703,0.421414267945742,0.614849013493473,0.57501175079135,"ARG2",1
"GO:1904646","cellular response to amyloid-beta","1/205","50/18860",0.02,1.84,0.623459898568703,0.421414267945742,0.614849013493473,0.57501175079135,"CDK5",1
"GO:2000785","regulation of autophagosome assembly","1/205","50/18860",0.02,1.84,0.623459898568703,0.421414267945742,0.614849013493473,0.57501175079135,"RNF186",1
"GO:0002761","regulation of myeloid leukocyte differentiation","2/205","132/18860",0.0151515151515152,1.39393939393939,0.476112201876776,0.421437725079247,0.614849013493473,0.57501175079135,"CALCA/NEDD9",2
"GO:0002824","positive regulation of adaptive immune response based on somatic recombination of immune receptors built from immunoglobulin superfamily domains","2/205","132/18860",0.0151515151515152,1.39393939393939,0.476112201876776,0.421437725079247,0.614849013493473,0.57501175079135,"CD1C/CD1E",2
"GO:0050830","defense response to Gram-positive bacterium","2/205","132/18860",0.0151515151515152,1.39393939393939,0.476112201876776,0.421437725079247,0.614849013493473,0.57501175079135,"CALCA/GPR15LG",2
"GO:0006874","intracellular calcium ion homeostasis","4/205","304/18860",0.0131578947368421,1.21052631578947,0.387917734128479,0.421515623330002,0.614849013493473,0.57501175079135,"CALCA/CCL19/ERO1A/F2RL3",4
"GO:0051338","regulation of transferase activity","4/205","304/18860",0.0131578947368421,1.21052631578947,0.387917734128479,0.421515623330002,0.614849013493473,0.57501175079135,"CALCA/MMD2/NEDD9/TENM1",4
"GO:0003231","cardiac ventricle development","2/205","133/18860",0.0150375939849624,1.38345864661654,0.465209831672595,0.425178867479717,0.619539959452297,0.579398761243437,"TGFBR2/WNT11",2
"GO:0007041","lysosomal transport","2/205","133/18860",0.0150375939849624,1.38345864661654,0.465209831672595,0.425178867479717,0.619539959452297,0.579398761243437,"LAMP1/SLC30A2",2
"GO:0030850","prostate gland development","1/205","51/18860",0.0196078431372549,1.80392156862745,0.602635275302358,0.427719960400347,0.620305911156524,0.580115085447922,"RARG",1
"GO:0031294","lymphocyte costimulation","1/205","51/18860",0.0196078431372549,1.80392156862745,0.602635275302358,0.427719960400347,0.620305911156524,0.580115085447922,"CCL19",1
"GO:0042220","response to cocaine","1/205","51/18860",0.0196078431372549,1.80392156862745,0.602635275302358,0.427719960400347,0.620305911156524,0.580115085447922,"CDK5",1
"GO:0045776","negative regulation of blood pressure","1/205","51/18860",0.0196078431372549,1.80392156862745,0.602635275302358,0.427719960400347,0.620305911156524,0.580115085447922,"CALCA",1
"GO:0046460","neutral lipid biosynthetic process","1/205","51/18860",0.0196078431372549,1.80392156862745,0.602635275302358,0.427719960400347,0.620305911156524,0.580115085447922,"AGMO",1
"GO:0046463","acylglycerol biosynthetic process","1/205","51/18860",0.0196078431372549,1.80392156862745,0.602635275302358,0.427719960400347,0.620305911156524,0.580115085447922,"AGMO",1
"GO:0048538","thymus development","1/205","51/18860",0.0196078431372549,1.80392156862745,0.602635275302358,0.427719960400347,0.620305911156524,0.580115085447922,"FOXE1",1
"GO:1990090","cellular response to nerve growth factor stimulus","1/205","51/18860",0.0196078431372549,1.80392156862745,0.602635275302358,0.427719960400347,0.620305911156524,0.580115085447922,"CALCA",1
"GO:2000300","regulation of synaptic vesicle exocytosis","1/205","51/18860",0.0196078431372549,1.80392156862745,0.602635275302358,0.427719960400347,0.620305911156524,0.580115085447922,"CDK5",1
"GO:0046777","protein autophosphorylation","2/205","134/18860",0.0149253731343284,1.37313432835821,0.454395194416529,0.428907490794175,0.621702642333786,0.581421319697301,"DAPK3/VEGFA",2
"GO:0003012","muscle system process","6/205","485/18860",0.0123711340206186,1.13814432989691,0.323094000421867,0.432454381680315,0.624447592770466,0.583988419459669,"ADCY10/ARG2/CALCA/DAPK3/DLG1/SLC6A8",6
"GO:0061844","antimicrobial humoral immune response mediated by antimicrobial peptide","2/205","135/18860",0.0148148148148148,1.36296296296296,0.443666785104206,0.432623424658634,0.624447592770466,0.583988419459669,"CALCA/CCL19",2
"GO:0006120","mitochondrial electron transport, NADH to ubiquinone","1/205","52/18860",0.0192307692307692,1.76923076923077,0.58227165016275,0.43395726212388,0.624447592770466,0.583988419459669,"NDUFB5",1
"GO:0006890","retrograde vesicle-mediated transport, Golgi to endoplasmic reticulum","1/205","52/18860",0.0192307692307692,1.76923076923077,0.58227165016275,0.43395726212388,0.624447592770466,0.583988419459669,"PITPNB",1
"GO:0010559","regulation of glycoprotein biosynthetic process","1/205","52/18860",0.0192307692307692,1.76923076923077,0.58227165016275,0.43395726212388,0.624447592770466,0.583988419459669,"CCL19",1
"GO:0010665","regulation of cardiac muscle cell apoptotic process","1/205","52/18860",0.0192307692307692,1.76923076923077,0.58227165016275,0.43395726212388,0.624447592770466,0.583988419459669,"ADCY10",1
"GO:0030195","negative regulation of blood coagulation","1/205","52/18860",0.0192307692307692,1.76923076923077,0.58227165016275,0.43395726212388,0.624447592770466,0.583988419459669,"SERPINE1",1
"GO:0042572","retinol metabolic process","1/205","52/18860",0.0192307692307692,1.76923076923077,0.58227165016275,0.43395726212388,0.624447592770466,0.583988419459669,"CYP3A5",1
"GO:0043114","regulation of vascular permeability","1/205","52/18860",0.0192307692307692,1.76923076923077,0.58227165016275,0.43395726212388,0.624447592770466,0.583988419459669,"VEGFA",1
"GO:0089718","amino acid import across plasma membrane","1/205","52/18860",0.0192307692307692,1.76923076923077,0.58227165016275,0.43395726212388,0.624447592770466,0.583988419459669,"SLC22A4",1
"GO:1903747","regulation of establishment of protein localization to mitochondrion","1/205","52/18860",0.0192307692307692,1.76923076923077,0.58227165016275,0.43395726212388,0.624447592770466,0.583988419459669,"ADCY10",1
"GO:1905562","regulation of vascular endothelial cell proliferation","1/205","52/18860",0.0192307692307692,1.76923076923077,0.58227165016275,0.43395726212388,0.624447592770466,0.583988419459669,"MIR20B",1
"GO:1990573","potassium ion import across plasma membrane","1/205","52/18860",0.0192307692307692,1.76923076923077,0.58227165016275,0.43395726212388,0.624447592770466,0.583988419459669,"DLG1",1
"GO:2001257","regulation of cation channel activity","1/205","52/18860",0.0192307692307692,1.76923076923077,0.58227165016275,0.43395726212388,0.624447592770466,0.583988419459669,"CTSS",1
"GO:0002244","hematopoietic progenitor cell differentiation","2/205","136/18860",0.0147058823529412,1.35294117647059,0.433023136157643,0.436326503848822,0.62720519754086,0.586567353656872,"PUS7/VEGFA",2
"GO:0046718","symbiont entry into host cell","2/205","136/18860",0.0147058823529412,1.35294117647059,0.433023136157643,0.436326503848822,0.62720519754086,0.586567353656872,"LAMP1/TYRO3",2
"GO:0009154","purine ribonucleotide catabolic process","2/205","137/18860",0.0145985401459854,1.34306569343066,0.422462816218879,0.44001656818957,0.628174322559903,0.587473687182186,"PFKFB1/PGM1",2
"GO:0006778","porphyrin-containing compound metabolic process","1/205","53/18860",0.0188679245283019,1.73584905660377,0.562348503876794,0.440126911276613,0.628174322559903,0.587473687182186,"UGT1A4",1
"GO:0021515","cell differentiation in spinal cord","1/205","53/18860",0.0188679245283019,1.73584905660377,0.562348503876794,0.440126911276613,0.628174322559903,0.587473687182186,"GBX1",1
"GO:0021795","cerebral cortex cell migration","1/205","53/18860",0.0188679245283019,1.73584905660377,0.562348503876794,0.440126911276613,0.628174322559903,0.587473687182186,"CDK5",1
"GO:0032924","activin receptor signaling pathway","1/205","53/18860",0.0188679245283019,1.73584905660377,0.562348503876794,0.440126911276613,0.628174322559903,0.587473687182186,"TGFBR2",1
"GO:0034331","cell junction maintenance","1/205","53/18860",0.0188679245283019,1.73584905660377,0.562348503876794,0.440126911276613,0.628174322559903,0.587473687182186,"DLG1",1
"GO:0046466","membrane lipid catabolic process","1/205","53/18860",0.0188679245283019,1.73584905660377,0.562348503876794,0.440126911276613,0.628174322559903,0.587473687182186,"GBA2",1
"GO:0048546","digestive tract morphogenesis","1/205","53/18860",0.0188679245283019,1.73584905660377,0.562348503876794,0.440126911276613,0.628174322559903,0.587473687182186,"WNT11",1
"GO:0050873","brown fat cell differentiation","1/205","53/18860",0.0188679245283019,1.73584905660377,0.562348503876794,0.440126911276613,0.628174322559903,0.587473687182186,"ERO1A",1
"GO:0051496","positive regulation of stress fiber assembly","1/205","53/18860",0.0188679245283019,1.73584905660377,0.562348503876794,0.440126911276613,0.628174322559903,0.587473687182186,"LIMK1",1
"GO:0085029","extracellular matrix assembly","1/205","53/18860",0.0188679245283019,1.73584905660377,0.562348503876794,0.440126911276613,0.628174322559903,0.587473687182186,"HAS2",1
"GO:0101023","vascular endothelial cell proliferation","1/205","53/18860",0.0188679245283019,1.73584905660377,0.562348503876794,0.440126911276613,0.628174322559903,0.587473687182186,"MIR20B",1
"GO:1900047","negative regulation of hemostasis","1/205","53/18860",0.0188679245283019,1.73584905660377,0.562348503876794,0.440126911276613,0.628174322559903,0.587473687182186,"SERPINE1",1
"GO:0002819","regulation of adaptive immune response","3/205","224/18860",0.0133928571428571,1.23214285714286,0.366388317656157,0.440629136727037,0.628174322559903,0.587473687182186,"CCL19/CD1C/CD1E",3
"GO:0007601","visual perception","3/205","224/18860",0.0133928571428571,1.23214285714286,0.366388317656157,0.440629136727037,0.628174322559903,0.587473687182186,"GABRR2/PRPH2/VAX2",3
"GO:0032259","methylation","3/205","224/18860",0.0133928571428571,1.23214285714286,0.366388317656157,0.440629136727037,0.628174322559903,0.587473687182186,"COQ5/MRM1/PRDM4",3
"GO:0046651","lymphocyte proliferation","4/205","312/18860",0.0128205128205128,1.17948717948718,0.335120365085238,0.440904871393104,0.628244081151697,0.587538925979224,"ARG2/CCL19/DLG1/TGFBR2",4
"GO:0031348","negative regulation of defense response","4/205","313/18860",0.012779552715655,1.17571884984026,0.32861873447826,0.443315911490034,0.630139172166094,0.589311230363198,"ARG2/CXCL17/EIF4E2/TYRO3",4
"GO:0002821","positive regulation of adaptive immune response","2/205","138/18860",0.0144927536231884,1.33333333333333,0.411984428991157,0.443693462465531,0.630139172166094,0.589311230363198,"CD1C/CD1E",2
"GO:0051056","regulation of small GTPase mediated signal transduction","4/205","314/18860",0.0127388535031847,1.17197452229299,0.322138359102724,0.445723902126989,0.630139172166094,0.589311230363198,"ARHGAP28/CCL19/DLC1/MMD2",4
"GO:0007129","homologous chromosome pairing at meiosis","1/205","54/18860",0.0185185185185185,1.7037037037037,0.542846616061578,0.446229638090475,0.630139172166094,0.589311230363198,"NDC1",1
"GO:0008542","visual learning","1/205","54/18860",0.0185185185185185,1.7037037037037,0.542846616061578,0.446229638090475,0.630139172166094,0.589311230363198,"CDK5",1
"GO:0030490","maturation of SSU-rRNA","1/205","54/18860",0.0185185185185185,1.7037037037037,0.542846616061578,0.446229638090475,0.630139172166094,0.589311230363198,"SRFBP1",1
"GO:0031103","axon regeneration","1/205","54/18860",0.0185185185185185,1.7037037037037,0.542846616061578,0.446229638090475,0.630139172166094,0.589311230363198,"APOD",1
"GO:0043303","mast cell degranulation","1/205","54/18860",0.0185185185185185,1.7037037037037,0.542846616061578,0.446229638090475,0.630139172166094,0.589311230363198,"GPR15LG",1
"GO:0048009","insulin-like growth factor receptor signaling pathway","1/205","54/18860",0.0185185185185185,1.7037037037037,0.542846616061578,0.446229638090475,0.630139172166094,0.589311230363198,"BMP2",1
"GO:0048821","erythrocyte development","1/205","54/18860",0.0185185185185185,1.7037037037037,0.542846616061578,0.446229638090475,0.630139172166094,0.589311230363198,"SLC25A40",1
"GO:0050771","negative regulation of axonogenesis","1/205","54/18860",0.0185185185185185,1.7037037037037,0.542846616061578,0.446229638090475,0.630139172166094,0.589311230363198,"CDK5",1
"GO:0060324","face development","1/205","54/18860",0.0185185185185185,1.7037037037037,0.542846616061578,0.446229638090475,0.630139172166094,0.589311230363198,"RARG",1
"GO:0141085","regulation of inflammasome-mediated signaling pathway","1/205","54/18860",0.0185185185185185,1.7037037037037,0.542846616061578,0.446229638090475,0.630139172166094,0.589311230363198,"USP50",1
"GO:1903146","regulation of autophagy of mitochondrion","1/205","54/18860",0.0185185185185185,1.7037037037037,0.542846616061578,0.446229638090475,0.630139172166094,0.589311230363198,"ADCY10",1
"GO:1990089","response to nerve growth factor","1/205","54/18860",0.0185185185185185,1.7037037037037,0.542846616061578,0.446229638090475,0.630139172166094,0.589311230363198,"CALCA",1
"GO:2000179","positive regulation of neural precursor cell proliferation","1/205","54/18860",0.0185185185185185,1.7037037037037,0.542846616061578,0.446229638090475,0.630139172166094,0.589311230363198,"VEGFA",1
"GO:0050777","negative regulation of immune response","3/205","226/18860",0.0132743362831858,1.2212389380531,0.350752983065723,0.446329623028836,0.630139172166094,0.589311230363198,"ARG2/EIF4E2/TYRO3",3
"GO:0071356","cellular response to tumor necrosis factor","3/205","226/18860",0.0132743362831858,1.2212389380531,0.350752983065723,0.446329623028836,0.630139172166094,0.589311230363198,"CALCA/HAS2/MIR20B",3
"GO:0006639","acylglycerol metabolic process","2/205","139/18860",0.0143884892086331,1.32374100719424,0.401586612125407,0.447357036333239,0.630946532913988,0.590066280638922,"AGMO/SLC22A4",2
"GO:0051028","mRNA transport","2/205","139/18860",0.0143884892086331,1.32374100719424,0.401586612125407,0.447357036333239,0.630946532913988,0.590066280638922,"ARC/NDC1",2
"GO:0018193","peptidyl-amino acid modification","5/205","404/18860",0.0123762376237624,1.13861386138614,0.295234555501556,0.448350137189959,0.631122053864983,0.590230429246332,"AGBL2/NEDD9/PDK3/TENM1/VEGFA",5
"GO:0031647","regulation of protein stability","5/205","404/18860",0.0123762376237624,1.13861386138614,0.295234555501556,0.448350137189959,0.631122053864983,0.590230429246332,"BMP2/CDKN2AIP/KLF1/LAMP1/USP42",5
"GO:0044706","multi-multicellular organism process","3/205","227/18860",0.013215859030837,1.215859030837,0.34298915916589,0.449171338763037,0.631122053864983,0.590230429246332,"CALCA/KLF1/VEGFA",3
"GO:0045637","regulation of myeloid cell differentiation","3/205","227/18860",0.013215859030837,1.215859030837,0.34298915916589,0.449171338763037,0.631122053864983,0.590230429246332,"CALCA/NEDD9/RARG",3
"GO:0006638","neutral lipid metabolic process","2/205","140/18860",0.0142857142857143,1.31428571428571,0.39126803614997,0.451007144234475,0.631122053864983,0.590230429246332,"AGMO/SLC22A4",2
"GO:0050953","sensory perception of light stimulus","3/205","228/18860",0.0131578947368421,1.21052631578947,0.335260748443757,0.452007233366336,0.631122053864983,0.590230429246332,"GABRR2/PRPH2/VAX2",3
"GO:0001754","eye photoreceptor cell differentiation","1/205","55/18860",0.0181818181818182,1.67272727272727,0.523747960164965,0.452266164953787,0.631122053864983,0.590230429246332,"VEGFA",1
"GO:0009395","phospholipid catabolic process","1/205","55/18860",0.0181818181818182,1.67272727272727,0.523747960164965,0.452266164953787,0.631122053864983,0.590230429246332,"PLA2G7",1
"GO:0010662","regulation of striated muscle cell apoptotic process","1/205","55/18860",0.0181818181818182,1.67272727272727,0.523747960164965,0.452266164953787,0.631122053864983,0.590230429246332,"ADCY10",1
"GO:0031100","animal organ regeneration","1/205","55/18860",0.0181818181818182,1.67272727272727,0.523747960164965,0.452266164953787,0.631122053864983,0.590230429246332,"SLC22A4",1
"GO:0031529","ruffle organization","1/205","55/18860",0.0181818181818182,1.67272727272727,0.523747960164965,0.452266164953787,0.631122053864983,0.590230429246332,"SNX10",1
"GO:0032330","regulation of chondrocyte differentiation","1/205","55/18860",0.0181818181818182,1.67272727272727,0.523747960164965,0.452266164953787,0.631122053864983,0.590230429246332,"RARG",1
"GO:0042088","T-helper 1 type immune response","1/205","55/18860",0.0181818181818182,1.67272727272727,0.523747960164965,0.452266164953787,0.631122053864983,0.590230429246332,"CCL19",1
"GO:0042269","regulation of natural killer cell mediated cytotoxicity","1/205","55/18860",0.0181818181818182,1.67272727272727,0.523747960164965,0.452266164953787,0.631122053864983,0.590230429246332,"LAMP1",1
"GO:0043331","response to dsRNA","1/205","55/18860",0.0181818181818182,1.67272727272727,0.523747960164965,0.452266164953787,0.631122053864983,0.590230429246332,"SLC22A4",1
"GO:0044546","NLRP3 inflammasome complex assembly","1/205","55/18860",0.0181818181818182,1.67272727272727,0.523747960164965,0.452266164953787,0.631122053864983,0.590230429246332,"USP50",1
"GO:0060688","regulation of morphogenesis of a branching structure","1/205","55/18860",0.0181818181818182,1.67272727272727,0.523747960164965,0.452266164953787,0.631122053864983,0.590230429246332,"VEGFA",1
"GO:0097720","calcineurin-mediated signaling","1/205","55/18860",0.0181818181818182,1.67272727272727,0.523747960164965,0.452266164953787,0.631122053864983,0.590230429246332,"TBC1D10C",1
"GO:1900016","negative regulation of cytokine production involved in inflammatory response","1/205","55/18860",0.0181818181818182,1.67272727272727,0.523747960164965,0.452266164953787,0.631122053864983,0.590230429246332,"APOD",1
"GO:2000648","positive regulation of stem cell proliferation","1/205","55/18860",0.0181818181818182,1.67272727272727,0.523747960164965,0.452266164953787,0.631122053864983,0.590230429246332,"OSR2",1
"GO:2001222","regulation of neuron migration","1/205","55/18860",0.0181818181818182,1.67272727272727,0.523747960164965,0.452266164953787,0.631122053864983,0.590230429246332,"NSMF",1
"GO:0007018","microtubule-based movement","6/205","496/18860",0.0120967741935484,1.11290322580645,0.267117401210877,0.453611705616547,0.632170287448556,0.591210745738513,"ADCY10/DYNLT4/KATNIP/LAMP1/NPHP4/STARD7",6
"GO:0002456","T cell mediated immunity","2/205","141/18860",0.0141843971631206,1.30496453900709,0.381027403441569,0.454643645310925,0.632170287448556,0.591210745738513,"CD1C/CD1E",2
"GO:0030168","platelet activation","2/205","141/18860",0.0141843971631206,1.30496453900709,0.381027403441569,0.454643645310925,0.632170287448556,0.591210745738513,"F2RL3/TYRO3",2
"GO:0043467","regulation of generation of precursor metabolites and energy","2/205","141/18860",0.0141843971631206,1.30496453900709,0.381027403441569,0.454643645310925,0.632170287448556,0.591210745738513,"ADCY10/PFKFB1",2
"GO:0044409","symbiont entry into host","2/205","141/18860",0.0141843971631206,1.30496453900709,0.381027403441569,0.454643645310925,0.632170287448556,0.591210745738513,"LAMP1/TYRO3",2
"GO:0006643","membrane lipid metabolic process","3/205","229/18860",0.0131004366812227,1.20524017467249,0.327567395733389,0.454837206767992,0.632170287448556,0.591210745738513,"AGMO/GBA2/ST6GALNAC3",3
"GO:0030100","regulation of endocytosis","4/205","318/18860",0.0125786163522013,1.15723270440252,0.296426338833319,0.455323947856148,0.632170287448556,0.591210745738513,"ARC/CCL19/SERPINE1/VEGFA",4
"GO:0045055","regulated exocytosis","3/205","230/18860",0.0130434782608696,1.2,0.319908751065481,0.457661160539933,0.632170287448556,0.591210745738513,"CDK5/GPR15LG/LAMP1",3
"GO:0032943","mononuclear cell proliferation","4/205","319/18860",0.0125391849529781,1.15360501567398,0.290049950470225,0.457715631178973,0.632170287448556,0.591210745738513,"ARG2/CCL19/DLG1/TGFBR2",4
"GO:0048193","Golgi vesicle transport","4/205","319/18860",0.0125391849529781,1.15360501567398,0.290049950470225,0.457715631178973,0.632170287448556,0.591210745738513,"CREB3L2/LAMP1/PITPNB/TMED6",4
"GO:0006110","regulation of glycolytic process","1/205","56/18860",0.0178571428571429,1.64285714285714,0.505035608664499,0.458237206495104,0.632170287448556,0.591210745738513,"PFKFB1",1
"GO:0010659","cardiac muscle cell apoptotic process","1/205","56/18860",0.0178571428571429,1.64285714285714,0.505035608664499,0.458237206495104,0.632170287448556,0.591210745738513,"ADCY10",1
"GO:0030811","regulation of nucleotide catabolic process","1/205","56/18860",0.0178571428571429,1.64285714285714,0.505035608664499,0.458237206495104,0.632170287448556,0.591210745738513,"PFKFB1",1
"GO:0033121","regulation of purine nucleotide catabolic process","1/205","56/18860",0.0178571428571429,1.64285714285714,0.505035608664499,0.458237206495104,0.632170287448556,0.591210745738513,"PFKFB1",1
"GO:0050819","negative regulation of coagulation","1/205","56/18860",0.0178571428571429,1.64285714285714,0.505035608664499,0.458237206495104,0.632170287448556,0.591210745738513,"SERPINE1",1
"GO:0051646","mitochondrion localization","1/205","56/18860",0.0178571428571429,1.64285714285714,0.505035608664499,0.458237206495104,0.632170287448556,0.591210745738513,"MFN1",1
"GO:0071902","positive regulation of protein serine/threonine kinase activity","1/205","56/18860",0.0178571428571429,1.64285714285714,0.505035608664499,0.458237206495104,0.632170287448556,0.591210745738513,"TENM1",1
"GO:0099084","postsynaptic specialization organization","1/205","56/18860",0.0178571428571429,1.64285714285714,0.505035608664499,0.458237206495104,0.632170287448556,0.591210745738513,"DLG1",1
"GO:1902895","positive regulation of miRNA transcription","1/205","56/18860",0.0178571428571429,1.64285714285714,0.505035608664499,0.458237206495104,0.632170287448556,0.591210745738513,"BMP2",1
"GO:1903539","protein localization to postsynaptic membrane","1/205","56/18860",0.0178571428571429,1.64285714285714,0.505035608664499,0.458237206495104,0.632170287448556,0.591210745738513,"DLG1",1
"GO:0002286","T cell activation involved in immune response","2/205","142/18860",0.0140845070422535,1.29577464788732,0.370863447235672,0.458266403320109,0.632170287448556,0.591210745738513,"CCL19/CD1C",2
"GO:0006888","endoplasmic reticulum to Golgi vesicle-mediated transport","2/205","142/18860",0.0140845070422535,1.29577464788732,0.370863447235672,0.458266403320109,0.632170287448556,0.591210745738513,"CREB3L2/TMED6",2
"GO:0016482","cytosolic transport","2/205","142/18860",0.0140845070422535,1.29577464788732,0.370863447235672,0.458266403320109,0.632170287448556,0.591210745738513,"LAMP1/TBC1D10C",2
"GO:0048167","regulation of synaptic plasticity","3/205","231/18860",0.012987012987013,1.19480519480519,0.312284469568332,0.460478997886116,0.634902425172968,0.593765862949144,"ARC/CDK5/NSMF",3
"GO:0006354","DNA-templated transcription elongation","2/205","143/18860",0.013986013986014,1.28671328671329,0.360774930674442,0.461875286552574,0.634902425172968,0.593765862949144,"ELL/ELL2",2
"GO:0046632","alpha-beta T cell differentiation","2/205","143/18860",0.013986013986014,1.28671328671329,0.360774930674442,0.461875286552574,0.634902425172968,0.593765862949144,"CCL19/TGFBR2",2
"GO:0051146","striated muscle cell differentiation","4/205","321/18860",0.0124610591900312,1.14641744548287,0.277358080850698,0.462488526244345,0.634902425172968,0.593765862949144,"BMP2/NEB/NPHS1/VEGFA",4
"GO:0043123","positive regulation of canonical NF-kappaB signal transduction","3/205","232/18860",0.0129310344827586,1.18965517241379,0.304694211371152,0.463290623631801,0.634902425172968,0.593765862949144,"CCL19/LRRC19/VEGFA",3
"GO:0002279","mast cell activation involved in immune response","1/205","57/18860",0.0175438596491228,1.6140350877193,0.486693647358019,0.464143469666159,0.634902425172968,0.593765862949144,"GPR15LG",1
"GO:0002448","mast cell mediated immunity","1/205","57/18860",0.0175438596491228,1.6140350877193,0.486693647358019,0.464143469666159,0.634902425172968,0.593765862949144,"GPR15LG",1
"GO:0002686","negative regulation of leukocyte migration","1/205","57/18860",0.0175438596491228,1.6140350877193,0.486693647358019,0.464143469666159,0.634902425172968,0.593765862949144,"APOD",1
"GO:0002762","negative regulation of myeloid leukocyte differentiation","1/205","57/18860",0.0175438596491228,1.6140350877193,0.486693647358019,0.464143469666159,0.634902425172968,0.593765862949144,"CALCA",1
"GO:0016601","Rac protein signal transduction","1/205","57/18860",0.0175438596491228,1.6140350877193,0.486693647358019,0.464143469666159,0.634902425172968,0.593765862949144,"CCL19",1
"GO:0031638","zymogen activation","1/205","57/18860",0.0175438596491228,1.6140350877193,0.486693647358019,0.464143469666159,0.634902425172968,0.593765862949144,"SERPINE1",1
"GO:0048146","positive regulation of fibroblast proliferation","1/205","57/18860",0.0175438596491228,1.6140350877193,0.486693647358019,0.464143469666159,0.634902425172968,0.593765862949144,"PDGFC",1
"GO:0050805","negative regulation of synaptic transmission","1/205","57/18860",0.0175438596491228,1.6140350877193,0.486693647358019,0.464143469666159,0.634902425172968,0.593765862949144,"ARC",1
"GO:0051180","vitamin transport","1/205","57/18860",0.0175438596491228,1.6140350877193,0.486693647358019,0.464143469666159,0.634902425172968,0.593765862949144,"TCN1",1
"GO:0051480","regulation of cytosolic calcium ion concentration","1/205","57/18860",0.0175438596491228,1.6140350877193,0.486693647358019,0.464143469666159,0.634902425172968,0.593765862949144,"CALCA",1
"GO:0062237","protein localization to postsynapse","1/205","57/18860",0.0175438596491228,1.6140350877193,0.486693647358019,0.464143469666159,0.634902425172968,0.593765862949144,"DLG1",1
"GO:0099024","plasma membrane invagination","1/205","57/18860",0.0175438596491228,1.6140350877193,0.486693647358019,0.464143469666159,0.634902425172968,0.593765862949144,"GULP1",1
"GO:0009261","ribonucleotide catabolic process","2/205","144/18860",0.0138888888888889,1.27777777777778,0.350760645890628,0.465470167750324,0.636088981089491,0.594875539601458,"PFKFB1/PGM1",2
"GO:1904950","negative regulation of establishment of protein localization","2/205","144/18860",0.0138888888888889,1.27777777777778,0.350760645890628,0.465470167750324,0.636088981089491,0.594875539601458,"APOD/CDK5",2
"GO:0001889","liver development","2/205","145/18860",0.0137931034482759,1.26896551724138,0.340819413125759,0.469050924026473,0.638793062361269,0.597404418191557,"SLC22A4/UGT1A7",2
"GO:0006195","purine nucleotide catabolic process","2/205","145/18860",0.0137931034482759,1.26896551724138,0.340819413125759,0.469050924026473,0.638793062361269,0.597404418191557,"PFKFB1/PGM1",2
"GO:0010719","negative regulation of epithelial to mesenchymal transition","1/205","58/18860",0.0172413793103448,1.58620689655172,0.46870709773014,0.469985653823923,0.638793062361269,0.597404418191557,"VEGFA",1
"GO:0010761","fibroblast migration","1/205","58/18860",0.0172413793103448,1.58620689655172,0.46870709773014,0.469985653823923,0.638793062361269,0.597404418191557,"TNS1",1
"GO:0021695","cerebellar cortex development","1/205","58/18860",0.0172413793103448,1.58620689655172,0.46870709773014,0.469985653823923,0.638793062361269,0.597404418191557,"CDK5",1
"GO:0038084","vascular endothelial growth factor signaling pathway","1/205","58/18860",0.0172413793103448,1.58620689655172,0.46870709773014,0.469985653823923,0.638793062361269,0.597404418191557,"VEGFA",1
"GO:0046854","phosphatidylinositol phosphate biosynthetic process","1/205","58/18860",0.0172413793103448,1.58620689655172,0.46870709773014,0.469985653823923,0.638793062361269,0.597404418191557,"PIP5KL1",1
"GO:0051452","intracellular pH reduction","1/205","58/18860",0.0172413793103448,1.58620689655172,0.46870709773014,0.469985653823923,0.638793062361269,0.597404418191557,"LAMP1",1
"GO:0051926","negative regulation of calcium ion transport","1/205","58/18860",0.0172413793103448,1.58620689655172,0.46870709773014,0.469985653823923,0.638793062361269,0.597404418191557,"CALCA",1
"GO:0071827","plasma lipoprotein particle organization","1/205","58/18860",0.0172413793103448,1.58620689655172,0.46870709773014,0.469985653823923,0.638793062361269,0.597404418191557,"PLA2G7",1
"GO:1904035","regulation of epithelial cell apoptotic process","1/205","58/18860",0.0172413793103448,1.58620689655172,0.46870709773014,0.469985653823923,0.638793062361269,0.597404418191557,"WNT11",1
"GO:0002285","lymphocyte activation involved in immune response","3/205","235/18860",0.0127659574468085,1.17446808510638,0.282124250916954,0.471687303609804,0.640575158204947,0.59907104858156,"CCL19/CD1C/LAMP1",3
"GO:0002221","pattern recognition receptor signaling pathway","4/205","325/18860",0.0123076923076923,1.13230769230769,0.252213955919869,0.471990576857869,0.640575158204947,0.59907104858156,"CTSS/LRRC19/TYRO3/USP50",4
"GO:0002366","leukocyte activation involved in immune response","4/205","325/18860",0.0123076923076923,1.13230769230769,0.252213955919869,0.471990576857869,0.640575158204947,0.59907104858156,"CCL19/CD1C/GPR15LG/LAMP1",4
"GO:0050868","negative regulation of T cell activation","2/205","146/18860",0.0136986301369863,1.26027397260274,0.330950079881163,0.472617436786102,0.641111802104556,0.599572922279807,"ARG2/DLG1",2
"GO:0000271","polysaccharide biosynthetic process","1/205","59/18860",0.0169491525423729,1.55932203389831,0.451061846507723,0.475764450811801,0.643095938013565,0.601428502166591,"HAS2",1
"GO:0010658","striated muscle cell apoptotic process","1/205","59/18860",0.0169491525423729,1.55932203389831,0.451061846507723,0.475764450811801,0.643095938013565,0.601428502166591,"ADCY10",1
"GO:0032507","maintenance of protein location in cell","1/205","59/18860",0.0169491525423729,1.55932203389831,0.451061846507723,0.475764450811801,0.643095938013565,0.601428502166591,"CDK5",1
"GO:0071470","cellular response to osmotic stress","1/205","59/18860",0.0169491525423729,1.55932203389831,0.451061846507723,0.475764450811801,0.643095938013565,0.601428502166591,"LRRC8C",1
"GO:0072698","protein localization to microtubule cytoskeleton","1/205","59/18860",0.0169491525423729,1.55932203389831,0.451061846507723,0.475764450811801,0.643095938013565,0.601428502166591,"SNX10",1
"GO:1903018","regulation of glycoprotein metabolic process","1/205","59/18860",0.0169491525423729,1.55932203389831,0.451061846507723,0.475764450811801,0.643095938013565,0.601428502166591,"CCL19",1
"GO:0030048","actin filament-based movement","2/205","147/18860",0.0136054421768707,1.25170068027211,0.321151520100341,0.476169591648311,0.643095938013565,0.601428502166591,"ADCY10/DLG1",2
"GO:0030183","B cell differentiation","2/205","147/18860",0.0136054421768707,1.25170068027211,0.321151520100341,0.476169591648311,0.643095938013565,0.601428502166591,"CD27/PPP2R3C",2
"GO:0051783","regulation of nuclear division","2/205","147/18860",0.0136054421768707,1.25170068027211,0.321151520100341,0.476169591648311,0.643095938013565,0.601428502166591,"DAPK3/MSX2",2
"GO:0006119","oxidative phosphorylation","2/205","148/18860",0.0135135135135135,1.24324324324324,0.311422633381351,0.479707278369441,0.646799762250575,0.604892348431945,"COX6B1/NDUFB5",2
"GO:0061008","hepaticobiliary system development","2/205","148/18860",0.0135135135135135,1.24324324324324,0.311422633381351,0.479707278369441,0.646799762250575,0.604892348431945,"SLC22A4/UGT1A7",2
"GO:0002263","cell activation involved in immune response","4/205","329/18860",0.0121580547112462,1.11854103343465,0.227381885862044,0.481430888499991,0.646799762250575,0.604892348431945,"CCL19/CD1C/GPR15LG/LAMP1",4
"GO:0000959","mitochondrial RNA metabolic process","1/205","60/18860",0.0166666666666667,1.53333333333333,0.433744581628185,0.481480545039959,0.646799762250575,0.604892348431945,"FASTKD2",1
"GO:0006636","unsaturated fatty acid biosynthetic process","1/205","60/18860",0.0166666666666667,1.53333333333333,0.433744581628185,0.481480545039959,0.646799762250575,0.604892348431945,"SCD",1
"GO:0009948","anterior/posterior axis specification","1/205","60/18860",0.0166666666666667,1.53333333333333,0.433744581628185,0.481480545039959,0.646799762250575,0.604892348431945,"RIPPLY1",1
"GO:0031102","neuron projection regeneration","1/205","60/18860",0.0166666666666667,1.53333333333333,0.433744581628185,0.481480545039959,0.646799762250575,0.604892348431945,"APOD",1
"GO:0034332","adherens junction organization","1/205","60/18860",0.0166666666666667,1.53333333333333,0.433744581628185,0.481480545039959,0.646799762250575,0.604892348431945,"VEGFA",1
"GO:0042255","ribosome assembly","1/205","60/18860",0.0166666666666667,1.53333333333333,0.433744581628185,0.481480545039959,0.646799762250575,0.604892348431945,"FASTKD2",1
"GO:0060135","maternal process involved in female pregnancy","1/205","60/18860",0.0166666666666667,1.53333333333333,0.433744581628185,0.481480545039959,0.646799762250575,0.604892348431945,"KLF1",1
"GO:1902930","regulation of alcohol biosynthetic process","1/205","60/18860",0.0166666666666667,1.53333333333333,0.433744581628185,0.481480545039959,0.646799762250575,0.604892348431945,"BMP2",1
"GO:0009165","nucleotide biosynthetic process","3/205","239/18860",0.0125523012552301,1.15481171548117,0.252487514790206,0.482790419786172,0.647930941282799,0.605950236175933,"ADCY10/KYNU/NDUFB5",3
"GO:0097191","extrinsic apoptotic signaling pathway","3/205","239/18860",0.0125523012552301,1.15481171548117,0.252487514790206,0.482790419786172,0.647930941282799,0.605950236175933,"CD27/IL19/SERPINE1",3
"GO:0003158","endothelium development","2/205","149/18860",0.0134228187919463,1.23489932885906,0.301762344217896,0.483230390767453,0.648207352264331,0.606208737952696,"PPP1R16B/VEGFA",2
"GO:0006813","potassium ion transport","3/205","240/18860",0.0125,1.15,0.245157777568958,0.485549117377576,0.64873215364157,0.606699536428616,"DLG1/KCNK1/KCNS3",3
"GO:0017148","negative regulation of translation","3/205","240/18860",0.0125,1.15,0.245157777568958,0.485549117377576,0.64873215364157,0.606699536428616,"DAPK3/EIF4E2/PUS7",3
"GO:0045861","negative regulation of proteolysis","2/205","150/18860",0.0133333333333333,1.22666666666667,0.29216960126788,0.486738826647452,0.64873215364157,0.606699536428616,"CDK5/SERPINE1",2
"GO:0046328","regulation of JNK cascade","2/205","150/18860",0.0133333333333333,1.22666666666667,0.29216960126788,0.486738826647452,0.64873215364157,0.606699536428616,"CCL19/CD27",2
"GO:0001954","positive regulation of cell-matrix adhesion","1/205","61/18860",0.0163934426229508,1.50819672131148,0.416742733939784,0.487134613564789,0.64873215364157,0.606699536428616,"VEGFA",1
"GO:0002715","regulation of natural killer cell mediated immunity","1/205","61/18860",0.0163934426229508,1.50819672131148,0.416742733939784,0.487134613564789,0.64873215364157,0.606699536428616,"LAMP1",1
"GO:0035329","hippo signaling","1/205","61/18860",0.0163934426229508,1.50819672131148,0.416742733939784,0.487134613564789,0.64873215364157,0.606699536428616,"WWTR1",1
"GO:0038093","Fc receptor signaling pathway","1/205","61/18860",0.0163934426229508,1.50819672131148,0.416742733939784,0.487134613564789,0.64873215364157,0.606699536428616,"LIMK1",1
"GO:0045912","negative regulation of carbohydrate metabolic process","1/205","61/18860",0.0163934426229508,1.50819672131148,0.416742733939784,0.487134613564789,0.64873215364157,0.606699536428616,"PFKFB1",1
"GO:0060425","lung morphogenesis","1/205","61/18860",0.0163934426229508,1.50819672131148,0.416742733939784,0.487134613564789,0.64873215364157,0.606699536428616,"TGFBR2",1
"GO:0060632","regulation of microtubule-based movement","1/205","61/18860",0.0163934426229508,1.50819672131148,0.416742733939784,0.487134613564789,0.64873215364157,0.606699536428616,"LAMP1",1
"GO:0071715","icosanoid transport","1/205","61/18860",0.0163934426229508,1.50819672131148,0.416742733939784,0.487134613564789,0.64873215364157,0.606699536428616,"CYP4A11",1
"GO:0071825","protein-lipid complex organization","1/205","61/18860",0.0163934426229508,1.50819672131148,0.416742733939784,0.487134613564789,0.64873215364157,0.606699536428616,"PLA2G7",1
"GO:1904427","positive regulation of calcium ion transmembrane transport","1/205","61/18860",0.0163934426229508,1.50819672131148,0.416742733939784,0.487134613564789,0.64873215364157,0.606699536428616,"F2RL3",1
"GO:1904645","response to amyloid-beta","1/205","61/18860",0.0163934426229508,1.50819672131148,0.416742733939784,0.487134613564789,0.64873215364157,0.606699536428616,"CDK5",1
"GO:0016358","dendrite development","3/205","241/18860",0.012448132780083,1.14522821576763,0.237859214962646,0.48830081793838,0.649972736996306,0.607859739976405,"ARC/CDK5/NSMF",3
"GO:0050890","cognition","4/205","333/18860",0.012012012012012,1.10510510510511,0.202853269065988,0.490805525012288,0.652992941538923,0.610684259596158,"ARC/CDK5/MGAT3/NEDD9",4
"GO:0042306","regulation of protein import into nucleus","1/205","62/18860",0.0161290322580645,1.48387096774194,0.400044424035246,0.492727326167545,0.653979249393436,0.611606662647633,"APOD",1
"GO:0043405","regulation of MAP kinase activity","1/205","62/18860",0.0161290322580645,1.48387096774194,0.400044424035246,0.492727326167545,0.653979249393436,0.611606662647633,"TENM1",1
"GO:0055008","cardiac muscle tissue morphogenesis","1/205","62/18860",0.0161290322580645,1.48387096774194,0.400044424035246,0.492727326167545,0.653979249393436,0.611606662647633,"BMP2",1
"GO:0070613","regulation of protein processing","1/205","62/18860",0.0161290322580645,1.48387096774194,0.400044424035246,0.492727326167545,0.653979249393436,0.611606662647633,"SERPINE1",1
"GO:0071168","protein localization to chromatin","1/205","62/18860",0.0161290322580645,1.48387096774194,0.400044424035246,0.492727326167545,0.653979249393436,0.611606662647633,"MCM9",1
"GO:1904951","positive regulation of establishment of protein localization","4/205","334/18860",0.0119760479041916,1.10179640718563,0.196767554405528,0.493138479216999,0.654126572917266,0.611744440793993,"ADCY10/CDK5/SLC30A8/TENM1",4
"GO:0007411","axon guidance","3/205","243/18860",0.0123456790123457,1.1358024691358,0.223354438810886,0.493782911180507,0.654126572917266,0.611744440793993,"CDK5/GBX1/VEGFA",3
"GO:0007596","blood coagulation","3/205","243/18860",0.0123456790123457,1.1358024691358,0.223354438810886,0.493782911180507,0.654126572917266,0.611744440793993,"F2RL3/SERPINE1/TYRO3",3
"GO:0008406","gonad development","3/205","243/18860",0.0123456790123457,1.1358024691358,0.223354438810886,0.493782911180507,0.654126572917266,0.611744440793993,"MMP19/SOX15/VEGFA",3
"GO:0097193","intrinsic apoptotic signaling pathway","4/205","335/18860",0.0119402985074627,1.09850746268657,0.190700162065572,0.495467036951919,0.654733580098196,0.612312118799795,"ADCY10/ERO1A/IL19/RNF186",4
"GO:0034612","response to tumor necrosis factor","3/205","244/18860",0.0122950819672131,1.13114754098361,0.216147647982692,0.496513149200807,0.654733580098196,0.612312118799795,"CALCA/HAS2/MIR20B",3
"GO:0097485","neuron projection guidance","3/205","244/18860",0.0122950819672131,1.13114754098361,0.216147647982692,0.496513149200807,0.654733580098196,0.612312118799795,"CDK5/GBX1/VEGFA",3
"GO:0046165","alcohol biosynthetic process","2/205","153/18860",0.0130718954248366,1.20261437908497,0.263786484107741,0.497175111504925,0.654733580098196,0.612312118799795,"BMP2/QDPR",2
"GO:0050671","positive regulation of lymphocyte proliferation","2/205","153/18860",0.0130718954248366,1.20261437908497,0.263786484107741,0.497175111504925,0.654733580098196,0.612312118799795,"CCL19/TGFBR2",2
"GO:0002931","response to ischemia","1/205","63/18860",0.0158730158730159,1.46031746031746,0.383638413691223,0.498259345432129,0.654733580098196,0.612312118799795,"NDNF",1
"GO:0006611","protein export from nucleus","1/205","63/18860",0.0158730158730159,1.46031746031746,0.383638413691223,0.498259345432129,0.654733580098196,0.612312118799795,"CDK5",1
"GO:0031146","SCF-dependent proteasomal ubiquitin-dependent protein catabolic process","1/205","63/18860",0.0158730158730159,1.46031746031746,0.383638413691223,0.498259345432129,0.654733580098196,0.612312118799795,"WWTR1",1
"GO:0033013","tetrapyrrole metabolic process","1/205","63/18860",0.0158730158730159,1.46031746031746,0.383638413691223,0.498259345432129,0.654733580098196,0.612312118799795,"UGT1A4",1
"GO:0044088","regulation of vacuole organization","1/205","63/18860",0.0158730158730159,1.46031746031746,0.383638413691223,0.498259345432129,0.654733580098196,0.612312118799795,"RNF186",1
"GO:0046173","polyol biosynthetic process","1/205","63/18860",0.0158730158730159,1.46031746031746,0.383638413691223,0.498259345432129,0.654733580098196,0.612312118799795,"QDPR",1
"GO:0046456","icosanoid biosynthetic process","1/205","63/18860",0.0158730158730159,1.46031746031746,0.383638413691223,0.498259345432129,0.654733580098196,0.612312118799795,"CYP4A11",1
"GO:0048010","vascular endothelial growth factor receptor signaling pathway","1/205","63/18860",0.0158730158730159,1.46031746031746,0.383638413691223,0.498259345432129,0.654733580098196,0.612312118799795,"VEGFA",1
"GO:0051785","positive regulation of nuclear division","1/205","63/18860",0.0158730158730159,1.46031746031746,0.383638413691223,0.498259345432129,0.654733580098196,0.612312118799795,"MSX2",1
"GO:0086002","cardiac muscle cell action potential involved in contraction","1/205","63/18860",0.0158730158730159,1.46031746031746,0.383638413691223,0.498259345432129,0.654733580098196,0.612312118799795,"DLG1",1
"GO:0097479","synaptic vesicle localization","1/205","63/18860",0.0158730158730159,1.46031746031746,0.383638413691223,0.498259345432129,0.654733580098196,0.612312118799795,"CDK5",1
"GO:1905517","macrophage migration","1/205","63/18860",0.0158730158730159,1.46031746031746,0.383638413691223,0.498259345432129,0.654733580098196,0.612312118799795,"CXCL17",1
"GO:2001235","positive regulation of apoptotic signaling pathway","2/205","154/18860",0.012987012987013,1.19480519480519,0.254453871716011,0.500623896562661,0.657528778320802,0.614926210696369,"ADCY10/IL19",2
"GO:0000768","syncytium formation by plasma membrane fusion","1/205","64/18860",0.015625,1.4375,0.367514061447805,0.503731326822054,0.657672829672804,0.615060928681273,"NPHS1",1
"GO:0010324","membrane invagination","1/205","64/18860",0.015625,1.4375,0.367514061447805,0.503731326822054,0.657672829672804,0.615060928681273,"GULP1",1
"GO:0032233","positive regulation of actin filament bundle assembly","1/205","64/18860",0.015625,1.4375,0.367514061447805,0.503731326822054,0.657672829672804,0.615060928681273,"LIMK1",1
"GO:0032615","interleukin-12 production","1/205","64/18860",0.015625,1.4375,0.367514061447805,0.503731326822054,0.657672829672804,0.615060928681273,"CCL19",1
"GO:0032655","regulation of interleukin-12 production","1/205","64/18860",0.015625,1.4375,0.367514061447805,0.503731326822054,0.657672829672804,0.615060928681273,"CCL19",1
"GO:0034381","plasma lipoprotein particle clearance","1/205","64/18860",0.015625,1.4375,0.367514061447805,0.503731326822054,0.657672829672804,0.615060928681273,"IL19",1
"GO:0043370","regulation of CD4-positive, alpha-beta T cell differentiation","1/205","64/18860",0.015625,1.4375,0.367514061447805,0.503731326822054,0.657672829672804,0.615060928681273,"CCL19",1
"GO:0044331","cell-cell adhesion mediated by cadherin","1/205","64/18860",0.015625,1.4375,0.367514061447805,0.503731326822054,0.657672829672804,0.615060928681273,"VEGFA",1
"GO:0048524","positive regulation of viral process","1/205","64/18860",0.015625,1.4375,0.367514061447805,0.503731326822054,0.657672829672804,0.615060928681273,"TYRO3",1
"GO:0070050","neuron cellular homeostasis","1/205","64/18860",0.015625,1.4375,0.367514061447805,0.503731326822054,0.657672829672804,0.615060928681273,"TYRO3",1
"GO:0140253","cell-cell fusion","1/205","64/18860",0.015625,1.4375,0.367514061447805,0.503731326822054,0.657672829672804,0.615060928681273,"NPHS1",1
"GO:0016331","morphogenesis of embryonic epithelium","2/205","155/18860",0.0129032258064516,1.18709677419355,0.245183887469749,0.504057551406268,0.657672829672804,0.615060928681273,"DLC1/RARG",2
"GO:0032946","positive regulation of mononuclear cell proliferation","2/205","155/18860",0.0129032258064516,1.18709677419355,0.245183887469749,0.504057551406268,0.657672829672804,0.615060928681273,"CCL19/TGFBR2",2
"GO:0060048","cardiac muscle contraction","2/205","155/18860",0.0129032258064516,1.18709677419355,0.245183887469749,0.504057551406268,0.657672829672804,0.615060928681273,"ADCY10/DLG1",2
"GO:0045089","positive regulation of innate immune response","5/205","432/18860",0.0115740740740741,1.06481481481481,0.142861659368297,0.506767298547907,0.660524362374306,0.617727705036355,"CTSS/LAMP1/LRRC19/TYRO3/USP50",5
"GO:0045137","development of primary sexual characteristics","3/205","248/18860",0.0120967741935484,1.11290322580645,0.187617914032273,0.507360308264941,0.660524362374306,0.617727705036355,"MMP19/SOX15/VEGFA",3
"GO:0050817","coagulation","3/205","248/18860",0.0120967741935484,1.11290322580645,0.187617914032273,0.507360308264941,0.660524362374306,0.617727705036355,"F2RL3/SERPINE1/TYRO3",3
"GO:0030177","positive regulation of Wnt signaling pathway","2/205","156/18860",0.0128205128205128,1.17948717948718,0.235975611049416,0.507475996261642,0.660524362374306,0.617727705036355,"BMP2/DAPK3",2
"GO:0001947","heart looping","1/205","65/18860",0.0153846153846154,1.41538461538462,0.351661281915875,0.509143918756587,0.660524362374306,0.617727705036355,"TGFBR2",1
"GO:0002011","morphogenesis of an epithelial sheet","1/205","65/18860",0.0153846153846154,1.41538461538462,0.351661281915875,0.509143918756587,0.660524362374306,0.617727705036355,"MSX2",1
"GO:0009311","oligosaccharide metabolic process","1/205","65/18860",0.0153846153846154,1.41538461538462,0.351661281915875,0.509143918756587,0.660524362374306,0.617727705036355,"ST6GALNAC3",1
"GO:0030203","glycosaminoglycan metabolic process","1/205","65/18860",0.0153846153846154,1.41538461538462,0.351661281915875,0.509143918756587,0.660524362374306,0.617727705036355,"HAS2",1
"GO:0031122","cytoplasmic microtubule organization","1/205","65/18860",0.0153846153846154,1.41538461538462,0.351661281915875,0.509143918756587,0.660524362374306,0.617727705036355,"DLG1",1
"GO:0090303","positive regulation of wound healing","1/205","65/18860",0.0153846153846154,1.41538461538462,0.351661281915875,0.509143918756587,0.660524362374306,0.617727705036355,"SERPINE1",1
"GO:0098900","regulation of action potential","1/205","65/18860",0.0153846153846154,1.41538461538462,0.351661281915875,0.509143918756587,0.660524362374306,0.617727705036355,"DLG1",1
"GO:2000630","positive regulation of miRNA metabolic process","1/205","65/18860",0.0153846153846154,1.41538461538462,0.351661281915875,0.509143918756587,0.660524362374306,0.617727705036355,"BMP2",1
"GO:0009416","response to light stimulus","4/205","341/18860",0.0117302052785924,1.0791788856305,0.154673688731914,0.509342974018599,0.660524362374306,0.617727705036355,"CDK5/COPS3/NPHP4/PRPH2",4
"GO:0030534","adult behavior","2/205","157/18860",0.0127388535031847,1.17197452229299,0.226828141857144,0.510879154851146,0.661587311331311,0.618721783464319,"CDK5/GBX1",2
"GO:0042552","myelination","2/205","157/18860",0.0127388535031847,1.17197452229299,0.226828141857144,0.510879154851146,0.661587311331311,0.618721783464319,"DLG1/RARG",2
"GO:0046887","positive regulation of hormone secretion","2/205","157/18860",0.0127388535031847,1.17197452229299,0.226828141857144,0.510879154851146,0.661587311331311,0.618721783464319,"KISS1R/SLC30A8",2
"GO:0002758","innate immune response-activating signaling pathway","4/205","342/18860",0.0116959064327485,1.07602339181287,0.148731133975619,0.511639229913335,0.662248514238129,0.619340145749586,"CTSS/LRRC19/TYRO3/USP50",4
"GO:0007599","hemostasis","3/205","250/18860",0.012,1.104,0.173527692265851,0.512738616212819,0.662248514238129,0.619340145749586,"F2RL3/SERPINE1/TYRO3",3
"GO:0008203","cholesterol metabolic process","2/205","158/18860",0.0126582278481013,1.16455696202532,0.217740598467304,0.51426695432772,0.662248514238129,0.619340145749586,"GBA2/SULT2B1",2
"GO:1900180","regulation of protein localization to nucleus","2/205","158/18860",0.0126582278481013,1.16455696202532,0.217740598467304,0.51426695432772,0.662248514238129,0.619340145749586,"APOD/WWTR1",2
"GO:1903169","regulation of calcium ion transmembrane transport","2/205","158/18860",0.0126582278481013,1.16455696202532,0.217740598467304,0.51426695432772,0.662248514238129,0.619340145749586,"CALCA/F2RL3",2
"GO:1904375","regulation of protein localization to cell periphery","2/205","158/18860",0.0126582278481013,1.16455696202532,0.217740598467304,0.51426695432772,0.662248514238129,0.619340145749586,"CDK5/DLG1",2
"GO:0008347","glial cell migration","1/205","66/18860",0.0151515151515152,1.39393939393939,0.336070508446904,0.514497762686084,0.662248514238129,0.619340145749586,"CDK5",1
"GO:0022029","telencephalon cell migration","1/205","66/18860",0.0151515151515152,1.39393939393939,0.336070508446904,0.514497762686084,0.662248514238129,0.619340145749586,"CDK5",1
"GO:0045005","DNA-templated DNA replication maintenance of fidelity","1/205","66/18860",0.0151515151515152,1.39393939393939,0.336070508446904,0.514497762686084,0.662248514238129,0.619340145749586,"MCM9",1
"GO:0048814","regulation of dendrite morphogenesis","1/205","66/18860",0.0151515151515152,1.39393939393939,0.336070508446904,0.514497762686084,0.662248514238129,0.619340145749586,"NSMF",1
"GO:0070192","chromosome organization involved in meiotic cell cycle","1/205","66/18860",0.0151515151515152,1.39393939393939,0.336070508446904,0.514497762686084,0.662248514238129,0.619340145749586,"NDC1",1
"GO:0097035","regulation of membrane lipid distribution","1/205","66/18860",0.0151515151515152,1.39393939393939,0.336070508446904,0.514497762686084,0.662248514238129,0.619340145749586,"GBA2",1
"GO:0140632","canonical inflammasome complex assembly","1/205","66/18860",0.0151515151515152,1.39393939393939,0.336070508446904,0.514497762686084,0.662248514238129,0.619340145749586,"USP50",1
"GO:0006909","phagocytosis","3/205","251/18860",0.0119521912350598,1.0996015936255,0.166525315092633,0.515416213322766,0.663122578218328,0.620157577425539,"GULP1/LIMK1/TYRO3",3
"GO:0007272","ensheathment of neurons","2/205","159/18860",0.0125786163522013,1.15723270440252,0.208712118095826,0.517639325209988,0.665364701081981,0.62225442879071,"DLG1/RARG",2
"GO:0008366","axon ensheathment","2/205","159/18860",0.0125786163522013,1.15723270440252,0.208712118095826,0.517639325209988,0.665364701081981,0.62225442879071,"DLG1/RARG",2
"GO:0001756","somitogenesis","1/205","67/18860",0.0149253731343284,1.37313432835821,0.320732658840524,0.519793493166522,0.665662494716258,0.622532927796584,"RIPPLY1",1
"GO:0006949","syncytium formation","1/205","67/18860",0.0149253731343284,1.37313432835821,0.320732658840524,0.519793493166522,0.665662494716258,0.622532927796584,"NPHS1",1
"GO:0008631","intrinsic apoptotic signaling pathway in response to oxidative stress","1/205","67/18860",0.0149253731343284,1.37313432835821,0.320732658840524,0.519793493166522,0.665662494716258,0.622532927796584,"ADCY10",1
"GO:0017156","calcium-ion regulated exocytosis","1/205","67/18860",0.0149253731343284,1.37313432835821,0.320732658840524,0.519793493166522,0.665662494716258,0.622532927796584,"CDK5",1
"GO:0031113","regulation of microtubule polymerization","1/205","67/18860",0.0149253731343284,1.37313432835821,0.320732658840524,0.519793493166522,0.665662494716258,0.622532927796584,"GBA2",1
"GO:0044380","protein localization to cytoskeleton","1/205","67/18860",0.0149253731343284,1.37313432835821,0.320732658840524,0.519793493166522,0.665662494716258,0.622532927796584,"SNX10",1
"GO:0045185","maintenance of protein location","1/205","67/18860",0.0149253731343284,1.37313432835821,0.320732658840524,0.519793493166522,0.665662494716258,0.622532927796584,"CDK5",1
"GO:1903317","regulation of protein maturation","1/205","67/18860",0.0149253731343284,1.37313432835821,0.320732658840524,0.519793493166522,0.665662494716258,0.622532927796584,"SERPINE1",1
"GO:0010976","positive regulation of neuron projection development","2/205","160/18860",0.0125,1.15,0.1997418560875,0.520996201318371,0.666894398175549,0.623685013836225,"NDNF/SERPINI1",2
"GO:0040014","regulation of multicellular organism growth","1/205","68/18860",0.0147058823529412,1.35294117647059,0.305639103800969,0.525031737933236,0.670820071067834,0.62735633475126,"SOCS2",1
"GO:0042776","proton motive force-driven mitochondrial ATP synthesis","1/205","68/18860",0.0147058823529412,1.35294117647059,0.305639103800969,0.525031737933236,0.670820071067834,0.62735633475126,"NDUFB5",1
"GO:0045143","homologous chromosome segregation","1/205","68/18860",0.0147058823529412,1.35294117647059,0.305639103800969,0.525031737933236,0.670820071067834,0.62735633475126,"NDC1",1
"GO:1903078","positive regulation of protein localization to plasma membrane","1/205","68/18860",0.0147058823529412,1.35294117647059,0.305639103800969,0.525031737933236,0.670820071067834,0.62735633475126,"DLG1",1
"GO:0032006","regulation of TOR signaling","2/205","162/18860",0.0123456790123457,1.1358024691358,0.181972696227837,0.527663220627619,0.673250631570016,0.629629414514083,"ROS1/TBCK",2
"GO:0035296","regulation of tube diameter","2/205","162/18860",0.0123456790123457,1.1358024691358,0.181972696227837,0.527663220627619,0.673250631570016,0.629629414514083,"CALCA/VEGFA",2
"GO:0097746","blood vessel diameter maintenance","2/205","162/18860",0.0123456790123457,1.1358024691358,0.181972696227837,0.527663220627619,0.673250631570016,0.629629414514083,"CALCA/VEGFA",2
"GO:0035567","non-canonical Wnt signaling pathway","1/205","69/18860",0.0144927536231884,1.33333333333333,0.290781637884771,0.530213117973875,0.674058613815223,0.6303850460191,"WNT11",1
"GO:0035904","aorta development","1/205","69/18860",0.0144927536231884,1.33333333333333,0.290781637884771,0.530213117973875,0.674058613815223,0.6303850460191,"TGFBR2",1
"GO:0042273","ribosomal large subunit biogenesis","1/205","69/18860",0.0144927536231884,1.33333333333333,0.290781637884771,0.530213117973875,0.674058613815223,0.6303850460191,"FASTKD2",1
"GO:0046503","glycerolipid catabolic process","1/205","69/18860",0.0144927536231884,1.33333333333333,0.290781637884771,0.530213117973875,0.674058613815223,0.6303850460191,"PLA2G7",1
"GO:0048857","neural nucleus development","1/205","69/18860",0.0144927536231884,1.33333333333333,0.290781637884771,0.530213117973875,0.674058613815223,0.6303850460191,"COX6B1",1
"GO:0051058","negative regulation of small GTPase mediated signal transduction","1/205","69/18860",0.0144927536231884,1.33333333333333,0.290781637884771,0.530213117973875,0.674058613815223,0.6303850460191,"DLC1",1
"GO:1905330","regulation of morphogenesis of an epithelium","1/205","69/18860",0.0144927536231884,1.33333333333333,0.290781637884771,0.530213117973875,0.674058613815223,0.6303850460191,"VEGFA",1
"GO:0009152","purine ribonucleotide biosynthetic process","2/205","163/18860",0.0122699386503067,1.12883435582822,0.173172195333859,0.530973247416901,0.674058613815223,0.6303850460191,"ADCY10/NDUFB5",2
"GO:0016525","negative regulation of angiogenesis","2/205","163/18860",0.0122699386503067,1.12883435582822,0.173172195333859,0.530973247416901,0.674058613815223,0.6303850460191,"MIR20B/SERPINE1",2
"GO:0035150","regulation of tube size","2/205","163/18860",0.0122699386503067,1.12883435582822,0.173172195333859,0.530973247416901,0.674058613815223,0.6303850460191,"CALCA/VEGFA",2
"GO:0072523","purine-containing compound catabolic process","2/205","163/18860",0.0122699386503067,1.12883435582822,0.173172195333859,0.530973247416901,0.674058613815223,0.6303850460191,"PFKFB1/PGM1",2
"GO:0010038","response to metal ion","4/205","351/18860",0.0113960113960114,1.04843304843305,0.0960157590412049,0.53208257591901,0.675157460052981,0.631412695873223,"CPNE7/MT1G/SLC30A2/SLC30A8",4
"GO:0009064","glutamine family amino acid metabolic process","1/205","70/18860",0.0142857142857143,1.31428571428571,0.276152452709628,0.535338247600577,0.677117326873789,0.633245579113204,"AADAT",1
"GO:0014015","positive regulation of gliogenesis","1/205","70/18860",0.0142857142857143,1.31428571428571,0.276152452709628,0.535338247600577,0.677117326873789,0.633245579113204,"BMP2",1
"GO:0030193","regulation of blood coagulation","1/205","70/18860",0.0142857142857143,1.31428571428571,0.276152452709628,0.535338247600577,0.677117326873789,0.633245579113204,"SERPINE1",1
"GO:0045576","mast cell activation","1/205","70/18860",0.0142857142857143,1.31428571428571,0.276152452709628,0.535338247600577,0.677117326873789,0.633245579113204,"GPR15LG",1
"GO:0051445","regulation of meiotic cell cycle","1/205","70/18860",0.0142857142857143,1.31428571428571,0.276152452709628,0.535338247600577,0.677117326873789,0.633245579113204,"MSX2",1
"GO:0061371","determination of heart left/right asymmetry","1/205","70/18860",0.0142857142857143,1.31428571428571,0.276152452709628,0.535338247600577,0.677117326873789,0.633245579113204,"TGFBR2",1
"GO:0070585","protein localization to mitochondrion","1/205","70/18860",0.0142857142857143,1.31428571428571,0.276152452709628,0.535338247600577,0.677117326873789,0.633245579113204,"RNF186",1
"GO:0030902","hindbrain development","2/205","165/18860",0.0121212121212121,1.11515151515152,0.155735466527785,0.537546067245979,0.678979756621689,0.634987338417623,"CDK5/DLC1",2
"GO:1903038","negative regulation of leukocyte cell-cell adhesion","2/205","165/18860",0.0121212121212121,1.11515151515152,0.155735466527785,0.537546067245979,0.678979756621689,0.634987338417623,"ARG2/DLG1",2
"GO:2000181","negative regulation of blood vessel morphogenesis","2/205","165/18860",0.0121212121212121,1.11515151515152,0.155735466527785,0.537546067245979,0.678979756621689,0.634987338417623,"MIR20B/SERPINE1",2
"GO:0003143","embryonic heart tube morphogenesis","1/205","71/18860",0.0140845070422535,1.29577464788732,0.261744112218598,0.54040773452138,0.680908128698725,0.636790767519499,"TGFBR2",1
"GO:0030199","collagen fibril organization","1/205","71/18860",0.0140845070422535,1.29577464788732,0.261744112218598,0.54040773452138,0.680908128698725,0.636790767519499,"ERO1A",1
"GO:0045668","negative regulation of osteoblast differentiation","1/205","71/18860",0.0140845070422535,1.29577464788732,0.261744112218598,0.54040773452138,0.680908128698725,0.636790767519499,"CHRD",1
"GO:0007204","positive regulation of cytosolic calcium ion concentration","2/205","166/18860",0.0120481927710843,1.10843373493976,0.147097731767722,0.540808762033972,0.680908128698725,0.636790767519499,"CALCA/CDK5",2
"GO:0098754","detoxification","2/205","166/18860",0.0120481927710843,1.10843373493976,0.147097731767722,0.540808762033972,0.680908128698725,0.636790767519499,"MT1G/UGT1A7",2
"GO:0071214","cellular response to abiotic stimulus","4/205","355/18860",0.0112676056338028,1.03661971830986,0.0730168789046513,0.541033998453896,0.680908128698725,0.636790767519499,"KCNK1/LRRC8C/NSMF/WNT11",4
"GO:0104004","cellular response to environmental stimulus","4/205","355/18860",0.0112676056338028,1.03661971830986,0.0730168789046513,0.541033998453896,0.680908128698725,0.636790767519499,"KCNK1/LRRC8C/NSMF/WNT11",4
"GO:0043269","regulation of monoatomic ion transport","5/205","449/18860",0.0111358574610245,1.02449888641425,0.055076896413058,0.541039274825232,0.680908128698725,0.636790767519499,"CALCA/CTSS/DLG1/F2RL3/KCNS3",5
"GO:0034762","regulation of transmembrane transport","5/205","450/18860",0.0111111111111111,1.02222222222222,0.0500155999855919,0.543021696471055,0.68208552521585,0.637891878227706,"CALCA/CTSS/DLG1/F2RL3/KCNS3",5
"GO:0070661","leukocyte proliferation","4/205","356/18860",0.0112359550561798,1.03370786516854,0.0673072847938409,0.543258403639646,0.68208552521585,0.637891878227706,"ARG2/CCL19/DLG1/TGFBR2",4
"GO:0007584","response to nutrient","2/205","167/18860",0.0119760479041916,1.10179640718563,0.13851277078654,0.54405558607666,0.68208552521585,0.637891878227706,"KYNU/SLC22A4",2
"GO:0008277","regulation of G protein-coupled receptor signaling pathway","2/205","167/18860",0.0119760479041916,1.10179640718563,0.13851277078654,0.54405558607666,0.68208552521585,0.637891878227706,"CALCA/SERPINE1",2
"GO:0051494","negative regulation of cytoskeleton organization","2/205","167/18860",0.0119760479041916,1.10179640718563,0.13851277078654,0.54405558607666,0.68208552521585,0.637891878227706,"ARHGAP28/DLC1",2
"GO:1901343","negative regulation of vasculature development","2/205","167/18860",0.0119760479041916,1.10179640718563,0.13851277078654,0.54405558607666,0.68208552521585,0.637891878227706,"MIR20B/SERPINE1",2
"GO:2001236","regulation of extrinsic apoptotic signaling pathway","2/205","167/18860",0.0119760479041916,1.10179640718563,0.13851277078654,0.54405558607666,0.68208552521585,0.637891878227706,"IL19/SERPINE1",2
"GO:0003208","cardiac ventricle morphogenesis","1/205","72/18860",0.0138888888888889,1.27777777777778,0.247549529815112,0.545422179910869,0.68208552521585,0.637891878227706,"TGFBR2",1
"GO:0006635","fatty acid beta-oxidation","1/205","72/18860",0.0138888888888889,1.27777777777778,0.247549529815112,0.545422179910869,0.68208552521585,0.637891878227706,"SLC27A2",1
"GO:0032890","regulation of organic acid transport","1/205","72/18860",0.0138888888888889,1.27777777777778,0.247549529815112,0.545422179910869,0.68208552521585,0.637891878227706,"CYP4A11",1
"GO:0045600","positive regulation of fat cell differentiation","1/205","72/18860",0.0138888888888889,1.27777777777778,0.247549529815112,0.545422179910869,0.68208552521585,0.637891878227706,"BMP2",1
"GO:0050918","positive chemotaxis","1/205","72/18860",0.0138888888888889,1.27777777777778,0.247549529815112,0.545422179910869,0.68208552521585,0.637891878227706,"VEGFA",1
"GO:0141084","inflammasome-mediated signaling pathway","1/205","72/18860",0.0138888888888889,1.27777777777778,0.247549529815112,0.545422179910869,0.68208552521585,0.637891878227706,"USP50",1
"GO:1900046","regulation of hemostasis","1/205","72/18860",0.0138888888888889,1.27777777777778,0.247549529815112,0.545422179910869,0.68208552521585,0.637891878227706,"SERPINE1",1
"GO:0032102","negative regulation of response to external stimulus","5/205","452/18860",0.0110619469026549,1.01769911504425,0.0399260274345837,0.546974657365042,0.683718321706303,0.63941888265978,"ARG2/CXCL17/EIF4E2/SERPINE1/TYRO3",5
"GO:0002703","regulation of leukocyte mediated immunity","3/205","264/18860",0.0113636363636364,1.04545454545455,0.0779665196113396,0.549494059445979,0.686557755825603,0.642074344323317,"CD1C/CD1E/LAMP1",3
"GO:0051055","negative regulation of lipid biosynthetic process","1/205","73/18860",0.0136986301369863,1.26027397260274,0.233561947203245,0.550382178480077,0.686886952970125,0.642382212144966,"BMP2",1
"GO:0016125","sterol metabolic process","2/205","169/18860",0.0118343195266272,1.0887573964497,0.121498319795028,0.550501456893024,0.686886952970125,0.642382212144966,"GBA2/SULT2B1",2
"GO:1902904","negative regulation of supramolecular fiber organization","2/205","169/18860",0.0118343195266272,1.0887573964497,0.121498319795028,0.550501456893024,0.686886952970125,0.642382212144966,"ARHGAP28/DLC1",2
"GO:0048863","stem cell differentiation","3/205","265/18860",0.0113207547169811,1.04150943396226,0.0713362525136929,0.552057255953855,0.688518054476443,0.643907631414222,"MSX2/PUS7/TGFBR2",3
"GO:0042742","defense response to bacterium","4/205","361/18860",0.0110803324099723,1.01939058171745,0.0389950020008574,0.554297672406209,0.689752754426637,0.645062332754685,"ARG2/CALCA/GPR15LG/SERPINE1",4
"GO:0010611","regulation of cardiac muscle hypertrophy","1/205","74/18860",0.0135135135135135,1.24324324324324,0.219774914784348,0.555288318545632,0.689752754426637,0.645062332754685,"ADCY10",1
"GO:0015800","acidic amino acid transport","1/205","74/18860",0.0135135135135135,1.24324324324324,0.219774914784348,0.555288318545632,0.689752754426637,0.645062332754685,"KCNK1",1
"GO:0050435","amyloid-beta metabolic process","1/205","74/18860",0.0135135135135135,1.24324324324324,0.219774914784348,0.555288318545632,0.689752754426637,0.645062332754685,"MGAT3",1
"GO:0050854","regulation of antigen receptor-mediated signaling pathway","1/205","74/18860",0.0135135135135135,1.24324324324324,0.219774914784348,0.555288318545632,0.689752754426637,0.645062332754685,"LPXN",1
"GO:0051148","negative regulation of muscle cell differentiation","1/205","74/18860",0.0135135135135135,1.24324324324324,0.219774914784348,0.555288318545632,0.689752754426637,0.645062332754685,"BMP2",1
"GO:0060420","regulation of heart growth","1/205","74/18860",0.0135135135135135,1.24324324324324,0.219774914784348,0.555288318545632,0.689752754426637,0.645062332754685,"DUSP6",1
"GO:0061180","mammary gland epithelium development","1/205","74/18860",0.0135135135135135,1.24324324324324,0.219774914784348,0.555288318545632,0.689752754426637,0.645062332754685,"MSX2",1
"GO:2000134","negative regulation of G1/S transition of mitotic cell cycle","1/205","74/18860",0.0135135135135135,1.24324324324324,0.219774914784348,0.555288318545632,0.689752754426637,0.645062332754685,"DLG1",1
"GO:0002218","activation of innate immune response","4/205","362/18860",0.0110497237569061,1.01657458563536,0.0333789915555059,0.556488699875348,0.69093397519261,0.646167019931223,"CTSS/LRRC19/TYRO3/USP50",4
"GO:0048660","regulation of smooth muscle cell proliferation","2/205","172/18860",0.0116279069767442,1.06976744186047,0.09635499738852,0.560050272621522,0.693913718431107,0.648953699813397,"APOD/BMP2",2
"GO:0006414","translational elongation","1/205","75/18860",0.0133333333333333,1.22666666666667,0.206182273476032,0.560141182098179,0.693913718431107,0.648953699813397,"EIF4E2",1
"GO:0009583","detection of light stimulus","1/205","75/18860",0.0133333333333333,1.22666666666667,0.206182273476032,0.560141182098179,0.693913718431107,0.648953699813397,"PRPH2",1
"GO:0030239","myofibril assembly","1/205","75/18860",0.0133333333333333,1.22666666666667,0.206182273476032,0.560141182098179,0.693913718431107,0.648953699813397,"NEB",1
"GO:0051865","protein autoubiquitination","1/205","75/18860",0.0133333333333333,1.22666666666667,0.206182273476032,0.560141182098179,0.693913718431107,0.648953699813397,"RNF186",1
"GO:0050727","regulation of inflammatory response","5/205","460/18860",0.0108695652173913,1,0,0.562623423998933,0.696124343990249,0.65102109464564,"CXCL17/LRRC19/PLA2G7/SERPINE1/TYRO3",5
"GO:0009451","RNA modification","2/205","173/18860",0.0115606936416185,1.0635838150289,0.0880721249566552,0.563201086257885,0.696124343990249,0.65102109464564,"MRM1/PUS7",2
"GO:0070665","positive regulation of leukocyte proliferation","2/205","173/18860",0.0115606936416185,1.0635838150289,0.0880721249566552,0.563201086257885,0.696124343990249,0.65102109464564,"CCL19/TGFBR2",2
"GO:0002028","regulation of sodium ion transport","1/205","76/18860",0.0131578947368421,1.21052631578947,0.192778137832612,0.564941344870065,0.696124343990249,0.65102109464564,"DLG1",1
"GO:0007405","neuroblast proliferation","1/205","76/18860",0.0131578947368421,1.21052631578947,0.192778137832612,0.564941344870065,0.696124343990249,0.65102109464564,"VEGFA",1
"GO:0015986","proton motive force-driven ATP synthesis","1/205","76/18860",0.0131578947368421,1.21052631578947,0.192778137832612,0.564941344870065,0.696124343990249,0.65102109464564,"NDUFB5",1
"GO:0033363","secretory granule organization","1/205","76/18860",0.0131578947368421,1.21052631578947,0.192778137832612,0.564941344870065,0.696124343990249,0.65102109464564,"F2RL3",1
"GO:0048488","synaptic vesicle endocytosis","1/205","76/18860",0.0131578947368421,1.21052631578947,0.192778137832612,0.564941344870065,0.696124343990249,0.65102109464564,"CDK5",1
"GO:0050818","regulation of coagulation","1/205","76/18860",0.0131578947368421,1.21052631578947,0.192778137832612,0.564941344870065,0.696124343990249,0.65102109464564,"SERPINE1",1
"GO:0051966","regulation of synaptic transmission, glutamatergic","1/205","76/18860",0.0131578947368421,1.21052631578947,0.192778137832612,0.564941344870065,0.696124343990249,0.65102109464564,"CDK5",1
"GO:0071260","cellular response to mechanical stimulus","1/205","76/18860",0.0131578947368421,1.21052631578947,0.192778137832612,0.564941344870065,0.696124343990249,0.65102109464564,"WNT11",1
"GO:1903036","positive regulation of response to wounding","1/205","76/18860",0.0131578947368421,1.21052631578947,0.192778137832612,0.564941344870065,0.696124343990249,0.65102109464564,"SERPINE1",1
"GO:0030308","negative regulation of cell growth","2/205","174/18860",0.0114942528735632,1.05747126436782,0.0798372993528482,0.566335791764833,0.697532300217247,0.652337826651964,"CDK5/CDKN2AIP",2
"GO:0009266","response to temperature stimulus","2/205","175/18860",0.0114285714285714,1.05142857142857,0.0716498966177501,0.569454365457597,0.699485626167726,0.654164592817319,"ERO1A/MCRIP2",2
"GO:0001707","mesoderm formation","1/205","77/18860",0.012987012987013,1.19480519480519,0.179556880357913,0.569689376402307,0.699485626167726,0.654164592817319,"WNT11",1
"GO:0006081","aldehyde metabolic process","1/205","77/18860",0.012987012987013,1.19480519480519,0.179556880357913,0.569689376402307,0.699485626167726,0.654164592817319,"BMP2",1
"GO:0014743","regulation of muscle hypertrophy","1/205","77/18860",0.012987012987013,1.19480519480519,0.179556880357913,0.569689376402307,0.699485626167726,0.654164592817319,"ADCY10",1
"GO:0045685","regulation of glial cell differentiation","1/205","77/18860",0.012987012987013,1.19480519480519,0.179556880357913,0.569689376402307,0.699485626167726,0.654164592817319,"BMP2",1
"GO:0060415","muscle tissue morphogenesis","1/205","77/18860",0.012987012987013,1.19480519480519,0.179556880357913,0.569689376402307,0.699485626167726,0.654164592817319,"BMP2",1
"GO:0061045","negative regulation of wound healing","1/205","77/18860",0.012987012987013,1.19480519480519,0.179556880357913,0.569689376402307,0.699485626167726,0.654164592817319,"SERPINE1",1
"GO:0002833","positive regulation of response to biotic stimulus","5/205","465/18860",0.010752688172043,0.989247311827957,-0.0246111703181791,0.572266515310179,0.701211448702974,0.655778595955926,"CTSS/LAMP1/LRRC19/TYRO3/USP50",5
"GO:0007292","female gamete generation","2/205","176/18860",0.0113636363636364,1.04545454545455,0.0635093046655096,0.572556786055345,0.701211448702974,0.655778595955926,"MCM9/MMP19",2
"GO:0048659","smooth muscle cell proliferation","2/205","176/18860",0.0113636363636364,1.04545454545455,0.0635093046655096,0.572556786055345,0.701211448702974,0.655778595955926,"APOD/BMP2",2
"GO:0050680","negative regulation of epithelial cell proliferation","2/205","176/18860",0.0113636363636364,1.04545454545455,0.0635093046655096,0.572556786055345,0.701211448702974,0.655778595955926,"DLG1/MIR20B",2
"GO:0001937","negative regulation of endothelial cell proliferation","1/205","78/18860",0.0128205128205128,1.17948717948718,0.166513116911722,0.574385840110848,0.701211448702974,0.655778595955926,"MIR20B",1
"GO:0009880","embryonic pattern specification","1/205","78/18860",0.0128205128205128,1.17948717948718,0.166513116911722,0.574385840110848,0.701211448702974,0.655778595955926,"RIPPLY1",1
"GO:0019731","antibacterial humoral response","1/205","78/18860",0.0128205128205128,1.17948717948718,0.166513116911722,0.574385840110848,0.701211448702974,0.655778595955926,"CALCA",1
"GO:0031397","negative regulation of protein ubiquitination","1/205","78/18860",0.0128205128205128,1.17948717948718,0.166513116911722,0.574385840110848,0.701211448702974,0.655778595955926,"CDK5",1
"GO:0046470","phosphatidylcholine metabolic process","1/205","78/18860",0.0128205128205128,1.17948717948718,0.166513116911722,0.574385840110848,0.701211448702974,0.655778595955926,"PLA2G7",1
"GO:0046513","ceramide biosynthetic process","1/205","78/18860",0.0128205128205128,1.17948717948718,0.166513116911722,0.574385840110848,0.701211448702974,0.655778595955926,"ST6GALNAC3",1
"GO:0048663","neuron fate commitment","1/205","78/18860",0.0128205128205128,1.17948717948718,0.166513116911722,0.574385840110848,0.701211448702974,0.655778595955926,"GBX1",1
"GO:0050853","B cell receptor signaling pathway","1/205","78/18860",0.0128205128205128,1.17948717948718,0.166513116911722,0.574385840110848,0.701211448702974,0.655778595955926,"LPXN",1
"GO:0071496","cellular response to external stimulus","1/205","78/18860",0.0128205128205128,1.17948717948718,0.166513116911722,0.574385840110848,0.701211448702974,0.655778595955926,"WNT11",1
"GO:1905475","regulation of protein localization to membrane","2/205","177/18860",0.0112994350282486,1.03954802259887,0.0554149229893158,0.575643034632213,0.702436654595256,0.656924418376943,"CDK5/DLG1",2
"GO:0003015","heart process","3/205","275/18860",0.0109090909090909,1.00363636363636,0.00636782331107618,0.577211049331813,0.704039897247522,0.658423783821452,"ADCY10/DLG1/WWTR1",3
"GO:0007034","vacuolar transport","2/205","178/18860",0.0112359550561798,1.03370786516854,0.0473661623758983,0.578713094569113,0.704708560011128,0.659049122624886,"LAMP1/SLC30A2",2
"GO:0055002","striated muscle cell development","2/205","178/18860",0.0112359550561798,1.03370786516854,0.0473661623758983,0.578713094569113,0.704708560011128,0.659049122624886,"NEB/VEGFA",2
"GO:0043112","receptor metabolic process","1/205","79/18860",0.0126582278481013,1.16455696202532,0.153641693120554,0.579031293352104,0.704708560011128,0.659049122624886,"CDK5",1
"GO:0046425","regulation of receptor signaling pathway via JAK-STAT","1/205","79/18860",0.0126582278481013,1.16455696202532,0.153641693120554,0.579031293352104,0.704708560011128,0.659049122624886,"SOCS2",1
"GO:0048332","mesoderm morphogenesis","1/205","79/18860",0.0126582278481013,1.16455696202532,0.153641693120554,0.579031293352104,0.704708560011128,0.659049122624886,"WNT11",1
"GO:0001508","action potential","2/205","179/18860",0.0111731843575419,1.02793296089385,0.0393624446286604,0.581766951506292,0.70657553161768,0.660795129512108,"DLG1/KCNS3",2
"GO:0009260","ribonucleotide biosynthetic process","2/205","179/18860",0.0111731843575419,1.02793296089385,0.0393624446286604,0.581766951506292,0.70657553161768,0.660795129512108,"ADCY10/NDUFB5",2
"GO:0050729","positive regulation of inflammatory response","2/205","179/18860",0.0111731843575419,1.02793296089385,0.0393624446286604,0.581766951506292,0.70657553161768,0.660795129512108,"PLA2G7/SERPINE1",2
"GO:0006022","aminoglycan metabolic process","1/205","80/18860",0.0125,1.15,0.140937671711707,0.583626287487817,0.70657553161768,0.660795129512108,"HAS2",1
"GO:0006626","protein targeting to mitochondrion","1/205","80/18860",0.0125,1.15,0.140937671711707,0.583626287487817,0.70657553161768,0.660795129512108,"ADCY10",1
"GO:0006809","nitric oxide biosynthetic process","1/205","80/18860",0.0125,1.15,0.140937671711707,0.583626287487817,0.70657553161768,0.660795129512108,"ARG2",1
"GO:0009247","glycolipid biosynthetic process","1/205","80/18860",0.0125,1.15,0.140937671711707,0.583626287487817,0.70657553161768,0.660795129512108,"ST6GALNAC3",1
"GO:0043536","positive regulation of blood vessel endothelial cell migration","1/205","80/18860",0.0125,1.15,0.140937671711707,0.583626287487817,0.70657553161768,0.660795129512108,"VEGFA",1
"GO:0051145","smooth muscle cell differentiation","1/205","80/18860",0.0125,1.15,0.140937671711707,0.583626287487817,0.70657553161768,0.660795129512108,"VEGFA",1
"GO:0140238","presynaptic endocytosis","1/205","80/18860",0.0125,1.15,0.140937671711707,0.583626287487817,0.70657553161768,0.660795129512108,"CDK5",1
"GO:1904063","negative regulation of cation transmembrane transport","1/205","80/18860",0.0125,1.15,0.140937671711707,0.583626287487817,0.70657553161768,0.660795129512108,"CALCA",1
"GO:1904377","positive regulation of protein localization to cell periphery","1/205","80/18860",0.0125,1.15,0.140937671711707,0.583626287487817,0.70657553161768,0.660795129512108,"DLG1",1
"GO:0006665","sphingolipid metabolic process","2/205","180/18860",0.0111111111111111,1.02222222222222,0.0314032022991409,0.58480459329665,0.70769275816152,0.661839968776554,"GBA2/ST6GALNAC3",2
"GO:0098742","cell-cell adhesion via plasma-membrane adhesion molecules","3/205","279/18860",0.010752688172043,0.989247311827957,-0.0189680744468496,0.587023596572312,0.71006784388878,0.664061168082951,"BMP2/PCDHA2/TGFBR2",3
"GO:0006633","fatty acid biosynthetic process","2/205","181/18860",0.0110497237569061,1.01657458563536,0.0234878784265049,0.587826009959792,0.710175712289279,0.664162047480113,"ACSM5/SCD",2
"GO:0043524","negative regulation of neuron apoptotic process","2/205","181/18860",0.0110497237569061,1.01657458563536,0.0234878784265049,0.587826009959792,0.710175712289279,0.664162047480113,"NDNF/TYRO3",2
"GO:0032720","negative regulation of tumor necrosis factor production","1/205","81/18860",0.0123456790123457,1.1358024691358,0.128396320697056,0.588171367949212,0.710175712289279,0.664162047480113,"ARG2",1
"GO:0097120","receptor localization to synapse","1/205","81/18860",0.0123456790123457,1.1358024691358,0.128396320697056,0.588171367949212,0.710175712289279,0.664162047480113,"DLG1",1
"GO:0010506","regulation of autophagy","4/205","377/18860",0.0106100795755968,0.976127320954907,-0.0490822244005729,0.588651059717034,0.710175712289279,0.664162047480113,"ADCY10/CDK5/DAPK3/DCAF12",4
"GO:0010959","regulation of metal ion transport","4/205","377/18860",0.0106100795755968,0.976127320954907,-0.0490822244005729,0.588651059717034,0.710175712289279,0.664162047480113,"CALCA/DLG1/F2RL3/KCNS3",4
"GO:0097305","response to alcohol","3/205","280/18860",0.0107142857142857,0.985714285714286,-0.0252462428172104,0.58945406566262,0.710834898513477,0.664778523747546,"CCL19/CD27/TGFBR2",3
"GO:0030330","DNA damage response, signal transduction by p53 class mediator","1/205","82/18860",0.0121951219512195,1.1219512195122,0.116013102339746,0.592667074300477,0.713777302527096,0.667530283685801,"COPS3",1
"GO:0071277","cellular response to calcium ion","1/205","82/18860",0.0121951219512195,1.1219512195122,0.116013102339746,0.592667074300477,0.713777302527096,0.667530283685801,"CPNE7",1
"GO:0090049","regulation of cell migration involved in sprouting angiogenesis","1/205","82/18860",0.0121951219512195,1.1219512195122,0.116013102339746,0.592667074300477,0.713777302527096,0.667530283685801,"VEGFA",1
"GO:0003018","vascular process in circulatory system","3/205","283/18860",0.0106007067137809,0.975265017667845,-0.0439496747881988,0.596690587123508,0.718196098408741,0.671662777193203,"CALCA/SLC28A2/VEGFA",3
"GO:0030593","neutrophil chemotaxis","1/205","83/18860",0.0120481927710843,1.10843373493976,0.103783662842936,0.597113940301564,0.718196098408741,0.671662777193203,"CCL19",1
"GO:1903556","negative regulation of tumor necrosis factor superfamily cytokine production","1/205","83/18860",0.0120481927710843,1.10843373493976,0.103783662842936,0.597113940301564,0.718196098408741,0.671662777193203,"ARG2",1
"GO:0007611","learning or memory","3/205","284/18860",0.0105633802816901,0.971830985915493,-0.0501410414126053,0.599084372752389,0.720253347449704,0.673586733070006,"ARC/CDK5/NEDD9",3
"GO:0046390","ribose phosphate biosynthetic process","2/205","185/18860",0.0108108108108108,0.994594594594595,-0.00774501859244762,0.599749299054861,0.720427388717244,0.673749497865528,"ADCY10/NDUFB5",2
"GO:0051701","biological process involved in interaction with host","2/205","185/18860",0.0108108108108108,0.994594594594595,-0.00774501859244762,0.599749299054861,0.720427388717244,0.673749497865528,"LAMP1/TYRO3",2
"GO:0001510","RNA methylation","1/205","84/18860",0.0119047619047619,1.0952380952381,0.0917038227051542,0.601512493970317,0.721606586530003,0.674852293159923,"MRM1",1
"GO:0048678","response to axon injury","1/205","84/18860",0.0119047619047619,1.0952380952381,0.0917038227051542,0.601512493970317,0.721606586530003,0.674852293159923,"APOD",1
"GO:0070534","protein K63-linked ubiquitination","1/205","84/18860",0.0119047619047619,1.0952380952381,0.0917038227051542,0.601512493970317,0.721606586530003,0.674852293159923,"RNF186",1
"GO:0071248","cellular response to metal ion","2/205","186/18860",0.010752688172043,0.989247311827957,-0.015448754808262,0.602689513085442,0.722705606600291,0.675880105583628,"CPNE7/MT1G",2
"GO:0043534","blood vessel endothelial cell migration","2/205","187/18860",0.0106951871657754,0.983957219251337,-0.0231117077378324,0.605613485124829,0.723379837790403,0.676510652024389,"EGR3/VEGFA",2
"GO:0019233","sensory perception of pain","1/205","85/18860",0.0117647058823529,1.08235294117647,0.0797695676917123,0.605863257643947,0.723379837790403,0.676510652024389,"CDK5",1
"GO:0032370","positive regulation of lipid transport","1/205","85/18860",0.0117647058823529,1.08235294117647,0.0797695676917123,0.605863257643947,0.723379837790403,0.676510652024389,"CYP4A11",1
"GO:0034103","regulation of tissue remodeling","1/205","85/18860",0.0117647058823529,1.08235294117647,0.0797695676917123,0.605863257643947,0.723379837790403,0.676510652024389,"CALCA",1
"GO:0034766","negative regulation of monoatomic ion transmembrane transport","1/205","85/18860",0.0117647058823529,1.08235294117647,0.0797695676917123,0.605863257643947,0.723379837790403,0.676510652024389,"CALCA",1
"GO:0042157","lipoprotein metabolic process","1/205","85/18860",0.0117647058823529,1.08235294117647,0.0797695676917123,0.605863257643947,0.723379837790403,0.676510652024389,"APOD",1
"GO:0042267","natural killer cell mediated cytotoxicity","1/205","85/18860",0.0117647058823529,1.08235294117647,0.0797695676917123,0.605863257643947,0.723379837790403,0.676510652024389,"LAMP1",1
"GO:0048644","muscle organ morphogenesis","1/205","85/18860",0.0117647058823529,1.08235294117647,0.0797695676917123,0.605863257643947,0.723379837790403,0.676510652024389,"BMP2",1
"GO:0051279","regulation of release of sequestered calcium ion into cytosol","1/205","85/18860",0.0117647058823529,1.08235294117647,0.0797695676917123,0.605863257643947,0.723379837790403,0.676510652024389,"F2RL3",1
"GO:2000278","regulation of DNA biosynthetic process","1/205","85/18860",0.0117647058823529,1.08235294117647,0.0797695676917123,0.605863257643947,0.723379837790403,0.676510652024389,"VEGFA",1
"GO:0043488","regulation of mRNA stability","3/205","287/18860",0.0104529616724739,0.961672473867596,-0.06858818988533,0.606210203010545,0.723482232804485,0.676606412666478,"DCAF12/FASTKD2/MIR20B",3
"GO:0010721","negative regulation of cell development","3/205","288/18860",0.0104166666666667,0.958333333333333,-0.0746954759308475,0.608566891266452,0.725982036523717,0.678944249243727,"CALCA/CDK5/VEGFA",3
"GO:0008625","extrinsic apoptotic signaling pathway via death domain receptors","1/205","86/18860",0.0116279069767442,1.06976744186047,0.0679770403759841,0.610166748039845,0.727264153214446,0.680143295101938,"SERPINE1",1
"GO:0032418","lysosome localization","1/205","86/18860",0.0116279069767442,1.06976744186047,0.0679770403759841,0.610166748039845,0.727264153214446,0.680143295101938,"GPR15LG",1
"GO:0002449","lymphocyte mediated immunity","4/205","388/18860",0.0103092783505155,0.948453608247423,-0.107546382561882,0.611359414222398,0.728122629784155,0.680946149306025,"CD1C/CD1E/CD27/LAMP1",4
"GO:0017157","regulation of exocytosis","2/205","189/18860",0.0105820105820106,0.973544973544973,-0.0383172159729894,0.611412720894564,0.728122629784155,0.680946149306025,"CDK5/LAMP1",2
"GO:0031929","TOR signaling","2/205","190/18860",0.0105263157894737,0.968421052631579,-0.0458607259434082,0.61428799797877,0.729200098283902,0.681953806527335,"ROS1/TBCK",2
"GO:0051336","regulation of hydrolase activity","2/205","190/18860",0.0105263157894737,0.968421052631579,-0.0458607259434082,0.61428799797877,0.729200098283902,0.681953806527335,"BMP2/FGD6",2
"GO:0006470","protein dephosphorylation","1/205","87/18860",0.0114942528735632,1.05747126436782,0.0563225322083328,0.61442347631575,0.729200098283902,0.681953806527335,"DUSP6",1
"GO:0006970","response to osmotic stress","1/205","87/18860",0.0114942528735632,1.05747126436782,0.0563225322083328,0.61442347631575,0.729200098283902,0.681953806527335,"LRRC8C",1
"GO:0008344","adult locomotory behavior","1/205","87/18860",0.0114942528735632,1.05747126436782,0.0563225322083328,0.61442347631575,0.729200098283902,0.681953806527335,"GBX1",1
"GO:0032412","regulation of monoatomic ion transmembrane transporter activity","1/205","87/18860",0.0114942528735632,1.05747126436782,0.0563225322083328,0.61442347631575,0.729200098283902,0.681953806527335,"CTSS",1
"GO:0036465","synaptic vesicle recycling","1/205","87/18860",0.0114942528735632,1.05747126436782,0.0563225322083328,0.61442347631575,0.729200098283902,0.681953806527335,"CDK5",1
"GO:1990849","vacuolar localization","1/205","87/18860",0.0114942528735632,1.05747126436782,0.0563225322083328,0.61442347631575,0.729200098283902,0.681953806527335,"GPR15LG",1
"GO:0002443","leukocyte mediated immunity","5/205","488/18860",0.0102459016393443,0.942622950819672,-0.134619674478883,0.6151615481432,0.729763378311205,0.682480590546789,"CD1C/CD1E/CD27/GPR15LG/LAMP1",5
"GO:0042113","B cell activation","3/205","291/18860",0.0103092783505155,0.948453608247423,-0.0928943158436571,0.61558088309607,0.729948221821966,0.682653457687197,"CD27/PPP2R3C/TBC1D10C",3
"GO:0007219","Notch signaling pathway","2/205","191/18860",0.0104712041884817,0.963350785340314,-0.0533653623510372,0.617147059700647,0.731179365000338,0.683804832705998,"BMP2/TGFBR2",2
"GO:0034764","positive regulation of transmembrane transport","2/205","191/18860",0.0104712041884817,0.963350785340314,-0.0533653623510372,0.617147059700647,0.731179365000338,0.683804832705998,"CTSS/F2RL3",2
"GO:0010232","vascular transport","1/205","88/18860",0.0113636363636364,1.04545454545455,0.0448024760740431,0.618633948129273,0.731376882764869,0.683989552910637,"SLC28A2",1
"GO:0022898","regulation of transmembrane transporter activity","1/205","88/18860",0.0113636363636364,1.04545454545455,0.0448024760740431,0.618633948129273,0.731376882764869,0.683989552910637,"CTSS",1
"GO:0062208","positive regulation of pattern recognition receptor signaling pathway","1/205","88/18860",0.0113636363636364,1.04545454545455,0.0448024760740431,0.618633948129273,0.731376882764869,0.683989552910637,"USP50",1
"GO:0086001","cardiac muscle cell action potential","1/205","88/18860",0.0113636363636364,1.04545454545455,0.0448024760740431,0.618633948129273,0.731376882764869,0.683989552910637,"DLG1",1
"GO:0150104","transport across blood-brain barrier","1/205","88/18860",0.0113636363636364,1.04545454545455,0.0448024760740431,0.618633948129273,0.731376882764869,0.683989552910637,"SLC28A2",1
"GO:0035050","embryonic heart tube development","1/205","89/18860",0.0112359550561798,1.03370786516854,0.0334134393048569,0.622798663696794,0.735045717273166,0.687420676499814,"TGFBR2",1
"GO:0046209","nitric oxide metabolic process","1/205","89/18860",0.0112359550561798,1.03370786516854,0.0334134393048569,0.622798663696794,0.735045717273166,0.687420676499814,"ARG2",1
"GO:0070098","chemokine-mediated signaling pathway","1/205","89/18860",0.0112359550561798,1.03370786516854,0.0334134393048569,0.622798663696794,0.735045717273166,0.687420676499814,"CCL19",1
"GO:0098586","cellular response to virus","1/205","89/18860",0.0112359550561798,1.03370786516854,0.0334134393048569,0.622798663696794,0.735045717273166,0.687420676499814,"CCL19",1
"GO:0046486","glycerolipid metabolic process","4/205","394/18860",0.0101522842639594,0.934010152284264,-0.138764206168604,0.623418808408017,0.735464267159373,0.687812107725335,"AGMO/PIP5KL1/PLA2G7/SLC22A4",4
"GO:0072659","protein localization to plasma membrane","3/205","295/18860",0.0101694915254237,0.935593220338983,-0.116878263436555,0.624801311613409,0.73676842870143,0.689031770106107,"CDK5/DLG1/PRPH2",3
"GO:0007492","endoderm development","1/205","90/18860",0.0111111111111111,1.02222222222222,0.0221521171116373,0.626918117851722,0.73676842870143,0.689031770106107,"ARC",1
"GO:0034248","regulation of amide metabolic process","1/205","90/18860",0.0111111111111111,1.02222222222222,0.0221521171116373,0.626918117851722,0.73676842870143,0.689031770106107,"PDK3",1
"GO:0042093","T-helper cell differentiation","1/205","90/18860",0.0111111111111111,1.02222222222222,0.0221521171116373,0.626918117851722,0.73676842870143,0.689031770106107,"CCL19",1
"GO:0046928","regulation of neurotransmitter secretion","1/205","90/18860",0.0111111111111111,1.02222222222222,0.0221521171116373,0.626918117851722,0.73676842870143,0.689031770106107,"CDK5",1
"GO:0048708","astrocyte differentiation","1/205","90/18860",0.0111111111111111,1.02222222222222,0.0221521171116373,0.626918117851722,0.73676842870143,0.689031770106107,"BMP2",1
"GO:0050810","regulation of steroid biosynthetic process","1/205","90/18860",0.0111111111111111,1.02222222222222,0.0221521171116373,0.626918117851722,0.73676842870143,0.689031770106107,"BMP2",1
"GO:0051591","response to cAMP","1/205","90/18860",0.0111111111111111,1.02222222222222,0.0221521171116373,0.626918117851722,0.73676842870143,0.689031770106107,"MMP19",1
"GO:1905477","positive regulation of protein localization to membrane","1/205","90/18860",0.0111111111111111,1.02222222222222,0.0221521171116373,0.626918117851722,0.73676842870143,0.689031770106107,"DLG1",1
"GO:0007189","adenylate cyclase-activating G protein-coupled receptor signaling pathway","2/205","195/18860",0.0102564102564103,0.943589743589744,-0.0830041901138742,0.628421398226838,0.737908975450759,0.6900984186146,"CALCA/GPR15LG",2
"GO:2001242","regulation of intrinsic apoptotic signaling pathway","2/205","195/18860",0.0102564102564103,0.943589743589744,-0.0830041901138742,0.628421398226838,0.737908975450759,0.6900984186146,"ADCY10/IL19",2
"GO:0001892","embryonic placenta development","1/205","91/18860",0.010989010989011,1.01098901098901,0.0110153264083552,0.630992800102143,0.738666176682905,0.690806559307099,"SOX15",1
"GO:0002228","natural killer cell mediated immunity","1/205","91/18860",0.010989010989011,1.01098901098901,0.0110153264083552,0.630992800102143,0.738666176682905,0.690806559307099,"LAMP1",1
"GO:0008543","fibroblast growth factor receptor signaling pathway","1/205","91/18860",0.010989010989011,1.01098901098901,0.0110153264083552,0.630992800102143,0.738666176682905,0.690806559307099,"SHISA2",1
"GO:0051453","regulation of intracellular pH","1/205","91/18860",0.010989010989011,1.01098901098901,0.0110153264083552,0.630992800102143,0.738666176682905,0.690806559307099,"LAMP1",1
"GO:1903321","negative regulation of protein modification by small protein conjugation or removal","1/205","91/18860",0.010989010989011,1.01098901098901,0.0110153264083552,0.630992800102143,0.738666176682905,0.690806559307099,"CDK5",1
"GO:2001057","reactive nitrogen species metabolic process","1/205","91/18860",0.010989010989011,1.01098901098901,0.0110153264083552,0.630992800102143,0.738666176682905,0.690806559307099,"ARG2",1
"GO:0032640","tumor necrosis factor production","2/205","196/18860",0.0102040816326531,0.938775510204082,-0.0903211547901834,0.631199581302685,0.738666176682905,0.690806559307099,"ARG2/CCL19",2
"GO:0032680","regulation of tumor necrosis factor production","2/205","196/18860",0.0102040816326531,0.938775510204082,-0.0903211547901834,0.631199581302685,0.738666176682905,0.690806559307099,"ARG2/CCL19",2
"GO:0045786","negative regulation of cell cycle","4/205","399/18860",0.0100250626566416,0.922305764411028,-0.164431973403473,0.633287822036227,0.740796987770418,0.692799311002469,"BMP2/CDK5/DLG1/GPR15LG",4
"GO:0048771","tissue remodeling","2/205","197/18860",0.0101522842639594,0.934010152284264,-0.0976018715039772,0.633961639454286,0.741272157572129,0.693243693629112,"CALCA/SNX10",2
"GO:0002294","CD4-positive, alpha-beta T cell differentiation involved in immune response","1/205","92/18860",0.0108695652173913,1,0,0.635023194687846,0.741516888677134,0.693472568130126,"CCL19",1
"GO:0010660","regulation of muscle cell apoptotic process","1/205","92/18860",0.0108695652173913,1,0,0.635023194687846,0.741516888677134,0.693472568130126,"ADCY10",1
"GO:0060337","type I interferon-mediated signaling pathway","1/205","92/18860",0.0108695652173913,1,0,0.635023194687846,0.741516888677134,0.693472568130126,"EIF4E2",1
"GO:0051656","establishment of organelle localization","4/205","400/18860",0.01,0.92,-0.16952851914282,0.635241724487668,0.741516888677134,0.693472568130126,"CDK5/DLG1/GPR15LG/LAMP1",4
"GO:0002287","alpha-beta T cell activation involved in immune response","1/205","93/18860",0.010752688172043,0.989247311827957,-0.0108968188907812,0.639009780636748,0.743860807527101,0.695664619921792,"CCL19",1
"GO:0002293","alpha-beta T cell differentiation involved in immune response","1/205","93/18860",0.010752688172043,0.989247311827957,-0.0108968188907812,0.639009780636748,0.743860807527101,0.695664619921792,"CCL19",1
"GO:0006400","tRNA modification","1/205","93/18860",0.010752688172043,0.989247311827957,-0.0108968188907812,0.639009780636748,0.743860807527101,0.695664619921792,"PUS7",1
"GO:0030901","midbrain development","1/205","93/18860",0.010752688172043,0.989247311827957,-0.0108968188907812,0.639009780636748,0.743860807527101,0.695664619921792,"COX6B1",1
"GO:0071357","cellular response to type I interferon","1/205","93/18860",0.010752688172043,0.989247311827957,-0.0108968188907812,0.639009780636748,0.743860807527101,0.695664619921792,"EIF4E2",1
"GO:0072384","organelle transport along microtubule","1/205","93/18860",0.010752688172043,0.989247311827957,-0.0108968188907812,0.639009780636748,0.743860807527101,0.695664619921792,"LAMP1",1
"GO:0002460","adaptive immune response based on somatic recombination of immune receptors built from immunoglobulin superfamily domains","4/205","402/18860",0.00995024875621891,0.915422885572139,-0.179685157138623,0.639129502496209,0.743860807527101,0.695664619921792,"CCL19/CD1C/CD1E/CD27",4
"GO:0016241","regulation of macroautophagy","2/205","199/18860",0.0100502512562814,0.92462311557789,-0.112056201994163,0.639437464407033,0.743906667957783,0.695707508966029,"ADCY10/CDK5",2
"GO:0043487","regulation of RNA stability","3/205","303/18860",0.0099009900990099,0.910891089108911,-0.163918208958678,0.64278731039722,0.746742095657599,0.698359223793787,"DCAF12/FASTKD2/MIR20B",3
"GO:0030968","endoplasmic reticulum unfolded protein response","1/205","94/18860",0.0106382978723404,0.978723404255319,-0.0216779817815192,0.642953031820713,0.746742095657599,0.698359223793787,"ERO1A",1
"GO:0048145","regulation of fibroblast proliferation","1/205","94/18860",0.0106382978723404,0.978723404255319,-0.0216779817815192,0.642953031820713,0.746742095657599,0.698359223793787,"PDGFC",1
"GO:0090316","positive regulation of intracellular protein transport","1/205","94/18860",0.0106382978723404,0.978723404255319,-0.0216779817815192,0.642953031820713,0.746742095657599,0.698359223793787,"TENM1",1
"GO:0071706","tumor necrosis factor superfamily cytokine production","2/205","201/18860",0.00995024875621891,0.915422885572139,-0.12637039541707,0.644849054276459,0.747856723589735,0.699401632815633,"ARG2/CCL19",2
"GO:1903555","regulation of tumor necrosis factor superfamily cytokine production","2/205","201/18860",0.00995024875621891,0.915422885572139,-0.12637039541707,0.644849054276459,0.747856723589735,0.699401632815633,"ARG2/CCL19",2
"GO:0001818","negative regulation of cytokine production","4/205","405/18860",0.00987654320987654,0.908641975308642,-0.194829996080216,0.644910885353147,0.747856723589735,0.699401632815633,"APOD/ARG2/MIR20B/WNT11",4
"GO:0045165","cell fate commitment","3/205","304/18860",0.00986842105263158,0.907894736842105,-0.16971400868121,0.644992676049053,0.747856723589735,0.699401632815633,"BMP2/GBX1/WNT11",3
"GO:0019080","viral gene expression","1/205","95/18860",0.0105263157894737,0.968421052631579,-0.032346239793612,0.646853417010777,0.748135267273425,0.699662129112635,"ST6GALNAC3",1
"GO:0021766","hippocampus development","1/205","95/18860",0.0105263157894737,0.968421052631579,-0.032346239793612,0.646853417010777,0.748135267273425,0.699662129112635,"CDK5",1
"GO:0030641","regulation of cellular pH","1/205","95/18860",0.0105263157894737,0.968421052631579,-0.032346239793612,0.646853417010777,0.748135267273425,0.699662129112635,"LAMP1",1
"GO:0032024","positive regulation of insulin secretion","1/205","95/18860",0.0105263157894737,0.968421052631579,-0.032346239793612,0.646853417010777,0.748135267273425,0.699662129112635,"SLC30A8",1
"GO:0071347","cellular response to interleukin-1","1/205","95/18860",0.0105263157894737,0.968421052631579,-0.032346239793612,0.646853417010777,0.748135267273425,0.699662129112635,"HAS2",1
"GO:1901874","negative regulation of post-translational protein modification","1/205","95/18860",0.0105263157894737,0.968421052631579,-0.032346239793612,0.646853417010777,0.748135267273425,0.699662129112635,"CDK5",1
"GO:0061013","regulation of mRNA catabolic process","3/205","305/18860",0.00983606557377049,0.904918032786885,-0.175491559356631,0.64718848024384,0.748210388261868,0.69973238286622,"DCAF12/FASTKD2/MIR20B",3
"GO:0007369","gastrulation","2/205","203/18860",0.00985221674876847,0.9064039408867,-0.140547559987009,0.650196612465668,0.750091792680423,0.701491887435501,"TGFBR2/WNT11",2
"GO:0062207","regulation of pattern recognition receptor signaling pathway","2/205","203/18860",0.00985221674876847,0.9064039408867,-0.140547559987009,0.650196612465668,0.750091792680423,0.701491887435501,"TYRO3/USP50",2
"GO:0140013","meiotic nuclear division","2/205","203/18860",0.00985221674876847,0.9064039408867,-0.140547559987009,0.650196612465668,0.750091792680423,0.701491887435501,"MSX2/NDC1",2
"GO:0008306","associative learning","1/205","96/18860",0.0104166666666667,0.958333333333333,-0.0429042482415918,0.65071139993179,0.750091792680423,0.701491887435501,"CDK5",1
"GO:0032409","regulation of transporter activity","1/205","96/18860",0.0104166666666667,0.958333333333333,-0.0429042482415918,0.65071139993179,0.750091792680423,0.701491887435501,"CTSS",1
"GO:0097194","execution phase of apoptosis","1/205","96/18860",0.0104166666666667,0.958333333333333,-0.0429042482415918,0.65071139993179,0.750091792680423,0.701491887435501,"DLC1",1
"GO:2000177","regulation of neural precursor cell proliferation","1/205","96/18860",0.0104166666666667,0.958333333333333,-0.0429042482415918,0.65071139993179,0.750091792680423,0.701491887435501,"VEGFA",1
"GO:0006959","humoral immune response","3/205","307/18860",0.00977198697068404,0.899022801302931,-0.186992448307724,0.651551375778773,0.750747633488853,0.702105235043157,"CALCA/CCL19/PPP2R3C",3
"GO:0007193","adenylate cyclase-inhibiting G protein-coupled receptor signaling pathway","1/205","97/18860",0.0103092783505155,0.948453608247423,-0.0533545709661714,0.654527439316461,0.75323681217557,0.7044331350044,"GPR15LG",1
"GO:0009791","post-embryonic development","1/205","97/18860",0.0103092783505155,0.948453608247423,-0.0533545709661714,0.654527439316461,0.75323681217557,0.7044331350044,"VEGFA",1
"GO:0045132","meiotic chromosome segregation","1/205","97/18860",0.0103092783505155,0.948453608247423,-0.0533545709661714,0.654527439316461,0.75323681217557,0.7044331350044,"NDC1",1
"GO:0055001","muscle cell development","2/205","206/18860",0.00970873786407767,0.893203883495145,-0.161562929207066,0.658098387159327,0.75444621821101,0.705564181272011,"NEB/VEGFA",2
"GO:0061157","mRNA destabilization","2/205","206/18860",0.00970873786407767,0.893203883495145,-0.161562929207066,0.658098387159327,0.75444621821101,0.705564181272011,"DCAF12/MIR20B",2
"GO:1902806","regulation of cell cycle G1/S phase transition","2/205","206/18860",0.00970873786407767,0.893203883495145,-0.161562929207066,0.658098387159327,0.75444621821101,0.705564181272011,"DLG1/GPR15LG",2
"GO:2000241","regulation of reproductive process","2/205","206/18860",0.00970873786407767,0.893203883495145,-0.161562929207066,0.658098387159327,0.75444621821101,0.705564181272011,"MSX2/VEGFA",2
"GO:0000423","mitophagy","1/205","98/18860",0.0102040816326531,0.938775510204082,-0.0636996844278985,0.658301988958849,0.75444621821101,0.705564181272011,"ADCY10",1
"GO:0002534","cytokine production involved in inflammatory response","1/205","98/18860",0.0102040816326531,0.938775510204082,-0.0636996844278985,0.658301988958849,0.75444621821101,0.705564181272011,"APOD",1
"GO:0051153","regulation of striated muscle cell differentiation","1/205","98/18860",0.0102040816326531,0.938775510204082,-0.0636996844278985,0.658301988958849,0.75444621821101,0.705564181272011,"BMP2",1
"GO:1900015","regulation of cytokine production involved in inflammatory response","1/205","98/18860",0.0102040816326531,0.938775510204082,-0.0636996844278985,0.658301988958849,0.75444621821101,0.705564181272011,"APOD",1
"GO:1990868","response to chemokine","1/205","98/18860",0.0102040816326531,0.938775510204082,-0.0636996844278985,0.658301988958849,0.75444621821101,0.705564181272011,"CCL19",1
"GO:1990869","cellular response to chemokine","1/205","98/18860",0.0102040816326531,0.938775510204082,-0.0636996844278985,0.658301988958849,0.75444621821101,0.705564181272011,"CCL19",1
"GO:0010657","muscle cell apoptotic process","1/205","99/18860",0.0101010101010101,0.929292929292929,-0.0739419815769701,0.662035497767262,0.756846194310902,0.707808658255417,"ADCY10",1
"GO:0034340","response to type I interferon","1/205","99/18860",0.0101010101010101,0.929292929292929,-0.0739419815769701,0.662035497767262,0.756846194310902,0.707808658255417,"EIF4E2",1
"GO:0035278","miRNA-mediated gene silencing by inhibition of translation","1/205","99/18860",0.0101010101010101,0.929292929292929,-0.0739419815769701,0.662035497767262,0.756846194310902,0.707808658255417,"EIF4E2",1
"GO:0043502","regulation of muscle adaptation","1/205","99/18860",0.0101010101010101,0.929292929292929,-0.0739419815769701,0.662035497767262,0.756846194310902,0.707808658255417,"ADCY10",1
"GO:0050848","regulation of calcium-mediated signaling","1/205","99/18860",0.0101010101010101,0.929292929292929,-0.0739419815769701,0.662035497767262,0.756846194310902,0.707808658255417,"TBC1D10C",1
"GO:1904892","regulation of receptor signaling pathway via STAT","1/205","99/18860",0.0101010101010101,0.929292929292929,-0.0739419815769701,0.662035497767262,0.756846194310902,0.707808658255417,"SOCS2",1
"GO:0043279","response to alkaloid","1/205","100/18860",0.01,0.92,-0.0840837755136083,0.665728409816604,0.76012683231327,0.710876737344844,"CDK5",1
"GO:0061515","myeloid cell development","1/205","100/18860",0.01,0.92,-0.0840837755136083,0.665728409816604,0.76012683231327,0.710876737344844,"SLC25A40",1
"GO:1900182","positive regulation of protein localization to nucleus","1/205","100/18860",0.01,0.92,-0.0840837755136083,0.665728409816604,0.76012683231327,0.710876737344844,"WWTR1",1
"GO:0050728","negative regulation of inflammatory response","2/205","210/18860",0.00952380952380952,0.876190476190476,-0.189131086140074,0.668412238438088,0.76256256197426,0.713154651346629,"CXCL17/TYRO3",2
"GO:0050779","RNA destabilization","2/205","210/18860",0.00952380952380952,0.876190476190476,-0.189131086140074,0.668412238438088,0.76256256197426,0.713154651346629,"DCAF12/MIR20B",2
"GO:0002292","T cell differentiation involved in immune response","1/205","101/18860",0.0099009900990099,0.910891089108911,-0.0941273029523308,0.669381164400165,0.763039434316237,0.713600626202645,"CCL19",1
"GO:1903035","negative regulation of response to wounding","1/205","101/18860",0.0099009900990099,0.910891089108911,-0.0941273029523308,0.669381164400165,0.763039434316237,0.713600626202645,"SERPINE1",1
"GO:0002275","myeloid cell activation involved in immune response","1/205","102/18860",0.00980392156862745,0.901960784313726,-0.104074727502483,0.672994196080849,0.765582719976983,0.715979127441898,"GPR15LG",1
"GO:0042982","amyloid precursor protein metabolic process","1/205","102/18860",0.00980392156862745,0.901960784313726,-0.104074727502483,0.672994196080849,0.765582719976983,0.715979127441898,"DLG1",1
"GO:0045638","negative regulation of myeloid cell differentiation","1/205","102/18860",0.00980392156862745,0.901960784313726,-0.104074727502483,0.672994196080849,0.765582719976983,0.715979127441898,"CALCA",1
"GO:0050773","regulation of dendrite development","1/205","102/18860",0.00980392156862745,0.901960784313726,-0.104074727502483,0.672994196080849,0.765582719976983,0.715979127441898,"NSMF",1
"GO:0051928","positive regulation of calcium ion transport","1/205","102/18860",0.00980392156862745,0.901960784313726,-0.104074727502483,0.672994196080849,0.765582719976983,0.715979127441898,"F2RL3",1
"GO:0002697","regulation of immune effector process","4/205","421/18860",0.00950118764845606,0.874109263657957,-0.273844973422174,0.674713226036625,0.767076916715792,0.717376512269643,"CCL19/CD1C/CD1E/LAMP1",4
"GO:0042254","ribosome biogenesis","3/205","318/18860",0.00943396226415094,0.867924528301887,-0.248998124619988,0.674861532865121,0.767076916715792,0.717376512269643,"FASTKD2/MRM1/SRFBP1",3
"GO:0046620","regulation of organ growth","1/205","103/18860",0.00970873786407767,0.893203883495145,-0.113928142776499,0.67656793474187,0.768070975096303,0.718306163675471,"DUSP6",1
"GO:0060419","heart growth","1/205","103/18860",0.00970873786407767,0.893203883495145,-0.113928142776499,0.67656793474187,0.768070975096303,0.718306163675471,"DUSP6",1
"GO:0071346","cellular response to type II interferon","1/205","103/18860",0.00970873786407767,0.893203883495145,-0.113928142776499,0.67656793474187,0.768070975096303,0.718306163675471,"DAPK3",1
"GO:0061014","positive regulation of mRNA catabolic process","2/205","214/18860",0.00934579439252336,0.85981308411215,-0.216202226546667,0.678474632734774,0.769920005192676,0.720035391517833,"DCAF12/MIR20B",2
"GO:0031110","regulation of microtubule polymerization or depolymerization","1/205","104/18860",0.00961538461538462,0.884615384615385,-0.123689575336539,0.680102805636892,0.770505019065108,0.720582501204344,"GBA2",1
"GO:0042147","retrograde transport, endosome to Golgi","1/205","104/18860",0.00961538461538462,0.884615384615385,-0.123689575336539,0.680102805636892,0.770505019065108,0.720582501204344,"TBC1D10C",1
"GO:0043255","regulation of carbohydrate biosynthetic process","1/205","104/18860",0.00961538461538462,0.884615384615385,-0.123689575336539,0.680102805636892,0.770505019065108,0.720582501204344,"HAS2",1
"GO:1905954","positive regulation of lipid localization","1/205","104/18860",0.00961538461538462,0.884615384615385,-0.123689575336539,0.680102805636892,0.770505019065108,0.720582501204344,"CYP4A11",1
"GO:0050807","regulation of synapse organization","3/205","322/18860",0.0093167701863354,0.857142857142857,-0.271042310629971,0.683050022969692,0.773201251754927,0.723104039737364,"ARC/CDK5/NEDD9",3
"GO:0003300","cardiac muscle hypertrophy","1/205","105/18860",0.00952380952380952,0.876190476190476,-0.133360987489399,0.683599229439645,0.773201251754927,0.723104039737364,"ADCY10",1
"GO:0016079","synaptic vesicle exocytosis","1/205","105/18860",0.00952380952380952,0.876190476190476,-0.133360987489399,0.683599229439645,0.773201251754927,0.723104039737364,"CDK5",1
"GO:0035282","segmentation","1/205","105/18860",0.00952380952380952,0.876190476190476,-0.133360987489399,0.683599229439645,0.773201251754927,0.723104039737364,"RIPPLY1",1
"GO:0034620","cellular response to unfolded protein","1/205","106/18860",0.00943396226415094,0.867924528301887,-0.142944279938891,0.68705762229301,0.776478830580024,0.726169257859563,"ERO1A",1
"GO:1990266","neutrophil migration","1/205","106/18860",0.00943396226415094,0.867924528301887,-0.142944279938891,0.68705762229301,0.776478830580024,0.726169257859563,"CCL19",1
"GO:0019395","fatty acid oxidation","1/205","107/18860",0.00934579439252336,0.85981308411215,-0.152441294304255,0.69047839585758,0.779708583989195,0.729189749267493,"SLC27A2",1
"GO:0042274","ribosomal small subunit biogenesis","1/205","107/18860",0.00934579439252336,0.85981308411215,-0.152441294304255,0.69047839585758,0.779708583989195,0.729189749267493,"SRFBP1",1
"GO:0001960","negative regulation of cytokine-mediated signaling pathway","1/205","108/18860",0.00925925925925926,0.851851851851852,-0.161853815512564,0.693861957359696,0.782572321614967,0.731867939766078,"EIF4E2",1
"GO:0014897","striated muscle hypertrophy","1/205","108/18860",0.00925925925925926,0.851851851851852,-0.161853815512564,0.693861957359696,0.782572321614967,0.731867939766078,"ADCY10",1
"GO:0051588","regulation of neurotransmitter transport","1/205","108/18860",0.00925925925925926,0.851851851851852,-0.161853815512564,0.693861957359696,0.782572321614967,0.731867939766078,"CDK5",1
"GO:0048469","cell maturation","2/205","221/18860",0.00904977375565611,0.832579185520362,-0.262441745237751,0.695486490799905,0.784085298948204,0.733282888357032,"CCL19/VEGFA",2
"GO:0050803","regulation of synapse structure or activity","3/205","329/18860",0.00911854103343465,0.838905775075988,-0.309006152581753,0.697011161943693,0.785068343780486,0.734202239803829,"ARC/CDK5/NEDD9",3
"GO:0015914","phospholipid transport","1/205","109/18860",0.00917431192660551,0.844036697247706,-0.171183574072557,0.697208709638987,0.785068343780486,0.734202239803829,"PITPNB",1
"GO:0048709","oligodendrocyte differentiation","1/205","109/18860",0.00917431192660551,0.844036697247706,-0.171183574072557,0.697208709638987,0.785068343780486,0.734202239803829,"CDK5",1
"GO:1903828","negative regulation of protein localization","2/205","222/18860",0.00900900900900901,0.828828828828829,-0.268934234311368,0.697855398822839,0.785477226631152,0.734584630339831,"APOD/CDK5",2
"GO:0006364","rRNA processing","2/205","223/18860",0.00896860986547085,0.825112107623318,-0.275399284110912,0.70020910763926,0.786238967508596,0.735297016545185,"MRM1/SRFBP1",2
"GO:0014013","regulation of gliogenesis","1/205","110/18860",0.00909090909090909,0.836363636363636,-0.180432248236828,0.700519051195385,0.786238967508596,0.735297016545185,"BMP2",1
"GO:0014896","muscle hypertrophy","1/205","110/18860",0.00909090909090909,0.836363636363636,-0.180432248236828,0.700519051195385,0.786238967508596,0.735297016545185,"ADCY10",1
"GO:0019751","polyol metabolic process","1/205","110/18860",0.00909090909090909,0.836363636363636,-0.180432248236828,0.700519051195385,0.786238967508596,0.735297016545185,"QDPR",1
"GO:0035249","synaptic transmission, glutamatergic","1/205","110/18860",0.00909090909090909,0.836363636363636,-0.180432248236828,0.700519051195385,0.786238967508596,0.735297016545185,"CDK5",1
"GO:0046785","microtubule polymerization","1/205","110/18860",0.00909090909090909,0.836363636363636,-0.180432248236828,0.700519051195385,0.786238967508596,0.735297016545185,"GBA2",1
"GO:0051851","host-mediated perturbation of symbiont process","1/205","110/18860",0.00909090909090909,0.836363636363636,-0.180432248236828,0.700519051195385,0.786238967508596,0.735297016545185,"LRRC19",1
"GO:0043122","regulation of canonical NF-kappaB signal transduction","3/205","332/18860",0.00903614457831325,0.831325301204819,-0.325044893966163,0.702851313995236,0.788316883207742,0.737240300047218,"CCL19/LRRC19/VEGFA",3
"GO:0006446","regulation of translational initiation","1/205","111/18860",0.00900900900900901,0.828828828828829,-0.189601466058805,0.703793376235649,0.788316883207742,0.737240300047218,"EIF4E2",1
"GO:0021549","cerebellum development","1/205","111/18860",0.00900900900900901,0.828828828828829,-0.189601466058805,0.703793376235649,0.788316883207742,0.737240300047218,"CDK5",1
"GO:0043367","CD4-positive, alpha-beta T cell differentiation","1/205","111/18860",0.00900900900900901,0.828828828828829,-0.189601466058805,0.703793376235649,0.788316883207742,0.737240300047218,"CCL19",1
"GO:0060079","excitatory postsynaptic potential","1/205","111/18860",0.00900900900900901,0.828828828828829,-0.189601466058805,0.703793376235649,0.788316883207742,0.737240300047218,"CDK5",1
"GO:0008016","regulation of heart contraction","2/205","225/18860",0.00888888888888889,0.817777777777778,-0.288248153037166,0.704871123137991,0.789204935768891,0.73807081395677,"ADCY10/DLG1",2
"GO:1903046","meiotic cell cycle process","2/205","227/18860",0.00881057268722467,0.81057268722467,-0.300990486614965,0.709472935527863,0.793732897261888,0.742305400023374,"MSX2/NDC1",2
"GO:0042692","muscle cell differentiation","4/205","441/18860",0.0090702947845805,0.834467120181406,-0.368730596144825,0.709488322606656,0.793732897261888,0.742305400023374,"BMP2/NEB/NPHS1/VEGFA",4
"GO:0032760","positive regulation of tumor necrosis factor production","1/205","113/18860",0.00884955752212389,0.814159292035398,-0.207707805547245,0.710235532404612,0.793927532187561,0.742487424173888,"CCL19",1
"GO:0060761","negative regulation of response to cytokine stimulus","1/205","113/18860",0.00884955752212389,0.814159292035398,-0.207707805547245,0.710235532404612,0.793927532187561,0.742487424173888,"EIF4E2",1
"GO:0009612","response to mechanical stimulus","2/205","228/18860",0.0087719298245614,0.807017543859649,-0.30732235274011,0.711751393069116,0.795301072529831,0.743771970167552,"SOST/WNT11",2
"GO:0006029","proteoglycan metabolic process","1/205","114/18860",0.0087719298245614,0.807017543859649,-0.216647949482845,0.713404130892747,0.795863649848131,0.744298097007885,"BMP2",1
"GO:0045445","myoblast differentiation","1/205","114/18860",0.0087719298245614,0.807017543859649,-0.216647949482845,0.713404130892747,0.795863649848131,0.744298097007885,"SOX15",1
"GO:0048144","fibroblast proliferation","1/205","114/18860",0.0087719298245614,0.807017543859649,-0.216647949482845,0.713404130892747,0.795863649848131,0.744298097007885,"PDGFC",1
"GO:0097306","cellular response to alcohol","1/205","114/18860",0.0087719298245614,0.807017543859649,-0.216647949482845,0.713404130892747,0.795863649848131,0.744298097007885,"CCL19",1
"GO:0036503","ERAD pathway","1/205","115/18860",0.00869565217391304,0.8,-0.22551468508317,0.716538247673232,0.798395392620617,0.746665803245046,"STT3B",1
"GO:0043271","negative regulation of monoatomic ion transport","1/205","115/18860",0.00869565217391304,0.8,-0.22551468508317,0.716538247673232,0.798395392620617,0.746665803245046,"CALCA",1
"GO:1903900","regulation of viral life cycle","1/205","115/18860",0.00869565217391304,0.8,-0.22551468508317,0.716538247673232,0.798395392620617,0.746665803245046,"TYRO3",1
"GO:0044403","biological process involved in symbiotic interaction","2/205","231/18860",0.00865800865800866,0.796536796536797,-0.326163779326924,0.718497598951943,0.80024005202098,0.748390943577288,"LAMP1/TYRO3",2
"GO:0030522","intracellular receptor signaling pathway","4/205","447/18860",0.00894854586129754,0.823266219239374,-0.396414641998385,0.719380929403537,0.80024005202098,0.748390943577288,"BMP2/PDK3/RARG/USP50",4
"GO:0022600","digestive system process","1/205","116/18860",0.00862068965517241,0.793103448275862,-0.234309416979688,0.719638256167604,0.80024005202098,0.748390943577288,"SNX10",1
"GO:0051345","positive regulation of hydrolase activity","1/205","116/18860",0.00862068965517241,0.793103448275862,-0.234309416979688,0.719638256167604,0.80024005202098,0.748390943577288,"BMP2",1
"GO:0060291","long-term synaptic potentiation","1/205","116/18860",0.00862068965517241,0.793103448275862,-0.234309416979688,0.719638256167604,0.80024005202098,0.748390943577288,"ARC",1
"GO:0000422","autophagy of mitochondrion","1/205","117/18860",0.00854700854700855,0.786324786324786,-0.243033510049119,0.722704525773112,0.80236133723107,0.75037478659535,"ADCY10",1
"GO:0006892","post-Golgi vesicle-mediated transport","1/205","117/18860",0.00854700854700855,0.786324786324786,-0.243033510049119,0.722704525773112,0.80236133723107,0.75037478659535,"LAMP1",1
"GO:0090263","positive regulation of canonical Wnt signaling pathway","1/205","117/18860",0.00854700854700855,0.786324786324786,-0.243033510049119,0.722704525773112,0.80236133723107,0.75037478659535,"DAPK3",1
"GO:1903557","positive regulation of tumor necrosis factor superfamily cytokine production","1/205","117/18860",0.00854700854700855,0.786324786324786,-0.243033510049119,0.722704525773112,0.80236133723107,0.75037478659535,"CCL19",1
"GO:0002444","myeloid leukocyte mediated immunity","1/205","118/18860",0.00847457627118644,0.779661016949153,-0.251688290882646,0.725737421905882,0.805405712611896,0.753221910977722,"GPR15LG",1
"GO:0034504","protein localization to nucleus","3/205","345/18860",0.00869565217391304,0.8,-0.393021509289305,0.727174041300124,0.806676849980514,0.754410688885444,"APOD/CDK5/WWTR1",3
"GO:0007088","regulation of mitotic nuclear division","1/205","119/18860",0.00840336134453781,0.773109243697479,-0.260275049188545,0.72873730604361,0.807764040712605,0.755427438416766,"DAPK3",1
"GO:0071900","regulation of protein serine/threonine kinase activity","1/205","119/18860",0.00840336134453781,0.773109243697479,-0.260275049188545,0.72873730604361,0.807764040712605,0.755427438416766,"TENM1",1
"GO:0007040","lysosome organization","1/205","120/18860",0.00833333333333333,0.766666666666667,-0.268795039131812,0.7317045357678,0.809756917329927,0.757291192684381,"LAMP1",1
"GO:0080171","lytic vacuole organization","1/205","120/18860",0.00833333333333333,0.766666666666667,-0.268795039131812,0.7317045357678,0.809756917329927,0.757291192684381,"LAMP1",1
"GO:1901655","cellular response to ketone","1/205","120/18860",0.00833333333333333,0.766666666666667,-0.268795039131812,0.7317045357678,0.809756917329927,0.757291192684381,"CCL19",1
"GO:1902106","negative regulation of leukocyte differentiation","1/205","120/18860",0.00833333333333333,0.766666666666667,-0.268795039131812,0.7317045357678,0.809756917329927,0.757291192684381,"CALCA",1
"GO:0043583","ear development","2/205","238/18860",0.00840336134453781,0.773109243697479,-0.369258715168194,0.733725571595652,0.810414702314376,0.757906358501113,"BMP2/OSR2",2
"GO:0006661","phosphatidylinositol biosynthetic process","1/205","121/18860",0.00826446280991736,0.760330578512397,-0.277249480614113,0.734639464805559,0.810414702314376,0.757906358501113,"PIP5KL1",1
"GO:0019218","regulation of steroid metabolic process","1/205","121/18860",0.00826446280991736,0.760330578512397,-0.277249480614113,0.734639464805559,0.810414702314376,0.757906358501113,"BMP2",1
"GO:0022037","metencephalon development","1/205","121/18860",0.00826446280991736,0.760330578512397,-0.277249480614113,0.734639464805559,0.810414702314376,0.757906358501113,"CDK5",1
"GO:0030148","sphingolipid biosynthetic process","1/205","121/18860",0.00826446280991736,0.760330578512397,-0.277249480614113,0.734639464805559,0.810414702314376,0.757906358501113,"ST6GALNAC3",1
"GO:0090277","positive regulation of peptide hormone secretion","1/205","121/18860",0.00826446280991736,0.760330578512397,-0.277249480614113,0.734639464805559,0.810414702314376,0.757906358501113,"SLC30A8",1
"GO:0099565","chemical synaptic transmission, postsynaptic","1/205","121/18860",0.00826446280991736,0.760330578512397,-0.277249480614113,0.734639464805559,0.810414702314376,0.757906358501113,"CDK5",1
"GO:0140888","interferon-mediated signaling pathway","1/205","121/18860",0.00826446280991736,0.760330578512397,-0.277249480614113,0.734639464805559,0.810414702314376,0.757906358501113,"EIF4E2",1
"GO:0006913","nucleocytoplasmic transport","3/205","350/18860",0.00857142857142857,0.788571428571429,-0.418536291896858,0.736107235922574,0.811387601872475,0.758816222005762,"APOD/CDK5/NDC1",3
"GO:0051169","nuclear transport","3/205","350/18860",0.00857142857142857,0.788571428571429,-0.418536291896858,0.736107235922574,0.811387601872475,0.758816222005762,"APOD/CDK5/NDC1",3
"GO:0051223","regulation of protein transport","4/205","458/18860",0.00873362445414847,0.803493449781659,-0.446288700695847,0.736872419999257,0.811907956801091,0.759302862127108,"APOD/CDK5/SLC30A8/TENM1",4
"GO:1902749","regulation of cell cycle G2/M phase transition","1/205","122/18860",0.00819672131147541,0.754098360655738,-0.285639560497194,0.737542443070934,0.812323088392242,0.759691096535553,"USP50",1
"GO:0051924","regulation of calcium ion transport","2/205","240/18860",0.00833333333333333,0.766666666666667,-0.381356542885046,0.737946479161654,0.812445050587354,0.759805156562979,"CALCA/F2RL3",2
"GO:0034502","protein localization to chromosome","1/205","123/18860",0.00813008130081301,0.747967479674797,-0.293966433772711,0.740413816705818,0.814514008052072,0.761740062252004,"MCM9",1
"GO:1901796","regulation of signal transduction by p53 class mediator","1/205","123/18860",0.00813008130081301,0.747967479674797,-0.293966433772711,0.740413816705818,0.814514008052072,0.761740062252004,"COPS3",1
"GO:1903320","regulation of protein modification by small protein conjugation or removal","2/205","242/18860",0.00826446280991736,0.760330578512397,-0.393362025614923,0.742110481878608,0.815694683396811,0.76284423934621,"CDK5/COPS3",2
"GO:0009314","response to radiation","4/205","462/18860",0.00865800865800866,0.796536796536797,-0.464151964214797,0.743027116919414,0.815694683396811,0.76284423934621,"CDK5/COPS3/NPHP4/PRPH2",4
"GO:0002793","positive regulation of peptide secretion","1/205","124/18860",0.00806451612903226,0.741935483870968,-0.302231224681225,0.743253928120415,0.815694683396811,0.76284423934621,"SLC30A8",1
"GO:0035821","modulation of process of another organism","1/205","124/18860",0.00806451612903226,0.741935483870968,-0.302231224681225,0.743253928120415,0.815694683396811,0.76284423934621,"LRRC19",1
"GO:0035967","cellular response to topologically incorrect protein","1/205","124/18860",0.00806451612903226,0.741935483870968,-0.302231224681225,0.743253928120415,0.815694683396811,0.76284423934621,"ERO1A",1
"GO:0043414","macromolecule methylation","1/205","124/18860",0.00806451612903226,0.741935483870968,-0.302231224681225,0.743253928120415,0.815694683396811,0.76284423934621,"MRM1",1
"GO:0045017","glycerolipid biosynthetic process","2/205","245/18860",0.00816326530612245,0.751020408163265,-0.411200758083459,0.748250826535533,0.820528420230969,0.767364788975267,"AGMO/PIP5KL1",2
"GO:2001234","negative regulation of apoptotic signaling pathway","2/205","245/18860",0.00816326530612245,0.751020408163265,-0.411200758083459,0.748250826535533,0.820528420230969,0.767364788975267,"IL19/SERPINE1",2
"GO:0043500","muscle adaptation","1/205","126/18860",0.00793650793650794,0.73015873015873,-0.318578908983016,0.748841715510892,0.820851425391837,0.767666866003918,"ADCY10",1
"GO:0042177","negative regulation of protein catabolic process","1/205","127/18860",0.0078740157480315,0.724409448818898,-0.326663906512566,0.751590058006903,0.822904861097115,0.769587255618469,"MGAT3",1
"GO:1903707","negative regulation of hemopoiesis","1/205","127/18860",0.0078740157480315,0.724409448818898,-0.326663906512566,0.751590058006903,0.822904861097115,0.769587255618469,"CALCA",1
"GO:0007249","canonical NF-kappaB signal transduction","3/205","359/18860",0.00835654596100279,0.768802228412256,-0.463630395649445,0.751606244973177,0.822904861097115,0.769587255618469,"CCL19/LRRC19/VEGFA",3
"GO:1901987","regulation of cell cycle phase transition","4/205","468/18860",0.00854700854700855,0.786324786324786,-0.490683244692632,0.752054810033307,0.822986091880353,0.769663223301367,"CDK5/DLG1/GPR15LG/USP50",4
"GO:1901873","regulation of post-translational protein modification","2/205","247/18860",0.00809716599190283,0.744939271255061,-0.422982615421872,0.752274651494965,0.822986091880353,0.769663223301367,"CDK5/COPS3",2
"GO:0045471","response to ethanol","1/205","128/18860",0.0078125,0.71875,-0.33469103186953,0.754308471400838,0.824885300347541,0.771439378360364,"CD27",1
"GO:0046683","response to organophosphorus","1/205","129/18860",0.00775193798449612,0.713178294573643,-0.342661270719448,0.756997280036479,0.827172570296271,0.773578451643216,"MMP19",1
"GO:0072655","establishment of protein localization to mitochondrion","1/205","129/18860",0.00775193798449612,0.713178294573643,-0.342661270719448,0.756997280036479,0.827172570296271,0.773578451643216,"ADCY10",1
"GO:1903313","positive regulation of mRNA metabolic process","2/205","250/18860",0.008,0.736,-0.440493372674853,0.75820700151383,0.828167742189791,0.774509144415381,"DCAF12/MIR20B",2
"GO:0006612","protein targeting to membrane","1/205","130/18860",0.00769230769230769,0.707692307692308,-0.350575583759293,0.7596568047598,0.829424260616731,0.775684250571071,"CDK5",1
"GO:1990778","protein localization to cell periphery","3/205","365/18860",0.00821917808219178,0.756164383561644,-0.493122751940647,0.761530150703464,0.830986224080878,0.777145011386297,"CDK5/DLG1/PRPH2",3
"GO:0033002","muscle cell proliferation","2/205","252/18860",0.00793650793650794,0.73015873015873,-0.452061402127575,0.762093697204706,0.830986224080878,0.777145011386297,"APOD/BMP2",2
"GO:0006417","regulation of translation","4/205","475/18860",0.00842105263157895,0.774736842105263,-0.521247265760993,0.762279484939609,0.830986224080878,0.777145011386297,"DAPK3/EIF4E2/FASTKD2/PUS7",4
"GO:0007613","memory","1/205","131/18860",0.00763358778625954,0.702290076335878,-0.358434907545763,0.762287362956502,0.830986224080878,0.777145011386297,"ARC",1
"GO:0007127","meiosis I","1/205","132/18860",0.00757575757575758,0.696969696969697,-0.366240155289827,0.764889268589153,0.833166839949648,0.779184340914339,"NDC1",1
"GO:0010977","negative regulation of neuron projection development","1/205","132/18860",0.00757575757575758,0.696969696969697,-0.366240155289827,0.764889268589153,0.833166839949648,0.779184340914339,"CDK5",1
"GO:0141188","nucleic acid catabolic process","4/205","479/18860",0.00835073068893528,0.768267223382046,-0.538529239886337,0.767974678363356,0.836198843972679,0.782019895503235,"DCAF12/FASTKD2/MIR20B/TREX2",4
"GO:0021987","cerebral cortex development","1/205","134/18860",0.00746268656716418,0.686567164179104,-0.381691963309884,0.770008361116927,0.837754579848346,0.783474832227543,"CDK5",1
"GO:0034763","negative regulation of transmembrane transport","1/205","134/18860",0.00746268656716418,0.686567164179104,-0.381691963309884,0.770008361116927,0.837754579848346,0.783474832227543,"CALCA",1
"GO:0006402","mRNA catabolic process","3/205","371/18860",0.00808625336927224,0.743935309973046,-0.522178003413112,0.771132664578932,0.838648402388552,0.784310742267994,"DCAF12/FASTKD2/MIR20B",3
"GO:0001704","formation of primary germ layer","1/205","135/18860",0.00740740740740741,0.681481481481481,-0.389340239989406,0.772526159150198,0.838846515423775,0.784496019174581,"WNT11",1
"GO:0007259","cell surface receptor signaling pathway via JAK-STAT","1/205","135/18860",0.00740740740740741,0.681481481481481,-0.389340239989406,0.772526159150198,0.838846515423775,0.784496019174581,"SOCS2",1
"GO:0031640","killing of cells of another organism","1/205","135/18860",0.00740740740740741,0.681481481481481,-0.389340239989406,0.772526159150198,0.838846515423775,0.784496019174581,"CCL19",1
"GO:0141061","disruption of cell in another organism","1/205","135/18860",0.00740740740740741,0.681481481481481,-0.389340239989406,0.772526159150198,0.838846515423775,0.784496019174581,"CCL19",1
"GO:0022411","cellular component disassembly","4/205","483/18860",0.0082815734989648,0.761904761904762,-0.555681068947853,0.773563521970402,0.839643791480413,0.785241638165797,"CTSS/EIF4E2/MMP19/NEDD9",4
"GO:0010595","positive regulation of endothelial cell migration","1/205","136/18860",0.00735294117647059,0.676470588235294,-0.396937874811172,0.775016526967245,0.839856356899121,0.785440431057852,"VEGFA",1
"GO:0015918","sterol transport","1/205","136/18860",0.00735294117647059,0.676470588235294,-0.396937874811172,0.775016526967245,0.839856356899121,0.785440431057852,"OSBPL9",1
"GO:0021782","glial cell development","1/205","136/18860",0.00735294117647059,0.676470588235294,-0.396937874811172,0.775016526967245,0.839856356899121,0.785440431057852,"CDK5",1
"GO:0042471","ear morphogenesis","1/205","136/18860",0.00735294117647059,0.676470588235294,-0.396937874811172,0.775016526967245,0.839856356899121,0.785440431057852,"OSR2",1
"GO:0099003","vesicle-mediated transport in synapse","2/205","259/18860",0.00772200772200772,0.71042471042471,-0.491905715919408,0.775275344617708,0.839856356899121,0.785440431057852,"ARC/CDK5",2
"GO:0008033","tRNA processing","1/205","137/18860",0.0072992700729927,0.671532846715328,-0.404485675103182,0.777479761958258,0.84158614326861,0.787058141206175,"PUS7",1
"GO:0014902","myotube differentiation","1/205","137/18860",0.0072992700729927,0.671532846715328,-0.404485675103182,0.777479761958258,0.84158614326861,0.787058141206175,"NPHS1",1
"GO:0007368","determination of left/right symmetry","1/205","138/18860",0.0072463768115942,0.666666666666667,-0.411984428991157,0.77991615830492,0.843234878417107,0.788600051599658,"TGFBR2",1
"GO:0010927","cellular component assembly involved in morphogenesis","1/205","138/18860",0.0072463768115942,0.666666666666667,-0.411984428991157,0.77991615830492,0.843234878417107,0.788600051599658,"NEB",1
"GO:0032989","cellular anatomical entity morphogenesis","1/205","138/18860",0.0072463768115942,0.666666666666667,-0.411984428991157,0.77991615830492,0.843234878417107,0.788600051599658,"NEB",1
"GO:0039531","regulation of cytoplasmic pattern recognition receptor signaling pathway","1/205","139/18860",0.00719424460431655,0.661870503597122,-0.419434905997648,0.78232600701486,0.844072494707737,0.789383397102694,"USP50",1
"GO:0043087","regulation of GTPase activity","1/205","139/18860",0.00719424460431655,0.661870503597122,-0.419434905997648,0.78232600701486,0.844072494707737,0.789383397102694,"FGD6",1
"GO:0061041","regulation of wound healing","1/205","139/18860",0.00719424460431655,0.661870503597122,-0.419434905997648,0.78232600701486,0.844072494707737,0.789383397102694,"SERPINE1",1
"GO:0141060","disruption of anatomical structure in another organism","1/205","139/18860",0.00719424460431655,0.661870503597122,-0.419434905997648,0.78232600701486,0.844072494707737,0.789383397102694,"CCL19",1
"GO:0010001","glial cell differentiation","2/205","263/18860",0.00760456273764259,0.699619771863118,-0.514240651863313,0.782519193649628,0.844072494707737,0.789383397102694,"BMP2/CDK5",2
"GO:0051222","positive regulation of protein transport","2/205","263/18860",0.00760456273764259,0.699619771863118,-0.514240651863313,0.782519193649628,0.844072494707737,0.789383397102694,"SLC30A8/TENM1",2
"GO:0060047","heart contraction","2/205","265/18860",0.00754716981132075,0.694339622641509,-0.525294223055376,0.786064100863521,0.847566196727113,0.792650735377323,"ADCY10/DLG1",2
"GO:0050792","regulation of viral process","1/205","141/18860",0.00709219858156028,0.652482269503546,-0.434194017875277,0.787067209888903,0.848317576417222,0.793353431716809,"TYRO3",1
"GO:0032388","positive regulation of intracellular transport","1/205","142/18860",0.00704225352112676,0.647887323943662,-0.44150410385199,0.789399130502866,0.850169359056352,0.795085233759332,"TENM1",1
"GO:0061982","meiosis I cell cycle process","1/205","142/18860",0.00704225352112676,0.647887323943662,-0.44150410385199,0.789399130502866,0.850169359056352,0.795085233759332,"NDC1",1
"GO:0048593","camera-type eye morphogenesis","1/205","143/18860",0.00699300699300699,0.643356643356643,-0.448768816204794,0.791705636446178,0.851990914124286,0.796788766733752,"VEGFA",1
"GO:0051592","response to calcium ion","1/205","143/18860",0.00699300699300699,0.643356643356643,-0.448768816204794,0.791705636446178,0.851990914124286,0.796788766733752,"CPNE7",1
"GO:0050768","negative regulation of neurogenesis","1/205","144/18860",0.00694444444444444,0.638888888888889,-0.455988839657816,0.793987003360135,0.853892680663064,0.798567314121908,"CDK5",1
"GO:0007033","vacuole organization","2/205","270/18860",0.00740740740740741,0.681481481481481,-0.552605888474615,0.794705895577393,0.853892680663064,0.798567314121908,"LAMP1/RNF186",2
"GO:0009636","response to toxic substance","2/205","270/18860",0.00740740740740741,0.681481481481481,-0.552605888474615,0.794705895577393,0.853892680663064,0.798567314121908,"MT1G/UGT1A7",2
"GO:0016072","rRNA metabolic process","2/205","270/18860",0.00740740740740741,0.681481481481481,-0.552605888474615,0.794705895577393,0.853892680663064,0.798567314121908,"MRM1/SRFBP1",2
"GO:0060972","left/right pattern formation","1/205","145/18860",0.00689655172413793,0.63448275862069,-0.463164843478596,0.796243503911063,0.855213069342243,0.799802152252046,"TGFBR2",1
"GO:0046883","regulation of hormone secretion","2/205","272/18860",0.00735294117647059,0.676470588235294,-0.563404773576247,0.798075792051312,0.856848815496951,0.801331915233895,"KISS1R/SLC30A8",2
"GO:0031333","negative regulation of protein-containing complex assembly","1/205","146/18860",0.00684931506849315,0.63013698630137,-0.47029748193639,0.79847540782227,0.856945710835989,0.801422532535576,"SOST",1
"GO:0000045","autophagosome assembly","1/205","147/18860",0.00680272108843537,0.625850340136054,-0.47738739474375,0.800682981905653,0.858982130084686,0.803327008222843,"RNF186",1
"GO:1901988","negative regulation of cell cycle phase transition","2/205","274/18860",0.0072992700729927,0.671532846715328,-0.574133509980086,0.801396860069717,0.859415138363576,0.803731961053681,"DLG1/GPR15LG",2
"GO:0007586","digestion","1/205","148/18860",0.00675675675675676,0.621621621621622,-0.484435207482102,0.802866490092974,0.85984488368131,0.804133862336957,"SNX10",1
"GO:0009799","specification of symmetry","1/205","148/18860",0.00675675675675676,0.621621621621622,-0.484435207482102,0.802866490092974,0.85984488368131,0.804133862336957,"TGFBR2",1
"GO:0009855","determination of bilateral symmetry","1/205","148/18860",0.00675675675675676,0.621621621621622,-0.484435207482102,0.802866490092974,0.85984488368131,0.804133862336957,"TGFBR2",1
"GO:0044843","cell cycle G1/S phase transition","2/205","275/18860",0.00727272727272727,0.669090909090909,-0.579471921307942,0.80303924696157,0.85984488368131,0.804133862336957,"DLG1/GPR15LG",2
"GO:0032886","regulation of microtubule-based process","2/205","276/18860",0.0072463768115942,0.666666666666667,-0.584793210809464,0.804669623051239,0.861257672276635,0.805455113613072,"GBA2/LAMP1",2
"GO:0014074","response to purine-containing compound","1/205","149/18860",0.00671140939597315,0.61744966442953,-0.491441532012002,0.805026193466795,0.861306510584404,0.805500787591951,"MMP19",1
"GO:0007098","centrosome cycle","1/205","150/18860",0.00666666666666667,0.613333333333333,-0.498406966868737,0.807162350291086,0.862925399577888,0.807014785620818,"PARD6B",1
"GO:0046488","phosphatidylinositol metabolic process","1/205","150/18860",0.00666666666666667,0.613333333333333,-0.498406966868737,0.807162350291086,0.862925399577888,0.807014785620818,"PIP5KL1",1
"GO:0016032","viral process","3/205","396/18860",0.00757575757575758,0.696969696969697,-0.638865434446894,0.807805093182054,0.863042057487304,0.807123885037528,"LAMP1/ST6GALNAC3/TYRO3",3
"GO:0090068","positive regulation of cell cycle process","2/205","278/18860",0.00719424460431655,0.661870503597122,-0.59538496289983,0.807894604716454,0.863042057487304,0.807123885037528,"MSX2/SOX15",2
"GO:0051961","negative regulation of nervous system development","1/205","151/18860",0.00662251655629139,0.609271523178808,-0.505332097643868,0.809275216041505,0.864079181205188,0.808093811493812,"CDK5",1
"GO:1903522","regulation of blood circulation","2/205","279/18860",0.00716845878136201,0.659498207885305,-0.600655690816904,0.809489341237351,0.864079181205188,0.808093811493812,"ADCY10/DLG1",2
"GO:0007188","adenylate cyclase-modulating G protein-coupled receptor signaling pathway","2/205","281/18860",0.00711743772241993,0.654804270462633,-0.611147502106742,0.812643632936206,0.867112042847955,0.810930168135595,"CALCA/GPR15LG",2
"GO:0009581","detection of external stimulus","1/205","153/18860",0.0065359477124183,0.601307189542484,-0.519063726792651,0.81343208246121,0.867285168751945,0.81109207687575,"PRPH2",1
"GO:0031109","microtubule polymerization or depolymerization","1/205","153/18860",0.0065359477124183,0.601307189542484,-0.519063726792651,0.81343208246121,0.867285168751945,0.81109207687575,"GBA2",1
"GO:0016050","vesicle organization","3/205","401/18860",0.00748129675810474,0.688279301745636,-0.661412465772567,0.814518374050891,0.868109232828383,0.811862748238894,"F2RL3/SNX10/USP50",3
"GO:0007269","neurotransmitter secretion","1/205","154/18860",0.00649350649350649,0.597402597402597,-0.525871334879756,0.815476580408259,0.868128411887348,0.811880684649349,"CDK5",1
"GO:0008584","male gonad development","1/205","154/18860",0.00649350649350649,0.597402597402597,-0.525871334879756,0.815476580408259,0.868128411887348,0.811880684649349,"SOX15",1
"GO:0099643","signal release from synapse","1/205","154/18860",0.00649350649350649,0.597402597402597,-0.525871334879756,0.815476580408259,0.868128411887348,0.811880684649349,"CDK5",1
"GO:0016236","macroautophagy","3/205","403/18860",0.00744416873449132,0.684863523573201,-0.670361826931129,0.817147890411323,0.868278997641848,0.812021513660113,"ADCY10/CDK5/RNF186",3
"GO:0007416","synapse assembly","2/205","284/18860",0.00704225352112676,0.647887323943662,-0.626763017657567,0.81728809823883,0.868278997641848,0.812021513660113,"CDK5/GABRA1",2
"GO:0009582","detection of abiotic stimulus","1/205","155/18860",0.00645161290322581,0.593548387096774,-0.532640858986007,0.817498781895285,0.868278997641848,0.812021513660113,"PRPH2",1
"GO:0032368","regulation of lipid transport","1/205","155/18860",0.00645161290322581,0.593548387096774,-0.532640858986007,0.817498781895285,0.868278997641848,0.812021513660113,"CYP4A11",1
"GO:0046546","development of primary male sexual characteristics","1/205","155/18860",0.00645161290322581,0.593548387096774,-0.532640858986007,0.817498781895285,0.868278997641848,0.812021513660113,"SOX15",1
"GO:1905037","autophagosome organization","1/205","155/18860",0.00645161290322581,0.593548387096774,-0.532640858986007,0.817498781895285,0.868278997641848,0.812021513660113,"RNF186",1
"GO:1903531","negative regulation of secretion by cell","1/205","156/18860",0.00641025641025641,0.58974358974359,-0.539372825255809,0.819498928899373,0.870069771196345,0.813696259515183,"CDK5",1
"GO:2001233","regulation of apoptotic signaling pathway","3/205","406/18860",0.00738916256157635,0.679802955665025,-0.683712801476349,0.821033143387936,0.871364677082216,0.814907265931725,"ADCY10/IL19/SERPINE1",3
"GO:0007224","smoothened signaling pathway","1/205","157/18860",0.00636942675159236,0.585987261146497,-0.546067748915347,0.821477260784298,0.871502111211224,0.815035795436375,"TGFBR2",1
"GO:0007030","Golgi organization","1/205","158/18860",0.00632911392405063,0.582278481012658,-0.55272613457085,0.823434014328607,0.872909383731436,0.816351888034605,"TMED6",1
"GO:0050714","positive regulation of protein secretion","1/205","158/18860",0.00632911392405063,0.582278481012658,-0.55272613457085,0.823434014328607,0.872909383731436,0.816351888034605,"SLC30A8",1
"GO:0043535","regulation of blood vessel endothelial cell migration","1/205","159/18860",0.00628930817610063,0.578616352201258,-0.559348476496813,0.825369423753409,0.874626359524461,0.817957617628615,"VEGFA",1
"GO:0001890","placenta development","1/205","160/18860",0.00625,0.575,-0.565935258914584,0.827283720749855,0.876319658308642,0.819541204293205,"SOX15",1
"GO:0021537","telencephalon development","2/205","291/18860",0.00687285223367698,0.632302405498282,-0.662646119684754,0.827728449946123,0.876455583467416,0.819668322596736,"BMP2/CDK5",2
"GO:0015833","peptide transport","2/205","292/18860",0.00684931506849315,0.63013698630137,-0.667710798885568,0.829175541859701,0.877318816876457,0.820475625435288,"SLC25A40/SLC30A8",2
"GO:0046467","membrane lipid biosynthetic process","1/205","161/18860",0.0062111801242236,0.571428571428571,-0.572486956261678,0.829177134506341,0.877318816876457,0.820475625435288,"ST6GALNAC3",1
"GO:0006413","translational initiation","1/205","162/18860",0.00617283950617284,0.567901234567901,-0.579004033452207,0.831049891735401,0.878293857347219,0.821387491138707,"EIF4E2",1
"GO:0007612","learning","1/205","162/18860",0.00617283950617284,0.567901234567901,-0.579004033452207,0.831049891735401,0.878293857347219,0.821387491138707,"CDK5",1
"GO:0044839","cell cycle G2/M phase transition","1/205","162/18860",0.00617283950617284,0.567901234567901,-0.579004033452207,0.831049891735401,0.878293857347219,0.821387491138707,"USP50",1
"GO:0031023","microtubule organizing center organization","1/205","163/18860",0.00613496932515337,0.564417177914111,-0.585486946128761,0.83290221670033,0.879915766689518,0.822904313822118,"PARD6B",1
"GO:0030010","establishment of cell polarity","1/205","164/18860",0.00609756097560976,0.560975609756098,-0.591936140906066,0.83473433124151,0.881179153025527,0.824085842901699,"CCL19",1
"GO:0045727","positive regulation of translation","1/205","164/18860",0.00609756097560976,0.560975609756098,-0.591936140906066,0.83473433124151,0.881179153025527,0.824085842901699,"FASTKD2",1
"GO:0006979","response to oxidative stress","3/205","418/18860",0.00717703349282297,0.660287081339713,-0.736266140840957,0.835881661171209,0.882054171978761,0.824904167676128,"APOD/ERO1A/MGAT3",3
"GO:0097696","cell surface receptor signaling pathway via STAT","1/205","165/18860",0.00606060606060606,0.557575757575758,-0.598352055606752,0.836546454802458,0.882419527723842,0.825245851312322,"SOCS2",1
"GO:0019058","viral life cycle","2/205","298/18860",0.00671140939597315,0.61744966442953,-0.697787152776867,0.83763140133524,0.883227629120142,0.826001594248402,"LAMP1/TYRO3",2
"GO:0051321","meiotic cell cycle","2/205","299/18860",0.00668896321070234,0.615384615384615,-0.702748933058782,0.839003529243846,0.884337814309533,0.827039848381441,"MSX2/NDC1",2
"GO:0062013","positive regulation of small molecule metabolic process","1/205","167/18860",0.00598802395209581,0.550898203592814,-0.611085753470031,0.840111594927763,0.884996644019863,0.827655991234233,"ADCY10",1
"GO:0006650","glycerophospholipid metabolic process","2/205","300/18860",0.00666666666666667,0.613333333333333,-0.707696438513187,0.840365204409554,0.884996644019863,0.827655991234233,"PIP5KL1/PLA2G7",2
"GO:1903311","regulation of mRNA metabolic process","3/205","423/18860",0.00709219858156028,0.652482269503546,-0.757775670172624,0.841750406658743,0.884996644019863,0.827655991234233,"DCAF12/FASTKD2/MIR20B",3
"GO:0007156","homophilic cell adhesion via plasma membrane adhesion molecules","1/205","168/18860",0.00595238095238095,0.547619047619048,-0.617404370334698,0.841865038625393,0.884996644019863,0.827655991234233,"PCDHA2",1
"GO:0061351","neural precursor cell proliferation","1/205","168/18860",0.00595238095238095,0.547619047619048,-0.617404370334698,0.841865038625393,0.884996644019863,0.827655991234233,"VEGFA",1
"GO:0070507","regulation of microtubule cytoskeleton organization","1/205","168/18860",0.00595238095238095,0.547619047619048,-0.617404370334698,0.841865038625393,0.884996644019863,0.827655991234233,"GBA2",1
"GO:0071897","DNA biosynthetic process","1/205","168/18860",0.00595238095238095,0.547619047619048,-0.617404370334698,0.841865038625393,0.884996644019863,0.827655991234233,"VEGFA",1
"GO:0051147","regulation of muscle cell differentiation","1/205","169/18860",0.00591715976331361,0.544378698224852,-0.623691374947811,0.843599345659515,0.886483379164209,0.829046397918723,"BMP2",1
"GO:0006261","DNA-templated DNA replication","1/205","171/18860",0.00584795321637427,0.538011695906433,-0.636172128462933,0.847011378852032,0.889731330838123,0.83208390849045,"MCM9",1
"GO:0007605","sensory perception of sound","1/205","174/18860",0.00574712643678161,0.528735632183908,-0.654665854693355,0.851991027171621,0.893606643417414,0.835708132035059,"SLC26A4",1
"GO:0010563","negative regulation of phosphorus metabolic process","1/205","174/18860",0.00574712643678161,0.528735632183908,-0.654665854693355,0.851991027171621,0.893606643417414,0.835708132035059,"PFKFB1",1
"GO:0045936","negative regulation of phosphate metabolic process","1/205","174/18860",0.00574712643678161,0.528735632183908,-0.654665854693355,0.851991027171621,0.893606643417414,0.835708132035059,"PFKFB1",1
"GO:0051168","nuclear export","1/205","174/18860",0.00574712643678161,0.528735632183908,-0.654665854693355,0.851991027171621,0.893606643417414,0.835708132035059,"CDK5",1
"GO:0006606","protein import into nucleus","1/205","178/18860",0.00561797752808989,0.51685393258427,-0.678914994054541,0.858380522512154,0.899286704749874,0.841020171153121,"APOD",1
"GO:0046661","male sex differentiation","1/205","178/18860",0.00561797752808989,0.51685393258427,-0.678914994054541,0.858380522512154,0.899286704749874,0.841020171153121,"SOX15",1
"GO:2000045","regulation of G1/S transition of mitotic cell cycle","1/205","178/18860",0.00561797752808989,0.51685393258427,-0.678914994054541,0.858380522512154,0.899286704749874,0.841020171153121,"DLG1",1
"GO:0050796","regulation of insulin secretion","1/205","179/18860",0.00558659217877095,0.513966480446927,-0.68490653653869,0.859934531338029,0.89989371054263,0.841587847860692,"SLC30A8",1
"GO:0051048","negative regulation of secretion","1/205","179/18860",0.00558659217877095,0.513966480446927,-0.68490653653869,0.859934531338029,0.89989371054263,0.841587847860692,"CDK5",1
"GO:1903034","regulation of response to wounding","1/205","179/18860",0.00558659217877095,0.513966480446927,-0.68490653653869,0.859934531338029,0.89989371054263,0.841587847860692,"SERPINE1",1
"GO:0044782","cilium organization","3/205","441/18860",0.00680272108843537,0.625850340136054,-0.833432169368439,0.861405124022984,0.901092218105614,0.842708701789062,"NEDD9/SNX10/WWTR1",3
"GO:0050806","positive regulation of synaptic transmission","1/205","181/18860",0.00552486187845304,0.508287292817679,-0.696807059986314,0.862991823209916,0.902246292704422,0.843788001651371,"ARC",1
"GO:0010948","negative regulation of cell cycle process","2/205","318/18860",0.00628930817610063,0.578616352201258,-0.794422588073295,0.863159810710007,0.902246292704422,0.843788001651371,"DLG1/GPR15LG",2
"GO:0006605","protein targeting","2/205","319/18860",0.00626959247648903,0.576802507836991,-0.799117210479191,0.864334806079849,0.903133690245637,0.844617902981004,"ADCY10/CDK5",2
"GO:0010970","transport along microtubule","1/205","183/18860",0.00546448087431694,0.502732240437158,-0.708599631519493,0.86598270020998,0.903832735335962,0.845271655581153,"LAMP1",1
"GO:0048284","organelle fusion","1/205","183/18860",0.00546448087431694,0.502732240437158,-0.708599631519493,0.86598270020998,0.903832735335962,0.845271655581153,"MFN1",1
"GO:1905952","regulation of lipid localization","1/205","183/18860",0.00546448087431694,0.502732240437158,-0.708599631519493,0.86598270020998,0.903832735335962,0.845271655581153,"CYP4A11",1
"GO:0051170","import into nucleus","1/205","184/18860",0.00543478260869565,0.5,-0.714456213072865,0.867453683047531,0.905027006418705,0.84638854751907,"APOD",1
"GO:0006401","RNA catabolic process","3/205","449/18860",0.0066815144766147,0.614699331848552,-0.866209370859911,0.869435012766876,0.906752630031719,0.848002364624002,"DCAF12/FASTKD2/MIR20B",3
"GO:0000280","nuclear division","3/205","453/18860",0.00662251655629139,0.609271523178808,-0.882411772050347,0.873294815986001,0.910435318133693,0.851446444205593,"DAPK3/MSX2/NDC1",3
"GO:0050905","neuromuscular process","1/205","191/18860",0.00523560209424084,0.481675392670157,-0.754738696107525,0.877310316858251,0.914277493490352,0.855039677552634,"GBX1",1
"GO:0046879","hormone secretion","2/205","331/18860",0.00604229607250755,0.555891238670695,-0.854507701534896,0.87773340098598,0.914285547916084,0.855047210116467,"KISS1R/SLC30A8",2
"GO:0072657","protein localization to membrane","3/205","458/18860",0.00655021834061135,0.602620087336245,-0.902494928073823,0.877978179587286,0.914285547916084,0.855047210116467,"CDK5/DLG1/PRPH2",3
"GO:0031345","negative regulation of cell projection organization","1/205","192/18860",0.00520833333333333,0.479166666666667,-0.760394774400853,0.878657544082209,0.914649153366298,0.8553872568628,"CDK5",1
"GO:1901991","negative regulation of mitotic cell cycle phase transition","1/205","193/18860",0.00518134715025907,0.476683937823834,-0.766027021595254,0.879990049088805,0.915692124709238,0.856362652065147,"DLG1",1
"GO:0055088","lipid homeostasis","1/205","194/18860",0.00515463917525773,0.474226804123711,-0.771635696305622,0.881307991979296,0.916719165521085,0.857323148906476,"TLCD4",1
"GO:0062197","cellular response to chemical stress","2/205","335/18860",0.00597014925373134,0.549253731343284,-0.87259771126974,0.881922521862236,0.917014033618015,0.857598911926253,"LRRC8C/MGAT3",2
"GO:0000724","double-strand break repair via homologous recombination","1/205","195/18860",0.00512820512820513,0.471794871794872,-0.77722105288446,0.88261153112235,0.917386094262255,0.857946866038157,"MCM9",1
"GO:0072331","signal transduction by p53 class mediator","1/205","196/18860",0.00510204081632653,0.469387755102041,-0.782783341514922,0.883900823172707,0.918381575464516,0.858877848078348,"COPS3",1
"GO:0042886","amide transport","2/205","338/18860",0.00591715976331361,0.544378698224852,-0.886047623054937,0.884977277868971,0.919155252979771,0.859601397523548,"SLC25A40/SLC30A8",2
"GO:0001959","regulation of cytokine-mediated signaling pathway","1/205","198/18860",0.00505050505050505,0.464646464646465,-0.793839695357389,0.886437284155202,0.9203265656334,0.860696818553599,"EIF4E2",1
"GO:0051051","negative regulation of transport","3/205","468/18860",0.00641025641025641,0.58974358974359,-0.942111829809853,0.886888585526954,0.920450124357311,0.86081237166762,"APOD/CALCA/CDK5",3
"GO:0031396","regulation of protein ubiquitination","1/205","200/18860",0.005,0.46,-0.804806679291443,0.888918594582614,0.921521147827036,0.861814001444931,"CDK5",1
"GO:0042770","signal transduction in response to DNA damage","1/205","200/18860",0.005,0.46,-0.804806679291443,0.888918594582614,0.921521147827036,0.861814001444931,"COPS3",1
"GO:0050954","sensory perception of mechanical stimulus","1/205","200/18860",0.005,0.46,-0.804806679291443,0.888918594582614,0.921521147827036,0.861814001444931,"SLC26A4",1
"GO:0009914","hormone transport","2/205","343/18860",0.00583090379008746,0.536443148688047,-0.908245772557431,0.88990715701355,0.921751353318535,0.862029291475171,"KISS1R/SLC30A8",2
"GO:0000725","recombinational repair","1/205","201/18860",0.00497512437810945,0.45771144278607,-0.810257241203565,0.890138942284144,0.921751353318535,0.862029291475171,"MCM9",1
"GO:0021543","pallium development","1/205","201/18860",0.00497512437810945,0.45771144278607,-0.810257241203565,0.890138942284144,0.921751353318535,0.862029291475171,"CDK5",1
"GO:0071375","cellular response to peptide hormone stimulus","2/205","345/18860",0.00579710144927536,0.533333333333333,-0.917050188341712,0.891823916191398,0.922857456266662,0.863063727863293,"KLF1/SOCS2",2
"GO:0016064","immunoglobulin mediated immune response","1/205","203/18860",0.00492610837438424,0.45320197044335,-0.821093639924106,0.892539756439851,0.922857456266662,0.863063727863293,"CD27",1
"GO:0030317","flagellated sperm motility","1/205","203/18860",0.00492610837438424,0.45320197044335,-0.821093639924106,0.892539756439851,0.922857456266662,0.863063727863293,"NPHP4",1
"GO:0051650","establishment of vesicle localization","1/205","203/18860",0.00492610837438424,0.45320197044335,-0.821093639924106,0.892539756439851,0.922857456266662,0.863063727863293,"CDK5",1
"GO:0046474","glycerophospholipid biosynthetic process","1/205","204/18860",0.00490196078431373,0.450980392156863,-0.826479920026974,0.893720511648611,0.923388965783906,0.863560799845788,"PIP5KL1",1
"GO:0097722","sperm motility","1/205","204/18860",0.00490196078431373,0.450980392156863,-0.826479920026974,0.893720511648611,0.923388965783906,0.863560799845788,"NPHP4",1
"GO:0000302","response to reactive oxygen species","1/205","205/18860",0.0048780487804878,0.448780487804878,-0.831845210379249,0.89488835551182,0.923721733168233,0.863872006584465,"APOD",1
"GO:0046890","regulation of lipid biosynthetic process","1/205","205/18860",0.0048780487804878,0.448780487804878,-0.831845210379249,0.89488835551182,0.923721733168233,0.863872006584465,"BMP2",1
"GO:0072594","establishment of protein localization to organelle","3/205","478/18860",0.00627615062761506,0.577405857740586,-0.98102409523628,0.895216534103418,0.923721733168233,0.863872006584465,"ADCY10/APOD/LAMP1",3
"GO:0045787","positive regulation of cell cycle","2/205","349/18860",0.00573065902578797,0.527220630372493,-0.934533608405185,0.895565214388414,0.923721733168233,0.863872006584465,"MSX2/SOX15",2
"GO:0006399","tRNA metabolic process","1/205","206/18860",0.00485436893203883,0.446601941747573,-0.837189724072979,0.896043428528174,0.923721733168233,0.863872006584465,"PUS7",1
"GO:0019724","B cell mediated immunity","1/205","206/18860",0.00485436893203883,0.446601941747573,-0.837189724072979,0.896043428528174,0.923721733168233,0.863872006584465,"CD27",1
"GO:0032496","response to lipopolysaccharide","2/205","350/18860",0.00571428571428571,0.525714285714286,-0.938878708849708,0.896481639552011,0.923829665758583,0.863972946012492,"SERPINE1/SLC22A4",2
"GO:0002429","immune response-activating cell surface receptor signaling pathway","2/205","353/18860",0.0056657223796034,0.521246458923513,-0.951853198360008,0.899186405180685,0.925838175839707,0.865851320821402,"LIMK1/LPXN",2
"GO:0007051","spindle organization","1/205","209/18860",0.00478468899521531,0.440191387559809,-0.853100687097145,0.899433404759802,0.925838175839707,0.865851320821402,"DLG1",1
"GO:0009749","response to glucose","1/205","209/18860",0.00478468899521531,0.440191387559809,-0.853100687097145,0.899433404759802,0.925838175839707,0.865851320821402,"SLC30A8",1
"GO:0030705","cytoskeleton-dependent intracellular transport","1/205","210/18860",0.00476190476190476,0.438095238095238,-0.858364160174182,0.900538769191963,0.925943723333978,0.865950029688361,"LAMP1",1
"GO:0048839","inner ear development","1/205","210/18860",0.00476190476190476,0.438095238095238,-0.858364160174182,0.900538769191963,0.925943723333978,0.865950029688361,"BMP2",1
"GO:0060759","regulation of response to cytokine stimulus","1/205","210/18860",0.00476190476190476,0.438095238095238,-0.858364160174182,0.900538769191963,0.925943723333978,0.865950029688361,"EIF4E2",1
"GO:0090276","regulation of peptide hormone secretion","1/205","211/18860",0.004739336492891,0.436018957345972,-0.863607873949498,0.901632042774572,0.926723843593901,0.866679604440278,"SLC30A8",1
"GO:0042063","gliogenesis","2/205","357/18860",0.00560224089635854,0.515406162464986,-0.969012891328637,0.902690854280604,0.927147200305114,0.867075531047268,"BMP2/CDK5",2
"GO:0007623","circadian rhythm","1/205","212/18860",0.00471698113207547,0.433962264150943,-0.868832022723641,0.902713357120178,0.927147200305114,0.867075531047268,"EGR3",1
"GO:0030073","insulin secretion","1/205","213/18860",0.00469483568075117,0.431924882629108,-0.87403679788272,0.903782842415672,0.927901583947891,0.86778103670749,"SLC30A8",1
"GO:0002791","regulation of peptide secretion","1/205","215/18860",0.00465116279069767,0.427906976744186,-0.88438897867475,0.90588683956761,0.929028709960119,0.868835134034525,"SLC30A8",1
"GO:0009746","response to hexose","1/205","215/18860",0.00465116279069767,0.427906976744186,-0.88438897867475,0.90588683956761,0.929028709960119,0.868835134034525,"SLC30A8",1
"GO:0050851","antigen receptor-mediated signaling pathway","1/205","215/18860",0.00465116279069767,0.427906976744186,-0.88438897867475,0.90588683956761,0.929028709960119,0.868835134034525,"LPXN",1
"GO:0031400","negative regulation of protein modification process","1/205","217/18860",0.00460829493087558,0.423963133640553,-0.89466589129588,0.907945047792131,0.930450529923863,0.870164831519144,"CDK5",1
"GO:0090087","regulation of peptide transport","1/205","217/18860",0.00460829493087558,0.423963133640553,-0.89466589129588,0.907945047792131,0.930450529923863,0.870164831519144,"SLC30A8",1
"GO:0022613","ribonucleoprotein complex biogenesis","3/205","496/18860",0.00604838709677419,0.556451612903226,-1.0493897904713,0.908836307899213,0.930799149098098,0.870490862979448,"FASTKD2/MRM1/SRFBP1",3
"GO:0007626","locomotory behavior","1/205","218/18860",0.00458715596330275,0.422018348623853,-0.899776571149944,0.908957291808792,0.930799149098098,0.870490862979448,"GBX1",1
"GO:0002753","cytoplasmic pattern recognition receptor signaling pathway","1/205","219/18860",0.0045662100456621,0.420091324200913,-0.90486896765491,0.909958458806925,0.931480018808272,0.871127617817654,"USP50",1
"GO:0099504","synaptic vesicle cycle","1/205","220/18860",0.00454545454545455,0.418181818181818,-0.909943253343711,0.910948669414971,0.931819324205669,0.871444938958826,"CDK5",1
"GO:0010639","negative regulation of organelle organization","2/205","367/18860",0.00544959128065395,0.501362397820163,-1.01123712876944,0.910962718393123,0.931819324205669,0.871444938958826,"ARHGAP28/DLC1",2
"GO:0034284","response to monosaccharide","1/205","222/18860",0.0045045045045045,0.414414414414414,-0.920038170012573,0.912896697452462,0.933108432451409,0.87265052337561,"SLC30A8",1
"GO:0060294","cilium movement involved in cell motility","1/205","222/18860",0.0045045045045045,0.414414414414414,-0.920038170012573,0.912896697452462,0.933108432451409,0.87265052337561,"NPHP4",1
"GO:0051648","vesicle localization","1/205","223/18860",0.00448430493273543,0.412556053811659,-0.925059133808447,0.913854749658828,0.933743141480986,0.873244108373439,"CDK5",1
"GO:0001539","cilium or flagellum-dependent cell motility","1/205","225/18860",0.00444444444444444,0.408888888888889,-0.935048886681538,0.915739507877754,0.934979151058378,0.874400034487809,"NPHP4",1
"GO:0060285","cilium-dependent cell motility","1/205","225/18860",0.00444444444444444,0.408888888888889,-0.935048886681538,0.915739507877754,0.934979151058378,0.874400034487809,"NPHP4",1
"GO:0002237","response to molecule of bacterial origin","2/205","375/18860",0.00533333333333333,0.490666666666667,-1.04435136815645,0.917103082459377,0.936026359031862,0.875379391821171,"SERPINE1/SLC22A4",2
"GO:0006457","protein folding","1/205","228/18860",0.0043859649122807,0.403508771929825,-0.949905453923977,0.9184899747035,0.937096585609095,0.876380276338204,"ERO1A",1
"GO:0071222","cellular response to lipopolysaccharide","1/205","229/18860",0.00436681222707424,0.40174672489083,-0.954824110967539,0.919386794968945,0.937666208418254,0.876912992178348,"SERPINE1",1
"GO:0022618","protein-RNA complex assembly","1/205","231/18860",0.00432900432900433,0.398268398268398,-0.96461202822218,0.921151083318479,0.939119801542947,0.878272404179059,"FASTKD2",1
"GO:1901654","response to ketone","1/205","232/18860",0.00431034482758621,0.396551724137931,-0.969481581635483,0.922018764241755,0.93965856399914,0.878776259168491,"CCL19",1
"GO:0002768","immune response-regulating cell surface receptor signaling pathway","2/205","385/18860",0.00519480519480519,0.477922077922078,-1.08495594339785,0.924221896490425,0.941211269587675,0.88022836194386,"LIMK1/LPXN",2
"GO:0006644","phospholipid metabolic process","2/205","385/18860",0.00519480519480519,0.477922077922078,-1.08495594339785,0.924221896490425,0.941211269587675,0.88022836194386,"PIP5KL1/PLA2G7",2
"GO:0009755","hormone-mediated signaling pathway","1/205","237/18860",0.00421940928270042,0.388185654008439,-0.993590983307646,0.926216690272376,0.942576576063328,0.88150520755913,"RARG",1
"GO:0009306","protein secretion","2/205","388/18860",0.00515463917525773,0.474226804123711,-1.09697310213119,0.926243119149596,0.942576576063328,0.88150520755913,"SLC30A8/TMEM167A",2
"GO:1902115","regulation of organelle assembly","1/205","238/18860",0.00420168067226891,0.386554621848739,-0.998366155825117,0.927028889085358,0.943029754963805,0.881929024117775,"RNF186",1
"GO:0010594","regulation of endothelial cell migration","1/205","239/18860",0.00418410041841004,0.384937238493724,-1.0031260722746,0.92783219043524,0.943500428599711,0.882369201893935,"VEGFA",1
"GO:0035592","establishment of protein localization to extracellular region","2/205","391/18860",0.0051150895140665,0.470588235294118,-1.10891666506859,0.928213631181069,0.943541929677637,0.882408014036354,"SLC30A8/TMEM167A",2
"GO:0071826","protein-RNA complex organization","1/205","240/18860",0.00416666666666667,0.383333333333333,-1.00787086333905,0.92862669131923,0.943615530063927,0.882476845710555,"FASTKD2",1
"GO:0009895","negative regulation of catabolic process","2/205","394/18860",0.0050761421319797,0.467005076142132,-1.12078781905411,0.93013458020415,0.944510776453986,0.883314087346859,"MGAT3/PFKFB1",2
"GO:0019722","calcium-mediated signaling","1/205","242/18860",0.00413223140495868,0.380165289256198,-1.01731558348687,0.93018967442833,0.944510776453986,0.883314087346859,"TBC1D10C",1
"GO:0045930","negative regulation of mitotic cell cycle","1/205","244/18860",0.00409836065573771,0.377049180327869,-1.02670132791779,0.931718593548364,0.945716564356529,0.884441749907436,"DLG1",1
"GO:0030162","regulation of proteolysis","2/205","398/18860",0.0050251256281407,0.462311557788945,-1.13650538564973,0.932620692130845,0.945938966386833,0.884649742077901,"CDK5/SERPINE1",2
"GO:0071692","protein localization to extracellular region","2/205","398/18860",0.0050251256281407,0.462311557788945,-1.13650538564973,0.932620692130845,0.945938966386833,0.884649742077901,"SLC30A8/TMEM167A",2
"GO:0000082","G1/S transition of mitotic cell cycle","1/205","246/18860",0.0040650406504065,0.373983739837398,-1.03602908220773,0.933214187517051,0.946194472702135,0.884888693642392,"DLG1",1
"GO:0009743","response to carbohydrate","1/205","247/18860",0.00404858299595142,0.37246963562753,-1.04067151413318,0.933949714086247,0.946247515734785,0.884938299913854,"SLC30A8",1
"GO:0071219","cellular response to molecule of bacterial origin","1/205","247/18860",0.00404858299595142,0.37246963562753,-1.04067151413318,0.933949714086247,0.946247515734785,0.884938299913854,"SERPINE1",1
"GO:0007286","spermatid development","1/205","249/18860",0.00401606425702811,0.369477911646586,-1.04991407631676,0.935396670856407,0.947367012165356,0.885985261994657,"ADCY10",1
"GO:0050821","protein stabilization","1/205","250/18860",0.004,0.368,-1.05451443761556,0.936108275954168,0.947741200436055,0.886335205879966,"LAMP1",1
"GO:0060271","cilium assembly","2/205","408/18860",0.00490196078431373,0.450980392156863,-1.17526241586465,0.9384762296782,0.949791434493465,0.888252601287638,"SNX10/WWTR1",2
"GO:0008654","phospholipid biosynthetic process","1/205","255/18860",0.00392156862745098,0.36078431372549,-1.0773115378553,0.939550981905827,0.950531855324741,0.888945048814056,"PIP5KL1",1
"GO:0030072","peptide hormone secretion","1/205","258/18860",0.00387596899224806,0.356589147286822,-1.09082993905632,0.941527331178014,0.95218353682479,0.890489714659247,"SLC30A8",1
"GO:0048515","spermatid differentiation","1/205","259/18860",0.00386100386100386,0.355212355212355,-1.09531006078055,0.942171718722822,0.952487467467962,0.89077395304528,"ADCY10",1
"GO:0007005","mitochondrion organization","2/205","417/18860",0.00479616306954436,0.441247002398082,-1.20951356795042,0.943332229938267,0.953312760645385,0.891545773873567,"HMGCL/MFN1",2
"GO:0034599","cellular response to oxidative stress","1/205","264/18860",0.00378787878787879,0.348484848484848,-1.1175201144292,0.945289180093212,0.95494202365361,0.893069473764596,"MGAT3",1
"GO:0002790","peptide secretion","1/205","266/18860",0.0037593984962406,0.345864661654135,-1.12631703005734,0.946488813992108,0.955805328019737,0.893876842962786,"SLC30A8",1
"GO:0071216","cellular response to biotic stimulus","1/205","274/18860",0.00364963503649635,0.335766423357664,-1.16102554240417,0.951031187383324,0.960042415835206,0.897839401622817,"SERPINE1",1
"GO:0050911","detection of chemical stimulus involved in sensory perception of smell","2/205","434/18860",0.00460829493087558,0.423963133640553,-1.27267714373439,0.95153098768765,0.960197025826882,0.897983994132608,"OR10G7/OR52R1",2
"GO:0050708","regulation of protein secretion","1/205","281/18860",0.00355871886120996,0.327402135231317,-1.19079255565128,0.954689744080058,0.962683142010105,0.900309030015911,"SLC30A8",1
"GO:0140014","mitotic nuclear division","1/205","281/18860",0.00355871886120996,0.327402135231317,-1.19079255565128,0.954689744080058,0.962683142010105,0.900309030015911,"DAPK3",1
"GO:0051054","positive regulation of DNA metabolic process","1/205","283/18860",0.00353356890459364,0.325088339222615,-1.19919826922085,0.955684157627203,0.962984764142362,0.900591109463938,"VEGFA",1
"GO:0090150","establishment of protein localization to membrane","1/205","283/18860",0.00353356890459364,0.325088339222615,-1.19919826922085,0.955684157627203,0.962984764142362,0.900591109463938,"CDK5",1
"GO:0009615","response to virus","2/205","445/18860",0.00449438202247191,0.413483146067416,-1.31254219665306,0.956221364785935,0.963175701984378,0.900769676072033,"CCL19/CD207",2
"GO:0140694","membraneless organelle assembly","2/205","446/18860",0.00448430493273543,0.412556053811659,-1.31612890314576,0.956625637401198,0.963232648346535,0.900822932768696,"FASTKD2/NEB",2
"GO:0006260","DNA replication","1/205","290/18860",0.00344827586206897,0.317241379310345,-1.2282842231599,0.958996633113298,0.965269140161277,0.902727476320313,"MCM9",1
"GO:0015850","organic hydroxy compound transport","1/205","294/18860",0.00340136054421769,0.312925170068027,-1.24467843541687,0.960777608672367,0.966710488929334,0.904075437300054,"OSBPL9",1
"GO:0043434","response to peptide hormone","2/205","461/18860",0.00433839479392625,0.399132321041215,-1.36921242262425,0.962278639989907,0.967869220323908,0.90515909223528,"KLF1/SOCS2",2
"GO:0000209","protein polyubiquitination","1/205","300/18860",0.00333333333333333,0.306666666666667,-1.26897292423054,0.963305746495464,0.968199171913075,0.905467665619638,"RNF186",1
"GO:0016197","endosomal transport","1/205","300/18860",0.00333333333333333,0.306666666666667,-1.26897292423054,0.963305746495464,0.968199171913075,0.905467665619638,"TBC1D10C",1
"GO:0007608","sensory perception of smell","2/205","466/18860",0.00429184549356223,0.394849785407725,-1.38661755116069,0.964001298718733,0.968546825335833,0.905792793901381,"OR10G7/OR52R1",2
"GO:0050907","detection of chemical stimulus involved in sensory perception","2/205","481/18860",0.00415800415800416,0.382536382536383,-1.4380090072518,0.968729243427982,0.972944163994021,0.909905220440542,"OR10G7/OR52R1",2
"GO:0098813","nuclear chromosome segregation","1/205","323/18860",0.00309597523219814,0.284829721362229,-1.35903182798238,0.971582264075096,0.975455915725994,0.912254230895562,"NDC1",1
"GO:0006302","double-strand break repair","1/205","334/18860",0.0029940119760479,0.275449101796407,-1.4005220048864,0.974855127132509,0.978032851197773,0.914664201709184,"MCM9",1
"GO:0051607","defense response to virus","1/205","334/18860",0.0029940119760479,0.275449101796407,-1.4005220048864,0.974855127132509,0.978032851197773,0.914664201709184,"CD207",1
"GO:1901990","regulation of mitotic cell cycle phase transition","1/205","357/18860",0.00280112044817927,0.257703081232493,-1.48432610521439,0.980535830773477,0.983236192239895,0.91953040817115,"DLG1",1
"GO:0006310","DNA recombination","1/205","358/18860",0.00279329608938547,0.256983240223464,-1.48788518365776,0.980751479840733,0.983236192239895,0.91953040817115,"MCM9",1
"GO:0042176","regulation of protein catabolic process","1/205","383/18860",0.00261096605744125,0.240208877284595,-1.57476773002337,0.9854337196116,0.987572866615099,0.923586100984138,"MGAT3",1
"GO:0007281","germ cell development","1/205","409/18860",0.00244498777506112,0.224938875305623,-1.66121669814776,0.989103595843668,0.990892209941035,0.926690377603985,"ADCY10",1
"GO:0007059","chromosome segregation","1/205","434/18860",0.00230414746543779,0.211981566820276,-1.74102233262865,0.991760557295734,0.993194773575266,0.928843753664727,"NDC1",1
"GO:0022412","cellular process involved in reproduction in multicellular organism","1/205","449/18860",0.0022271714922049,0.204899777282851,-1.78749563813288,0.993033941788368,0.99411059586331,0.929700238046592,"ADCY10",1
"GO:0044772","mitotic cell cycle phase transition","1/205","461/18860",0.00216919739696312,0.199566160520607,-1.82396889512039,0.993910025329338,0.994628168411223,0.93018427606309,"DLG1",1
"GO:0008380","RNA splicing","1/205","490/18860",0.00204081632653061,0.187755102040816,-1.90971732481214,0.995600609096463,0.995933032803033,0.931404595754613,"PUS7",1
"GO:0051052","regulation of DNA metabolic process","1/205","497/18860",0.00201207243460765,0.185110663983903,-1.92993928195774,0.995933032803033,0.995933032803033,0.931404595754613,"VEGFA",1
