MRG,ECM
-0.1754393402340036,-0.2770423517250027
0.2738899140330812,1.23777010007122
0.6521397072847888,0.15303942051929295
-0.21511189270872683,-0.2770423517250027
0.3135809649780229,-0.2770423517250027
-0.1754393402340036,-0.0401716056475077
0.6710683106213029,0.034813918219362916
-0.11369715931079567,-0.2770423517250027
-0.1522323847283982,-0.2770423517250027
-0.21511189270872683,-0.2770423517250027
0.4294136252503016,-0.2770423517250027
-0.07402460683607244,-0.2770423517250027
0.15250353187730709,-0.2770423517250027
0.19010170194220277,0.35371666935436463
-0.1754393402340036,-0.2770423517250027
0.23496691057693744,0.47853370084594876
-0.21511189270872683,-0.2770423517250027
-0.0435284306815056,0.2716846642968579
-0.12287353563095205,-0.2770423517250027
0.1299170087529355,0.10310245079527625
0.13406490898419948,-0.2770423517250027
-0.004400671888003314,0.034813918219362916
0.2524845388820209,-0.2770423517250027
-0.1754393402340036,-0.2770423517250027
-0.1522323847283982,0.034813918219362916
-0.1754393402340036,-0.2770423517250027
-0.020925212089874873,0.034813918219362916
0.31202814319756184,1.3002727235048883
-0.1357667877592804,-0.2770423517250027
0.05802376055999583,-0.2770423517250027
0.17399723321997485,0.217238141751591
-0.1357667877592804,0.4719421716542947
-0.04407322436272654,-0.2770423517250027
0.328125758437281,0.38991016659678795
-0.1754393402340036,-0.2770423517250027
-0.21511189270872683,0.39838409715503376
0.11987934810935977,1.1601839287183837
-0.21511189270872683,0.034813918219362916
1.019299424958959,-0.2770423517250027
0.28540833393803106,0.48324725331555524
-0.09457974476985573,-0.2770423517250027
-0.21511189270872683,-0.2770423517250027
-0.1754393402340036,0.35815052014314974
-0.03643658323580509,0.039247769008147956
-0.05999402765062343,0.22426562898560826
-0.21511189270872683,0.039247769008147956
0.06726074706912355,0.7738153472057063
-0.21511189270872683,-0.2770423517250027
-0.1522323847283982,-0.2770423517250027
0.013539244372005991,0.10310245079527625
0.0774727470407057,-0.2770423517250027
-0.21511189270872683,-0.2770423517250027
0.24200965984267128,-0.2770423517250027
0.1372333348062131,0.41939257152842685
-0.0004941340089708645,0.22426562898560826
0.4405218786109283,-0.2770423517250027
-0.21511189270872683,-0.2770423517250027
-0.21511189270872683,0.40462112952590285
-0.12287353563095205,2.8831295334160725
0.03363450484272588,0.6473199139958867
0.15439861944163094,0.8171416926018669
0.10225661531807574,0.5331842230395719
0.09081859941662045,-0.2770423517250027
-0.1754393402340036,1.4198623499427914
0.5475557937567099,0.7338614718746436
-0.1754393402340036,0.034813918219362916
0.7126261913005361,-0.2770423517250027
-0.06878205302792458,0.15303942051929295
0.03674619987761139,-0.2770423517250027
0.14973685814744442,0.034813918219362916
-0.21511189270872683,0.3466701881637285
0.2513819801122997,-0.0401716056475077
-0.1754393402340036,-0.2770423517250027
0.29586830859140395,0.041860399409999055
0.1781356238781306,-0.2770423517250027
0.3230897847947018,0.7529098316210007
-0.07893359002727732,-0.2770423517250027
0.5146164611786215,-0.2770423517250027
0.053465085281103754,0.039247769008147956
0.3769681740428872,-0.2770423517250027
-0.1754393402340036,0.41939257152842685
0.0691417550493598,-0.2770423517250027
0.26130312854472826,-0.2770423517250027
0.2309422213294318,-0.2770423517250027
-0.1357667877592804,-0.2770423517250027
-0.1357667877592804,0.4611363750631032
0.13503421875039406,-0.2770423517250027
0.6278680505974492,-0.2770423517250027
0.4603557588807908,-0.2770423517250027
0.19254433365368265,-0.2770423517250027
-0.040491724607203274,0.10310245079527625
-0.21511189270872683,0.034813918219362916
-0.21511189270872683,0.041860399409999055
-0.1522323847283982,-0.2770423517250027
-0.21511189270872683,0.034813918219362916
0.0632391135245033,0.034813918219362916
-0.21511189270872683,-0.2770423517250027
0.5275131751932514,0.22426562898560826
1.3131639400697819,-0.2770423517250027
-0.1754393402340036,0.5284706705699656
-0.0801642770819265,0.9115721429372653
-0.21511189270872683,0.034813918219362916
0.09547432631669286,0.5924086358187937
-0.1522323847283982,-0.2770423517250027
0.04692399844903005,-0.2770423517250027
0.0919561589277905,0.22426562898560826
-0.21511189270872683,-0.2770423517250027
-0.06878205302792458,0.041860399409999055
-0.0801642770819265,-0.2770423517250027
-0.21511189270872683,-0.2770423517250027
-0.06878205302792458,-0.2770423517250027
0.23577678021784645,-0.2770423517250027
-0.1522323847283982,-0.2770423517250027
-0.11369715931079567,-0.2770423517250027
-0.004314369481930167,1.2239950243879907
-0.08499447317359136,0.7102403670993994
-0.08320098315622884,-0.2770423517250027
-0.21511189270872683,-0.2770423517250027
0.25938396798409846,-0.2770423517250027
-0.21511189270872683,-0.2770423517250027
-0.21511189270872683,-0.2770423517250027
0.11879400514622905,-0.2770423517250027
-0.07893359002727732,0.6518294668171368
0.23198687518483446,0.39838409715503376
0.455670396480842,-0.2770423517250027
-0.01272776485365948,-0.2770423517250027
-0.21511189270872683,-0.2770423517250027
0.026442924744523522,-0.2770423517250027
-0.21511189270872683,-0.2770423517250027
0.08038847651896038,-0.2770423517250027
-0.21511189270872683,-0.2770423517250027
-0.21511189270872683,-0.2770423517250027
-0.03643658323580509,0.7800391261981049
-0.008880662054934624,0.9665852769888922
0.49305852166985875,0.454108887829086
-0.21511189270872683,-0.2770423517250027
-0.1754393402340036,0.278731145487494
-0.21511189270872683,-0.2770423517250027
-0.21511189270872683,-0.2770423517250027
0.1381835848657184,-0.2770423517250027
-0.21511189270872683,0.09838889832566983
0.23453077448398607,-0.2770423517250027
-0.21511189270872683,-0.2770423517250027
-0.1754393402340036,0.15303942051929295
-0.1754393402340036,-0.2770423517250027
0.6084767570847959,-0.2770423517250027
-0.07893359002727732,-0.2770423517250027
0.03591660078394853,-0.2770423517250027
-0.03643658323580509,-0.2770423517250027
-0.21511189270872683,-0.2770423517250027
-0.21511189270872683,0.039247769008147956
-0.1754393402340036,-0.2770423517250027
0.15423182539026709,-0.2770423517250027
0.11377323059598446,-0.2770423517250027
-0.21511189270872683,-0.2770423517250027
0.3527121814725579,-0.2770423517250027
0.42539227839090155,0.41939257152842685
-0.08499447317359136,0.039247769008147956
-0.042035328600308446,-0.2770423517250027
0.04008406739689236,0.039247769008147956
-0.21511189270872683,-0.2770423517250027
-0.1754393402340036,0.47853370084594876
0.026442924744523522,1.2799758574946531
0.1501997586621985,0.4648956904636586
0.03733116478264225,-0.2770423517250027
-0.08955314845248344,-0.2770423517250027
0.02084417938002021,-0.2770423517250027
0.38471547497282044,-0.2770423517250027
-0.024072958094241335,-0.2770423517250027
-0.21511189270872683,-0.2770423517250027
0.37295941491035767,0.35815052014314974
-0.21511189270872683,-0.2770423517250027
0.41150308658977014,0.6543474012299039
-0.1357667877592804,-0.2770423517250027
-0.11255983225367498,0.43661971088785007
-0.03643658323580509,-0.2770423517250027
0.5589893816080794,-0.0401716056475077
-0.21511189270872683,0.039247769008147956
0.30806691957695165,1.6173755721414835
-0.08320098315622884,0.039247769008147956
0.3871987058335535,-0.2770423517250027
-0.11369715931079567,-0.2770423517250027
-0.21511189270872683,0.10310245079527625
-0.21511189270872683,-0.2770423517250027
-0.07209365897513963,-0.2770423517250027
-0.21511189270872683,0.40462112952590285
-0.043428504165497914,2.4638337206200114
0.056014025599522996,-0.2770423517250027
-0.08320098315622884,0.35371666935436463
-0.1522323847283982,0.5335282624847417
0.22663981761128138,-0.2770423517250027
0.250549311149124,0.39838409715503376
0.011952537105026476,-0.2770423517250027
0.03527188058671992,0.39838409715503376
0.2489731705490261,0.9751660687409235
0.32647056797960755,0.4648956904636586
0.41899398956766964,-0.2770423517250027
-0.21511189270872683,-0.2770423517250027
-0.0549071922951325,-0.2770423517250027
0.03249717778560519,-0.2770423517250027
0.2569976300892873,0.4693295412524436
-0.21511189270872683,-0.2770423517250027
0.13325195008433768,-0.2770423517250027
-0.04407322436272654,0.22426562898560826
-0.21511189270872683,-0.2770423517250027
-0.1754393402340036,0.034813918219362916
-0.026133308102717214,1.541372775698721
-0.1754393402340036,-0.2770423517250027
-0.045001022982744124,0.10310245079527625
0.12668236556048476,0.7837984415986604
0.21078766776506208,1.1829916038652963
-0.049880595977760206,-0.2770423517250027
0.01874734038484833,0.039247769008147956
0.2895590573721823,0.6471159143475305
-0.1754393402340036,0.15303942051929295
-0.21511189270872683,-0.2770423517250027
0.25731248897506426,1.0224904080630892
0.0639282422309372,0.034813918219362916
-0.049880595977760206,0.22426562898560826
-0.02158034512384269,-0.2770423517250027
0.045786090914108464,-0.2770423517250027
0.07951059222411522,-0.2770423517250027
0.6474630473653364,0.217238141751591
-0.034352054361349235,-0.2770423517250027
-0.1754393402340036,0.42200520193027785
0.1274983316430089,-0.2770423517250027
-0.003755951690774689,0.8667014831321457
-0.06878205302792458,-0.2770423517250027
0.01874734038484833,0.39838409715503376
-0.21511189270872683,-0.2770423517250027
-0.003755951690774689,0.034813918219362916
-0.06891755561232596,0.039247769008147956
-0.1754393402340036,-0.2770423517250027
1.1208142970256323,0.039247769008147956
0.1398623034941383,-0.2770423517250027
-0.1522323847283982,-0.2770423517250027
-0.1754393402340036,-0.2770423517250027
-0.08955314845248344,-0.2770423517250027
-0.042035328600308446,-0.2770423517250027
-0.08320098315622884,-0.2770423517250027
-0.21511189270872683,0.217238141751591
0.735300540065813,0.4693295412524436
-0.21511189270872683,0.034813918219362916
0.07951059222411522,-0.2770423517250027
-0.1522323847283982,-0.2770423517250027
-0.1754393402340036,-0.2770423517250027
-0.21511189270872683,-0.2770423517250027
0.2501784485288191,-0.0401716056475077
-0.11369715931079567,-0.2770423517250027
-0.12287353563095205,0.35371666935436463
0.09958972956808926,1.440767865527497
-0.1754393402340036,-0.2770423517250027
0.2407445281705699,-0.2770423517250027
-0.1754393402340036,-0.2770423517250027
-0.21511189270872683,-0.2770423517250027
-0.21511189270872683,0.039247769008147956
0.2926717510843121,0.5976338966224957
-0.049880595977760206,-0.2770423517250027
-0.21511189270872683,-0.2770423517250027
-0.21511189270872683,0.7146742178881844
-0.1754393402340036,-0.2770423517250027
-0.21511189270872683,-0.2770423517250027
0.37683421523049826,0.039247769008147956
0.1044780658919224,-0.2770423517250027
-0.12299507852177384,-0.2770423517250027
0.0761323656528316,1.3975278870944374
0.475764903016159,-0.2770423517250027
-0.02924500313760272,0.034813918219362916
-0.04407322436272654,0.09838889832566983
-0.1522323847283982,0.217238141751591
0.0182137502417023,-0.2770423517250027
0.35963666814846823,1.0647661015653664
-0.043428504165497914,-0.2770423517250027
0.20201007063195017,0.42200520193027785
-0.21511189270872683,-0.2770423517250027
0.5532298048906626,0.22840655020078615
-0.1754393402340036,-0.2770423517250027
-0.08320098315622884,0.034813918219362916
-0.21511189270872683,1.8693026252850524
-0.1754393402340036,0.8494743437727226
0.9286258332221929,-0.2770423517250027
0.16931743210275246,-0.2770423517250027
0.5282099756374465,0.7811858111968092
0.2783605917519892,0.5284706705699656
-0.21511189270872683,-0.2770423517250027
0.018806283617602098,-0.2770423517250027
0.13325195008433768,0.41024516827003543
-0.21511189270872683,-0.2770423517250027
-0.04010010086741168,-0.0401716056475077
-0.21511189270872683,0.22426562898560826
0.43356197391749396,-0.2770423517250027
-0.009214150994811,0.3399731968727712
-0.1357667877592804,-0.0401716056475077
-0.032421106500416394,0.034813918219362916
-0.21511189270872683,-0.2770423517250027
0.13768976322556625,-0.2770423517250027
-0.04407322436272654,-0.2770423517250027
0.49277031103973845,0.4693295412524436
-0.21511189270872683,0.5290944116959565
0.424814282199578,1.2534585185603708
0.2643990570367706,0.15303942051929295
0.11688492563086995,0.039247769008147956
0.5984457274176962,0.5446966709339368
-0.21511189270872683,-0.2770423517250027
-0.21511189270872683,-0.2770423517250027
-0.0435284306815056,-0.2770423517250027
0.5278523542578466,0.8120509609385226
-0.21511189270872683,-0.2770423517250027
-0.1522323847283982,-0.2770423517250027
-0.21511189270872683,-0.2770423517250027
-0.21511189270872683,1.6960956365561914
0.3275537932115196,0.10310245079527625
0.21176743715577226,0.039247769008147956
-0.21511189270872683,0.039247769008147956
0.26099539302389174,-0.2770423517250027
0.019451003814830708,-0.2770423517250027
-0.08955314845248344,0.278731145487494
0.23561163077416614,1.0934236869557974
-0.21511189270872683,-0.2770423517250027
0.10570261248919756,0.041860399409999055
0.23878301842957259,-0.2770423517250027
0.6440312051578151,-0.2770423517250027
-0.07977265334213493,0.10310245079527625
0.2489731705490261,-0.2770423517250027
0.09948980305208158,-0.0401716056475077
0.041420705747307704,-0.2770423517250027
-0.08365947443137661,-0.2770423517250027
0.08802391411185227,0.35815052014314974
-0.09609423528455714,0.039247769008147956
0.8218322070126105,-0.2770423517250027
-0.21511189270872683,-0.2770423517250027
0.8273315542406292,0.10310245079527625
0.31922691829931693,-0.2770423517250027
0.35627172505682986,0.41024516827003543
-0.1754393402340036,0.515601891564989
-0.21511189270872683,0.2716846642968579
0.17674257376410155,-0.2770423517250027
-0.21511189270872683,0.034813918219362916
-0.21511189270872683,0.7784033903750521
0.6425572001841183,0.40462112952590285
0.2832787854036381,-0.2770423517250027
-0.04407322436272654,-0.2770423517250027
-0.1357667877592804,-0.2770423517250027
-0.21511189270872683,1.032767520203419
0.5132410610948385,0.10310245079527625
0.43978155092649024,-0.0401716056475077
0.5279358966390397,0.4693295412524436
0.11717240491974514,-0.2770423517250027
-0.21511189270872683,0.034813918219362916
0.57222713137329,2.065166290216198
0.15526229139655268,-0.2770423517250027
-0.1754393402340036,-0.2770423517250027
-0.0053284705080209015,-0.2770423517250027
-0.21511189270872683,-0.2770423517250027
0.03733116478264225,0.7088129177317897
0.11637250394316703,0.5335282624847417
0.20144428834164935,-0.2770423517250027
0.015757671521814013,0.15303942051929295
0.10098290513327872,-0.2770423517250027
0.22613771045500716,-0.0401716056475077
-0.1522323847283982,0.039247769008147956
0.1592033053830143,-0.2770423517250027
0.011861584945447704,0.3399731968727712
0.2744446566255396,0.7268149906840075
-0.08365947443137661,-0.2770423517250027
0.30154975555902663,2.273008261606078
0.4248992954160185,0.10310245079527625
-0.1754393402340036,0.15303942051929295
-0.1754393402340036,-0.2770423517250027
-0.08332252604705057,0.40462112952590285
0.18593563829702825,-0.2770423517250027
0.21603364607443865,4.694987127943519
-0.21511189270872683,0.41024516827003543
-0.21511189270872683,-0.2770423517250027
-0.21511189270872683,-0.2770423517250027
-0.1754393402340036,0.22840655020078615
-0.04398692195665337,-0.2770423517250027
-0.004400671888003314,0.2716846642968579
0.5688540446915645,-0.2770423517250027
-0.21511189270872683,0.278731145487494
0.43363512749579086,1.140322139343695
-0.06891755561232596,0.10310245079527625
-0.1754393402340036,-0.2770423517250027
-0.04010010086741168,0.19669914042998726
-0.1522323847283982,-0.2770423517250027
0.48969713192247544,-0.2770423517250027
-0.12287353563095205,-0.2770423517250027
0.7441924688311314,-0.2770423517250027
0.20681757603864348,-0.0401716056475077
0.0032359692389181257,-0.2770423517250027
0.4671502804638219,0.4693295412524436
0.03730977634913804,-0.2770423517250027
-0.1754393402340036,-0.0401716056475077
0.09176633335832066,-0.2770423517250027
-0.0801642770819265,0.10310245079527625
-0.05999402765062343,-0.0401716056475077
-0.0549071922951325,-0.2770423517250027
-0.21511189270872683,-0.2770423517250027
0.08545864338883168,-0.2770423517250027
0.22422531441717364,0.278731145487494
0.1289845569553861,0.10310245079527625
0.06642168375426594,-0.2770423517250027
-0.21511189270872683,-0.2770423517250027
0.2734831384881612,0.7172868482900355
0.01318322415967567,-0.2770423517250027
0.3155016886440885,0.7338614718746436
0.015757671521814013,-0.2770423517250027
-0.21511189270872683,-0.2770423517250027
0.024255689756214,0.10310245079527625
0.2866777638147945,0.039247769008147956
0.1557081080335642,-0.2770423517250027
0.018806283617602098,3.457634511813896
0.17974011909564863,-0.2770423517250027
0.10727070353097798,0.039247769008147956
0.0775477866528776,-0.2770423517250027
-0.03170023678952709,-0.2770423517250027
-0.1522323847283982,0.10310245079527625
0.018806283617602098,0.42200520193027785
0.07534521171596847,0.10310245079527625
-0.1754393402340036,-0.0401716056475077
-0.12287353563095205,-0.0401716056475077
-0.12299507852177384,0.039247769008147956
0.008578882646398151,-0.2770423517250027
-0.21511189270872683,-0.2770423517250027
-0.21511189270872683,-0.0401716056475077
0.41684765234681925,1.3086833288334974
-0.08955314845248344,-0.2770423517250027
0.3863332927166997,0.35815052014314974
0.25912075928082723,0.034813918219362916
0.024255689756214,0.034813918219362916
-0.02924500313760272,-0.2770423517250027
0.365721495565936,-0.0401716056475077
-0.1754393402340036,-0.2770423517250027
-0.12287353563095205,-0.2770423517250027
-0.21511189270872683,0.041860399409999055
-0.009214150994811,0.41024516827003543
0.2679874078565624,-0.2770423517250027
-0.015234639820409275,-0.2770423517250027
0.31848414896794747,0.15303942051929295
0.06739624965352493,-0.2770423517250027
-0.1754393402340036,0.43661971088785007
0.2907501243525875,-0.0401716056475077
0.28882868805865786,0.7934832417451104
0.07131314498789983,0.217238141751591
0.017878484997584494,-0.2770423517250027
0.4162620130519554,-0.2770423517250027
0.13909798862824937,0.7201179993930503
-0.21511189270872683,0.39838409715503376
1.1099336624175822,0.454108887829086
-0.21511189270872683,-0.2770423517250027
-0.21511189270872683,-0.2770423517250027
0.49325220188502483,-0.2770423517250027
0.05123919715310559,0.041860399409999055
0.18848445059703872,-0.2770423517250027
0.015599594380481878,1.0391349677265416
-0.21511189270872683,0.034813918219362916
0.4063415087357052,0.15303942051929295
0.002685208625291341,1.8574103448553578
-0.0214588022330209,-0.0401716056475077
-0.1754393402340036,-0.0401716056475077
-0.21511189270872683,-0.2770423517250027
0.420080452990525,0.041860399409999055
-0.1522323847283982,0.041860399409999055
0.11115088914677476,0.7837984415986604
-0.1754393402340036,-0.2770423517250027
-0.21511189270872683,-0.2770423517250027
-0.21511189270872683,-0.2770423517250027
-0.12287353563095205,0.039247769008147956
0.01318322415967567,-0.0401716056475077
0.4882367347504228,-0.2770423517250027
0.12376811717778921,-0.2770423517250027
-0.11369715931079567,-0.2770423517250027
-0.21511189270872683,-0.2770423517250027
-0.1754393402340036,0.09838889832566983
-0.045321920698868104,0.3399731968727712
-0.21511189270872683,-0.2770423517250027
-0.21511189270872683,-0.2770423517250027
-0.21511189270872683,0.039247769008147956
0.20983648929483947,0.2716846642968579
-0.1357667877592804,0.39838409715503376
-0.21511189270872683,-0.2770423517250027
-0.0006042734365541018,0.09838889832566983
0.13857520860551,-0.2770423517250027
0.22132410943002964,0.5879747850300087
-0.12287353563095205,-0.2770423517250027
0.0378001945659825,0.3511040389525136
0.10067970254631112,0.41024516827003543
-0.08955314845248344,-0.2770423517250027
0.04650754110279863,-0.2770423517250027
0.0032359692389181257,0.039247769008147956
-0.016893145361806285,0.4648956904636586
-0.21511189270872683,-0.2770423517250027
-0.21511189270872683,0.10310245079527625
-0.07977265334213493,-0.2770423517250027
0.20310071654353118,-0.2770423517250027
-0.21511189270872683,1.215569779472996
-0.21511189270872683,-0.2770423517250027
0.002685208625291341,0.041860399409999055
-0.12287353563095205,-0.2770423517250027
-0.12287353563095205,-0.2770423517250027
0.08299558307662079,-0.2770423517250027
0.4183477984275055,-0.2770423517250027
0.3418088256377796,-0.2770423517250027
-0.022114965193262722,0.7102403670993994
-0.21511189270872683,0.3511040389525136
-0.1754393402340036,-0.2770423517250027
-0.21511189270872683,-0.2770423517250027
-0.01272776485365948,-0.2770423517250027
0.040367870856944564,-0.2770423517250027
0.6393031520373255,-0.2770423517250027
-0.04407322436272654,0.039247769008147956
0.2569251697464012,-0.2770423517250027
0.5831003563322963,0.15303942051929295
-0.21511189270872683,-0.2770423517250027
0.056014025599522996,-0.0401716056475077
-0.21511189270872683,-0.2770423517250027
0.4646292752855679,0.7017664365411537
-0.08499447317359136,0.19669914042998726
0.10778186641282766,1.2115673417666293
0.7383360908522721,0.3511040389525136
0.5377428315351529,0.5361408928865928
-0.21511189270872683,0.27295448844926334
-0.1754393402340036,-0.0401716056475077
0.09801721075084306,0.217238141751591
-0.08365947443137661,0.32547290511368887
-0.1754393402340036,0.10310245079527625
-0.1754393402340036,-0.2770423517250027
-0.009214150994811,-0.2770423517250027
1.2500857088860429,1.8906181926156838
0.10775432508532488,1.1476307367967618
-0.21511189270872683,-0.0401716056475077
-0.043428504165497914,0.034813918219362916
0.35848466779765537,0.15303942051929295
0.25724606746252526,-0.2770423517250027
-0.06878205302792458,0.589244609182414
0.05128814119542371,-0.2770423517250027
-0.1754393402340036,0.718546122462202
-0.020925212089874873,-0.2770423517250027
-0.21511189270872683,0.09838889832566983
-0.1522323847283982,0.43661971088785007
-0.1357667877592804,-0.2770423517250027
-0.1754393402340036,1.098955130711577
0.9643601492441557,0.034813918219362916
0.07474109292577633,0.034813918219362916
-0.07402460683607244,0.041860399409999055
0.7688832582315921,0.8347029017701983
-0.06891755561232596,-0.2770423517250027
-0.21511189270872683,-0.2770423517250027
-0.1522323847283982,-0.2770423517250027
-0.21511189270872683,-0.2770423517250027
-0.21511189270872683,0.7529098316210007
-0.0023413876920809597,-0.2770423517250027
-0.12287353563095205,-0.0401716056475077
-0.08955314845248344,1.9583018466020792
0.1918828477260205,-0.2770423517250027
0.44551633723223344,-0.0401716056475077
0.19778091890526764,-0.2770423517250027
-0.0549071922951325,-0.2770423517250027
0.03906827903816913,0.15303942051929295
0.14956842334996615,0.034813918219362916
-0.08320098315622884,-0.2770423517250027
0.3282205583423626,0.15303942051929295
0.024255689756214,-0.2770423517250027
-0.020925212089874873,0.039247769008147956
0.6548615293110606,-0.2770423517250027
-0.07402460683607244,-0.2770423517250027
0.2710282092747363,0.15303942051929295
0.5882990540132141,0.8450404929839376
-0.21511189270872683,0.039247769008147956
0.019451003814830708,-0.2770423517250027
-0.0053284705080209015,0.10310245079527625
0.0025636657344695686,-0.2770423517250027
-0.21511189270872683,0.6980071211405983
-0.1522323847283982,0.034813918219362916
-0.1522323847283982,-0.2770423517250027
1.0807930829108894,0.5331842230395719
-0.04010010086741168,-0.2770423517250027
-0.07402460683607244,-0.2770423517250027
-0.1522323847283982,0.15303942051929295
0.22813446160923997,1.3609819766087394
-0.21511189270872683,-0.2770423517250027
-0.21511189270872683,0.8284658693993294
-0.003755951690774689,-0.0401716056475077
-0.21511189270872683,0.43661971088785007
-0.21511189270872683,-0.2770423517250027
-0.21511189270872683,0.41939257152842685
0.18453828057924146,0.034813918219362916
0.586839058657021,0.034813918219362916
-0.06580586057744044,-0.2770423517250027
0.09493268887891386,0.034813918219362916
-0.06580586057744044,-0.2770423517250027
-0.1754393402340036,0.22840655020078615
-0.1357667877592804,0.4693295412524436
-0.045001022982744124,-0.2770423517250027
0.11449410030687374,0.3399731968727712
1.0187631032561135,-0.2770423517250027
-0.21511189270872683,-0.2770423517250027
0.5912501665047931,0.22840655020078615
-0.21511189270872683,0.217238141751591
0.1929180596240859,-0.2770423517250027
-0.21511189270872683,1.012760425108727
0.3887612442607747,1.2841670279479784
0.394883026211934,0.09838889832566983
0.7017035408828998,-0.2770423517250027
0.02694478762106371,-0.2770423517250027
0.23378309923549823,-0.0401716056475077
-0.1522323847283982,-0.2770423517250027
-0.04010010086741168,-0.2770423517250027
0.08052397910336175,-0.2770423517250027
-0.21511189270872683,0.39838409715503376
-0.0549071922951325,-0.2770423517250027
-0.08320098315622884,0.278731145487494
0.5997830518259494,-0.2770423517250027
-0.07977265334213493,-0.2770423517250027
-0.21511189270872683,-0.2770423517250027
0.37127575625415543,0.041860399409999055
0.10465070263684925,-0.2770423517250027
0.4091333167808596,-0.2770423517250027
-0.1754393402340036,-0.2770423517250027
-0.21511189270872683,-0.2770423517250027
-0.0023413876920809597,-0.2770423517250027
-0.21511189270872683,-0.2770423517250027
-0.045321920698868104,0.32547290511368887
0.17571048738291248,-0.2770423517250027
-0.0029263525971118197,-0.2770423517250027
-0.21511189270872683,-0.2770423517250027
-0.1754393402340036,-0.2770423517250027
0.5720381533777531,0.32547290511368887
0.20851400328806394,-0.2770423517250027
0.2251808106212779,0.4719421716542947
-0.21511189270872683,-0.2770423517250027
0.2937842585683531,-0.2770423517250027
0.21159034456676648,-0.2770423517250027
0.0721697302603284,0.039247769008147956
-0.1522323847283982,0.4719421716542947
-0.1522323847283982,-0.2770423517250027
-0.016893145361806285,-0.2770423517250027
-0.045321920698868104,0.5361408928865928
0.17690191151725398,-0.2770423517250027
0.20625734725809047,-0.0401716056475077
0.09464999428791677,-0.2770423517250027
-0.1522323847283982,1.1710226283534682
-0.06878205302792458,0.039247769008147956
0.22174009971311762,0.27611851508564295
-0.03170023678952709,-0.0401716056475077
-0.21511189270872683,-0.2770423517250027
-0.21511189270872683,0.39838409715503376
0.10234291772414884,0.039247769008147956
-0.1754393402340036,0.54316838012061
-0.1357667877592804,-0.2770423517250027
-0.043428504165497914,-0.2770423517250027
0.25299919860958886,-0.2770423517250027
0.06119986392280948,-0.2770423517250027
0.17665273857631306,-0.0401716056475077
-0.21511189270872683,-0.2770423517250027
-0.0801642770819265,0.039247769008147956
-0.21511189270872683,-0.2770423517250027
0.19476486620415864,0.7484759808322157
-0.016105991424943157,0.8667014831321457
0.3342582061642778,0.8494743437727226
0.1315534730144071,0.27611851508564295
0.18034939851622941,0.8933868050928987
0.12321735656416245,-0.2770423517250027
-0.0053284705080209015,0.217238141751591
0.08213024009074549,-0.0401716056475077
-0.07893359002727732,-0.2770423517250027
-0.040491724607203274,0.10310245079527625
-0.21511189270872683,-0.2770423517250027
-0.12287353563095205,1.1330546341412795
0.17527098804386274,-0.2770423517250027
-0.005902545047595962,-0.2770423517250027
-0.11369715931079567,2.412160514695055
-0.03170023678952709,0.041860399409999055
-0.0006042734365541018,0.15303942051929295
0.7861287269607061,0.041860399409999055
0.046916436378906655,0.35815052014314974
0.3559551615109232,-0.2770423517250027
0.03180578419732833,-0.2770423517250027
0.06953337878915146,-0.2770423517250027
-0.054373343252372495,-0.0401716056475077
-0.21511189270872683,0.673490456965345
0.03180578419732833,-0.2770423517250027
0.02694478762106371,-0.2770423517250027
0.1308498321734286,-0.2770423517250027
-0.0004941340089708645,-0.2770423517250027
-0.21511189270872683,0.27611851508564295
-0.21511189270872683,-0.2770423517250027
0.13575075428876102,0.40462112952590285
-0.21511189270872683,-0.2770423517250027
-0.12287353563095205,0.27611851508564295
-0.1754393402340036,-0.2770423517250027
-0.21511189270872683,-0.2770423517250027
-0.08320098315622884,0.15303942051929295
0.5280872597845451,0.034813918219362916
0.021250456316004626,2.2723067553985756
0.09096069367014693,0.5331842230395719
-0.21511189270872683,1.1446480857356536
-0.21511189270872683,-0.2770423517250027
-0.21511189270872683,0.034813918219362916
-0.07977265334213493,-0.2770423517250027
0.18462487630715305,-0.2770423517250027
0.2627312095399782,-0.2770423517250027
0.2918891554020616,-0.2770423517250027
0.8009403535065225,-0.2770423517250027
-0.01728476910159789,-0.2770423517250027
-0.21511189270872683,-0.2770423517250027
-0.01272776485365948,-0.2770423517250027
0.24227253891043865,0.034813918219362916
0.11098569746262309,0.3511040389525136
0.05847883609232532,-0.2770423517250027
0.16098756049995985,-0.2770423517250027
-0.07893359002727732,-0.2770423517250027
0.6245269196659273,-0.2770423517250027
-0.1357667877592804,1.1592296916493328
-0.21511189270872683,0.4693295412524436
0.7009236142246658,1.4566122600768456
0.8967876808745867,0.5950212662206447
0.02643249650033428,-0.2770423517250027
-0.026133308102717214,-0.2770423517250027
-0.21511189270872683,-0.2770423517250027
-0.21511189270872683,-0.2770423517250027
0.01874734038484833,0.5918572395842651
-0.1522323847283982,0.8540852557036829
-0.1754393402340036,0.039247769008147956
-0.1754393402340036,0.034813918219362916
-0.049320952514333695,-0.2770423517250027
-0.08320098315622884,-0.2770423517250027
0.16246923754841788,-0.2770423517250027
0.4100150594172826,0.9584473444254701
0.14003130092374835,-0.2770423517250027
0.04804358982422648,0.278731145487494
0.15369495601164862,-0.2770423517250027
-0.04407322436272654,-0.2770423517250027
-0.21511189270872683,-0.2770423517250027
0.008578882646398151,-0.2770423517250027
-0.21511189270872683,0.039247769008147956
-0.03170023678952709,-0.0401716056475077
0.12835952101899484,-0.2770423517250027
-0.21511189270872683,-0.2770423517250027
-0.007449283983791397,0.35815052014314974
-0.21511189270872683,0.278731145487494
-0.1754393402340036,-0.2770423517250027
0.4404414054189297,-0.2770423517250027
0.308760732780897,0.27611851508564295
0.18442973780257088,-0.2770423517250027
0.25129220888823267,0.5331842230395719
0.30020945422346734,-0.2770423517250027
0.2001065449123867,-0.2770423517250027
0.7286916176132413,0.38991016659678795
-0.21511189270872683,-0.2770423517250027
0.17853606378146403,0.38991016659678795
0.31644919013173933,0.4470654830255971
0.36154381735695523,0.034813918219362916
0.4445044350290976,0.40462112952590285
-0.1754393402340036,-0.2770423517250027
-0.21511189270872683,-0.2770423517250027
-0.1754393402340036,-0.2770423517250027
0.013304767050497457,0.10310245079527625
-0.12287353563095205,0.034813918219362916
-0.1754393402340036,0.3466701881637285
-0.1754393402340036,0.034813918219362916
-0.1754393402340036,-0.2770423517250027
-0.02910950055320134,-0.2770423517250027
0.6235685728815934,-0.2770423517250027
0.9969451139296664,-0.2770423517250027
0.05611476887031428,0.47853370084594876
-0.045001022982744124,-0.2770423517250027
-0.21511189270872683,-0.2770423517250027
-0.1754393402340036,-0.2770423517250027
0.4360691930464184,0.32547290511368887
-0.21511189270872683,-0.2770423517250027
0.15090342209218088,-0.2770423517250027
0.1338155265558643,-0.2770423517250027
0.2221847152878975,-0.2770423517250027
-0.1754393402340036,1.1035722292096408
-0.043428504165497914,0.38991016659678795
0.26122750950065754,-0.2770423517250027
0.5369880665727135,-0.2770423517250027
-0.21511189270872683,-0.2770423517250027
0.09266671421166918,0.9156940701958244
-0.21511189270872683,-0.2770423517250027
-0.09457974476985573,0.7529098316210007
-0.21511189270872683,-0.2770423517250027
0.5333326303603777,0.5361408928865928
0.1734067141678039,-0.2770423517250027
0.49602368000168245,0.8667014831321457
-0.21511189270872683,-0.2770423517250027
0.5991359612029775,0.039247769008147956
-0.21511189270872683,0.039247769008147956
-0.12287353563095205,-0.2770423517250027
0.2263290604826408,-0.2770423517250027
0.31229614089130386,0.9162667014502529
0.2551068776831561,0.034813918219362916
-0.21511189270872683,-0.2770423517250027
-0.03926103755255408,0.9068775361650102
-0.1522323847283982,1.6960956365561914
-0.21511189270872683,-0.2770423517250027
0.15877590525540117,-0.0401716056475077
0.026380462286911443,0.034813918219362916
-0.05999402765062343,-0.2770423517250027
-0.016893145361806285,0.7729926450074688
-0.04712183645851461,-0.2770423517250027
-0.1522323847283982,0.09838889832566983
-0.01272776485365948,-0.0401716056475077
-0.1522323847283982,0.35553788974129863
0.1584039196766505,0.5905874154318597
0.41022684205496784,0.10310245079527625
0.2124883068666616,-0.2770423517250027
-0.07977265334213493,0.041860399409999055
-0.21511189270872683,0.10310245079527625
-0.1357667877592804,-0.2770423517250027
-0.21511189270872683,-0.2770423517250027
0.02694478762106371,-0.2770423517250027
0.19706670719767408,-0.2770423517250027
-0.21511189270872683,-0.2770423517250027
-0.21511189270872683,-0.2770423517250027
0.3715239200986255,2.7311381672743598
0.28142886667004274,0.034813918219362916
-0.21511189270872683,0.6588759480077729
-0.07893359002727732,0.15303942051929295
0.05450745677201759,0.09838889832566983
-0.1754393402340036,0.039247769008147956
-0.21511189270872683,-0.2770423517250027
-0.04712183645851461,-0.2770423517250027
0.4191186263146747,0.041860399409999055
-0.1754393402340036,-0.0401716056475077
-0.06891755561232596,0.09838889832566983
0.1259547276499038,0.034813918219362916
-0.1754393402340036,-0.2770423517250027
-0.1522323847283982,0.10310245079527625
0.05734150903520459,0.8953590685225769
-0.21511189270872683,0.041860399409999055
-0.21511189270872683,-0.2770423517250027
0.7833902629040301,0.6417630258468395
-0.21511189270872683,-0.2770423517250027
-0.21511189270872683,-0.2770423517250027
0.2251808106212779,0.7291479194050371
-0.1522323847283982,-0.2770423517250027
0.06285395665166067,-0.2770423517250027
-0.21511189270872683,-0.2770423517250027
0.22595068890484735,-0.2770423517250027
0.10419089418280124,-0.2770423517250027
-0.07893359002727732,0.3511040389525136
0.10465070263684925,0.041860399409999055
0.8823451529196831,0.039247769008147956
0.1287290186976581,1.064081031623371
0.2880510852438958,3.2425644471200132
-0.1754393402340036,-0.2770423517250027
-0.21511189270872683,-0.2770423517250027
0.21591591842727614,0.7703990085622366
0.2392568013625618,-0.2770423517250027
0.042592882432578257,-0.2770423517250027
0.333654189304149,0.43661971088785007
0.22619084531524655,-0.2770423517250027
0.3992512901313576,0.4693295412524436
0.6214629563270078,0.32547290511368887
1.3302501757425744,-0.2770423517250027
0.26272364746985477,-0.2770423517250027
-0.1522323847283982,0.43661971088785007
0.6545852028691874,-0.2770423517250027
-0.1522323847283982,-0.2770423517250027
-0.006038047631997344,-0.2770423517250027
-0.0023627761255851994,-0.2770423517250027
-0.21511189270872683,1.4545700156781323
-0.007449283983791397,1.2076029640296335
0.17829011432030709,-0.2770423517250027
-0.21511189270872683,0.034813918219362916
-0.1357667877592804,-0.2770423517250027
0.45456985199019806,-0.2770423517250027
-0.1754393402340036,0.15303942051929295
-0.009214150994811,-0.2770423517250027
-0.1522323847283982,-0.2770423517250027
0.3241734749968243,0.034813918219362916
-0.1522323847283982,0.4719421716542947
-0.08955314845248344,-0.2770423517250027
-0.1754393402340036,-0.2770423517250027
0.018092207350880574,-0.2770423517250027
-0.21511189270872683,-0.0401716056475077
0.3484242756250445,-0.2770423517250027
0.2777066212498555,-0.2770423517250027
0.33921359916040683,0.43661971088785007
-0.04712183645851461,-0.2770423517250027
0.45431166290396136,-0.2770423517250027
0.10772371736844358,-0.2770423517250027
0.12221985077314075,1.1463609126443561
-0.07402460683607244,0.10310245079527625
0.11054003843901887,0.15303942051929295
0.013304767050497457,0.041860399409999055
-0.1754393402340036,-0.2770423517250027
0.041899269824866796,-0.2770423517250027
-0.12287353563095205,0.034813918219362916
0.10119331411365672,-0.2770423517250027
0.20662335216714173,-0.2770423517250027
0.25063484882934445,0.034813918219362916
0.31079134118264007,-0.2770423517250027
-0.02158034512384269,0.15303942051929295
-0.21511189270872683,-0.2770423517250027
-0.1754393402340036,-0.2770423517250027
-0.08955314845248344,-0.2770423517250027
-0.1754393402340036,-0.2770423517250027
0.27112583751641167,0.8540852557036829
0.30047536266499625,-0.2770423517250027
-0.1754393402340036,0.039247769008147956
-0.08955314845248344,-0.0401716056475077
-0.21511189270872683,0.39838409715503376
-0.07977265334213493,-0.2770423517250027
-0.08320098315622884,-0.2770423517250027
0.5353042409031677,0.10310245079527625
-0.07402460683607244,-0.2770423517250027
0.29777616791535444,0.034813918219362916
-0.21511189270872683,0.9665852769888922
-0.1522323847283982,0.35815052014314974
0.13241288676948007,0.4172916494606715
0.1220930216437123,0.041860399409999055
-0.21511189270872683,-0.2770423517250027
0.154056787679034,0.2716846642968579
-0.21511189270872683,-0.2770423517250027
0.3818700176962701,-0.2770423517250027
-0.045001022982744124,0.039247769008147956
-0.016893145361806285,-0.2770423517250027
-0.21511189270872683,-0.2770423517250027
1.0769796457391365,-0.2770423517250027
-0.1754393402340036,0.034813918219362916
0.05167976493521529,-0.2770423517250027
-0.04407322436272654,0.43661971088785007
-0.016054082046948685,0.41024516827003543
-0.02924500313760272,-0.2770423517250027
-0.21511189270872683,-0.2770423517250027
-0.1754393402340036,0.7856196619855943
0.08023682355737528,-0.2770423517250027
-0.11369715931079567,-0.2770423517250027
-0.21511189270872683,-0.0401716056475077
-0.06878205302792458,-0.2770423517250027
-0.03643658323580509,-0.2770423517250027
-0.022114965193262722,-0.2770423517250027
-0.21511189270872683,0.217238141751591
-0.21511189270872683,-0.2770423517250027
0.3800964360967439,1.4037706600434547
-0.022114965193262722,0.034813918219362916
1.0409163866195104,0.15303942051929295
0.012465703735639858,3.6549196384443343
0.09191073520109397,1.1295353367091223
0.8169536980124911,0.8812464023261856
0.3071479564192954,2.784648185556903
0.08868696854427165,-0.2770423517250027
-0.12287353563095205,-0.2770423517250027
0.3933321848468077,-0.2770423517250027
-0.21511189270872683,-0.2770423517250027
-0.07209365897513963,0.35371666935436463
-0.1754393402340036,-0.2770423517250027
-0.003755951690774689,-0.2770423517250027
-0.21511189270872683,-0.2770423517250027
-0.1522323847283982,0.278731145487494
-0.043428504165497914,0.034813918219362916
-0.1754393402340036,-0.2770423517250027
0.10067970254631112,-0.2770423517250027
0.44467692243028556,-0.2770423517250027
-0.06580586057744044,0.42200520193027785
0.0564879683966066,-0.2770423517250027
-0.05999402765062343,-0.2770423517250027
-0.1754393402340036,0.217238141751591
-0.21511189270872683,-0.2770423517250027
0.500893391963627,-0.2770423517250027
-0.026133308102717214,-0.2770423517250027
-0.005902545047595962,-0.2770423517250027
-0.1754393402340036,-0.2770423517250027
-0.1754393402340036,0.7030362606935591
-0.1522323847283982,-0.2770423517250027
-0.21511189270872683,0.041860399409999055
0.07258036583943205,0.10310245079527625
-0.1522323847283982,-0.2770423517250027
-0.004400671888003314,-0.2770423517250027
-0.0801642770819265,0.770054969117067
0.23979270248133336,0.039247769008147956
0.3043454883473329,-0.2770423517250027
0.6103550074599742,-0.2770423517250027
-0.21511189270872683,-0.2770423517250027
0.051146046941897234,-0.2770423517250027
-0.21511189270872683,-0.2770423517250027
0.6733130098209171,0.039247769008147956
-0.21511189270872683,0.039247769008147956
-0.005902545047595962,-0.2770423517250027
-0.12299507852177384,0.9024436853762253
0.03045840147991222,0.10310245079527625
-0.045321920698868104,0.039247769008147956
-0.21511189270872683,-0.2770423517250027
0.11965619920864744,-0.2770423517250027
-0.21511189270872683,-0.2770423517250027
-0.1754393402340036,-0.2770423517250027
0.03591660078394853,0.35815052014314974
0.6226726028302261,-0.2770423517250027
-0.21511189270872683,-0.2770423517250027
-0.21511189270872683,-0.2770423517250027
-0.1522323847283982,-0.2770423517250027
-0.1522323847283982,0.9853467269097107
-0.21511189270872683,-0.2770423517250027
-0.09457974476985573,0.6085513527210651
-0.1754393402340036,0.041860399409999055
0.2419752152252192,-0.2770423517250027
-0.1754393402340036,0.39838409715503376
-0.21511189270872683,0.10310245079527625
-0.1754393402340036,0.2716846642968579
-0.21511189270872683,-0.2770423517250027
-0.21511189270872683,-0.2770423517250027
0.47949743086846536,-0.2770423517250027
0.20507221667975628,0.15303942051929295
0.4842549358684648,-0.0401716056475077
0.35962750677083005,-0.2770423517250027
0.1860954023281018,0.7738153472057063
-0.21511189270872683,0.5905874154318597
-0.1754393402340036,0.034813918219362916
0.377025865969625,-0.2770423517250027
-0.1754393402340036,0.039247769008147956
-0.02158034512384269,-0.2770423517250027
-0.1522323847283982,0.43661971088785007
0.6915345143564491,-0.0401716056475077
-0.1754393402340036,-0.2770423517250027
0.013539244372005991,0.041860399409999055
-0.1754393402340036,0.217238141751591
-0.21511189270872683,-0.2770423517250027
-0.1522323847283982,0.034813918219362916
0.21777140018467295,-0.2770423517250027
0.12478894902711457,-0.2770423517250027
0.6234868086347694,0.039247769008147956
0.35566325133131477,1.6900832933570524
0.16706129109784085,-0.2770423517250027
-0.03926103755255408,0.034813918219362916
-0.049880595977760206,0.15303942051929295
-0.08320098315622884,-0.2770423517250027
-0.21511189270872683,0.39838409715503376
0.03906827903816913,-0.2770423517250027
-0.03926103755255408,0.034813918219362916
-0.21511189270872683,0.10310245079527625
-0.21511189270872683,0.15303942051929295
-0.21511189270872683,0.7338614718746436
0.20716847471596464,0.034813918219362916
0.5975924911600223,0.039247769008147956
-0.1754393402340036,0.217238141751591
-0.21511189270872683,-0.2770423517250027
0.2628375710096008,-0.0401716056475077
0.31836497622213317,1.6712133664316622
-0.06878205302792458,-0.2770423517250027
0.03290781336470885,-0.2770423517250027
-0.21511189270872683,0.515601891564989
0.1278472298982654,0.27611851508564295
-0.12287353563095205,-0.2770423517250027
0.2165744639919773,1.7248729947000168
-0.1522323847283982,0.034813918219362916
-0.11369715931079567,0.43661971088785007
0.32679290855357124,-0.2770423517250027
0.4341309467641112,0.2716846642968579
-0.022114965193262722,-0.0401716056475077
0.12514617044248363,-0.2770423517250027
-0.016893145361806285,0.35815052014314974
0.2311230020113778,-0.0401716056475077
-0.21511189270872683,0.7934832417451104
0.20311301461033374,-0.2770423517250027
0.2912982503028322,0.041860399409999055
-0.004400671888003314,0.43661971088785007
-0.12287353563095205,-0.2770423517250027
0.8785199737900818,0.034813918219362916
-0.04712183645851461,0.5918572395842651
-0.1754393402340036,0.7291479194050371
-0.21511189270872683,0.039247769008147956
-0.01728476910159789,0.5905874154318597
-0.04712183645851461,0.6530992909695422
-0.11369715931079567,0.034813918219362916
-0.21511189270872683,0.10310245079527625
0.0639282422309372,0.034813918219362916
0.210751667581398,0.034813918219362916
0.0032359692389181257,-0.2770423517250027
0.4504457742576728,0.2716846642968579
-0.21511189270872683,1.5786533198971329
0.02643249650033428,-0.2770423517250027
-0.003755951690774689,0.039247769008147956
0.18006620102826096,-0.2770423517250027
-0.009214150994811,0.40462112952590285
0.44311280737202347,-0.2770423517250027
0.1140224035369254,0.5950212662206447
0.2713777547525821,-0.2770423517250027
-0.043428504165497914,0.39838409715503376
-0.21511189270872683,0.10310245079527625
-0.21511189270872683,0.034813918219362916
0.0639282422309372,-0.2770423517250027
0.1975574672524078,-0.2770423517250027
0.9669149797167916,-0.2770423517250027
-0.21511189270872683,0.35371666935436463
-0.21511189270872683,-0.2770423517250027
0.3094525395710794,-0.2770423517250027
-0.0008191721324800561,0.09838889832566983
-0.03926103755255408,0.5405557497187589
-0.000427548392688476,0.034813918219362916
-0.06580586057744044,-0.2770423517250027
-0.21511189270872683,-0.2770423517250027
-0.04010010086741168,0.35815052014314974
-0.1522323847283982,0.09838889832566983
-0.12287353563095205,-0.2770423517250027
0.9766269056247991,-0.2770423517250027
-0.1754393402340036,-0.2770423517250027
0.3510569433575463,0.034813918219362916
-0.043428504165497914,0.15303942051929295
-0.21511189270872683,1.4545209168586686
0.06726074706912355,0.041860399409999055
-0.06878205302792458,1.8668185040972194
-0.020925212089874873,0.09838889832566983
0.32414424236704964,1.1286207833524946
0.5038140470736857,0.7484759808322157
0.6622744999685879,3.2831512135587815
-0.12287353563095205,-0.2770423517250027
-0.21511189270872683,-0.2770423517250027
-0.07402460683607244,0.35553788974129863
-0.042035328600308446,-0.2770423517250027
1.1751495348323873,0.5331842230395719
-0.21511189270872683,0.09838889832566983
0.29784432598236654,-0.2770423517250027
-0.022114965193262722,1.4559259504107798
-0.08499447317359136,0.039247769008147956
-0.21511189270872683,-0.2770423517250027
-0.06878205302792458,0.4652772962782811
-0.09457974476985573,-0.2770423517250027
-0.21511189270872683,-0.2770423517250027
0.12529921558718984,-0.0401716056475077
-0.002462930582902732,0.5905874154318597
-0.1754393402340036,-0.2770423517250027
-0.045001022982744124,-0.2770423517250027
-0.07977265334213493,-0.2770423517250027
0.06253486266502421,-0.2770423517250027
-0.0006042734365541018,0.2716846642968579
-0.1754393402340036,0.35371666935436463
-0.21511189270872683,0.454108887829086
0.11879400514622905,-0.2770423517250027
-0.21511189270872683,0.8841906600733817
0.7299540173327769,0.41939257152842685
-0.21511189270872683,0.2716846642968579
-0.1357667877592804,-0.2770423517250027
0.1570224820614697,0.034813918219362916
0.5348798417676021,-0.2770423517250027
0.34959675956718533,-0.2770423517250027
0.31565902702390186,-0.2770423517250027
-0.04398692195665337,0.039247769008147956
0.032244329427151316,1.0008993539937252
-0.03643658323580509,-0.2770423517250027
0.1037571961810331,-0.2770423517250027
0.05251882825007289,0.217238141751591
-0.010208043503036977,1.7705925168906553
0.5855122818904871,-0.0401716056475077
-0.08365947443137661,-0.2770423517250027
0.18883423563023244,0.3511040389525136
-0.21511189270872683,-0.2770423517250027
-0.1754393402340036,-0.2770423517250027
0.1996594223775046,-0.2770423517250027
-0.1754393402340036,-0.2770423517250027
0.14336571895302577,2.27560189805131
0.21287680566671735,1.1318482087854491
0.23719824298032796,-0.2770423517250027
-0.1357667877592804,-0.2770423517250027
0.4181670409036206,0.034813918219362916
0.06238537397135772,-0.2770423517250027
-0.21511189270872683,-0.2770423517250027
-0.0004941340089708645,-0.2770423517250027
-0.21511189270872683,0.7172868482900355
-0.1522323847283982,0.034813918219362916
0.29896545842404726,0.38991016659678795
-0.04010010086741168,0.8284658693993294
-0.1522323847283982,0.039247769008147956
-0.08499447317359136,0.034813918219362916
0.4058319029326782,-0.2770423517250027
0.38809390793932214,0.034813918219362916
-0.21511189270872683,-0.2770423517250027
-0.21511189270872683,-0.2770423517250027
-0.0023627761255851994,0.7146742178881844
-0.08499447317359136,0.2716846642968579
0.4002338464217658,-0.2770423517250027
0.2287567950595663,-0.0401716056475077
0.14583570567183138,-0.2770423517250027
-0.21511189270872683,-0.2770423517250027
-0.045321920698868104,-0.2770423517250027
-0.045001022982744124,-0.2770423517250027
-0.049320952514333695,0.7062002873299386
-0.08320098315622884,0.041860399409999055
-0.1522323847283982,-0.2770423517250027
-0.1357667877592804,0.9863275255640741
0.10360079470566046,-0.2770423517250027
0.03045840147991222,-0.2770423517250027
-0.21511189270872683,-0.2770423517250027
0.09174422306880387,-0.2770423517250027
-0.12287353563095205,-0.0401716056475077
-0.21511189270872683,0.4172916494606715
0.0681093139381044,0.515601891564989
-0.21511189270872683,-0.2770423517250027
0.14870175869473223,1.1943724964229565
0.11760579534175926,-0.2770423517250027
0.32999926487277975,-0.2770423517250027
-0.21511189270872683,-0.2770423517250027
0.6247902067010875,1.2940688198759251
0.06661734009578692,-0.2770423517250027
-0.08320098315622884,0.041860399409999055
-0.1754393402340036,1.270447715100681
-0.1522323847283982,-0.2770423517250027
-0.1522323847283982,0.7555546773579845
-0.21511189270872683,-0.2770423517250027
0.05015174312666912,0.217238141751591
-0.07209365897513963,-0.2770423517250027
0.34670738296663983,0.27611851508564295
0.11637250394316703,-0.2770423517250027
0.4813987737963686,0.041860399409999055
0.1280755411256743,-0.2770423517250027
-0.21511189270872683,-0.2770423517250027
-0.1522323847283982,-0.2770423517250027
-0.21511189270872683,0.454108887829086
0.06899362689751472,-0.2770423517250027
0.16494167748124913,-0.0401716056475077
-0.21511189270872683,0.22426562898560826
0.07131314498789983,-0.2770423517250027
-0.21511189270872683,-0.2770423517250027
-0.21511189270872683,0.2716846642968579
-0.1522323847283982,-0.0401716056475077
-0.21511189270872683,0.6655729392987303
-0.1754393402340036,-0.2770423517250027
-0.09457974476985573,-0.2770423517250027
-0.06580586057744044,-0.2770423517250027
-0.21511189270872683,-0.2770423517250027
-0.21511189270872683,0.15303942051929295
-0.05999402765062343,-0.2770423517250027
0.2712374350874853,0.034813918219362916
-0.21511189270872683,0.09838889832566983
-0.1754393402340036,-0.2770423517250027
0.029076650947461872,0.43661971088785007
0.3470007127841238,1.1330546341412795
0.19429628352385572,-0.0401716056475077
-0.10373695724822402,-0.2770423517250027
-0.21511189270872683,-0.2770423517250027
-0.21511189270872683,0.35553788974129863
-0.21511189270872683,-0.2770423517250027
-0.12299507852177384,0.039247769008147956
-0.045321920698868104,0.041860399409999055
0.24517998952768652,-0.2770423517250027
-0.21511189270872683,-0.2770423517250027
-0.08365947443137661,-0.2770423517250027
-0.11255983225367498,-0.2770423517250027
0.14640292363626362,0.10310245079527625
0.10772371736844358,-0.2770423517250027
0.3361255914660763,0.10310245079527625
-0.1522323847283982,0.15303942051929295
-0.21511189270872683,-0.2770423517250027
0.27750272062234627,-0.2770423517250027
-0.03643658323580509,-0.2770423517250027
0.4697157461488967,-0.2770423517250027
0.021250456316004626,0.4648956904636586
-0.1754393402340036,-0.2770423517250027
-0.21511189270872683,-0.2770423517250027
-0.21511189270872683,0.38991016659678795
-0.020779966451047977,0.8284658693993294
0.021250456316004626,2.8234957806297203
0.09085638198258139,-0.2770423517250027
-0.21511189270872683,-0.2770423517250027
-0.010208043503036977,0.039247769008147956
0.3963900645264104,0.10310245079527625
0.11649404683398878,-0.2770423517250027
0.23418991205239567,-0.2770423517250027
-0.06878205302792458,-0.2770423517250027
-0.12287353563095205,-0.2770423517250027
-0.1357667877592804,-0.2770423517250027
-0.03170023678952709,-0.2770423517250027
-0.21511189270872683,-0.2770423517250027
-0.1754393402340036,1.2157014342298897
0.0004115149221691233,0.43661971088785007
-0.12287353563095205,-0.2770423517250027
-0.1754393402340036,-0.2770423517250027
0.402243883526859,0.4693295412524436
0.4077829726854167,0.3511040389525136
-0.1754393402340036,0.35371666935436463
0.11168936089260545,1.9424680793617979
-0.21511189270872683,-0.2770423517250027
0.10609423622898917,-0.2770423517250027
0.008578882646398151,0.15303942051929295
-0.1754393402340036,0.15303942051929295
-0.21511189270872683,-0.2770423517250027
-0.21511189270872683,-0.2770423517250027
0.20408844278877697,0.4470654830255971
-0.21511189270872683,-0.2770423517250027
0.04195429589045375,0.7529098316210007
0.2144391536189067,-0.2770423517250027
-0.21511189270872683,-0.2770423517250027
-0.1754393402340036,-0.2770423517250027
0.23318276624493933,-0.2770423517250027
0.359449951141354,0.43661971088785007
-0.01272776485365948,-0.2770423517250027
0.4540020134601385,0.9156940701958244
0.12908964215176502,0.4693295412524436
-0.21511189270872683,0.4693295412524436
-0.1754393402340036,-0.2770423517250027
-0.0549071922951325,0.4648956904636586
0.19615273745235376,-0.2770423517250027
-0.21511189270872683,1.3498670897563367
0.16189240324786394,1.6337899835974623
-0.21511189270872683,1.8137506249446638
0.2769141417833542,-0.2770423517250027
-0.1754393402340036,-0.2770423517250027
-0.1754393402340036,-0.2770423517250027
0.2876771715027913,0.15303942051929295
0.16266158574219128,0.034813918219362916
0.03733116478264225,0.39838409715503376
-0.06580586057744044,-0.2770423517250027
-0.045001022982744124,0.47853370084594876
0.2652731811763512,-0.2770423517250027
-0.1754393402340036,0.7785288996753127
-0.1754393402340036,1.328779395598436
0.06615880468649857,0.09838889832566983
0.4689510762975478,-0.0401716056475077
-0.049320952514333695,-0.2770423517250027
-0.07977265334213493,-0.2770423517250027
-0.1754393402340036,-0.2770423517250027
0.2415625463208197,-0.2770423517250027
0.007251445974306824,0.15303942051929295
0.07119160209707806,0.034813918219362916
0.04195429589045375,-0.2770423517250027
-0.21511189270872683,0.43661971088785007
-0.07893359002727732,-0.2770423517250027
0.1163445932614324,-0.2770423517250027
-0.08955314845248344,-0.2770423517250027
0.12421487448753953,0.15303942051929295
0.3620140285429228,0.7633556037587478
-0.21511189270872683,1.1140062743949226
0.0004115149221691233,-0.2770423517250027
-0.21511189270872683,-0.2770423517250027
-0.08499447317359136,0.041860399409999055
0.16603402031908396,0.10310245079527625
0.1173100452908564,-0.2770423517250027
0.4879913720460734,0.7361944005956732
-0.12287353563095205,0.41495872073964185
0.17209488468104903,-0.2770423517250027
-0.1754393402340036,-0.0401716056475077
0.5972372055535803,0.3511040389525136
-0.1754393402340036,-0.2770423517250027
0.0999850796169527,-0.2770423517250027
-0.1754393402340036,0.039247769008147956
0.16497176806191305,1.273060345502532
0.14555008044051165,-0.2770423517250027
-0.042035328600308446,0.454108887829086
0.24267133299524388,-0.2770423517250027
-0.21511189270872683,-0.2770423517250027
0.0687492034221851,2.192748742466238
0.5063527937818487,0.217238141751591
0.0890564662229349,0.10310245079527625
-0.07893359002727732,0.6085513527210651
-0.21511189270872683,-0.2770423517250027
-0.1357667877592804,0.15303942051929295
-0.1754393402340036,0.7762633168756173
0.1202302737482225,0.4172916494606715
0.2897836200355587,-0.2770423517250027
0.10369316647830255,-0.2770423517250027
-0.21511189270872683,-0.2770423517250027
-0.12287353563095205,-0.2770423517250027
0.9094201952358212,-0.2770423517250027
0.00712234101336165,0.034813918219362916
0.11971297580639102,-0.2770423517250027
-0.21511189270872683,-0.2770423517250027
-0.21511189270872683,-0.2770423517250027
0.14973685814744442,0.10310245079527625
-0.21511189270872683,-0.2770423517250027
0.37011089349632864,-0.2770423517250027
-0.0023627761255851994,0.5879747850300087
-0.21511189270872683,0.7797170264053811
0.06661734009578692,-0.2770423517250027
-0.21511189270872683,0.47853370084594876
-0.21511189270872683,0.039247769008147956
0.3980555057657529,-0.2770423517250027
-0.043428504165497914,-0.2770423517250027
0.4683734825369955,0.15303942051929295
-0.09457974476985573,-0.2770423517250027
-0.1522323847283982,-0.2770423517250027
-0.04712183645851461,2.6649800080984365
0.12487103744778127,-0.2770423517250027
0.046916436378906655,0.10310245079527625
0.012074079995848233,-0.0401716056475077
0.19688905971462398,0.5950212662206447
-0.08320098315622884,-0.2770423517250027
-0.21511189270872683,-0.2770423517250027
-0.1522323847283982,-0.2770423517250027
-0.1522323847283982,-0.2770423517250027
-0.11369715931079567,-0.2770423517250027
-0.08365947443137661,-0.2770423517250027
-0.1522323847283982,0.19669914042998726
-0.21511189270872683,-0.2770423517250027
0.5536290705575692,1.1330546341412795
0.9977647959586257,0.034813918219362916
-0.07893359002727732,-0.0401716056475077
0.11971297580639102,1.1283410816716732
-0.1522323847283982,0.3511040389525136
-0.12287353563095205,0.43661971088785007
0.2177593266593635,-0.2770423517250027
0.18848445059703872,0.034813918219362916
0.09888052363150078,-0.2770423517250027
-0.1754393402340036,-0.2770423517250027
0.7202638468912181,0.15303942051929295
0.1557081080335642,-0.2770423517250027
0.2504491566918065,0.039247769008147956
0.3529235894228912,-0.2770423517250027
-0.020779966451047977,0.034813918219362916
-0.21511189270872683,-0.2770423517250027
0.23853917543204375,-0.2770423517250027
-0.1754393402340036,-0.2770423517250027
0.05611476887031428,-0.2770423517250027
0.5731532895102078,0.041860399409999055
0.3082792309266061,-0.2770423517250027
0.30254174629560066,-0.2770423517250027
-0.21511189270872683,0.041860399409999055
-0.1754393402340036,1.8471028171073494
0.48443295885094506,-0.2770423517250027
0.25485821230125927,-0.2770423517250027
0.10409994202322247,-0.2770423517250027
-0.21511189270872683,1.415810104968629
-0.1357667877592804,0.10310245079527625
0.1738021745616443,0.7002976517497255
-0.026133308102717214,-0.2770423517250027
-0.05999402765062343,-0.2770423517250027
0.15487981867903486,0.034813918219362916
0.6085124684222165,-0.2770423517250027
0.1726063354950092,0.32547290511368887
0.4850350278074668,-0.2770423517250027
-0.05081765133046704,-0.2770423517250027
-0.21511189270872683,0.35371666935436463
-0.1754393402340036,0.41495872073964185
0.14365666390714146,-0.2770423517250027
0.09011117043033771,0.10310245079527625
-0.014700790777649261,0.039247769008147956
0.4585321843686947,1.3278267478586727
-0.045001022982744124,1.4109836318413533
0.3161159834114546,-0.2770423517250027
0.011861584945447704,0.4652772962782811
-0.21511189270872683,-0.2770423517250027
0.3643401954000903,0.3399731968727712
-0.21511189270872683,-0.2770423517250027
0.7181378834242179,-0.2770423517250027
-0.21511189270872683,0.039247769008147956
-0.21511189270872683,-0.2770423517250027
-0.06580586057744044,1.0378667190811255
-0.1754393402340036,0.2716846642968579
-0.1754393402340036,-0.0401716056475077
0.007243883904183407,-0.2770423517250027
0.40421468662085613,-0.2770423517250027
0.013304767050497457,-0.2770423517250027
0.10772371736844358,-0.2770423517250027
0.7447130793007652,0.41939257152842685
-0.1754393402340036,-0.2770423517250027
0.0639282422309372,-0.2770423517250027
0.05399884592539402,0.5905874154318597
-0.21511189270872683,-0.2770423517250027
-0.09457974476985573,-0.2770423517250027
-0.0023627761255851994,0.3511040389525136
0.06120512182555337,-0.2770423517250027
0.1637166937498263,0.7172868482900355
0.19813911009567545,-0.2770423517250027
-0.21511189270872683,-0.2770423517250027
-0.21511189270872683,0.39838409715503376
0.007251445974306824,0.5831211927635885
-0.03643658323580509,0.09838889832566983
-0.1754393402340036,0.217238141751591
0.6171054138325335,0.039247769008147956
0.03917841846575236,-0.2770423517250027
0.3292175848677802,1.476487302830005
-0.1754393402340036,0.278731145487494
-0.0004941340089708645,-0.2770423517250027
0.23015343147012982,-0.2770423517250027
0.4244548766524847,0.4719421716542947
-0.21511189270872683,-0.2770423517250027
-0.1754393402340036,-0.2770423517250027
0.07012339188451201,0.43661971088785007
-0.21511189270872683,-0.2770423517250027
0.17067526487550352,0.43661971088785007
-0.08365947443137661,0.15303942051929295
0.2521679547544012,0.41939257152842685
-0.21511189270872683,-0.2770423517250027
-0.016893145361806285,-0.0401716056475077
-0.21511189270872683,0.4648956904636586
1.370531011786045,0.4648956904636586
0.5631402012971864,0.10310245079527625
0.07721237315614675,-0.2770423517250027
0.1573645284535717,-0.2770423517250027
0.26330713664579514,0.09838889832566983
0.3678091945917613,0.034813918219362916
0.17066137439315626,0.8180196754114055
-0.1754393402340036,0.4648956904636586
0.33041811579036906,0.41495872073964185
-0.21511189270872683,1.616105747989078
-0.1754393402340036,-0.2770423517250027
-0.21511189270872683,-0.2770423517250027
-0.09457974476985573,-0.2770423517250027
-0.1754393402340036,-0.2770423517250027
0.13360207482714273,-0.2770423517250027
0.2500017289646375,-0.2770423517250027
-0.043428504165497914,0.041860399409999055
0.081271110386317,1.678603719790846
-0.040491724607203274,1.5354212839337715
0.06726074706912355,0.22426562898560826
0.2615782615394305,-0.2770423517250027
0.06971449660840402,-0.2770423517250027
-0.21511189270872683,-0.2770423517250027
0.03687267350749448,-0.2770423517250027
0.11054003843901887,0.9471111131768944
0.338661899974859,-0.2770423517250027
0.06312885652457335,0.4693295412524436
-0.21511189270872683,-0.2770423517250027
-0.21511189270872683,-0.2770423517250027
-0.08499447317359136,-0.2770423517250027
-0.020925212089874873,0.034813918219362916
0.1977246133379496,1.0153996457528076
0.30548945087789847,2.273250116237553
-0.11369715931079567,0.10310245079527625
0.26063845495378174,-0.2770423517250027
-0.21511189270872683,-0.2770423517250027
-0.1754393402340036,-0.2770423517250027
-0.04407322436272654,-0.2770423517250027
0.15025870189495233,-0.2770423517250027
0.20984521823208757,-0.2770423517250027
-0.1754393402340036,-0.2770423517250027
0.15437310929134945,-0.2770423517250027
0.17287312402465788,0.8375053682608945
0.1473962698431668,-0.2770423517250027
-0.1522323847283982,1.0153996457528076
0.07474109292577633,0.22426562898560826
-0.21511189270872683,0.27611851508564295
-0.1754393402340036,-0.2770423517250027
-0.12299507852177384,0.034813918219362916
0.8353414406077582,0.039247769008147956
0.22959760991471703,0.034813918219362916
0.09368083629933031,-0.2770423517250027
0.03290781336470885,-0.2770423517250027
0.04511652061926016,-0.2770423517250027
-0.21511189270872683,-0.2770423517250027
-0.009214150994811,-0.2770423517250027
0.1940456617660727,-0.2770423517250027
-0.21511189270872683,0.034813918219362916
0.02694478762106371,-0.2770423517250027
-0.04712183645851461,0.27611851508564295
-0.1522323847283982,-0.2770423517250027
0.2449141541094146,-0.2770423517250027
-0.21511189270872683,-0.2770423517250027
-0.21511189270872683,-0.2770423517250027
0.019451003814830708,0.034813918219362916
-0.07893359002727732,-0.2770423517250027
-0.21511189270872683,-0.2770423517250027
-0.21511189270872683,-0.2770423517250027
-0.1754393402340036,-0.2770423517250027
-0.09457974476985573,0.034813918219362916
-0.21511189270872683,1.3775744912358125
0.05699984012903117,-0.0401716056475077
-0.12287353563095205,-0.2770423517250027
-0.21511189270872683,-0.0401716056475077
-0.21511189270872683,-0.2770423517250027
0.32931417510899696,-0.2770423517250027
0.02694478762106371,-0.2770423517250027
0.011861584945447704,0.38991016659678795
0.5221399526898772,0.42200520193027785
-0.21511189270872683,-0.2770423517250027
0.017878484997584494,0.217238141751591
-0.1522323847283982,0.034813918219362916
-0.1754393402340036,-0.2770423517250027
-0.1754393402340036,1.7097336469384818
0.2737155904289502,-0.2770423517250027
-0.21511189270872683,-0.2770423517250027
0.5845191652688801,-0.2770423517250027
-0.03643658323580509,-0.2770423517250027
-0.12299507852177384,0.217238141751591
-0.1522323847283982,0.034813918219362916
-0.21511189270872683,-0.2770423517250027
0.06408464370630987,-0.2770423517250027
-0.1357667877592804,0.43661971088785007
-0.21511189270872683,0.7948238215790995
0.14696464443920534,-0.2770423517250027
0.12612394776932928,0.43661971088785007
-0.004400671888003314,-0.2770423517250027
0.20388087715310999,0.039247769008147956
-0.21511189270872683,-0.2770423517250027
-0.020925212089874873,0.041860399409999055
-0.12287353563095205,-0.2770423517250027
-0.009214150994811,0.217238141751591
0.03906827903816913,0.9089595125354143
0.04195429589045375,0.15303942051929295
-0.1522323847283982,0.034813918219362916
-0.21511189270872683,-0.2770423517250027
-0.07402460683607244,-0.2770423517250027
0.006834988628075403,-0.2770423517250027
0.4970331150015591,0.039247769008147956
0.2185493586897141,0.15303942051929295
0.274339235956992,0.278731145487494
-0.020925212089874873,0.041860399409999055
-0.054373343252372495,0.034813918219362916
-0.04010010086741168,-0.2770423517250027
0.013539244372005991,-0.2770423517250027
-0.21511189270872683,-0.2770423517250027
0.5288385956174626,-0.2770423517250027
0.6371772802799109,1.1703753764368334
0.047660530458690224,-0.2770423517250027
-0.1522323847283982,1.460484164650863
-0.08499447317359136,0.8318920122981396
-0.21511189270872683,-0.2770423517250027
-0.08955314845248344,1.3305531941908428
-0.21511189270872683,-0.2770423517250027
-0.21511189270872683,-0.2770423517250027
0.48146512652859863,-0.2770423517250027
0.21225498257417078,-0.2770423517250027
0.04511652061926016,-0.2770423517250027
0.4579363444790184,-0.2770423517250027
0.4515584484347162,0.034813918219362916
-0.1522323847283982,-0.2770423517250027
-0.0801642770819265,-0.2770423517250027
-0.08955314845248344,0.690979633906581
-0.21511189270872683,-0.2770423517250027
0.19199053856559786,-0.2770423517250027
0.6761363802799097,0.27611851508564295
0.5158554573618905,1.2699094165243556
-0.0266736404721548,-0.0401716056475077
-0.005902545047595962,2.564684342723196
-0.0053284705080209015,-0.2770423517250027
0.06360511843355457,-0.2770423517250027
0.22194367128190767,-0.2770423517250027
0.1593775612560765,0.35815052014314974
-0.045321920698868104,0.7811858111968092
0.29331025020265844,0.9136730650050205
-0.1754393402340036,1.0277156688667912
-0.21511189270872683,0.8741999211355495
-0.21511189270872683,0.3466701881637285
-0.12299507852177384,-0.2770423517250027
0.048165132715048235,1.745356630269447
0.21780817635285382,-0.2770423517250027
-0.016054082046948685,-0.2770423517250027
-0.21511189270872683,0.039247769008147956
-0.21511189270872683,-0.2770423517250027
-0.21511189270872683,0.39838409715503376
-0.21511189270872683,-0.2770423517250027
0.26639086867448586,2.022377606781483
-0.016054082046948685,0.43661971088785007
0.04039816292794917,0.27295448844926334
0.14055530315068446,-0.0401716056475077
-0.07893359002727732,1.3279456350020584
0.5115813599023713,0.48324725331555524
0.5623335964616056,-0.0401716056475077
0.10059556126545106,-0.2770423517250027
-0.21511189270872683,0.15303942051929295
-0.1754393402340036,-0.2770423517250027
-0.02910950055320134,0.034813918219362916
0.3365767808232958,2.179818315395429
-0.08499447317359136,0.041860399409999055
-0.21511189270872683,0.034813918219362916
-0.1522323847283982,0.3511040389525136
0.6396700601981614,1.1649107345664609
0.024255689756214,0.034813918219362916
-0.09457974476985573,0.034813918219362916
0.280858430521246,-0.2770423517250027
-0.045321920698868104,0.10310245079527625
-0.009648400039610474,0.041860399409999055
0.30112701401745795,0.15303942051929295
0.91812576893167,-0.2770423517250027
-0.07977265334213493,0.278731145487494
0.4681914706588259,-0.0401716056475077
-0.21511189270872683,-0.2770423517250027
-0.21511189270872683,-0.2770423517250027
-0.006038047631997344,-0.2770423517250027
0.36946617095722395,0.4693295412524436
0.23289381468577675,-0.2770423517250027
-0.21511189270872683,0.7908449227892963
-0.21511189270872683,0.39838409715503376
-0.21511189270872683,-0.2770423517250027
-0.1522323847283982,0.09838889832566983
0.013539244372005991,-0.2770423517250027
-0.0801642770819265,-0.2770423517250027
0.04511652061926016,0.034813918219362916
-0.009648400039610474,-0.2770423517250027
-0.05999402765062343,0.536121898929974
-0.0435284306815056,0.40462112952590285
-0.03063517855317729,-0.2770423517250027
-0.21511189270872683,-0.2770423517250027
0.16189240324786394,-0.2770423517250027
-0.21511189270872683,0.6373291750580545
0.10415900849609246,-0.2770423517250027
-0.000427548392688476,-0.2770423517250027
0.8442079486004652,-0.2770423517250027
0.05640564933931458,-0.2770423517250027
-0.21511189270872683,0.673490456965345
-0.21511189270872683,-0.2770423517250027
-0.0029263525971118197,-0.2770423517250027
0.138553076106224,0.5331842230395719
-0.21511189270872683,-0.2770423517250027
-0.21511189270872683,-0.2770423517250027
0.8803697924820394,0.7730116389640878
-0.040491724607203274,0.673490456965345
-0.21511189270872683,0.22426562898560826
0.17073517641633745,0.041860399409999055
0.13141677554352713,0.32547290511368887
-0.21511189270872683,0.22426562898560826
-0.21511189270872683,-0.2770423517250027
0.5265361995813348,0.15303942051929295
0.03733116478264225,1.5278574624997798
-0.11255983225367498,-0.0401716056475077
-0.03926103755255408,-0.0401716056475077
0.12788995538280049,0.034813918219362916
-0.01272776485365948,-0.2770423517250027
1.0817220481712575,-0.2770423517250027
0.3975767030029467,-0.2770423517250027
0.3267467763795644,-0.2770423517250027
-0.21511189270872683,-0.2770423517250027
0.1346020851101952,0.039247769008147956
-0.08499447317359136,-0.2770423517250027
1.2390842543707834,0.770054969117067
0.21819308472767857,0.15303942051929295
-0.1754393402340036,-0.2770423517250027
-0.1522323847283982,-0.2770423517250027
0.330574272359835,0.8667014831321457
0.1679840868787778,-0.2770423517250027
-0.21511189270872683,-0.2770423517250027
0.3046587197452808,-0.2770423517250027
-0.11369715931079567,-0.2770423517250027
0.008578882646398151,-0.2770423517250027
-0.04010010086741168,-0.2770423517250027
-0.21511189270872683,-0.2770423517250027
1.3710306383892514,-0.2770423517250027
0.13933843155647319,-0.2770423517250027
0.2650893865502504,1.053635259485624
0.6510216233930796,0.32547290511368887
-0.21511189270872683,-0.2770423517250027
0.10693329954384677,0.39838409715503376
0.350445086821013,-0.2770423517250027
-0.12287353563095205,-0.2770423517250027
-0.12287353563095205,-0.2770423517250027
0.3728679900391428,0.8524120196631245
0.19648158280747136,0.43661971088785007
0.1665726744586312,0.42200520193027785
0.007243883904183407,-0.2770423517250027
-0.1754393402340036,0.041860399409999055
0.6974514944221505,0.15303942051929295
-0.0029263525971118197,1.8281952648017117
-0.1522323847283982,-0.2770423517250027
0.10397839913240069,-0.0401716056475077
0.44010971215102324,0.4648956904636586
-0.05081765133046704,0.034813918219362916
0.18592675544722853,-0.2770423517250027
-0.21511189270872683,-0.2770423517250027
0.3370925415722693,-0.2770423517250027
-0.003755951690774689,-0.2770423517250027
-0.09457974476985573,-0.2770423517250027
0.01318322415967567,0.43661971088785007
-0.006038047631997344,-0.2770423517250027
-0.21511189270872683,0.22426562898560826
-0.21511189270872683,-0.2770423517250027
0.1413763273188913,0.4648956904636586
-0.21511189270872683,0.15303942051929295
-0.21511189270872683,-0.2770423517250027
0.16875703594611702,0.034813918219362916
0.4658806557412456,0.10310245079527625
-0.21511189270872683,-0.2770423517250027
-0.21511189270872683,-0.2770423517250027
-0.21511189270872683,-0.2770423517250027
-0.020925212089874873,-0.2770423517250027
-0.21511189270872683,-0.2770423517250027
-0.21511189270872683,-0.2770423517250027
-0.006764739110014356,-0.2770423517250027
0.08782577916828568,0.9839826027717377
0.43061747648999804,0.09838889832566983
0.03363450484272588,-0.2770423517250027
-0.1754393402340036,-0.2770423517250027
-0.08365947443137661,-0.2770423517250027
-0.21511189270872683,0.5284706705699656
0.023456304049850153,-0.2770423517250027
0.808620242599824,-0.2770423517250027
0.34128620255768316,-0.2770423517250027
-0.21511189270872683,-0.2770423517250027
0.5976186203042756,-0.0401716056475077
0.07700371725736545,0.7338614718746436
-0.21511189270872683,-0.2770423517250027
-0.1754393402340036,-0.2770423517250027
-0.005649368224144911,0.10310245079527625
0.34005749250192696,-0.0401716056475077
0.17855310817173403,0.034813918219362916
-0.06580586057744044,-0.2770423517250027
-0.21511189270872683,0.217238141751591
-0.1522323847283982,0.39838409715503376
-0.21511189270872683,-0.2770423517250027
0.18529238181980082,0.7102403670993994
0.23460739634599917,-0.2770423517250027
0.16248925629096203,-0.2770423517250027
-0.1754393402340036,-0.2770423517250027
-0.12287353563095205,1.0072697546397316
0.33168237525772265,0.3399731968727712
-0.024072958094241335,1.3966670492331876
0.053465085281103754,0.4573605657406155
0.6800382448183903,0.034813918219362916
0.05937940479762269,0.10310245079527625
0.13413757167865253,0.034813918219362916
-0.12287353563095205,0.041860399409999055
0.1743685971685202,-0.2770423517250027
-0.0004941340089708645,-0.2770423517250027
-0.1754393402340036,0.09838889832566983
-0.1522323847283982,0.22426562898560826
-0.1754393402340036,0.278731145487494
0.06253486266502421,0.039247769008147956
0.2826758658252631,-0.2770423517250027
-0.08320098315622884,0.4611363750631032
-0.21511189270872683,-0.2770423517250027
-0.21511189270872683,0.041860399409999055
-0.21511189270872683,-0.2770423517250027
0.22240728306688062,0.5402628201451518
0.10772371736844358,0.039247769008147956
-0.21511189270872683,-0.2770423517250027
-0.12287353563095205,0.5405557497187589
-0.1754393402340036,-0.2770423517250027
0.14336571895302577,-0.2770423517250027
0.12086821979169755,-0.2770423517250027
0.24787374719289695,-0.2770423517250027
-0.1754393402340036,-0.2770423517250027
0.04195429589045375,-0.2770423517250027
0.16976089814618095,-0.2770423517250027
0.12567042315414512,-0.2770423517250027
0.10881430752408305,-0.2770423517250027
0.27352282634953734,0.7164773994702686
0.31896710152172664,2.070013687345058
0.3805001698542811,-0.2770423517250027
-0.21511189270872683,0.43661971088785007
-0.11369715931079567,-0.2770423517250027
0.21815445955020915,0.041860399409999055
0.43640466339323575,-0.2770423517250027
-0.11255983225367498,0.22426562898560826
-0.07977265334213493,-0.0401716056475077
-0.1754393402340036,-0.2770423517250027
0.07065801195393208,0.034813918219362916
0.1779599593801488,-0.2770423517250027
0.17861167309483086,-0.2770423517250027
-0.05999402765062343,-0.2770423517250027
0.012465703735639858,0.10310245079527625
0.06267036524942558,0.039247769008147956
0.29670230197445324,0.39838409715503376
0.01874734038484833,1.0647661015653664
0.6528865087722256,2.3879807895459177
-0.004314369481930167,-0.2770423517250027
-0.21511189270872683,0.039247769008147956
0.25292613793093566,0.034813918219362916
-0.1754393402340036,0.034813918219362916
-0.07893359002727732,-0.2770423517250027
0.2063016945659615,0.6518294668171368
0.9317148654853368,0.217238141751591
-0.015234639820409275,-0.2770423517250027
0.4166494092953138,-0.2770423517250027
0.5103176875709808,0.039247769008147956
0.06119986392280948,0.7738153472057063
-0.1357667877592804,0.39838409715503376
0.1684015711723813,-0.2770423517250027
0.1805166905098626,0.15303942051929295
-0.007449283983791397,-0.2770423517250027
0.18663719691392858,0.278731145487494
0.008506164727956133,-0.2770423517250027
-0.21511189270872683,0.034813918219362916
-0.03170023678952709,-0.2770423517250027
0.15656034427965895,-0.0401716056475077
0.3413028269038454,0.039247769008147956
0.06285395665166067,1.2468462856524245
0.07037244210400906,-0.2770423517250027
-0.1522323847283982,0.721576598347975
1.011867868344129,-0.2770423517250027
0.8848816442124378,0.15303942051929295
0.12236243602889524,-0.2770423517250027
0.19435946981144908,-0.2770423517250027
-0.21511189270872683,-0.2770423517250027
-0.21511189270872683,-0.2770423517250027
-0.21511189270872683,-0.0401716056475077
-0.1522323847283982,-0.2770423517250027
-0.1754393402340036,1.583238213728662
0.2762640314048576,0.3399731968727712
-0.1357667877592804,-0.2770423517250027
-0.1754393402340036,-0.0401716056475077
-0.21511189270872683,-0.2770423517250027
0.28622872721726716,-0.2770423517250027
-0.12287353563095205,1.8842992370620752
0.1737238769712916,-0.2770423517250027
-0.21511189270872683,0.7555546773579845
-0.01728476910159789,0.039247769008147956
0.21537966269825967,-0.2770423517250027
-0.1522323847283982,0.35371666935436463
-0.21511189270872683,0.22840655020078615
-0.07977265334213493,-0.2770423517250027
-0.1754393402340036,-0.2770423517250027
-0.21511189270872683,-0.0401716056475077
0.7765324189391191,-0.2770423517250027
0.7942857818341782,0.15303942051929295
-0.21511189270872683,0.039247769008147956
-0.03926103755255408,0.034813918219362916
-0.21511189270872683,-0.2770423517250027
-0.07402460683607244,-0.2770423517250027
-0.21511189270872683,0.10310245079527625
0.09414297408114106,-0.2770423517250027
0.1708642164107488,0.7102403670993994
-0.11255983225367498,-0.2770423517250027
-0.21511189270872683,0.43661971088785007
-0.21511189270872683,-0.2770423517250027
0.1163445932614324,-0.2770423517250027
0.3830690993531995,-0.2770423517250027
-0.06891755561232596,-0.2770423517250027
0.09687338458206717,-0.2770423517250027
0.9034079659520992,0.15303942051929295
-0.1754393402340036,0.32547290511368887
-0.21511189270872683,0.039247769008147956
-0.1754393402340036,1.350209693228905
-0.21511189270872683,-0.2770423517250027
-0.1754393402340036,-0.2770423517250027
-0.21511189270872683,-0.2770423517250027
0.24758361676668839,0.15303942051929295
-0.12287353563095205,0.039247769008147956
-0.21511189270872683,0.27611851508564295
0.3963155743583997,0.034813918219362916
0.060516731854743405,0.217238141751591
0.008506164727956133,1.6643118304682574
0.3083430481160826,0.039247769008147956
-0.08955314845248344,-0.2770423517250027
1.2427678817584968,0.10310245079527625
-0.1522323847283982,-0.2770423517250027
0.06285395665166067,0.041860399409999055
-0.005649368224144911,-0.2770423517250027
-0.21511189270872683,-0.2770423517250027
0.5256799110084701,0.10310245079527625
-0.05081765133046704,-0.2770423517250027
0.4422555970148193,-0.2770423517250027
0.2199465206131318,-0.2770423517250027
-0.08320098315622884,0.43661971088785007
-0.08320098315622884,1.382567636415267
0.08157182229959002,-0.2770423517250027
-0.1754393402340036,-0.2770423517250027
0.439118320800762,-0.0401716056475077
0.49556316055572075,0.816764513408129
0.5145104677799224,0.034813918219362916
0.024255689756214,-0.2770423517250027
-0.1754393402340036,0.041860399409999055
-0.12299507852177384,-0.2770423517250027
-0.21511189270872683,0.039247769008147956
-0.07402460683607244,-0.2770423517250027
-0.12287353563095205,0.041860399409999055
0.7870226513344526,0.8565529408783025
-0.21511189270872683,-0.2770423517250027
0.13736886550944227,0.5331842230395719
0.6395331524327662,0.38991016659678795
0.6009264162377456,-0.2770423517250027
-0.1754393402340036,-0.2770423517250027
0.025952403169015363,0.278731145487494
0.48629144904678334,-0.2770423517250027
-0.1522323847283982,1.30871554416863
0.019451003814830708,-0.2770423517250027
0.057986229232433226,-0.2770423517250027
0.35660525375301183,-0.2770423517250027
-0.21511189270872683,-0.2770423517250027
-0.020925212089874873,-0.0401716056475077
-0.0266736404721548,1.0647661015653664
0.03045840147991222,0.4719421716542947
-0.0053284705080209015,1.4019617378832225
-0.020779966451047977,-0.2770423517250027
-0.21511189270872683,-0.2770423517250027
-0.1754393402340036,-0.2770423517250027
-0.03926103755255408,0.10310245079527625
0.1257167476471322,0.6726194204893663
0.10380500175615712,0.39838409715503376
-0.004400671888003314,-0.2770423517250027
-0.21511189270872683,-0.2770423517250027
-0.21511189270872683,0.22426562898560826
-0.21511189270872683,-0.2770423517250027
-0.21511189270872683,-0.2770423517250027
-0.1754393402340036,-0.2770423517250027
0.20302938823740202,-0.2770423517250027
-0.21511189270872683,-0.2770423517250027
-0.21511189270872683,0.034813918219362916
-0.21511189270872683,-0.2770423517250027
0.20712113679250105,-0.2770423517250027
0.5895775474500141,4.397872598967909
0.06497815016212603,-0.2770423517250027
0.06238537397135772,-0.2770423517250027
0.07230523284472978,0.15303942051929295
0.05161459232654515,0.10310245079527625
-0.0004941340089708645,0.10310245079527625
-0.21511189270872683,-0.2770423517250027
0.20002022349060242,0.09838889832566983
-0.1522323847283982,0.43661971088785007
-0.1522323847283982,-0.0401716056475077
0.011952537105026476,0.10310245079527625
-0.045001022982744124,-0.2770423517250027
-0.1754393402340036,1.5056752517620315
-0.04398692195665337,-0.2770423517250027
-0.08499447317359136,-0.2770423517250027
-0.1754393402340036,-0.2770423517250027
-0.1754393402340036,-0.2770423517250027
1.0142579050912224,-0.2770423517250027
0.03180578419732833,0.515601891564989
-0.12287353563095205,0.041860399409999055
0.25132011956996725,0.19669914042998726
0.16507718006565053,-0.0401716056475077
-0.07209365897513963,-0.2770423517250027
-0.21511189270872683,-0.2770423517250027
-0.21511189270872683,0.4611363750631032
0.21154552263812987,0.39838409715503376
0.021821787008019393,0.10310245079527625
-0.016054082046948685,-0.2770423517250027
-0.1522323847283982,-0.2770423517250027
-0.21511189270872683,-0.0401716056475077
0.21343182221218965,-0.2770423517250027
0.14326798449928901,0.10310245079527625
-0.0549071922951325,0.9456836638092848
-0.21511189270872683,-0.2770423517250027
0.2898261986196965,0.10310245079527625
0.2650544931044931,0.4648956904636586
0.03180578419732833,-0.2770423517250027
-0.21511189270872683,-0.2770423517250027
-0.1522323847283982,0.35815052014314974
0.06312885652457335,1.3939725713422382
0.29604738673425773,0.039247769008147956
0.4489762296593315,-0.2770423517250027
0.19869846468473507,0.10310245079527625
-0.07893359002727732,-0.2770423517250027
0.1300385516437573,1.5688132539729351
0.3495969496068179,-0.2770423517250027
-0.020779966451047977,0.034813918219362916
0.28500540788564444,-0.2770423517250027
-0.21511189270872683,-0.2770423517250027
-0.01728476910159789,0.6414918756033979
-0.07893359002727732,0.9725534383390727
0.07118540100387087,-0.2770423517250027
-0.21511189270872683,-0.2770423517250027
-0.21511189270872683,-0.2770423517250027
-0.08955314845248344,-0.2770423517250027
0.2773186615992353,-0.2770423517250027
0.36669060674928994,-0.2770423517250027
-0.032421106500416394,-0.2770423517250027
0.3083612093624556,0.962444355773714
0.5482511390890934,0.19669914042998726
-0.21511189270872683,-0.2770423517250027
0.29977562275150993,-0.2770423517250027
-0.1522323847283982,-0.2770423517250027
-0.02910950055320134,-0.2770423517250027
-0.21511189270872683,-0.2770423517250027
-0.0549071922951325,0.039247769008147956
-0.21511189270872683,2.4905120500293316
0.02002315521181337,-0.2770423517250027
0.3628181202927309,0.9094901665668612
-0.21511189270872683,0.4611363750631032
-0.0801642770819265,-0.2770423517250027
0.029076650947461872,-0.2770423517250027
0.13460524135363708,-0.2770423517250027
0.13432254676263997,1.8948765290773864
-0.21511189270872683,-0.2770423517250027
0.06739624965352493,-0.2770423517250027
0.14086586658837993,3.034769011180143
-0.21511189270872683,-0.2770423517250027
-0.1754393402340036,-0.2770423517250027
-0.1754393402340036,0.15303942051929295
0.0025636657344695686,-0.2770423517250027
-0.21511189270872683,-0.2770423517250027
0.02084417938002021,-0.2770423517250027
-0.020925212089874873,-0.2770423517250027
-0.1754393402340036,0.034813918219362916
0.16454358992250445,2.0327207589625895
0.3852860521774689,0.15303942051929295
0.05937940479762269,0.4693295412524436
-0.1357667877592804,-0.2770423517250027
0.14865206749296175,0.4719421716542947
0.16902690943331128,0.7785288996753127
0.012998912002568419,-0.2770423517250027
-0.1754393402340036,-0.2770423517250027
0.024255689756214,-0.2770423517250027
0.04677351655538547,-0.2770423517250027
0.05742781144127776,-0.2770423517250027
0.023566561049780062,0.40462112952590285
0.18225567574549853,0.9483809373292998
0.4208530312655443,0.5085554103743529
-0.1754393402340036,-0.2770423517250027
0.16549937710424098,-0.2770423517250027
0.26933123875418913,-0.2770423517250027
0.29765387803946186,0.039247769008147956
-0.1522323847283982,1.2292961695129745
-0.21511189270872683,0.3399731968727712
-0.0549071922951325,0.895746694085268
1.0431364525329865,0.6056265453722413
-0.21511189270872683,0.6543474012299039
-0.21511189270872683,-0.2770423517250027
0.07521022724000294,0.15303942051929295
-0.12287353563095205,0.034813918219362916
-0.21511189270872683,-0.2770423517250027
0.08931200448066291,-0.2770423517250027
-0.007449283983791397,-0.0401716056475077
0.09284242464017892,0.22840655020078615
-0.1522323847283982,-0.2770423517250027
0.22544882602830718,-0.2770423517250027
0.15877590525540117,-0.2770423517250027
0.2534059741545088,-0.2770423517250027
0.019451003814830708,1.082292844876055
-0.0029263525971118197,-0.2770423517250027
-0.1357667877592804,-0.2770423517250027
0.20759016657584128,-0.2770423517250027
-0.1754393402340036,-0.2770423517250027
-0.21511189270872683,-0.2770423517250027
-0.016054082046948685,-0.2770423517250027
-0.016054082046948685,1.3302944330332922
0.25926183775087325,0.3399731968727712
-0.21511189270872683,0.8345046426999906
-0.043428504165497914,-0.2770423517250027
0.20624978518796708,0.034813918219362916
-0.12287353563095205,0.10310245079527625
-0.21511189270872683,-0.2770423517250027
0.6022444783861368,-0.2770423517250027
-0.21511189270872683,-0.2770423517250027
-0.1522323847283982,0.7529098316210007
-0.04712183645851461,0.039247769008147956
-0.21511189270872683,-0.2770423517250027
-0.007449283983791397,0.35815052014314974
-0.21511189270872683,-0.2770423517250027
-0.1357667877592804,-0.2770423517250027
0.8476695524778087,1.5019265703354305
-0.21511189270872683,0.19669914042998726
0.5615822298809251,-0.2770423517250027
-0.0801642770819265,-0.2770423517250027
-0.1754393402340036,-0.2770423517250027
-0.21511189270872683,-0.2770423517250027
-0.12287353563095205,0.39838409715503376
-0.09457974476985573,-0.2770423517250027
-0.049880595977760206,-0.2770423517250027
0.2356073863661596,-0.2770423517250027
-0.04010010086741168,-0.2770423517250027
-0.045321920698868104,-0.2770423517250027
-0.1754393402340036,-0.2770423517250027
0.0032359692389181257,-0.0401716056475077
0.04290852171364134,-0.2770423517250027
0.035608872820490696,0.034813918219362916
-0.1754393402340036,0.36076315054500063
-0.026133308102717214,-0.2770423517250027
-0.03926103755255408,0.454108887829086
0.010563051921521864,-0.2770423517250027
0.031210658378576298,0.2716846642968579
-0.004314369481930167,0.41024516827003543
-0.21511189270872683,0.09838889832566983
0.0182137502417023,-0.2770423517250027
-0.045001022982744124,-0.2770423517250027
0.3343869673815325,2.1398154191827774
0.13187313487784336,0.5335282624847417
0.3958989953474353,-0.2770423517250027
-0.21511189270872683,-0.2770423517250027
-0.21511189270872683,-0.2770423517250027
0.2823684759512242,-0.2770423517250027
0.018806283617602098,0.4719421716542947
0.5271860058904942,0.673490456965345
-0.1754393402340036,-0.2770423517250027
0.013539244372005991,-0.0401716056475077
0.029321074422791506,-0.2770423517250027
-0.1754393402340036,-0.2770423517250027
-0.032421106500416394,-0.2770423517250027
-0.21511189270872683,-0.2770423517250027
0.04804358982422648,0.41939257152842685
0.1275102376644947,-0.2770423517250027
0.1296480599429205,-0.2770423517250027
0.19548573591504798,2.191626960228572
-0.12287353563095205,-0.2770423517250027
0.5521669257170582,0.10310245079527625
-0.1522323847283982,-0.2770423517250027
-0.21511189270872683,0.9185996301712825
0.0378001945659825,0.039247769008147956
0.11868128182229828,0.034813918219362916
-0.21511189270872683,-0.2770423517250027
0.7457906653540526,0.35371666935436463
0.03733116478264225,-0.2770423517250027
-0.04407322436272654,0.034813918219362916
-0.21511189270872683,0.034813918219362916
0.3160708709671561,0.039247769008147956
-0.020925212089874873,-0.2770423517250027
-0.03926103755255408,-0.2770423517250027
0.010427549337120482,1.2030934112083833
-0.09457974476985573,0.598448882677837
0.4885997066050164,0.8454220987985601
0.3809831319466902,-0.2770423517250027
-0.21511189270872683,-0.2770423517250027
0.0681093139381044,-0.2770423517250027
0.31427780019319934,0.041860399409999055
-0.1754393402340036,-0.2770423517250027
-0.11255983225367498,0.32547290511368887
0.2758228805253094,-0.2770423517250027
0.8101168180838842,0.7815674170114318
-0.21511189270872683,0.041860399409999055
0.18309473906035614,-0.2770423517250027
-0.06878205302792458,0.039247769008147956
0.42388662199302113,0.2716846642968579
-0.1754393402340036,-0.2770423517250027
-0.12287353563095205,-0.2770423517250027
-0.1754393402340036,-0.2770423517250027
-0.21511189270872683,-0.2770423517250027
0.023566561049780062,0.034813918219362916
-0.004400671888003314,-0.2770423517250027
-0.21511189270872683,-0.2770423517250027
0.13406490898419948,0.041860399409999055
-0.08365947443137661,0.15303942051929295
-0.21511189270872683,-0.2770423517250027
-0.049320952514333695,2.622919489636188
0.048165132715048235,-0.2770423517250027
0.056014025599522996,0.034813918219362916
-0.1754393402340036,0.15303942051929295
-0.05081765133046704,-0.2770423517250027
-0.0004941340089708645,0.9777786991427747
0.3199512227424625,-0.2770423517250027
-0.21511189270872683,-0.2770423517250027
0.39812187214529493,-0.2770423517250027
0.2533507076011946,-0.2770423517250027
0.7746927035452414,0.41495872073964185
0.10369316647830255,0.039247769008147956
0.5332637656468805,0.3511040389525136
0.19593152355607735,-0.2770423517250027
-0.1754393402340036,-0.2770423517250027
0.45946051679503136,0.9706375219630546
-0.1754393402340036,-0.2770423517250027
-0.21511189270872683,-0.2770423517250027
0.23970214030335674,-0.2770423517250027
0.2898372158865413,2.585475274622862
-0.08955314845248344,-0.2770423517250027
-0.08499447317359136,-0.2770423517250027
-0.1754393402340036,0.5905874154318597
-0.21511189270872683,-0.2770423517250027
0.2926717510843121,-0.0401716056475077
0.16208751120261622,0.15303942051929295
0.5361505501561622,-0.2770423517250027
0.057986229232433226,-0.2770423517250027
-0.004314369481930167,-0.2770423517250027
-0.1754393402340036,0.10310245079527625
0.21084146761064385,-0.2770423517250027
-0.21511189270872683,-0.2770423517250027
-0.21511189270872683,0.15303942051929295
-0.21511189270872683,-0.2770423517250027
-0.11369715931079567,-0.2770423517250027
0.023199258574627027,0.5976338966224957
0.1743685971685202,0.32547290511368887
0.06285395665166067,1.227518224225246
0.03917841846575236,-0.2770423517250027
0.28218234091497557,-0.2770423517250027
-0.06580586057744044,-0.2770423517250027
0.15771087203227963,0.039247769008147956
0.5274641490281772,0.4470654830255971
0.15011345625612543,-0.2770423517250027
0.010563051921521864,0.5879747850300087
-0.1754393402340036,-0.2770423517250027
-0.21511189270872683,-0.2770423517250027
-0.08955314845248344,-0.2770423517250027
-0.1357667877592804,-0.2770423517250027
-0.21511189270872683,-0.2770423517250027
-0.07893359002727732,-0.2770423517250027
0.24011859764958818,1.0903851696196782
0.44586585757473374,-0.2770423517250027
-0.06878205302792458,-0.2770423517250027
0.3228873470920051,0.217238141751591
-0.21511189270872683,-0.2770423517250027
-0.1522323847283982,0.2716846642968579
-0.007449283983791397,-0.2770423517250027
-0.03063517855317729,-0.2770423517250027
0.39575706071416694,0.15303942051929295
-0.21511189270872683,0.6588759480077729
0.056092812699063035,-0.2770423517250027
0.3977170318860853,0.15303942051929295
0.06610504897505748,1.6352827770421108
-0.21511189270872683,-0.2770423517250027
-0.21511189270872683,-0.0401716056475077
0.26250198795984936,-0.2770423517250027
-0.21511189270872683,-0.2770423517250027
-0.21511189270872683,-0.2770423517250027
0.11928515731964322,-0.0401716056475077
-0.008880662054934624,-0.2770423517250027
-0.1754393402340036,-0.2770423517250027
0.2680306855549771,-0.2770423517250027
0.05015174312666912,-0.2770423517250027
-0.1522323847283982,-0.2770423517250027
-0.08955314845248344,-0.2770423517250027
-0.11255983225367498,0.10310245079527625
-0.08499447317359136,0.39838409715503376
0.469424627787847,-0.2770423517250027
0.3158589379362315,0.7209112502590536
0.4452513644373017,-0.2770423517250027
1.0422382499169205,0.8494743437727226
0.12680775021126584,0.15303942051929295
0.352972414395271,-0.2770423517250027
-0.1754393402340036,-0.2770423517250027
-0.0801642770819265,0.10310245079527625
0.5660940426117698,0.39838409715503376
-0.009648400039610474,-0.2770423517250027
0.10100791898193413,1.1069597932042863
0.32918089279392204,0.7785288996753127
-0.1522323847283982,-0.2770423517250027
-0.1754393402340036,1.018056557274304
-0.1522323847283982,-0.2770423517250027
-0.07893359002727732,-0.2770423517250027
-0.054373343252372495,-0.2770423517250027
-0.12287353563095205,0.39838409715503376
-0.21511189270872683,-0.2770423517250027
0.26657632702931394,-0.2770423517250027
-0.1754393402340036,-0.2770423517250027
-0.1522323847283982,0.9115531489806464
-0.1522323847283982,-0.2770423517250027
-0.21511189270872683,-0.2770423517250027
-0.0549071922951325,-0.2770423517250027
0.21518565982653604,1.1992986079292767
-0.09457974476985573,-0.2770423517250027
-0.11369715931079567,2.0424282048328184
0.44321313317336614,0.039247769008147956
0.27079084983382334,-0.2770423517250027
-0.049880595977760206,0.22426562898560826
-0.1522323847283982,0.217238141751591
-0.21511189270872683,-0.2770423517250027
-0.0004941340089708645,-0.2770423517250027
-0.21511189270872683,-0.2770423517250027
0.1672827166552256,-0.2770423517250027
0.14243838540562612,0.039247769008147956
0.3020556436261225,-0.2770423517250027
-0.21511189270872683,-0.2770423517250027
0.24897491030843028,0.034813918219362916
-0.1357667877592804,-0.2770423517250027
-0.049880595977760206,-0.2770423517250027
0.4372438344036675,0.7730116389640878
-0.06580586057744044,0.4611363750631032
0.050203028477466355,-0.0401716056475077
-0.21511189270872683,0.6373291750580545
0.04195429589045375,-0.2770423517250027
-0.09457974476985573,0.039247769008147956
0.3763786389105288,0.15303942051929295
0.27748890864807235,-0.2770423517250027
-0.07893359002727732,0.039247769008147956
0.3583732848424501,0.041860399409999055
0.8312572046077187,-0.2770423517250027
-0.045321920698868104,0.034813918219362916
1.0366824866431084,0.32547290511368887
0.09001731866772379,-0.0401716056475077
0.4034422236623644,-0.2770423517250027
-0.009214150994811,-0.2770423517250027
-0.1357667877592804,-0.2770423517250027
-0.21511189270872683,0.54316838012061
0.26044854481423635,0.7484759808322157
-0.1357667877592804,1.2325758161400222
-0.1754393402340036,1.5844890439244486
0.21494354051858594,-0.2770423517250027
-0.21511189270872683,-0.2770423517250027
0.13063324614487015,-0.2770423517250027
-0.015234639820409275,0.039247769008147956
-0.01272776485365948,0.42200520193027785
-0.08320098315622884,-0.2770423517250027
-0.21511189270872683,-0.2770423517250027
-0.1357667877592804,-0.2770423517250027
0.11885749077329497,-0.2770423517250027
0.024255689756214,-0.2770423517250027
-0.21511189270872683,-0.2770423517250027
-0.02910950055320134,-0.2770423517250027
0.7529117169853144,0.4648956904636586
-0.1754393402340036,-0.2770423517250027
-0.21511189270872683,-0.2770423517250027
-0.03926103755255408,0.41024516827003543
0.22096737577543285,-0.2770423517250027
-0.1754393402340036,0.43661971088785007
-0.009214150994811,0.034813918219362916
-0.1522323847283982,-0.2770423517250027
-0.11369715931079567,-0.0401716056475077
0.23421976299809266,0.7382953226634287
-0.11369715931079567,-0.2770423517250027
0.33880285646404457,-0.2770423517250027
-0.06878205302792458,-0.2770423517250027
-0.21511189270872683,0.2716846642968579
-0.1754393402340036,-0.2770423517250027
-0.009214150994811,0.041860399409999055
-0.0435284306815056,0.2716846642968579
-0.04407322436272654,0.039247769008147956
-0.07893359002727732,0.039247769008147956
-0.016054082046948685,0.039247769008147956
-0.1522323847283982,0.35553788974129863
-0.1522323847283982,-0.2770423517250027
-0.21511189270872683,1.0335769690231862
0.04880985291227683,0.2716846642968579
-0.1754393402340036,-0.2770423517250027
-0.21511189270872683,-0.2770423517250027
0.12404414127510309,0.22426562898560826
-0.03643658323580509,-0.2770423517250027
0.5199120222434045,0.15303942051929295
-0.08320098315622884,0.4693295412524436
0.09266671421166918,1.742353603944562
-0.21511189270872683,-0.2770423517250027
0.9314865623484611,0.039247769008147956
-0.05999402765062343,0.034813918219362916
-0.1754393402340036,0.278731145487494
-0.21511189270872683,-0.2770423517250027
-0.0053284705080209015,-0.2770423517250027
-0.1754393402340036,-0.2770423517250027
1.1592755207868164,0.10310245079527625
0.09174422306880387,0.35815052014314974
-0.21511189270872683,-0.2770423517250027
0.38031624965423744,0.7164773994702686
-0.21511189270872683,-0.2770423517250027
0.02361847042777452,-0.2770423517250027
0.5731673345298282,2.3620810072760725
0.4789896642093709,0.9665852769888922
0.20170754097834162,0.9042649057631592
-0.21511189270872683,0.22426562898560826
0.3025979078572031,0.278731145487494
-0.21511189270872683,-0.2770423517250027
1.2939268904480068,0.4693295412524436
-0.21511189270872683,-0.2770423517250027
-0.21511189270872683,-0.2770423517250027
0.35821409857841446,-0.2770423517250027
0.43270276766743876,1.4437964344220735
0.07119160209707806,0.034813918219362916
-0.21511189270872683,-0.2770423517250027
0.33999179158475357,-0.2770423517250027
-0.05081765133046704,-0.0401716056475077
-0.21511189270872683,-0.2770423517250027
-0.11369715931079567,0.039247769008147956
0.0378001945659825,0.3511040389525136
0.23331306934156826,0.7800391261981049
0.21027577782349552,-0.2770423517250027
0.050203028477466355,-0.2770423517250027
0.42007115467011213,-0.0401716056475077
-0.07402460683607244,0.41495872073964185
-0.21511189270872683,-0.2770423517250027
-0.0801642770819265,-0.2770423517250027
0.417150626261018,0.8494743437727226
-0.21511189270872683,-0.2770423517250027
-0.1754393402340036,0.034813918219362916
0.2668642298554315,0.3466701881637285
0.06092300879072786,0.278731145487494
0.16805337251613467,-0.2770423517250027
0.5818738236344209,0.7146742178881844
0.024255689756214,-0.2770423517250027
-0.03643658323580509,-0.2770423517250027
-0.21511189270872683,-0.2770423517250027
0.1502621176377706,-0.2770423517250027
0.12941356357143513,-0.2770423517250027
-0.21511189270872683,-0.2770423517250027
0.0032359692389181257,-0.2770423517250027
0.03687267350749448,-0.2770423517250027
-0.21511189270872683,0.034813918219362916
-0.1522323847283982,0.034813918219362916
-0.08320098315622884,0.39838409715503376
-0.01272776485365948,-0.0401716056475077
-0.1754393402340036,-0.0401716056475077
-0.21511189270872683,-0.2770423517250027
-0.07893359002727732,0.278731145487494
-0.1754393402340036,0.041860399409999055
0.07528142529521391,-0.2770423517250027
0.1413164157780574,0.59738294427187
0.19167422147549013,1.4098587529161795
-0.1522323847283982,0.7265352890031862
0.6959891709177118,0.039247769008147956
-0.1522323847283982,0.039247769008147956
0.13233926668639243,0.3511040389525136
0.021250456316004626,0.15303942051929295
0.05788630271642554,0.278731145487494
-0.005902545047595962,-0.2770423517250027
0.47534081298543107,0.15303942051929295
-0.1522323847283982,-0.2770423517250027
-0.21511189270872683,-0.2770423517250027
-0.21511189270872683,-0.2770423517250027
0.2780396940358652,0.22840655020078615
-0.21511189270872683,-0.2770423517250027
-0.21511189270872683,0.039247769008147956
-0.21511189270872683,0.034813918219362916
-0.21511189270872683,0.2716846642968579
-0.21511189270872683,0.039247769008147956
0.04235776110001457,-0.2770423517250027
0.1311916639360256,-0.2770423517250027
0.050344766193000545,-0.2770423517250027
-0.1754393402340036,-0.0401716056475077
-0.21511189270872683,-0.2770423517250027
-0.026133308102717214,0.41467901905882054
-0.01728476910159789,4.985347934817879
-0.04010010086741168,1.1568967629283031
-0.21511189270872683,-0.2770423517250027
-0.21511189270872683,0.7146742178881844
-0.21511189270872683,0.039247769008147956
0.07012339188451201,-0.2770423517250027
0.012344160844818071,0.7484759808322157
0.05935875930221057,0.10310245079527625
-0.21511189270872683,-0.2770423517250027
-0.21511189270872683,-0.2770423517250027
0.3093030508774129,-0.0401716056475077
0.47701012613264265,0.10310245079527625
0.22745237876118732,-0.2770423517250027
0.12612394776932928,0.10310245079527625
-0.21511189270872683,-0.0401716056475077
0.10205792644608098,1.0881195868199829
-0.07893359002727732,-0.2770423517250027
0.0592079711567775,-0.2770423517250027
0.00845733975557638,0.15303942051929295
-0.21511189270872683,-0.2770423517250027
-0.21511189270872683,0.42200520193027785
-0.08365947443137661,-0.2770423517250027
0.09551218835033516,1.0460046516445476
0.23918161308347585,0.041860399409999055
0.34868915101063297,0.034813918219362916
-0.1754393402340036,-0.2770423517250027
-0.1754393402340036,-0.2770423517250027
0.5718055656171027,0.10310245079527625
0.3841350745499598,0.5331842230395719
-0.12287353563095205,-0.2770423517250027
-0.1754393402340036,0.5361408928865928
0.04499497772843837,1.1090130202444943
-0.21511189270872683,0.43661971088785007
-0.020925212089874873,0.7102403670993994
-0.08499447317359136,0.816764513408129
0.05399884592539402,-0.0401716056475077
-0.21511189270872683,-0.0401716056475077
0.04499497772843837,-0.2770423517250027
-0.01272776485365948,0.039247769008147956
-0.1754393402340036,-0.2770423517250027
0.14396706355521705,-0.2770423517250027
-0.21511189270872683,-0.2770423517250027
-0.1754393402340036,-0.2770423517250027
-0.08365947443137661,-0.2770423517250027
0.052093780883597424,-0.2770423517250027
0.5211010771116472,0.39838409715503376
-0.1754393402340036,-0.2770423517250027
-0.21511189270872683,-0.2770423517250027
0.1681123157488885,0.041860399409999055
0.10067970254631112,-0.2770423517250027
-0.020779966451047977,-0.2770423517250027
-0.21511189270872683,-0.2770423517250027
-0.08365947443137661,0.22426562898560826
-0.0006042734365541018,0.034813918219362916
-0.03075672144399905,0.10310245079527625
-0.21511189270872683,-0.2770423517250027
-0.08365947443137661,-0.2770423517250027
0.25332360219687844,0.3511040389525136
-0.1754393402340036,0.10310245079527625
0.40032822837040627,0.816764513408129
0.19801420868532496,-0.2770423517250027
0.20284445254332858,-0.0401716056475077
-0.21511189270872683,-0.2770423517250027
-0.09457974476985573,1.5227998705850037
-0.007449283983791397,-0.2770423517250027
0.5901307258556227,0.034813918219362916
0.3242574978153453,-0.2770423517250027
0.1540865797514402,0.7484759808322157
0.1726063354950092,-0.2770423517250027
0.09385850746671627,0.41939257152842685
0.39426584734220804,-0.2770423517250027
0.5933761547864574,0.6044104315058872
0.3524501189227357,0.039247769008147956
0.04499497772843837,0.039247769008147956
-0.21511189270872683,-0.2770423517250027
-0.1522323847283982,0.039247769008147956
-0.21511189270872683,-0.2770423517250027
-0.1522323847283982,1.7924642889850333
-0.0053284705080209015,-0.2770423517250027
0.4981288382642132,-0.2770423517250027
-0.21511189270872683,-0.2770423517250027
0.08547361796776042,-0.2770423517250027
-0.0023627761255851994,1.0927180983407079
0.03591660078394853,-0.2770423517250027
-0.21511189270872683,-0.2770423517250027
-0.1754393402340036,-0.2770423517250027
0.12719106693802365,0.8667014831321457
0.5601852031467942,0.5918572395842651
-0.08955314845248344,-0.2770423517250027
-0.1754393402340036,-0.2770423517250027
-0.08365947443137661,0.40462112952590285
0.0552721468552051,-0.0401716056475077
-0.1522323847283982,-0.2770423517250027
-0.08955314845248344,-0.2770423517250027
-0.12287353563095205,-0.2770423517250027
0.02164208005579622,-0.2770423517250027
0.17631253334733651,-0.2770423517250027
0.20759016657584128,-0.2770423517250027
-0.12287353563095205,0.15303942051929295
-0.08499447317359136,0.10310245079527625
-0.21511189270872683,-0.2770423517250027
0.2986264373381725,0.217238141751591
0.1845779127180063,-0.2770423517250027
-0.21511189270872683,0.041860399409999055
0.4243680040004608,-0.2770423517250027
-0.0023413876920809597,-0.2770423517250027
0.06808177261060162,-0.2770423517250027
0.22112015393264486,-0.2770423517250027
-0.049880595977760206,0.41495872073964185
-0.1522323847283982,-0.0401716056475077
-0.21511189270872683,1.7320505935478137
-0.1754393402340036,0.9113113869537953
-0.21511189270872683,-0.2770423517250027
0.7858733752103363,-0.2770423517250027
0.019451003814830708,-0.2770423517250027
-0.1522323847283982,1.0948190204084631
-0.1357667877592804,0.041860399409999055
0.43172709348261357,-0.2770423517250027
0.32333868174618896,-0.2770423517250027
0.1834450469726689,0.15303942051929295
0.3473325128060087,0.39838409715503376
-0.1754393402340036,-0.2770423517250027
-0.21511189270872683,-0.2770423517250027
-0.07402460683607244,0.15303942051929295
-0.1754393402340036,0.041860399409999055
0.04868831002145508,0.41495872073964185
-0.21511189270872683,-0.2770423517250027
-0.1754393402340036,-0.2770423517250027
0.12261147451293239,0.39838409715503376
-0.21511189270872683,-0.2770423517250027
-0.21511189270872683,-0.2770423517250027
-0.21511189270872683,1.4731868836614537
0.06616556259887567,-0.2770423517250027
0.5643065261141268,1.2351694525852546
0.3766942507603508,0.8771472552698928
0.44752261085279543,0.10310245079527625
-0.1754393402340036,0.43661971088785007
0.5190431141125063,0.034813918219362916
0.005320498113373983,-0.2770423517250027
0.13233926668639243,-0.2770423517250027
0.19486759114185498,-0.2770423517250027
-0.1522323847283982,-0.2770423517250027
-0.04712183645851461,-0.2770423517250027
0.3179858870545493,1.2534585185603708
-0.21511189270872683,-0.0401716056475077
0.14009188113647533,1.0335769690231862
0.22506211886506378,1.5978527226862345
-0.1357667877592804,0.27611851508564295
0.1637166937498263,0.5331842230395719
-0.022114965193262722,-0.2770423517250027
-0.21511189270872683,-0.2770423517250027
0.8167924795449273,-0.2770423517250027
-0.1522323847283982,-0.2770423517250027
0.5257911535582431,-0.2770423517250027
0.698393586753277,-0.2770423517250027
0.15853004324801817,0.8450404929839376
-0.21511189270872683,-0.2770423517250027
-0.1754393402340036,1.5319793897583387
-0.04398692195665337,-0.2770423517250027
-0.21511189270872683,0.10310245079527625
0.5126263541952384,-0.2770423517250027
-0.21511189270872683,0.5361408928865928
-0.1754393402340036,-0.2770423517250027
-0.03170023678952709,0.278731145487494
0.05788630271642554,0.8284658693993294
0.3972004630292025,-0.2770423517250027
-0.21511189270872683,2.068994997246812
0.1257167476471322,0.10310245079527625
-0.1522323847283982,-0.2770423517250027
-0.1522323847283982,1.1607275456384498
0.0721697302603284,0.10310245079527625
-0.04407322436272654,-0.2770423517250027
0.07849681933856266,-0.2770423517250027
-0.1754393402340036,1.020669187676155
0.19996207444621836,-0.2770423517250027
0.5057151411637485,0.39838409715503376
-0.21511189270872683,-0.2770423517250027
0.07528142529521391,1.3454332389675518
0.1140224035369254,-0.2770423517250027
-0.08499447317359136,0.278731145487494
0.04290852171364134,0.27611851508564295
0.20774523608484688,0.034813918219362916
-0.0549071922951325,-0.2770423517250027
-0.0008191721324800561,0.217238141751591
0.154056787679034,0.15303942051929295
0.1533166781097625,0.034813918219362916
-0.1754393402340036,0.7555224620228518
-0.21511189270872683,-0.2770423517250027
0.05161459232654515,0.034813918219362916
-0.21511189270872683,-0.2770423517250027
-0.1522323847283982,-0.2770423517250027
-0.04407322436272654,-0.2770423517250027
-0.1522323847283982,-0.2770423517250027
0.37480013743235563,-0.2770423517250027
0.021532569350830158,-0.2770423517250027
-0.1754393402340036,0.15303942051929295
0.012074079995848233,0.034813918219362916
0.7059855293231411,-0.2770423517250027
0.5881405783948875,1.0002263498362427
-0.020925212089874873,-0.0401716056475077
0.3407323718969238,-0.2770423517250027
-0.09457974476985573,0.22840655020078615
0.11054003843901887,0.22426562898560826
0.13095828426837938,0.041860399409999055
-0.1754393402340036,-0.2770423517250027
0.23978787176818533,-0.2770423517250027
-0.21511189270872683,0.034813918219362916
-0.21511189270872683,-0.2770423517250027
-0.1522323847283982,0.034813918219362916
0.2567997850956202,-0.2770423517250027
-0.12287353563095205,-0.2770423517250027
-0.21511189270872683,-0.2770423517250027
-0.0549071922951325,-0.2770423517250027
0.11637250394316703,1.2937193299762464
0.21600647425556396,-0.2770423517250027
0.1239168318874857,-0.0401716056475077
-0.21511189270872683,-0.2770423517250027
0.37583823757415824,-0.2770423517250027
0.10398411143241826,0.039247769008147956
0.22742615470221683,0.041860399409999055
0.824357760849321,-0.2770423517250027
0.10778186641282766,-0.2770423517250027
-0.06878205302792458,0.22840655020078615
0.34877749589191426,-0.2770423517250027
-0.21511189270872683,-0.2770423517250027
0.6513090958624379,0.039247769008147956
-0.11369715931079567,0.039247769008147956
-0.043428504165497914,0.039247769008147956
0.17206628535904203,-0.2770423517250027
0.4235042817877121,0.15303942051929295
-0.21511189270872683,-0.2770423517250027
0.1037571961810331,0.039247769008147956
0.35459526484208875,-0.2770423517250027
-0.1357667877592804,0.041860399409999055
0.2377423108478604,0.6352548432325288
-0.21511189270872683,-0.2770423517250027
-0.11369715931079567,-0.2770423517250027
0.6009611242858709,-0.2770423517250027
-0.1754393402340036,0.2716846642968579
0.7806025482117437,-0.2770423517250027
0.33781372683041416,-0.2770423517250027
0.2738663785743833,-0.2770423517250027
0.008578882646398151,-0.2770423517250027
0.13322051759525946,1.4731868836614537
0.04511652061926016,0.217238141751591
0.5595650420520585,-0.2770423517250027
0.01874734038484833,0.10310245079527625
-0.21511189270872683,-0.2770423517250027
-0.21511189270872683,-0.2770423517250027
0.3404669716032213,0.40462112952590285
0.902033809134321,0.7017664365411537
-0.21511189270872683,-0.2770423517250027
-0.21511189270872683,-0.2770423517250027
-0.06891755561232596,0.8274581615093547
0.8012528547998102,0.10310245079527625
0.43625523210490347,0.7312488414727926
0.18490507128944397,-0.2770423517250027
0.29256704268397093,0.034813918219362916
0.09128714480126837,0.43661971088785007
-0.015234639820409275,0.041860399409999055
-0.032421106500416394,-0.2770423517250027
-0.1754393402340036,-0.2770423517250027
0.8440583020312602,1.1829916038652963
-0.1357667877592804,-0.2770423517250027
0.39976229445932626,-0.2770423517250027
-0.21511189270872683,0.034813918219362916
-0.21511189270872683,-0.2770423517250027
-0.11369715931079567,-0.2770423517250027
0.6024497617605479,1.029143118234401
-0.21511189270872683,0.034813918219362916
-0.04398692195665337,0.034813918219362916
-0.21511189270872683,1.4751467229960158
-0.21511189270872683,0.039247769008147956
0.1299170087529355,0.10310245079527625
-0.12287353563095205,-0.0401716056475077
0.15136191336732863,-0.2770423517250027
-0.1754393402340036,-0.2770423517250027
0.38437733053601486,1.0711244364268597
-0.02910950055320134,-0.2770423517250027
-0.08499447317359136,-0.2770423517250027
-0.21511189270872683,-0.2770423517250027
0.0032359692389181257,0.39838409715503376
-0.045321920698868104,-0.2770423517250027
-0.21511189270872683,0.2716846642968579
0.5697677987642666,1.2151917437356472
-0.21511189270872683,0.041860399409999055
0.1583109034923408,-0.2770423517250027
-0.21511189270872683,-0.2770423517250027
0.17436093999099153,-0.2770423517250027
0.10465070263684925,-0.2770423517250027
-0.02910950055320134,1.9501541977972703
-0.08499447317359136,0.034813918219362916
0.18377772833032333,0.15303942051929295
0.45981600698915404,0.3399731968727712
0.03180578419732833,-0.2770423517250027
0.12225891277795135,0.034813918219362916
0.45995129876316165,-0.2770423517250027
0.01318322415967567,0.6044104315058872
-0.1754393402340036,-0.2770423517250027
-0.026133308102717214,-0.2770423517250027
-0.0549071922951325,0.27611851508564295
-0.1357667877592804,-0.2770423517250027
0.10778186641282766,0.039247769008147956
0.31683624274846434,0.22426562898560826
0.8546473691538871,-0.2770423517250027
-0.21511189270872683,0.041860399409999055
-0.07977265334213493,-0.2770423517250027
0.408462273189637,0.5831211927635885
0.12835952101899484,-0.2770423517250027
0.28737804967085384,0.041860399409999055
-0.21511189270872683,0.034813918219362916
0.11088374789926063,1.0918953961424704
0.10067970254631112,0.5831211927635885
-0.21511189270872683,0.7771335662226467
0.3169051487650663,0.15303942051929295
0.24419498516025046,-0.2770423517250027
-0.1357667877592804,-0.2770423517250027
0.24522334470595514,1.0647661015653664
-0.21511189270872683,-0.2770423517250027
0.44986570734913917,0.15303942051929295
0.020144698102635143,1.0353801506052702
0.8313414109235638,0.6515497651363154
-0.1522323847283982,0.034813918219362916
0.3219759531677328,-0.2770423517250027
-0.04407322436272654,-0.2770423517250027
0.27562808708345765,0.39838409715503376
-0.21511189270872683,-0.2770423517250027
-0.21511189270872683,-0.2770423517250027
-0.03643658323580509,0.09838889832566983
-0.21511189270872683,-0.0401716056475077
-0.043428504165497914,1.8892578938431592
0.08802391411185227,0.10310245079527625
0.41593749295807864,1.2851064223092712
0.280858430521246,0.10310245079527625
-0.022114965193262722,0.041860399409999055
-0.06580586057744044,-0.2770423517250027
-0.21511189270872683,-0.2770423517250027
-0.1522323847283982,0.22426562898560826
0.26728688231319275,1.7343312502890078
0.14239010020444384,0.10310245079527625
-0.12287353563095205,-0.2770423517250027
0.23085591892335866,1.808481083021316
-0.026133308102717214,-0.2770423517250027
-0.08499447317359136,-0.2770423517250027
0.013558555465994937,-0.2770423517250027
-0.07402460683607244,0.5768439429502662
-0.21511189270872683,-0.2770423517250027
-0.21511189270872683,0.217238141751591
0.01318322415967567,0.39838409715503376
0.7120098653257434,0.39838409715503376
-0.11369715931079567,-0.2770423517250027
-0.21511189270872683,0.034813918219362916
0.134845105357621,-0.2770423517250027
0.0687492034221851,0.217238141751591
0.007251445974306824,-0.2770423517250027
-0.21511189270872683,0.15303942051929295
0.23795251985878435,0.35815052014314974
0.08629770670368928,1.4152452514447278
0.10477877780519544,0.039247769008147956
-0.21511189270872683,0.7382953226634287
-0.1522323847283982,-0.0401716056475077
-0.11255983225367498,0.22840655020078615
-0.040491724607203274,-0.2770423517250027
-0.21511189270872683,-0.2770423517250027
0.17277276442532574,1.012153921694091
0.03917841846575236,0.039247769008147956
-0.21511189270872683,0.22426562898560826
-0.21511189270872683,-0.2770423517250027
-0.1522323847283982,0.039247769008147956
-0.007449283983791397,-0.2770423517250027
0.24455490078046996,-0.2770423517250027
-0.1522323847283982,-0.2770423517250027
0.2347646755201181,-0.2770423517250027
0.5506317799280415,0.9011008791267795
-0.08955314845248344,-0.2770423517250027
-0.21511189270872683,0.041860399409999055
-0.21511189270872683,0.32547290511368887
-0.07402460683607244,1.3420335261702636
0.08109325822203092,0.35815052014314974
0.09589639727507258,-0.2770423517250027
-0.0801642770819265,-0.2770423517250027
0.012465703735639858,-0.2770423517250027
-0.01728476910159789,-0.2770423517250027
-0.21511189270872683,-0.2770423517250027
-0.21511189270872683,-0.2770423517250027
0.475358576894953,1.6591107292988512
0.21814179937688133,0.3511040389525136
-0.03926103755255408,-0.2770423517250027
-0.21511189270872683,-0.2770423517250027
1.11154310819394,0.039247769008147956
-0.21511189270872683,0.034813918219362916
-0.1522323847283982,-0.2770423517250027
0.16500062071400295,0.10310245079527625
-0.21511189270872683,0.034813918219362916
-0.09457974476985573,-0.2770423517250027
0.183038271427749,-0.2770423517250027
0.6088628626828481,-0.2770423517250027
-0.004400671888003314,0.7356826922615776
0.7382959004094268,0.034813918219362916
0.6140588464123485,0.8327918157912881
0.49716636973937034,0.6518294668171368
-0.21511189270872683,-0.2770423517250027
-0.21511189270872683,0.3466701881637285
-0.1522323847283982,-0.2770423517250027
-0.03170023678952709,-0.0401716056475077
0.006834988628075403,-0.2770423517250027
0.06227523454377452,-0.2770423517250027
-0.21511189270872683,0.039247769008147956
-0.09457974476985573,-0.2770423517250027
0.02084417938002021,-0.2770423517250027
-0.054373343252372495,0.041860399409999055
0.113082536457795,-0.2770423517250027
-0.0012249823785160133,-0.2770423517250027
0.07951059222411522,-0.0401716056475077
0.09608626288991022,0.673490456965345
-0.049880595977760206,0.034813918219362916
0.24766893637043644,-0.2770423517250027
-0.1754393402340036,-0.2770423517250027
0.07145839062672675,-0.2770423517250027
-0.1754393402340036,-0.2770423517250027
-0.043428504165497914,-0.2770423517250027
-0.045321920698868104,0.039247769008147956
0.8344003595763987,-0.2770423517250027
0.18172113218218577,-0.2770423517250027
-0.1754393402340036,-0.2770423517250027
-0.21511189270872683,0.041860399409999055
-0.1754393402340036,-0.2770423517250027
-0.009648400039610474,1.9582818382166436
0.008578882646398151,-0.2770423517250027
-0.02910950055320134,1.3775744912358125
-0.21511189270872683,-0.0401716056475077
-0.21511189270872683,-0.2770423517250027
0.8061642975575947,0.10310245079527625
-0.21511189270872683,0.10310245079527625
-0.1754393402340036,-0.2770423517250027
-0.21511189270872683,0.4611363750631032
-0.21511189270872683,-0.2770423517250027
-0.005649368224144911,0.041860399409999055
-0.1754393402340036,-0.2770423517250027
-0.034352054361349235,-0.2770423517250027
-0.21511189270872683,-0.2770423517250027
0.4587882109407311,-0.2770423517250027
0.05935875930221057,-0.2770423517250027
-0.1754393402340036,0.10310245079527625
-0.21511189270872683,-0.2770423517250027
0.0639282422309372,-0.2770423517250027
0.021532569350830158,0.6744406408763003
0.22523620875228564,0.034813918219362916
0.4196139416091011,3.0697047498702323
0.12514617044248363,-0.2770423517250027
-0.08365947443137661,-0.2770423517250027
-0.21511189270872683,-0.2770423517250027
-0.04398692195665337,-0.2770423517250027
0.020144698102635143,2.4304938031456014
-0.01272776485365948,-0.2770423517250027
-0.12287353563095205,-0.2770423517250027
-0.12287353563095205,0.034813918219362916
-0.09457974476985573,0.7017664365411537
0.050203028477466355,3.0589140968331314
0.17786502019024136,0.3399731968727712
-0.21511189270872683,0.6700067900875154
-0.21511189270872683,0.09838889832566983
0.3223414760681996,-0.2770423517250027
0.07147833667205156,-0.2770423517250027
-0.03926103755255408,-0.0401716056475077
-0.1754393402340036,0.10310245079527625
-0.0023627761255851994,0.40462112952590285
0.02643249650033428,-0.2770423517250027
0.6439095990490968,-0.2770423517250027
-0.1754393402340036,-0.0401716056475077
0.35201139862595415,0.9591761839402522
-0.12287353563095205,-0.0401716056475077
-0.21511189270872683,-0.2770423517250027
1.2085571949837721,-0.2770423517250027
0.26141825200266544,0.15303942051929295
0.3915554885541369,-0.2770423517250027
-0.21511189270872683,2.373071114264627
-0.06891755561232596,0.041860399409999055
-0.0214588022330209,0.9201279209846095
-0.03643658323580509,-0.2770423517250027
-0.21511189270872683,0.041860399409999055
-0.21511189270872683,-0.2770423517250027
0.002685208625291341,-0.2770423517250027
-0.12299507852177384,1.1330546341412795
0.07574407628276296,-0.2770423517250027
0.1473962698431668,0.039247769008147956
-0.21511189270872683,0.7908449227892963
0.20945869620537574,-0.0401716056475077
0.3839009091931424,0.41024516827003543
-0.21511189270872683,-0.2770423517250027
0.013558555465994937,-0.2770423517250027
-0.21511189270872683,-0.2770423517250027
0.3001487848467733,0.43661971088785007
0.5076452123742746,2.2852782743742286
-0.21511189270872683,0.22840655020078615
-0.1754393402340036,-0.2770423517250027
-0.1754393402340036,-0.2770423517250027
-0.07977265334213493,-0.2770423517250027
0.3052831879261382,0.43661971088785007
0.3879463060251033,-0.2770423517250027
0.04804358982422648,0.15303942051929295
0.008578882646398151,-0.2770423517250027
0.14555008044051165,0.43661971088785007
-0.21511189270872683,-0.0401716056475077
-0.06580586057744044,-0.2770423517250027
0.08633581203017877,-0.2770423517250027
-0.049320952514333695,-0.2770423517250027
-0.01272776485365948,-0.2770423517250027
-0.09457974476985573,-0.2770423517250027
-0.1357667877592804,-0.2770423517250027
0.5217186475828741,-0.2770423517250027
0.03222326849093182,0.7903899707903145
-0.21511189270872683,-0.2770423517250027
1.1026507985121001,0.8998310549743742
-0.0801642770819265,-0.2770423517250027
-0.21511189270872683,-0.2770423517250027
-0.21511189270872683,-0.2770423517250027
0.07645892357614457,1.275891496605547
-0.08320098315622884,0.6038378002514587
0.17596237193540828,-0.2770423517250027
0.14409870898865115,0.034813918219362916
-0.21511189270872683,-0.2770423517250027
0.03434408196670232,0.039247769008147956
-0.12287353563095205,-0.2770423517250027
-0.1754393402340036,-0.2770423517250027
-0.07209365897513963,0.039247769008147956
-0.21511189270872683,0.041860399409999055
0.17331055436358614,0.039247769008147956
-0.21511189270872683,-0.2770423517250027
-0.1754393402340036,0.09838889832566983
-0.21511189270872683,-0.2770423517250027
0.11637250394316703,-0.2770423517250027
-0.1754393402340036,-0.2770423517250027
0.252318155490112,0.47853370084594876
0.21273273034199122,1.0909560017811777
-0.01728476910159789,0.034813918219362916
-0.21511189270872683,-0.2770423517250027
0.038447570096207216,0.15303942051929295
-0.042035328600308446,0.034813918219362916
0.576704501677584,0.278731145487494
-0.21511189270872683,-0.2770423517250027
-0.21511189270872683,0.41467901905882054
0.5654176399454559,-0.0401716056475077
0.1514463282345523,-0.2770423517250027
0.17690191151725398,-0.0401716056475077
0.1852419440092238,0.6700067900875154
-0.045321920698868104,-0.2770423517250027
-0.0004941340089708645,0.22426562898560826
-0.07977265334213493,0.15303942051929295
-0.21511189270872683,1.552987864131732
0.7444066797777134,0.7235238806609047
-0.020779966451047977,-0.2770423517250027
-0.21511189270872683,0.10310245079527625
-0.1754393402340036,-0.2770423517250027
0.05399884592539402,0.039247769008147956
-0.0549071922951325,0.039247769008147956
-0.21511189270872683,-0.2770423517250027
0.16803207349371804,0.041860399409999055
-0.020925212089874873,0.5924086358187937
0.1025265091263839,-0.2770423517250027
-0.1754393402340036,0.10310245079527625
0.1346020851101952,-0.2770423517250027
0.09191073520109397,-0.2770423517250027
-0.020925212089874873,0.217238141751591
0.265479494416044,0.034813918219362916
0.18718147420087783,-0.0401716056475077
0.0182137502417023,-0.2770423517250027
0.190726737878594,2.136698353762138
0.1309612805909303,0.039247769008147956
-0.08499447317359136,-0.2770423517250027
-0.02910950055320134,1.020669187676155
-0.1754393402340036,-0.0401716056475077
0.3512282216171853,-0.2770423517250027
-0.07977265334213493,0.5905874154318597
-0.12287353563095205,-0.2770423517250027
-0.21511189270872683,0.039247769008147956
0.8406317805847727,0.034813918219362916
-0.010208043503036977,-0.2770423517250027
0.3565296508392613,2.684491486771296
-0.21511189270872683,-0.2770423517250027
0.3837290454479176,-0.2770423517250027
0.012998912002568419,-0.2770423517250027
0.21208155147117805,0.09838889832566983
-0.21511189270872683,-0.0401716056475077
-0.21511189270872683,-0.2770423517250027
-0.21511189270872683,-0.2770423517250027
-0.000427548392688476,-0.2770423517250027
-0.21511189270872683,-0.2770423517250027
-0.045321920698868104,-0.2770423517250027
0.11867085357810901,-0.2770423517250027
0.2936712726563356,-0.2770423517250027
-0.06878205302792458,0.039247769008147956
0.134845105357621,0.09838889832566983
0.45756140292614494,2.462790783672414
0.3689568023136984,-0.2770423517250027
0.17574895687580983,1.3725380106206257
-0.0023627761255851994,0.3466701881637285
-0.005649368224144911,0.10310245079527625
0.05788630271642554,0.5335282624847417
0.3462378173304455,1.6462029479518205
-0.07209365897513963,0.09838889832566983
-0.002462930582902732,0.039247769008147956
-0.21511189270872683,0.09838889832566983
-0.08320098315622884,0.972002042104544
-0.21511189270872683,-0.2770423517250027
-0.21511189270872683,-0.2770423517250027
0.22121185048518222,0.034813918219362916
0.5638785976096942,-0.2770423517250027
0.06971449660840402,0.5879747850300087
-0.1754393402340036,-0.2770423517250027
-0.1754393402340036,1.8532290456430864
0.03249717778560519,-0.2770423517250027
-0.03170023678952709,-0.2770423517250027
-0.05999402765062343,-0.2770423517250027
0.08536065135098245,-0.2770423517250027
0.3488220758225572,-0.2770423517250027
-0.21511189270872683,-0.2770423517250027
-0.21511189270872683,-0.2770423517250027
-0.21511189270872683,-0.2770423517250027
-0.1754393402340036,-0.2770423517250027
-0.09457974476985573,-0.2770423517250027
-0.043428504165497914,0.034813918219362916
-0.026133308102717214,-0.2770423517250027
0.010563051921521864,-0.2770423517250027
0.3883222963971712,-0.2770423517250027
-0.21511189270872683,-0.2770423517250027
-0.009648400039610474,-0.2770423517250027
0.6899632818456086,-0.2770423517250027
-0.08365947443137661,0.8586785033662278
0.03180578419732833,-0.2770423517250027
1.1338814086760252,1.1356672645431307
0.4638154069030318,1.0603322507765813
-0.21511189270872683,-0.2770423517250027
0.6847663610010583,-0.2770423517250027
-0.21511189270872683,0.6673941596856643
-0.21511189270872683,-0.2770423517250027
-0.21511189270872683,-0.0401716056475077
0.2708913917655165,0.8550246500649755
-0.21511189270872683,-0.2770423517250027
0.25209291514222926,0.8667014831321457
0.3572603577606407,0.217238141751591
-0.03643658323580509,0.041860399409999055
-0.0549071922951325,0.3511040389525136
0.0564879683966066,-0.2770423517250027
-0.21511189270872683,0.5085554103743529
0.04291740456344106,0.217238141751591
-0.1754393402340036,-0.2770423517250027
0.16367568676828198,-0.2770423517250027
-0.21511189270872683,-0.2770423517250027
-0.043428504165497914,-0.0401716056475077
-0.0435284306815056,0.039247769008147956
0.08409556470306598,-0.2770423517250027
-0.21511189270872683,0.2716846642968579
-0.1754393402340036,-0.2770423517250027
0.5526622927315377,0.4652772962782811
0.010563051921521864,1.0140043123001417
-0.004400671888003314,-0.2770423517250027
-0.049880595977760206,-0.0401716056475077
-0.21511189270872683,-0.2770423517250027
-0.21511189270872683,-0.2770423517250027
-0.1754393402340036,0.43661971088785007
0.26678635091137637,-0.2770423517250027
-0.04712183645851461,1.469446562217517
0.3461703712361988,-0.2770423517250027
-0.21511189270872683,-0.2770423517250027
0.4590554053014282,-0.2770423517250027
-0.08499447317359136,-0.0401716056475077
-0.0053284705080209015,1.0171942758975119
-0.1754393402340036,-0.2770423517250027
0.6161536839597195,-0.2770423517250027
-0.21511189270872683,-0.2770423517250027
-0.12287353563095205,0.8494743437727226
0.018806283617602098,-0.2770423517250027
-0.1754393402340036,0.034813918219362916
-0.08499447317359136,-0.0401716056475077
-0.1754393402340036,-0.2770423517250027
0.5138001065040666,0.039247769008147956
0.03687267350749448,0.43661971088785007
-0.12287353563095205,-0.2770423517250027
-0.21511189270872683,0.039247769008147956
0.14848685999880626,0.6443756562486905
-0.21511189270872683,-0.2770423517250027
0.08412996429633322,0.41495872073964185
-0.1522323847283982,0.278731145487494
-0.1754393402340036,-0.2770423517250027
0.18956187354081339,0.47853370084594876
-0.03643658323580509,1.1527688159216753
-0.21511189270872683,-0.2770423517250027
0.07741228406847625,-0.2770423517250027
0.0868573501671158,-0.2770423517250027
-0.1522323847283982,-0.2770423517250027
0.1148827797147262,-0.0401716056475077
-0.21511189270872683,0.5879747850300087
-0.1357667877592804,-0.2770423517250027
0.07553112495612692,-0.2770423517250027
-0.21511189270872683,-0.2770423517250027
0.05015174312666912,-0.2770423517250027
0.37538940374603574,1.113726572714101
0.024255689756214,0.2716846642968579
-0.1754393402340036,-0.2770423517250027
-0.1754393402340036,0.3466701881637285
-0.004400671888003314,1.4608657704654857
-0.21511189270872683,0.10310245079527625
-0.21511189270872683,-0.2770423517250027
-0.05081765133046704,-0.2770423517250027
-0.1522323847283982,-0.2770423517250027
-0.1522323847283982,0.041860399409999055
-0.11369715931079567,-0.2770423517250027
0.26443171593465686,-0.2770423517250027
0.03687267350749448,-0.2770423517250027
-0.07977265334213493,0.41495872073964185
-0.21511189270872683,0.041860399409999055
-0.049320952514333695,1.1960500064048945
-0.1522323847283982,-0.2770423517250027
0.22366708413710665,-0.2770423517250027
0.16386241311360739,-0.2770423517250027
-0.1357667877592804,0.041860399409999055
-0.21511189270872683,0.9541575943675306
-0.1357667877592804,0.10310245079527625
0.20002022349060242,-0.2770423517250027
0.22713148104506334,1.0140043123001417
-0.21511189270872683,0.10310245079527625
0.24467669245067933,0.09838889832566983
0.08157182229959002,0.041860399409999055
0.11667808220130878,-0.2770423517250027
-0.03926103755255408,0.5361408928865928
-0.21511189270872683,-0.2770423517250027
0.4120509526878211,-0.2770423517250027
0.1487263254743813,0.9839826027717377
0.038447570096207216,0.039247769008147956
-0.07209365897513963,0.5950212662206447
-0.1522323847283982,-0.2770423517250027
0.17675994511389959,-0.0401716056475077
-0.0266736404721548,0.39838409715503376
-0.1522323847283982,-0.2770423517250027
0.271864760250546,-0.0401716056475077
-0.09457974476985573,0.7692168356849812
0.10098290513327872,-0.2770423517250027
0.10369316647830255,-0.2770423517250027
-0.21511189270872683,-0.2770423517250027
-0.0012249823785160133,-0.2770423517250027
0.6208601525938235,0.7088129177317897
-0.1754393402340036,1.1051457809620695
-0.21511189270872683,0.034813918219362916
-0.08499447317359136,0.10310245079527625
-0.1754393402340036,-0.2770423517250027
0.09468529217765695,3.173195218985973
0.7749630296473132,0.09838889832566983
-0.03170023678952709,-0.2770423517250027
0.5153630151730604,0.32547290511368887
-0.21511189270872683,0.041860399409999055
-0.1522323847283982,-0.2770423517250027
-0.0006042734365541018,2.3295178591697536
0.14684310154838362,0.5926693918022635
-0.06580586057744044,-0.2770423517250027
-0.045001022982744124,-0.2770423517250027
0.8023701126011276,0.41939257152842685
-0.1754393402340036,0.039247769008147956
-0.1357667877592804,0.8284658693993294
0.29002024575808105,0.15303942051929295
0.25857575977254244,2.225946627837149
0.050203028477466355,0.3511040389525136
0.00712234101336165,-0.2770423517250027
-0.21511189270872683,-0.2770423517250027
0.2863611406045506,-0.2770423517250027
-0.21511189270872683,0.6473199139958867
-0.0435284306815056,0.39838409715503376
-0.21511189270872683,-0.2770423517250027
-0.21511189270872683,-0.2770423517250027
-0.21511189270872683,0.15303942051929295
-0.1754393402340036,0.42200520193027785
-0.08955314845248344,-0.0401716056475077
-0.21511189270872683,-0.2770423517250027
-0.07402460683607244,-0.2770423517250027
0.2879382940374667,-0.2770423517250027
0.10727070353097798,0.15303942051929295
-0.21511189270872683,-0.2770423517250027
-0.04407322436272654,-0.2770423517250027
-0.054373343252372495,0.15303942051929295
-0.06878205302792458,-0.2770423517250027
-0.1522323847283982,0.3399731968727712
0.06661734009578692,-0.2770423517250027
1.247200237480044,-0.2770423517250027
0.3400472850112519,1.3900271875618615
-0.1522323847283982,-0.2770423517250027
-0.016054082046948685,-0.2770423517250027
0.3222516941349037,-0.2770423517250027
0.04056427108265205,-0.2770423517250027
-0.21511189270872683,-0.2770423517250027
0.8553967728857086,1.6390364836090736
0.1037571961810331,-0.2770423517250027
-0.21511189270872683,0.27611851508564295
-0.21511189270872683,-0.2770423517250027
-0.020925212089874873,-0.2770423517250027
-0.002462930582902732,0.034813918219362916
-0.05999402765062343,0.32547290511368887
-0.016893145361806285,-0.2770423517250027
-0.042035328600308446,-0.2770423517250027
-0.1754393402340036,-0.2770423517250027
-0.1754393402340036,0.35815052014314974
-0.21511189270872683,-0.2770423517250027
0.1315534730144071,0.816764513408129
0.18341563677648012,0.27611851508564295
-0.020925212089874873,-0.2770423517250027
-0.12299507852177384,0.09838889832566983
-0.21511189270872683,-0.2770423517250027
-0.042035328600308446,-0.2770423517250027
-0.1754393402340036,0.039247769008147956
-0.043428504165497914,-0.2770423517250027
-0.21511189270872683,-0.2770423517250027
-0.0012249823785160133,-0.2770423517250027
0.013558555465994937,-0.2770423517250027
-0.1754393402340036,0.6543474012299039
-0.21511189270872683,-0.2770423517250027
-0.1754393402340036,1.9398561710626199
-0.21511189270872683,-0.2770423517250027
-0.009648400039610474,-0.2770423517250027
-0.21511189270872683,-0.2770423517250027
0.8325391404899093,0.15303942051929295
-0.09457974476985573,-0.2770423517250027
0.10429451108049383,-0.2770423517250027
0.17174894930189002,-0.2770423517250027
0.28211622236183653,0.041860399409999055
0.8831136086596145,-0.2770423517250027
-0.21511189270872683,-0.2770423517250027
0.2694558510916085,0.034813918219362916
-0.08365947443137661,0.22426562898560826
-0.21511189270872683,1.3509912376709072
-0.1357667877592804,1.0939773725128743
-0.1754393402340036,0.969389411702693
-0.1357667877592804,-0.2770423517250027
0.0482514351211214,0.034813918219362916
0.25512525398675473,-0.2770423517250027
-0.21511189270872683,0.39838409715503376
0.0691417550493598,-0.0401716056475077
-0.21511189270872683,-0.2770423517250027
0.16441589031405374,-0.2770423517250027
-0.21511189270872683,-0.2770423517250027
-0.05999402765062343,-0.2770423517250027
-0.21511189270872683,-0.2770423517250027
0.693081502858125,0.217238141751591
-0.020925212089874873,-0.2770423517250027
0.37292866219209675,0.09838889832566983
-0.05081765133046704,-0.2770423517250027
0.3672215047174284,0.39838409715503376
-0.08499447317359136,0.3399731968727712
0.24180678042774092,-0.2770423517250027
-0.21511189270872683,0.039247769008147956
-0.21511189270872683,-0.2770423517250027
-0.042035328600308446,-0.2770423517250027
-0.11369715931079567,-0.2770423517250027
0.35751019927231886,-0.2770423517250027
-0.21511189270872683,0.217238141751591
0.1285260656802384,1.1330546341412795
0.7164914564229126,-0.2770423517250027
0.6789974212461598,0.039247769008147956
0.13535913054896945,-0.2770423517250027
-0.21511189270872683,0.6085513527210651
0.581109009927745,-0.2770423517250027
-0.0266736404721548,-0.2770423517250027
-0.21511189270872683,-0.2770423517250027
0.41750268350415204,1.4116208494757094
0.22914873131206923,-0.2770423517250027
0.04880985291227683,-0.2770423517250027
-0.21511189270872683,-0.2770423517250027
-0.21511189270872683,-0.2770423517250027
0.2860377650435442,-0.2770423517250027
0.046916436378906655,-0.2770423517250027
0.9012794443379465,-0.2770423517250027
0.07528142529521391,0.10310245079527625
0.0919561589277905,0.41495872073964185
0.9405969799210906,-0.2770423517250027
0.4339919627121619,0.41024516827003543
0.07654522598221768,-0.2770423517250027
-0.07893359002727732,-0.2770423517250027
-0.1357667877592804,0.10310245079527625
0.07341031148035645,1.0171942758975119
-0.032421106500416394,1.06741094730235
-0.02158034512384269,0.278731145487494
-0.04010010086741168,0.22840655020078615
0.1662174923082142,0.034813918219362916
0.14745441888755087,0.09838889832566983
-0.026133308102717214,0.10310245079527625
0.14587509105694943,0.041860399409999055
-0.0023222238502928687,0.034813918219362916
-0.1754393402340036,-0.2770423517250027
-0.1754393402340036,-0.2770423517250027
-0.01272776485365948,-0.2770423517250027
-0.05999402765062343,0.937927691598461
-0.21511189270872683,0.034813918219362916
-0.08499447317359136,-0.2770423517250027
0.0378001945659825,0.40462112952590285
-0.21511189270872683,0.217238141751591
-0.1357667877592804,-0.0401716056475077
-0.03926103755255408,0.3466701881637285
0.42336917282873554,0.15303942051929295
-0.1754393402340036,0.15303942051929295
0.05937940479762269,0.034813918219362916
0.007972315685196104,0.8204116803187186
0.17482831411593905,0.039247769008147956
-0.022114965193262722,-0.2770423517250027
-0.01272776485365948,0.034813918219362916
0.37937825867437985,-0.2770423517250027
-0.21511189270872683,-0.2770423517250027
0.035608872820490696,0.5284706705699656
-0.0004941340089708645,-0.2770423517250027
-0.21511189270872683,-0.2770423517250027
-0.21511189270872683,-0.2770423517250027
-0.0549071922951325,-0.0401716056475077
0.1929180596240859,-0.2770423517250027
-0.1522323847283982,-0.2770423517250027
-0.1522323847283982,0.217238141751591
-0.06891755561232596,-0.0401716056475077
0.22112015393264486,0.15303942051929295
-0.21511189270872683,-0.2770423517250027
0.1762508197523501,-0.2770423517250027
-0.12287353563095205,-0.2770423517250027
-0.1357667877592804,0.7335817701938222
0.16083062484296332,0.6056265453722413
-0.020779966451047977,-0.2770423517250027
0.20857971106775872,-0.2770423517250027
-0.11369715931079567,0.38793790316710985
-0.08499447317359136,0.10310245079527625
-0.06580586057744044,-0.2770423517250027
0.03591660078394853,0.15303942051929295
0.1633589388222259,-0.2770423517250027
0.10903354776842185,-0.0401716056475077
-0.11369715931079567,-0.2770423517250027
0.1966551502403028,-0.2770423517250027
-0.21511189270872683,-0.2770423517250027
0.12090326854032445,-0.2770423517250027
-0.21511189270872683,-0.2770423517250027
0.12024682484915103,-0.2770423517250027
-0.21511189270872683,-0.2770423517250027
-0.21511189270872683,0.10310245079527625
0.22971775275233583,0.15303942051929295
-0.21511189270872683,-0.2770423517250027
-0.08365947443137661,-0.2770423517250027
0.9941423774913513,1.2076029640296335
0.08302420608296376,-0.2770423517250027
0.15963460673129962,0.278731145487494
-0.040491724607203274,1.1572783687429256
0.738063979610491,-0.2770423517250027
-0.12287353563095205,-0.2770423517250027
-0.1754393402340036,-0.2770423517250027
0.018806283617602098,-0.0401716056475077
0.1969910715150157,0.3399731968727712
0.9593620658365205,-0.2770423517250027
0.12078991721164901,-0.2770423517250027
-0.1754393402340036,-0.2770423517250027
-0.032421106500416394,-0.2770423517250027
0.13998315175370177,0.8667014831321457
-0.21511189270872683,0.6373291750580545
-0.21511189270872683,0.039247769008147956
0.04039816292794917,0.041860399409999055
0.25610568799504035,-0.2770423517250027
-0.21511189270872683,-0.2770423517250027
-0.21511189270872683,0.039247769008147956
0.18067392164750454,0.034813918219362916
0.3516510607136566,1.2672731384840623
0.07734177530368978,-0.2770423517250027
-0.05999402765062343,-0.0401716056475077
-0.1754393402340036,0.3466701881637285
0.4391802033386028,0.8771472552698928
-0.08365947443137661,-0.2770423517250027
-0.21511189270872683,-0.2770423517250027
0.064311558957695,0.041860399409999055
-0.21511189270872683,0.034813918219362916
-0.21511189270872683,0.039247769008147956
-0.1522323847283982,0.10310245079527625
-0.21511189270872683,-0.2770423517250027
-0.1754393402340036,0.7235238806609047
-0.21511189270872683,0.034813918219362916
0.11687835390572263,-0.2770423517250027
-0.11255983225367498,0.32547290511368887
0.3483180663329374,0.041860399409999055
-0.12287353563095205,2.456980233392545
-0.12287353563095205,0.43661971088785007
0.038447570096207216,0.09838889832566983
-0.1754393402340036,0.27611851508564295
-0.0549071922951325,-0.2770423517250027
-0.1754393402340036,1.0946935111082028
-0.09457974476985573,-0.2770423517250027
0.07037244210400906,1.1943724964229565
0.3538617675541563,-0.2770423517250027
0.28336696212194107,0.454108887829086
-0.21511189270872683,-0.2770423517250027
0.048165132715048235,-0.2770423517250027
0.06610504897505748,-0.2770423517250027
-0.000427548392688476,0.039247769008147956
0.5792036387730566,0.034813918219362916
0.2987932596998103,-0.2770423517250027
0.6054266347352777,-0.2770423517250027
-0.12287353563095205,0.43356988650748224
-0.07893359002727732,-0.2770423517250027
-0.1754393402340036,1.5140684058193379
0.24732919182822427,2.1188030424042865
0.8448220436297382,-0.2770423517250027
0.6446269155815976,0.6543474012299039
0.01874734038484833,0.19669914042998726
-0.21511189270872683,-0.2770423517250027
-0.026133308102717214,0.35815052014314974
-0.1357667877592804,-0.2770423517250027
-0.21511189270872683,-0.2770423517250027
0.6017792963318329,-0.2770423517250027
-0.21511189270872683,-0.2770423517250027
-0.21511189270872683,-0.2770423517250027
0.06808177261060162,0.039247769008147956
-0.016893145361806285,-0.2770423517250027
-0.07209365897513963,-0.2770423517250027
-0.21511189270872683,-0.2770423517250027
-0.21511189270872683,0.5835409342412236
0.0004115149221691233,0.034813918219362916
0.30897165985222425,0.955416868539697
0.07474109292577633,-0.2770423517250027
-0.21511189270872683,-0.2770423517250027
-0.10373695724822402,-0.2770423517250027
0.13241288676948007,-0.2770423517250027
-0.21511189270872683,0.034813918219362916
-0.0004941340089708645,0.454108887829086
-0.08320098315622884,-0.2770423517250027
0.12236243602889524,-0.2770423517250027
0.14367597500113038,1.57121742408495
-0.05999402765062343,0.034813918219362916
-0.21511189270872683,0.2716846642968579
-0.022114965193262722,0.10310245079527625
-0.1522323847283982,1.1904900418687
-0.21511189270872683,0.6700067900875154
0.4854477282791751,0.42200520193027785
-0.1754393402340036,-0.2770423517250027
0.0687492034221851,0.039247769008147956
-0.21511189270872683,0.6700067900875154
-0.21511189270872683,-0.2770423517250027
-0.1754393402340036,-0.2770423517250027
-0.21511189270872683,0.039247769008147956
-0.21511189270872683,-0.2770423517250027
-0.0549071922951325,-0.2770423517250027
-0.21511189270872683,0.041860399409999055
0.37032886305587104,-0.2770423517250027
0.2735452652797179,0.039247769008147956
0.1706308367431026,0.041860399409999055
-0.21511189270872683,-0.2770423517250027
-0.21511189270872683,0.09838889832566983
0.9022801970381777,-0.2770423517250027
-0.045001022982744124,0.5331842230395719
1.4676908482231734,0.034813918219362916
0.5927535518893828,0.9516410592172092
-0.21511189270872683,-0.2770423517250027
-0.21511189270872683,-0.2770423517250027
-0.11369715931079567,0.15303942051929295
0.013304767050497457,1.231984190928975
-0.21511189270872683,0.15303942051929295
0.16325820247467854,-0.2770423517250027
-0.21511189270872683,-0.2770423517250027
-0.1754393402340036,0.034813918219362916
-0.042035328600308446,-0.0401716056475077
-0.21511189270872683,0.3511040389525136
-0.21511189270872683,-0.2770423517250027
0.015757671521814013,0.6562633176059219
0.12478894902711457,0.7484759808322157
-0.21511189270872683,-0.0401716056475077
0.22183513166989807,0.43661971088785007
0.45435419632971885,0.27611851508564295
0.14059315186368346,-0.2770423517250027
-0.21511189270872683,0.039247769008147956
-0.045321920698868104,-0.2770423517250027
-0.21511189270872683,-0.0401716056475077
0.22831401435169874,-0.0401716056475077
-0.12299507852177384,0.27611851508564295
0.05297731952522066,-0.2770423517250027
0.09547432631669286,0.034813918219362916
-0.21511189270872683,0.039247769008147956
0.03002415243511276,1.6030697790829802
-0.08320098315622884,-0.2770423517250027
0.2418471559641077,0.041860399409999055
-0.0549071922951325,-0.2770423517250027
-0.024072958094241335,-0.2770423517250027
0.18993467011249385,0.039247769008147956
0.08604419517240897,-0.2770423517250027
0.5165086446817698,-0.2770423517250027
0.00903737392154591,-0.2770423517250027
0.3156006638330347,-0.2770423517250027
-0.07977265334213493,-0.2770423517250027
-0.02910950055320134,0.041860399409999055
0.04056427108265205,0.7771335662226467
-0.21511189270872683,-0.2770423517250027
0.10369316647830255,-0.2770423517250027
-0.1754393402340036,0.278731145487494
0.14741331936244012,1.200149153461187
-0.21511189270872683,0.041860399409999055
-0.21511189270872683,2.601532070268382
-0.08499447317359136,-0.2770423517250027
0.13335338877405356,0.10310245079527625
0.06238537397135772,1.4082045108322399
-0.1522323847283982,-0.2770423517250027
0.3691126696425186,-0.0401716056475077
-0.0266736404721548,1.0647661015653664
0.6447281971512613,-0.2770423517250027
-0.08320098315622884,0.09838889832566983
0.45237936389263306,-0.2770423517250027
-0.07209365897513963,1.2743196196746984
0.4530473869973342,-0.2770423517250027
-0.21511189270872683,-0.2770423517250027
-0.21511189270872683,-0.2770423517250027
0.21168437163583892,0.9309002043644438
1.2787526943283536,1.4301394620831211
-0.21511189270872683,-0.2770423517250027
-0.1754393402340036,-0.2770423517250027
0.17320425319199415,0.6414918756033979
0.5180135791650488,-0.2770423517250027
-0.21511189270872683,-0.2770423517250027
0.4411602548124623,0.10310245079527625
0.059817250577358344,0.217238141751591
-0.0801642770819265,0.7484759808322157
-0.21511189270872683,0.15303942051929295
0.29064648875994753,0.43661971088785007
-0.1754393402340036,0.041860399409999055
-0.02924500313760272,0.15303942051929295
0.2391044966234974,0.039247769008147956
0.2754311205030673,-0.2770423517250027
0.33935266208189346,0.15303942051929295
-0.21511189270872683,-0.2770423517250027
-0.04010010086741168,-0.2770423517250027
-0.1754393402340036,-0.0401716056475077
-0.1754393402340036,1.23777010007122
-0.1357667877592804,0.718546122462202
-0.02924500313760272,-0.2770423517250027
0.1875452309764132,-0.2770423517250027
-0.21511189270872683,-0.2770423517250027
0.5606274641528551,-0.2770423517250027
0.05734150903520459,2.923959183785647
0.21377614716432064,-0.2770423517250027
-0.05999402765062343,0.9681195875502876
0.016795190690647076,0.034813918219362916
0.9427824964555339,0.5331842230395719
-0.21511189270872683,-0.2770423517250027
-0.08365947443137661,-0.2770423517250027
-0.1522323847283982,-0.2770423517250027
-0.21511189270872683,-0.2770423517250027
-0.08320098315622884,-0.2770423517250027
0.19703708092829494,1.535802889748394
0.3224104910868992,-0.2770423517250027
0.012074079995848233,-0.0401716056475077
0.3884809923995583,0.10310245079527625
-0.11369715931079567,0.15303942051929295
-0.1754393402340036,0.7017664365411537
-0.07977265334213493,-0.2770423517250027
0.2664072389958205,-0.2770423517250027
0.7890786210783827,0.10310245079527625
-0.002462930582902732,0.039247769008147956
-0.08499447317359136,-0.2770423517250027
0.020144698102635143,0.039247769008147956
-0.21511189270872683,-0.2770423517250027
-0.05999402765062343,0.034813918219362916
-0.21511189270872683,-0.2770423517250027
0.06804385609271162,-0.2770423517250027
0.10225661531807574,-0.2770423517250027
0.2654765500841049,1.6449949191438622
-0.21511189270872683,0.42200520193027785
-0.1754393402340036,1.9759488268593262
-0.06878205302792458,1.4689096906251466
-0.21511189270872683,-0.2770423517250027
0.39574047761145337,-0.0401716056475077
0.12180279256546872,0.39838409715503376
-0.21511189270872683,-0.2770423517250027
-0.21511189270872683,0.15303942051929295
0.9232735052956097,0.15303942051929295
0.4616885873586553,-0.2770423517250027
0.03733116478264225,0.039247769008147956
-0.21511189270872683,0.034813918219362916
0.1299170087529355,1.1931026722705511
0.08629770670368928,0.7062002873299386
-0.09457974476985573,-0.0401716056475077
-0.1754393402340036,-0.2770423517250027
-0.21511189270872683,-0.2770423517250027
-0.21511189270872683,-0.2770423517250027
0.1057969125437697,1.0796457244918984
-0.042035328600308446,1.4675116518848803
0.7219396589729687,0.6655729392987303
0.07534521171596847,0.9516410592172092
-0.026133308102717214,0.22426562898560826
-0.015234639820409275,-0.2770423517250027
-0.21511189270872683,0.217238141751591
0.15439861944163094,-0.2770423517250027
-0.1754393402340036,-0.2770423517250027
0.18673739663506048,0.8450404929839376
-0.040491724607203274,0.041860399409999055
0.059817250577358344,-0.2770423517250027
-0.21511189270872683,0.10310245079527625
0.029076650947461872,1.2235650139894059
0.24988963928647576,0.217238141751591
-0.21511189270872683,-0.2770423517250027
0.2827355092097587,0.034813918219362916
0.699559932212458,-0.2770423517250027
0.0774727470407057,0.8953590685225769
0.2701005712888372,-0.2770423517250027
-0.04712183645851461,-0.2770423517250027
-0.05081765133046704,0.7062002873299386
0.9224204622221908,-0.0401716056475077
-0.21511189270872683,-0.0401716056475077
-0.21511189270872683,0.041860399409999055
0.1037571961810331,0.8284658693993294
-0.042035328600308446,-0.0401716056475077
-0.07209365897513963,-0.2770423517250027
-0.1522323847283982,0.034813918219362916
0.2509831567478973,1.1617122195317107
-0.21511189270872683,-0.2770423517250027
-0.12287353563095205,-0.0401716056475077
-0.0801642770819265,-0.0401716056475077
-0.12287353563095205,-0.2770423517250027
0.09547432631669286,0.41024516827003543
0.2981707920512701,-0.2770423517250027
0.019451003814830708,0.6530992909695422
-0.0029263525971118197,0.7146742178881844
-0.08955314845248344,-0.2770423517250027
0.2007600394906908,1.1486278947064974
-0.12287353563095205,-0.2770423517250027
0.14206471728970124,0.8996920778656448
0.026310953609512553,-0.2770423517250027
0.08987558095218957,0.039247769008147956
-0.04398692195665337,-0.2770423517250027
0.15902620108437876,-0.2770423517250027
-0.21511189270872683,0.039247769008147956
-0.04407322436272654,-0.2770423517250027
0.4394676041269294,1.4974605042115132
-0.21511189270872683,-0.2770423517250027
-0.08365947443137661,-0.2770423517250027
-0.21511189270872683,-0.2770423517250027
-0.1522323847283982,-0.2770423517250027
-0.08499447317359136,-0.2770423517250027
0.4206773157645984,3.1826333906242676
0.28041708064529314,0.15303942051929295
-0.09457974476985573,-0.0401716056475077
-0.21511189270872683,-0.2770423517250027
-0.1357667877592804,-0.2770423517250027
-0.21511189270872683,0.3399731968727712
-0.1522323847283982,0.834253690349365
-0.0801642770819265,-0.2770423517250027
-0.21511189270872683,-0.2770423517250027
-0.0549071922951325,0.15303942051929295
0.5976521145319054,0.43661971088785007
0.05597798279296629,0.8295401378797586
-0.21511189270872683,-0.2770423517250027
0.056014025599522996,-0.2770423517250027
-0.12299507852177384,0.039247769008147956
-0.21511189270872683,-0.2770423517250027
-0.1522323847283982,-0.2770423517250027
-0.0266736404721548,1.1239072308828881
-0.08955314845248344,-0.2770423517250027
0.32662955371671265,-0.2770423517250027
0.27204557014103375,0.7484759808322157
-0.1754393402340036,0.7221014382144011
-0.21511189270872683,-0.0401716056475077
0.436394036292868,0.42200520193027785
-0.1754393402340036,1.571481256455567
-0.21511189270872683,-0.2770423517250027
-0.21511189270872683,-0.2770423517250027
-0.21511189270872683,-0.2770423517250027
-0.21511189270872683,0.7102403670993994
-0.11369715931079567,-0.2770423517250027
0.034023184250578306,0.15303942051929295
-0.049880595977760206,-0.2770423517250027
0.46245577171614405,-0.2770423517250027
-0.07893359002727732,0.039247769008147956
-0.042035328600308446,-0.0401716056475077
-0.21511189270872683,-0.2770423517250027
-0.21511189270872683,-0.2770423517250027
-0.0801642770819265,0.034813918219362916
-0.09457974476985573,-0.2770423517250027
-0.04407322436272654,0.39838409715503376
0.48664017890221917,0.15303942051929295
0.11348881339377935,0.3511040389525136
-0.09457974476985573,-0.2770423517250027
0.35320499105978886,-0.2770423517250027
0.7376979343937285,-0.2770423517250027
-0.07209365897513963,0.19669914042998726
-0.034352054361349235,0.718546122462202
0.10772371736844358,-0.2770423517250027
-0.03926103755255408,-0.2770423517250027
-0.1357667877592804,0.7811858111968092
-0.1754393402340036,-0.2770423517250027
0.18883423563023244,-0.2770423517250027
-0.21511189270872683,0.9839826027717377
-0.045321920698868104,0.034813918219362916
-0.21511189270872683,0.09838889832566983
0.3181288723305925,-0.2770423517250027
-0.05999402765062343,1.032767520203419
-0.21511189270872683,-0.2770423517250027
0.16261985522348446,-0.2770423517250027
-0.21511189270872683,-0.2770423517250027
-0.21511189270872683,0.039247769008147956
0.20209443594424223,0.35553788974129863
-0.1357667877592804,-0.2770423517250027
0.270710571398819,-0.2770423517250027
-0.21511189270872683,0.034813918219362916
0.6432293522601112,-0.0401716056475077
0.17784121653655302,-0.2770423517250027
-0.05999402765062343,0.2716846642968579
-0.005902545047595962,1.3360970270325137
-0.21511189270872683,-0.2770423517250027
0.7738398017668461,0.32547290511368887
-0.21511189270872683,-0.2770423517250027
0.22267699745309386,-0.2770423517250027
-0.21511189270872683,-0.2770423517250027
-0.1754393402340036,0.15303942051929295
-0.11369715931079567,-0.0401716056475077
0.03730977634913804,1.0098823850415826
-0.1357667877592804,-0.2770423517250027
-0.03643658323580509,-0.2770423517250027
0.12835952101899484,0.816764513408129
-0.12287353563095205,-0.2770423517250027
-0.045001022982744124,-0.2770423517250027
0.5465058972785306,-0.2770423517250027
0.7324462444861226,-0.2770423517250027
0.10866559889443711,-0.2770423517250027
0.047237334095030635,-0.2770423517250027
0.1328101902305502,-0.2770423517250027
0.1315534730144071,-0.2770423517250027
-0.03170023678952709,2.129941306256053
0.2937842585683531,-0.2770423517250027
0.021532569350830158,-0.0401716056475077
-0.1754393402340036,0.217238141751591
-0.21511189270872683,-0.2770423517250027
-0.21511189270872683,-0.2770423517250027
0.23933197485222787,0.9632659952838675
0.3753393425630243,0.43661971088785007
0.1462542029725053,0.4172916494606715
-0.21511189270872683,-0.2770423517250027
0.39060230286113995,0.15303942051929295
-0.21511189270872683,0.039247769008147956
0.09903131177693379,0.40462112952590285
-0.015234639820409275,0.22426562898560826
0.18853731239470703,0.7102403670993994
-0.21511189270872683,-0.2770423517250027
-0.1754393402340036,-0.2770423517250027
-0.1754393402340036,-0.2770423517250027
-0.04010010086741168,1.474373127383779
0.6568214563619225,0.22426562898560826
-0.1754393402340036,-0.2770423517250027
0.12294730274876128,0.039247769008147956
-0.1522323847283982,-0.0401716056475077
-0.1522323847283982,-0.0401716056475077
-0.21511189270872683,-0.2770423517250027
0.5125560929930347,-0.2770423517250027
-0.21511189270872683,-0.0401716056475077
-0.21511189270872683,-0.2770423517250027
-0.03643658323580509,-0.2770423517250027
-0.21511189270872683,-0.2770423517250027
0.16635491803520797,0.10310245079527625
-0.21511189270872683,0.041860399409999055
-0.21511189270872683,-0.2770423517250027
-0.040491724607203274,-0.2770423517250027
0.0032359692389181257,0.039247769008147956
1.0288733524773968,-0.2770423517250027
0.0004115149221691233,1.1689144917957828
0.2611498387763379,-0.2770423517250027
0.1940456617660727,1.3593952321503087
0.20769021001925989,0.039247769008147956
0.352950590034894,0.5331842230395719
-0.21511189270872683,-0.2770423517250027
0.0860182868522582,-0.2770423517250027
0.7636951395449664,0.15303942051929295
-0.21511189270872683,-0.2770423517250027
0.047660530458690224,-0.2770423517250027
-0.1754393402340036,-0.2770423517250027
-0.1754393402340036,-0.2770423517250027
-0.0801642770819265,0.034813918219362916
-0.0214588022330209,-0.2770423517250027
-0.21511189270872683,-0.2770423517250027
-0.04398692195665337,0.039247769008147956
-0.1754393402340036,1.1643248499335617
-0.0023627761255851994,1.8413679745280849
0.13915479345668136,-0.2770423517250027
0.2690190079376773,1.0069257151945616
-0.08955314845248344,-0.2770423517250027
0.01874734038484833,0.10310245079527625
-0.1754393402340036,0.39838409715503376
-0.0029263525971118197,-0.2770423517250027
-0.12299507852177384,0.5918572395842651
-0.1522323847283982,-0.2770423517250027
0.5495823688489809,-0.2770423517250027
-0.05999402765062343,0.41939257152842685
0.12319596813065821,0.7847659320461818
-0.21511189270872683,-0.2770423517250027
0.17451765783234424,0.15303942051929295
0.07645892357614457,-0.2770423517250027
0.07495358797617684,1.152564816273319
-0.1754393402340036,-0.2770423517250027
-0.1754393402340036,-0.2770423517250027
-0.04010010086741168,-0.2770423517250027
-0.08499447317359136,0.6352548432325288
0.20698354323347717,-0.2770423517250027
-0.12287353563095205,-0.0401716056475077
-0.02910950055320134,-0.0401716056475077
-0.21511189270872683,0.22840655020078615
-0.04407322436272654,-0.2770423517250027
-0.21511189270872683,0.039247769008147956
0.13886351130674082,-0.2770423517250027
0.22554382387319608,-0.2770423517250027
0.19104042832586332,-0.2770423517250027
-0.12299507852177384,0.278731145487494
0.46562202355453536,-0.2770423517250027
-0.016054082046948685,-0.2770423517250027
0.6935633668366267,0.034813918219362916
-0.21511189270872683,0.034813918219362916
-0.09457974476985573,0.10310245079527625
0.8869935005349642,-0.2770423517250027
0.03553767476527974,0.034813918219362916
0.197983455967064,-0.2770423517250027
-0.1754393402340036,0.10310245079527625
-0.21511189270872683,-0.2770423517250027
-0.0008191721324800561,-0.2770423517250027
-0.1754393402340036,0.8926645906316275
-0.1522323847283982,-0.2770423517250027
0.19674414526011427,0.8284658693993294
-0.12299507852177384,-0.2770423517250027
0.15070528714861425,-0.2770423517250027
-0.21511189270872683,-0.0401716056475077
-0.0435284306815056,1.5411202241222073
-0.21511189270872683,0.034813918219362916
-0.12287353563095205,-0.2770423517250027
-0.016054082046948685,0.8295401378797586
0.32204102842594745,0.816764513408129
-0.1754393402340036,-0.2770423517250027
0.2878047171500265,0.15303942051929295
-0.043428504165497914,-0.2770423517250027
0.10290133551530431,-0.2770423517250027
0.4631175569791716,-0.2770423517250027
0.5452605438162145,-0.2770423517250027
0.4174899753094883,0.6518294668171368
0.06238537397135772,-0.2770423517250027
-0.11369715931079567,-0.2770423517250027
-0.1754393402340036,-0.0401716056475077
-0.21511189270872683,-0.2770423517250027
0.3924478113012421,-0.2770423517250027
-0.1754393402340036,-0.2770423517250027
-0.1754393402340036,-0.2770423517250027
0.39942287981431596,-0.2770423517250027
0.16791650535625796,-0.2770423517250027
-0.11369715931079567,-0.2770423517250027
-0.21511189270872683,0.039247769008147956
-0.011145098855743841,0.454108887829086
0.3140289917389728,0.15303942051929295
-0.0435284306815056,0.27295448844926334
0.05640564933931458,1.2468462856524245
0.04880985291227683,-0.2770423517250027
-0.049320952514333695,-0.2770423517250027
-0.1522323847283982,0.32547290511368887
0.02694478762106371,0.42200520193027785
0.22112015393264486,0.22426562898560826
-0.21511189270872683,-0.2770423517250027
-0.1754393402340036,-0.2770423517250027
0.01874734038484833,0.2716846642968579
0.0004115149221691233,0.7882322923874454
0.6319710315026388,0.43661971088785007
-0.040491724607203274,-0.2770423517250027
-0.03063517855317729,1.3725380106206257
0.1501405747469488,-0.2770423517250027
0.40218458377803384,0.039247769008147956
0.30731401375994566,0.217238141751591
-0.1522323847283982,0.454108887829086
0.010427549337120482,-0.2770423517250027
-0.21511189270872683,-0.2770423517250027
-0.21511189270872683,-0.2770423517250027
-0.1754393402340036,-0.2770423517250027
0.3766009172711539,-0.2770423517250027
-0.016893145361806285,-0.2770423517250027
0.2472091279163884,0.35371666935436463
0.7318984685213165,0.6352548432325288
-0.21511189270872683,-0.2770423517250027
-0.07893359002727732,-0.2770423517250027
-0.08320098315622884,0.039247769008147956
-0.06891755561232596,0.039247769008147956
-0.1754393402340036,-0.2770423517250027
-0.21511189270872683,-0.2770423517250027
-0.0549071922951325,0.41495872073964185
-0.1522323847283982,-0.2770423517250027
0.0007256104532259361,-0.2770423517250027
-0.1754393402340036,-0.2770423517250027
-0.21511189270872683,0.2716846642968579
0.09888052363150078,-0.2770423517250027
0.14747693555993477,0.7297145309113972
-0.21511189270872683,-0.0401716056475077
-0.1754393402340036,0.034813918219362916
0.05015174312666912,0.10310245079527625
-0.21511189270872683,-0.2770423517250027
-0.1754393402340036,-0.2770423517250027
0.1831990507479217,-0.2770423517250027
-0.21511189270872683,0.42200520193027785
0.19549072539480514,0.7730116389640878
-0.1522323847283982,1.2502944919239916
-0.1754393402340036,-0.2770423517250027
-0.21511189270872683,0.42200520193027785
-0.12287353563095205,-0.0401716056475077
-0.1522323847283982,0.034813918219362916
-0.21511189270872683,0.6726194204893663
0.42567442345584594,0.278731145487494
-0.1754393402340036,-0.2770423517250027
0.2771049697806793,0.32547290511368887
-0.06580586057744044,-0.2770423517250027
-0.21511189270872683,0.9309002043644438
0.15861782811406902,-0.0401716056475077
-0.1754393402340036,0.039247769008147956
0.3783077266414615,-0.2770423517250027
0.29273276331706577,-0.2770423517250027
-0.1754393402340036,-0.2770423517250027
0.1296191451187794,0.278731145487494
-0.1357667877592804,0.7235238806609047
-0.21511189270872683,-0.2770423517250027
0.34833313079830275,0.5879747850300087
0.3699511061289265,0.10310245079527625
0.09096069367014693,0.5926693918022635
0.38984847109766946,0.22840655020078615
0.04235776110001457,0.35371666935436463
-0.21511189270872683,0.10310245079527625
-0.21511189270872683,-0.2770423517250027
-0.21511189270872683,0.039247769008147956
-0.020779966451047977,-0.2770423517250027
0.07534521171596847,0.7785288996753127
-0.1522323847283982,-0.2770423517250027
0.008578882646398151,0.8284658693993294
-0.1754393402340036,0.43661971088785007
-0.04398692195665337,0.041860399409999055
-0.1522323847283982,-0.0401716056475077
-0.0266736404721548,-0.0401716056475077
0.0032359692389181257,0.38991016659678795
-0.04712183645851461,-0.2770423517250027
-0.1522323847283982,-0.2770423517250027
0.501883096477694,0.4693295412524436
-0.1357667877592804,-0.2770423517250027
-0.1754393402340036,-0.2770423517250027
0.18366942519197763,-0.2770423517250027
-0.21511189270872683,-0.2770423517250027
-0.21511189270872683,-0.2770423517250027
0.2920341975253153,0.034813918219362916
-0.04712183645851461,0.39838409715503376
-0.045321920698868104,0.034813918219362916
-0.022114965193262722,-0.2770423517250027
-0.21511189270872683,-0.2770423517250027
0.08157182229959002,-0.2770423517250027
0.3590861642860576,0.10310245079527625
0.14745441888755087,0.039247769008147956
-0.21511189270872683,-0.2770423517250027
0.07147833667205156,-0.2770423517250027
-0.020779966451047977,-0.2770423517250027
-0.1522323847283982,-0.2770423517250027
0.24671140021188967,-0.2770423517250027
0.36873904589027523,0.9636857367615025
-0.21511189270872683,-0.2770423517250027
-0.1522323847283982,-0.0401716056475077
-0.08955314845248344,0.034813918219362916
0.2690383190316662,-0.2770423517250027
0.32093940476453076,0.35815052014314974
0.3673866964015802,0.15303942051929295
-0.21511189270872683,0.5623436511911838
-0.011145098855743841,-0.2770423517250027
-0.06580586057744044,-0.2770423517250027
-0.09457974476985573,-0.2770423517250027
-0.022114965193262722,0.034813918219362916
-0.08955314845248344,0.278731145487494
-0.000427548392688476,-0.2770423517250027
-0.0004941340089708645,-0.2770423517250027
0.06238537397135772,-0.2770423517250027
-0.21511189270872683,-0.2770423517250027
-0.21511189270872683,0.034813918219362916
-0.21511189270872683,0.034813918219362916
-0.1754393402340036,0.536121898929974
-0.045001022982744124,-0.2770423517250027
0.006834988628075403,0.515601891564989
-0.1754393402340036,-0.2770423517250027
0.8233422044742925,-0.2770423517250027
-0.1522323847283982,0.034813918219362916
-0.1754393402340036,-0.2770423517250027
-0.12299507852177384,-0.2770423517250027
-0.21511189270872683,-0.2770423517250027
0.3175336482624802,0.10310245079527625
0.03180578419732833,0.9853467269097107
0.40399460575935336,-0.2770423517250027
-0.08955314845248344,0.39838409715503376
-0.21511189270872683,-0.2770423517250027
0.5495394943540586,-0.2770423517250027
-0.21511189270872683,-0.2770423517250027
-0.07893359002727732,-0.2770423517250027
0.7607426706033105,0.6044104315058872
-0.09457974476985573,0.041860399409999055
-0.21511189270872683,-0.2770423517250027
0.8172437059503886,0.5402628201451518
-0.12287353563095205,-0.2770423517250027
-0.0549071922951325,0.034813918219362916
0.013558555465994937,0.041860399409999055
-0.21511189270872683,-0.2770423517250027
0.24879583518336784,1.2270501114524173
0.7460482353314349,0.4693295412524436
0.05297731952522066,-0.2770423517250027
-0.21511189270872683,-0.0401716056475077
-0.21511189270872683,-0.0401716056475077
-0.1522323847283982,-0.2770423517250027
-0.01728476910159789,0.034813918219362916
-0.21511189270872683,-0.2770423517250027
-0.21511189270872683,-0.0401716056475077
-0.21511189270872683,-0.2770423517250027
0.023566561049780062,-0.2770423517250027
0.18692364925543173,-0.2770423517250027
-0.07402460683607244,-0.2770423517250027
-0.006764739110014356,-0.2770423517250027
-0.21511189270872683,1.436169354006772
-0.1754393402340036,1.329713866579647
-0.21511189270872683,0.034813918219362916
0.03917841846575236,0.034813918219362916
-0.03926103755255408,-0.2770423517250027
0.041598557911593774,0.35371666935436463
0.002685208625291341,-0.2770423517250027
-0.1754393402340036,0.041860399409999055
-0.032421106500416394,-0.2770423517250027
-0.21511189270872683,-0.2770423517250027
-0.0801642770819265,1.8251315175023237
0.9738046354646132,-0.0401716056475077
-0.040491724607203274,0.034813918219362916
-0.004314369481930167,0.6473199139958867
0.5370440957090257,0.039247769008147956
-0.21511189270872683,0.278731145487494
0.8859187828367946,0.41939257152842685
-0.1754393402340036,-0.2770423517250027
0.11714529951542896,0.5085554103743529
-0.049880595977760206,0.36076315054500063
0.3013359306700957,0.3511040389525136
0.06227523454377452,-0.2770423517250027
-0.043428504165497914,-0.2770423517250027
0.00712234101336165,-0.0401716056475077
0.17122602548913032,0.4648956904636586
0.13419265296822847,-0.2770423517250027
-0.21511189270872683,0.39838409715503376
0.12935435695858805,-0.2770423517250027
0.36866264841753005,-0.0401716056475077
0.0032359692389181257,0.10310245079527625
-0.21511189270872683,0.3511040389525136
-0.21511189270872683,0.22426562898560826
-0.09457974476985573,-0.2770423517250027
-0.1522323847283982,-0.2770423517250027
-0.1754393402340036,0.2716846642968579
0.21255161252273863,0.6629603088968792
-0.21511189270872683,-0.2770423517250027
0.15215135201854352,0.10310245079527625
0.16952404733603552,-0.2770423517250027
0.038447570096207216,0.9309002043644438
-0.1754393402340036,0.10310245079527625
-0.21511189270872683,0.15303942051929295
0.1259702591784125,0.10310245079527625
-0.21511189270872683,-0.0401716056475077
0.0774727470407057,0.4611363750631032
0.2270878326587154,-0.2770423517250027
-0.1754393402340036,-0.2770423517250027
0.047660530458690224,0.39838409715503376
-0.1522323847283982,0.039247769008147956
0.03434408196670232,0.673490456965345
-0.12287353563095205,-0.2770423517250027
-0.1522323847283982,-0.2770423517250027
0.03290781336470885,0.041860399409999055
-0.21511189270872683,-0.2770423517250027
0.9318634542657556,0.10310245079527625
0.5040544296034416,0.10310245079527625
-0.09609423528455714,-0.2770423517250027
0.0681093139381044,-0.2770423517250027
0.6229340044106101,-0.2770423517250027
-0.21511189270872683,-0.2770423517250027
0.11402555492222584,0.41939257152842685
-0.07893359002727732,-0.2770423517250027
0.3369955755301929,1.9275422764558088
-0.04398692195665337,-0.2770423517250027
0.43653179260771247,0.15303942051929295
0.1911833664486354,-0.2770423517250027
-0.1754393402340036,0.4573605657406155
-0.07893359002727732,0.039247769008147956
-0.014700790777649261,-0.2770423517250027
0.1237556115940847,-0.2770423517250027
-0.21511189270872683,0.39838409715503376
-0.005902545047595962,-0.2770423517250027
-0.05081765133046704,0.10310245079527625
0.5826584384772729,-0.2770423517250027
0.30317058609536623,1.863002524726685
0.28176098267881705,0.039247769008147956
-0.21511189270872683,-0.2770423517250027
-0.21511189270872683,-0.2770423517250027
-0.05999402765062343,-0.2770423517250027
-0.21511189270872683,0.4648956904636586
0.04290852171364134,0.41495872073964185
-0.034352054361349235,-0.2770423517250027
0.20721164594170086,-0.2770423517250027
-0.1754393402340036,-0.2770423517250027
0.22619084531524655,-0.2770423517250027
0.1211580723682401,-0.0401716056475077
-0.21511189270872683,-0.2770423517250027
-0.21511189270872683,-0.2770423517250027
0.3628165979212918,0.35553788974129863
0.8297639552880793,2.07428900719909
0.06227523454377452,-0.2770423517250027
0.09151911146130233,0.5335282624847417
-0.12299507852177384,0.9728141943225425
-0.1357667877592804,0.41939257152842685
-0.1357667877592804,0.515601891564989
-0.1754393402340036,1.2200036302617812
-0.21511189270872683,-0.2770423517250027
-0.000427548392688476,-0.2770423517250027
0.22539733899742825,0.39838409715503376
-0.21511189270872683,-0.2770423517250027
0.25485958450374774,-0.2770423517250027
-0.1522323847283982,-0.2770423517250027
0.13367428649017754,-0.2770423517250027
-0.04712183645851461,0.7729926450074688
-0.21511189270872683,-0.2770423517250027
0.18112533028070038,0.39838409715503376
-0.1754393402340036,-0.2770423517250027
0.09085638198258139,0.9420686128136389
0.22630974938865187,0.47853370084594876
0.26318646926485734,0.09838889832566983
-0.07893359002727732,-0.2770423517250027
-0.21511189270872683,0.6980071211405983
0.16355150206567462,-0.2770423517250027
0.03591660078394853,0.034813918219362916
-0.21511189270872683,-0.2770423517250027
0.5761156094516604,-0.2770423517250027
0.25015364614497326,-0.2770423517250027
0.024971761697073942,-0.2770423517250027
0.0182137502417023,0.041860399409999055
0.3478392148669364,-0.2770423517250027
0.04539446717431688,-0.2770423517250027
0.8162016987140104,-0.0401716056475077
-0.21511189270872683,-0.0401716056475077
0.356807908044825,-0.0401716056475077
-0.06891755561232596,0.690979633906581
0.2288166243554017,0.6414918756033979
0.10587752796578843,1.2955591710352814
0.06360511843355457,0.10310245079527625
-0.026133308102717214,-0.2770423517250027
-0.08955314845248344,-0.2770423517250027
-0.21511189270872683,-0.2770423517250027
-0.06580586057744044,1.031694567656594
0.16286852060538143,-0.2770423517250027
0.015757671521814013,0.041860399409999055
0.13162871140251373,-0.0401716056475077
-0.21511189270872683,-0.2770423517250027
-0.1754393402340036,-0.2770423517250027
0.38075226836447995,0.4648956904636586
0.1653893001218554,0.5331842230395719
-0.010208043503036977,-0.2770423517250027
-0.21511189270872683,0.041860399409999055
-0.1522323847283982,0.39838409715503376
-0.03170023678952709,-0.2770423517250027
-0.21511189270872683,-0.2770423517250027
0.4667147342010768,0.15303942051929295
-0.0549071922951325,-0.2770423517250027
-0.21511189270872683,-0.2770423517250027
-0.1754393402340036,0.10310245079527625
-0.21511189270872683,-0.2770423517250027
0.45531747049332766,-0.0401716056475077
0.06120512182555337,0.7312488414727926
-0.21511189270872683,-0.2770423517250027
0.0639282422309372,-0.2770423517250027
0.17991155273649376,0.7555546773579845
-0.03170023678952709,-0.0401716056475077
-0.02924500313760272,-0.2770423517250027
-0.21511189270872683,-0.2770423517250027
0.0891221610204383,0.15303942051929295
0.03687267350749448,-0.2770423517250027
-0.21511189270872683,0.041860399409999055
-0.21511189270872683,-0.2770423517250027
-0.1357667877592804,0.039247769008147956
0.4218506200955975,-0.2770423517250027
0.4626948280934477,-0.0401716056475077
0.04235776110001457,-0.2770423517250027
0.36014538642630833,0.039247769008147956
-0.02158034512384269,1.0653366154768245
-0.21511189270872683,-0.2770423517250027
-0.04398692195665337,0.35371666935436463
-0.21511189270872683,1.9725791612684584
0.16070078647295502,1.2972029968540761
-0.07893359002727732,-0.2770423517250027
-0.21511189270872683,-0.2770423517250027
-0.21511189270872683,-0.2770423517250027
-0.03643658323580509,-0.2770423517250027
-0.21511189270872683,-0.2770423517250027
-0.020779966451047977,-0.2770423517250027
-0.21511189270872683,-0.2770423517250027
-0.21511189270872683,-0.2770423517250027
0.5646110617796679,-0.2770423517250027
-0.21511189270872683,-0.2770423517250027
-0.21511189270872683,-0.0401716056475077
0.23432223820926412,0.9309002043644438
0.36209469425969076,-0.2770423517250027
0.1167761962480964,-0.2770423517250027
0.8393486387539071,1.4449109040856452
0.1812389752073913,-0.2770423517250027
0.14745441888755087,-0.0401716056475077
-0.21511189270872683,-0.2770423517250027
-0.21511189270872683,-0.2770423517250027
-0.020779966451047977,0.454108887829086
-0.1754393402340036,0.35553788974129863
0.21741534606939084,2.286055547643358
-0.07209365897513963,0.217238141751591
0.1299170087529355,0.673490456965345
-0.045321920698868104,-0.2770423517250027
-0.1754393402340036,-0.2770423517250027
0.019451003814830708,-0.2770423517250027
0.7700030729354245,1.028333669414634
-0.21511189270872683,-0.2770423517250027
-0.21511189270872683,-0.2770423517250027
-0.1522323847283982,-0.2770423517250027
-0.21511189270872683,-0.2770423517250027
-0.21511189270872683,-0.2770423517250027
0.19123902899932346,-0.0401716056475077
0.02002315521181337,0.09838889832566983
0.7785627279484817,0.42200520193027785
-0.1522323847283982,-0.2770423517250027
-0.21511189270872683,-0.2770423517250027
-0.007449283983791397,-0.2770423517250027
0.4010429270611853,0.43661971088785007
-0.1754393402340036,0.15303942051929295
-0.1522323847283982,0.7529098316210007
-0.07893359002727732,0.217238141751591
0.4390538509476015,-0.2770423517250027
-0.1754393402340036,-0.2770423517250027
0.09101337469925877,0.278731145487494
0.40395993801692953,-0.2770423517250027
-0.21511189270872683,1.6369752452537418
0.24096019717423733,-0.2770423517250027
-0.21511189270872683,0.38991016659678795
-0.1754393402340036,0.034813918219362916
-0.08365947443137661,0.034813918219362916
-0.045321920698868104,-0.2770423517250027
0.17122602548913032,0.039247769008147956
-0.1754393402340036,-0.2770423517250027
-0.21511189270872683,-0.2770423517250027
0.5142299844342065,-0.2770423517250027
0.5918071464946962,-0.2770423517250027
0.0025636657344695686,-0.2770423517250027
0.01874734038484833,-0.2770423517250027
-0.21511189270872683,0.217238141751591
0.007251445974306824,0.039247769008147956
-0.21511189270872683,-0.2770423517250027
-0.09457974476985573,0.034813918219362916
-0.21511189270872683,-0.2770423517250027
0.28120756895187937,0.10310245079527625
-0.1357667877592804,0.3399731968727712
-0.21511189270872683,-0.2770423517250027
0.7396060834455969,-0.2770423517250027
0.5549709421873814,-0.0401716056475077
-0.1754393402340036,-0.2770423517250027
-0.1522323847283982,-0.2770423517250027
-0.1754393402340036,-0.2770423517250027
0.04692399844903005,0.22840655020078615
0.22831401435169874,0.10310245079527625
0.15375389924440241,0.039247769008147956
-0.21511189270872683,0.034813918219362916
0.7758333222324283,0.039247769008147956
0.2739118702043324,-0.2770423517250027
-0.11369715931079567,-0.2770423517250027
-0.21511189270872683,-0.2770423517250027
0.7630101875020977,-0.2770423517250027
0.4384895535159134,0.35815052014314974
-0.034352054361349235,0.039247769008147956
-0.045321920698868104,0.22426562898560826
-0.1522323847283982,0.27611851508564295
0.30182364359268105,0.034813918219362916
-0.21511189270872683,-0.2770423517250027
-0.06891755561232596,0.41024516827003543
0.43172004932379227,-0.2770423517250027
0.14009188113647533,-0.2770423517250027
0.3596121033427656,0.034813918219362916
-0.21511189270872683,-0.2770423517250027
0.2207843688033379,1.940022214797695
-0.05081765133046704,-0.2770423517250027
-0.21511189270872683,-0.2770423517250027
0.10168605786641591,1.2270501114524173
-0.21511189270872683,0.4611363750631032
-0.21511189270872683,-0.2770423517250027
0.10622973881339054,0.7291479194050371
0.0025636657344695686,1.2887602756105232
0.02164208005579622,-0.2770423517250027
-0.01272776485365948,0.22426562898560826
0.6669869081224618,-0.2770423517250027
0.07849681933856266,0.7164773994702686
0.7591639678361837,0.41939257152842685
-0.21511189270872683,0.39838409715503376
-0.1754393402340036,-0.2770423517250027
0.026442924744523522,0.39838409715503376
0.21363768443368272,-0.2770423517250027
-0.1754393402340036,0.3511040389525136
-0.043428504165497914,0.35371666935436463
0.28709706536983,0.22840655020078615
0.23920406732953362,-0.2770423517250027
-0.003755951690774689,-0.2770423517250027
0.3027082584278906,-0.2770423517250027
-0.1754393402340036,-0.2770423517250027
-0.1357667877592804,0.034813918219362916
0.016420260224339785,-0.2770423517250027
-0.12299507852177384,0.4172916494606715
-0.03063517855317729,2.522916891550077
0.38080204265750983,0.8741999211355495
-0.005902545047595962,0.32547290511368887
0.015757671521814013,-0.2770423517250027
0.3273893030220323,-0.2770423517250027
-0.1357667877592804,1.0498718909269729
0.11879400514622905,0.039247769008147956
-0.0004941340089708645,0.2716846642968579
0.09385850746671627,-0.2770423517250027
0.5113051791681892,-0.0401716056475077
-0.026133308102717214,1.4937011888109577
-0.06891755561232596,0.6038378002514587
0.06739624965352493,1.0856716171500718
0.018806283617602098,0.48324725331555524
-0.08499447317359136,-0.2770423517250027
-0.0012249823785160133,-0.2770423517250027
-0.022114965193262722,0.6584883224450818
-0.05081765133046704,-0.2770423517250027
-0.09457974476985573,-0.2770423517250027
0.5698976606578806,-0.0401716056475077
-0.21511189270872683,0.041860399409999055
0.7793992566811396,-0.2770423517250027
-0.21511189270872683,-0.2770423517250027
-0.21511189270872683,1.1463609126443561
0.5548502619148235,0.27611851508564295
-0.21511189270872683,-0.2770423517250027
-0.1522323847283982,-0.2770423517250027
-0.1754393402340036,-0.2770423517250027
-0.1754393402340036,0.4719421716542947
0.5834178867147631,-0.2770423517250027
-0.09457974476985573,-0.0401716056475077
-0.21511189270872683,-0.2770423517250027
0.28631980468737517,-0.2770423517250027
-0.1754393402340036,0.39838409715503376
0.3314951584403366,0.41939257152842685
-0.08365947443137661,0.15303942051929295
-0.21511189270872683,0.22840655020078615
-0.03170023678952709,-0.2770423517250027
0.10587752796578843,-0.2770423517250027
0.4096929602442861,0.8407085463289536
-0.21511189270872683,1.0889577202520684
0.28833838265336287,1.6035801473562974
0.31229785759429307,1.0251030384649402
0.5081083965299648,0.42200520193027785
-0.04407322436272654,0.41495872073964185
0.13524680530742375,0.39838409715503376
-0.21511189270872683,-0.2770423517250027
0.3765426077757911,0.6655729392987303
-0.042035328600308446,0.039247769008147956
0.19748474933396568,-0.2770423517250027
-0.06891755561232596,0.38793790316710985
0.02694478762106371,0.7555546773579845
0.32290836621175617,0.9595577897548749
-0.1754393402340036,0.034813918219362916
-0.004400671888003314,0.35553788974129863
0.6967007431971487,1.7028911653962018
0.09220058240312011,0.041860399409999055
0.031602282118367894,0.41024516827003543
-0.21511189270872683,-0.2770423517250027
-0.007449283983791397,2.0015989546547694
-0.09457974476985573,-0.2770423517250027
-0.21511189270872683,-0.2770423517250027
0.17201181916111566,-0.2770423517250027
0.023199258574627027,-0.2770423517250027
-0.21511189270872683,0.10310245079527625
-0.21511189270872683,0.034813918219362916
-0.1522323847283982,-0.2770423517250027
-0.054373343252372495,0.43661971088785007
0.2427910607168224,-0.2770423517250027
-0.21511189270872683,-0.0401716056475077
-0.21511189270872683,0.034813918219362916
-0.06891755561232596,-0.2770423517250027
0.17247518063515005,-0.2770423517250027
0.5753470830393191,-0.2770423517250027
-0.08320098315622884,1.75042623962654
-0.0549071922951325,0.041860399409999055
-0.054373343252372495,1.9666500762833212
0.4855236597303533,1.0071363863645943
0.021532569350830158,1.098955130711577
-0.009214150994811,-0.2770423517250027
0.09565053526768952,-0.2770423517250027
-0.21511189270872683,-0.2770423517250027
-0.1754393402340036,0.6673941596856643
0.33642177693749564,0.4693295412524436
-0.21511189270872683,-0.2770423517250027
-0.0029263525971118197,0.6518294668171368
-0.21511189270872683,0.35371666935436463
-0.21511189270872683,0.034813918219362916
-0.21511189270872683,-0.2770423517250027
-0.21511189270872683,0.7312488414727926
0.2976476301523133,1.071844798091135
-0.08499447317359136,0.034813918219362916
-0.21511189270872683,0.10310245079527625
-0.1754393402340036,0.15303942051929295
-0.21511189270872683,-0.2770423517250027
-0.21511189270872683,-0.2770423517250027
0.42499755770148895,0.7335817701938222
-0.040491724607203274,-0.2770423517250027
0.31134102063490476,0.15303942051929295
-0.21511189270872683,0.034813918219362916
0.49184130564338474,0.5950212662206447
0.13177763079344618,0.10310245079527625
-0.1754393402340036,-0.2770423517250027
-0.1754393402340036,-0.2770423517250027
-0.21511189270872683,0.10310245079527625
-0.06580586057744044,-0.2770423517250027
-0.11255983225367498,-0.2770423517250027
-0.1522323847283982,-0.2770423517250027
0.14662427095897057,-0.2770423517250027
-0.1357667877592804,-0.2770423517250027
0.12263239165913158,0.10310245079527625
0.10098290513327872,-0.0401716056475077
0.2170790813898168,-0.2770423517250027
0.41691362472136156,-0.2770423517250027
-0.07893359002727732,-0.2770423517250027
0.038447570096207216,0.9897805776984957
-0.08955314845248344,0.034813918219362916
0.020144698102635143,-0.2770423517250027
0.1923065652063681,-0.2770423517250027
0.6216326106892646,0.5284706705699656
-0.1754393402340036,0.039247769008147956
0.22743031106474595,0.8874423379849112
0.130491384345393,0.041860399409999055
0.15853004324801817,-0.2770423517250027
-0.21511189270872683,-0.2770423517250027
0.37599535007632695,-0.2770423517250027
-0.007449283983791397,0.35371666935436463
-0.1754393402340036,-0.2770423517250027
0.16647453778343732,-0.2770423517250027
-0.21511189270872683,-0.2770423517250027
-0.07893359002727732,0.3466701881637285
0.3041512844278148,0.041860399409999055
-0.21511189270872683,0.039247769008147956
0.13287630878368914,0.034813918219362916
-0.042035328600308446,0.9042649057631592
-0.0214588022330209,-0.2770423517250027
0.08987558095218957,0.10310245079527625
0.25892857795022006,0.039247769008147956
1.4997947707779449,-0.2770423517250027
0.018892586023675214,1.109292721925316
-0.21511189270872683,-0.2770423517250027
-0.049880595977760206,-0.2770423517250027
-0.21511189270872683,0.7555224620228518
-0.0549071922951325,-0.2770423517250027
-0.05999402765062343,-0.2770423517250027
-0.04712183645851461,0.10310245079527625
-0.045001022982744124,-0.2770423517250027
-0.0801642770819265,-0.2770423517250027
-0.054373343252372495,-0.0401716056475077
0.016795190690647076,1.208954711364778
-0.04712183645851461,-0.2770423517250027
-0.21511189270872683,0.41024516827003543
-0.1754393402340036,-0.2770423517250027
0.20029525702943193,-0.2770423517250027
-0.21511189270872683,-0.2770423517250027
-0.21511189270872683,0.3511040389525136
0.3815666440660479,0.5905874154318597
0.18978600873084864,0.7771335662226467
0.11649404683398878,-0.2770423517250027
0.1730259412487768,0.039247769008147956
-0.11369715931079567,0.15303942051929295
0.485339842167851,1.1097733624782609
0.03002415243511276,-0.2770423517250027
0.029076650947461872,-0.2770423517250027
0.18434343539649772,0.7172868482900355
-0.004400671888003314,0.4693295412524436
-0.21511189270872683,-0.2770423517250027
-0.21511189270872683,0.278731145487494
0.08629770670368928,1.6620659631732706
0.8008293087526278,0.039247769008147956
-0.21511189270872683,0.39838409715503376
-0.21511189270872683,-0.2770423517250027
-0.21511189270872683,-0.2770423517250027
0.1951120146171846,0.034813918219362916
-0.21511189270872683,-0.0401716056475077
0.0639282422309372,-0.2770423517250027
-0.08955314845248344,0.41939257152842685
0.2884835557158212,-0.2770423517250027
-0.1357667877592804,-0.0401716056475077
-0.05999402765062343,-0.2770423517250027
-0.0801642770819265,-0.2770423517250027
0.30276643525086544,0.35815052014314974
0.56193817618275,-0.0401716056475077
-0.21511189270872683,0.10310245079527625
-0.0801642770819265,-0.2770423517250027
0.1237556115940847,0.5331842230395719
0.11990937603209852,-0.2770423517250027
0.0868573501671158,0.43661971088785007
0.4181007189267103,-0.2770423517250027
-0.1754393402340036,-0.2770423517250027
0.33853426171963974,0.034813918219362916
0.01874734038484833,-0.2770423517250027
-0.1754393402340036,-0.0401716056475077
0.2981960060971677,0.43661971088785007
-0.21511189270872683,-0.2770423517250027
1.430764289210121,1.1010560527793323
-0.07893359002727732,2.9609792762983584
0.03180578419732833,-0.2770423517250027
0.1473962698431668,0.10310245079527625
0.3998979802132354,0.6473199139958867
-0.1754393402340036,0.041860399409999055
-0.1754393402340036,0.039247769008147956
0.22129408150729088,-0.2770423517250027
0.020144698102635143,0.7102403670993994
-0.042035328600308446,-0.2770423517250027
-0.21511189270872683,-0.2770423517250027
0.047237334095030635,-0.2770423517250027
-0.21511189270872683,-0.2770423517250027
-0.020925212089874873,-0.2770423517250027
-0.21511189270872683,-0.2770423517250027
0.4932198591951981,0.35815052014314974
0.29321799239578566,-0.2770423517250027
0.4120401078453304,0.041860399409999055
0.4356654932373997,-0.2770423517250027
0.7189021582180959,0.034813918219362916
-0.1357667877592804,-0.2770423517250027
-0.21511189270872683,0.041860399409999055
-0.12287353563095205,-0.2770423517250027
0.25299919860958886,0.3511040389525136
0.010427549337120482,-0.2770423517250027
0.1302904688799277,-0.2770423517250027
0.031210658378576298,-0.2770423517250027
0.31082597309166754,0.10310245079527625
0.11497328886392606,0.09838889832566983
-0.21511189270872683,0.7974364519809505
0.06661734009578692,0.43661971088785007
0.040367870856944564,-0.2770423517250027
0.19369254660988114,0.15303942051929295
-0.21511189270872683,1.3935685483667752
-0.005649368224144911,-0.2770423517250027
0.20742064607512073,-0.2770423517250027
0.2641335035469552,-0.2770423517250027
-0.21511189270872683,-0.2770423517250027
0.01874734038484833,-0.2770423517250027
-0.21511189270872683,-0.2770423517250027
0.3644378901504056,0.5918572395842651
0.48824740129432437,-0.2770423517250027
-0.026133308102717214,0.15303942051929295
-0.042035328600308446,-0.2770423517250027
0.07951059222411522,-0.2770423517250027
-0.21511189270872683,1.287022338685289
-0.21511189270872683,-0.2770423517250027
-0.21511189270872683,-0.2770423517250027
0.02164208005579622,0.979269050302131
0.38918919126416973,-0.2770423517250027
-0.1754393402340036,-0.2770423517250027
-0.1754393402340036,-0.2770423517250027
0.5014881996044194,1.521977168386766
-0.1522323847283982,-0.2770423517250027
0.8460191879320523,0.38991016659678795
-0.03170023678952709,-0.2770423517250027
-0.07977265334213493,-0.2770423517250027
-0.1522323847283982,-0.2770423517250027
-0.21511189270872683,-0.2770423517250027
-0.1357667877592804,-0.2770423517250027
-0.1522323847283982,-0.2770423517250027
0.1257167476471322,0.034813918219362916
-0.09457974476985573,-0.2770423517250027
0.2313556568000131,-0.2770423517250027
-0.06580586057744044,0.10310245079527625
-0.11369715931079567,0.041860399409999055
-0.1522323847283982,0.22840655020078615
0.3345407240179986,-0.2770423517250027
-0.1357667877592804,-0.2770423517250027
-0.045321920698868104,-0.2770423517250027
0.5142176909383452,-0.2770423517250027
-0.1754393402340036,0.034813918219362916
-0.042035328600308446,0.7784033903750521
-0.1522323847283982,-0.0401716056475077
-0.21511189270872683,-0.2770423517250027
0.5603686923883139,0.924529296507243
0.09220058240312011,-0.2770423517250027
0.40134763177292704,-0.2770423517250027
-0.21511189270872683,0.217238141751591
-0.21511189270872683,-0.2770423517250027
-0.0023627761255851994,0.217238141751591
0.04195429589045375,0.039247769008147956
-0.1754393402340036,-0.2770423517250027
0.20842958842084036,-0.2770423517250027
0.2309897746342814,-0.2770423517250027
-0.12287353563095205,-0.2770423517250027
0.1482678341992336,0.39838409715503376
0.4472200349531377,-0.2770423517250027
0.03906827903816913,-0.2770423517250027
-0.21511189270872683,0.8521190900895174
0.1296232855261646,-0.2770423517250027
0.31440423751418517,0.8994113134967392
-0.1754393402340036,-0.2770423517250027
-0.02924500313760272,0.7335817701938222
0.16288990903888564,0.43661971088785007
-0.21511189270872683,1.1527688159216753
-0.21511189270872683,-0.2770423517250027
-0.21511189270872683,0.454108887829086
-0.21511189270872683,-0.2770423517250027
-0.21511189270872683,0.19669914042998726
0.14257388799002751,-0.2770423517250027
-0.1754393402340036,0.35371666935436463
-0.12287353563095205,-0.2770423517250027
0.1211580723682401,0.034813918219362916
-0.000427548392688476,-0.2770423517250027
-0.21511189270872683,0.4693295412524436
-0.06580586057744044,-0.2770423517250027
-0.21511189270872683,-0.2770423517250027
0.5510218552088333,1.165590280775591
0.11165148588393646,-0.2770423517250027
-0.21511189270872683,-0.2770423517250027
-0.21511189270872683,-0.2770423517250027
0.0004115149221691233,0.4693295412524436
-0.11369715931079567,0.039247769008147956
-0.21511189270872683,-0.2770423517250027
0.12376811717778921,-0.2770423517250027
0.46492081763419585,0.217238141751591
0.11870322085604586,0.3399731968727712
-0.1754393402340036,-0.2770423517250027
0.20002022349060242,-0.2770423517250027
-0.1754393402340036,-0.2770423517250027
-0.21511189270872683,-0.2770423517250027
-0.21511189270872683,-0.2770423517250027
0.14500974807107408,-0.2770423517250027
-0.1754393402340036,-0.2770423517250027
-0.21511189270872683,-0.2770423517250027
-0.21511189270872683,-0.2770423517250027
0.10212111273367437,-0.2770423517250027
0.2994068317937393,0.039247769008147956
-0.08365947443137661,0.034813918219362916
0.3655989587283534,-0.0401716056475077
-0.1754393402340036,-0.2770423517250027
0.008578882646398151,0.041860399409999055
-0.1754393402340036,-0.2770423517250027
0.255450745677159,0.10310245079527625
0.9348947898555166,0.7312488414727926
-0.1754393402340036,1.1000885623318108
0.7078470217543934,0.7338614718746436
-0.1522323847283982,-0.2770423517250027
-0.21511189270872683,-0.2770423517250027
-0.040491724607203274,-0.0401716056475077
-0.21511189270872683,0.15303942051929295
-0.12287353563095205,0.5405557497187589
-0.12287353563095205,-0.2770423517250027
0.5008744116741908,0.2716846642968579
0.28369236531468095,0.10310245079527625
-0.21511189270872683,-0.2770423517250027
-0.032421106500416394,-0.2770423517250027
0.081804959429077,-0.2770423517250027
-0.21511189270872683,-0.2770423517250027
-0.0549071922951325,0.034813918219362916
0.11872465342369079,-0.2770423517250027
-0.21511189270872683,0.034813918219362916
-0.05081765133046704,0.43661971088785007
0.0592079711567775,0.034813918219362916
0.543646319054458,-0.2770423517250027
0.30246739799978906,0.10310245079527625
-0.21511189270872683,-0.2770423517250027
-0.045321920698868104,0.7811858111968092
0.05297731952522066,-0.2770423517250027
0.18854993113447374,-0.2770423517250027
0.5493167353237722,0.034813918219362916
-0.09457974476985573,-0.2770423517250027
-0.034352054361349235,0.27611851508564295
0.019451003814830708,1.8298337205601896
-0.07893359002727732,-0.2770423517250027
0.5228163465833522,0.43661971088785007
-0.003755951690774689,0.39838409715503376
0.08604419517240897,0.536121898929974
0.23796067045472152,-0.2770423517250027
-0.1754393402340036,-0.2770423517250027
-0.1754393402340036,0.15303942051929295
-0.045321920698868104,-0.2770423517250027
-0.21511189270872683,-0.2770423517250027
0.02084417938002021,0.5284706705699656
0.508376491944156,-0.2770423517250027
0.2618184894592393,-0.2770423517250027
0.2677329722509107,0.217238141751591
0.19801420868532496,0.034813918219362916
0.2463200936412142,-0.2770423517250027
0.17451765783234424,-0.2770423517250027
-0.21511189270872683,-0.2770423517250027
-0.21511189270872683,-0.2770423517250027
-0.06878205302792458,-0.2770423517250027
-0.1522323847283982,-0.2770423517250027
-0.1754393402340036,-0.2770423517250027
-0.21511189270872683,0.039247769008147956
0.40377070314308033,-0.2770423517250027
-0.21511189270872683,0.5335282624847417
-0.043428504165497914,-0.2770423517250027
-0.1754393402340036,-0.2770423517250027
0.11364938353778317,0.10310245079527625
-0.0214588022330209,-0.2770423517250027
0.26845324987435226,-0.2770423517250027
-0.21511189270872683,0.9662226651308884
-0.006764739110014356,-0.2770423517250027
0.2577470991221836,0.039247769008147956
-0.21511189270872683,-0.0401716056475077
0.5724999230807144,-0.0401716056475077
-0.21511189270872683,0.3511040389525136
-0.1754393402340036,-0.2770423517250027
-0.21511189270872683,0.19669914042998726
1.1131491840765186,0.278731145487494
0.05015174312666912,0.7309691397919712
-0.21511189270872683,0.7221014382144011
-0.009648400039610474,-0.2770423517250027
-0.006038047631997344,0.039247769008147956
-0.1754393402340036,-0.2770423517250027
-0.01728476910159789,-0.2770423517250027
-0.0549071922951325,-0.2770423517250027
-0.04398692195665337,0.5950212662206447
0.030791890419788612,0.039247769008147956
-0.0214588022330209,-0.2770423517250027
-0.21511189270872683,-0.2770423517250027
-0.1357667877592804,-0.2770423517250027
1.0978587473725983,0.7529098316210007
-0.21511189270872683,-0.0401716056475077
0.10369316647830255,-0.2770423517250027
-0.21511189270872683,-0.2770423517250027
-0.006764739110014356,-0.2770423517250027
-0.1754393402340036,-0.2770423517250027
-0.21511189270872683,-0.0401716056475077
-0.08499447317359136,-0.2770423517250027
-0.05999402765062343,0.35371666935436463
-0.12299507852177384,0.19669914042998726
-0.21511189270872683,-0.2770423517250027
0.10291813286617549,0.22840655020078615
-0.21511189270872683,0.35815052014314974
-0.054373343252372495,-0.2770423517250027
0.34794057986325416,0.034813918219362916
0.05450745677201759,-0.2770423517250027
-0.21511189270872683,-0.2770423517250027
-0.1522323847283982,-0.2770423517250027
0.3392317506723142,0.15303942051929295
0.25192753504889387,-0.2770423517250027
-0.21511189270872683,-0.2770423517250027
-0.07977265334213493,-0.2770423517250027
0.27646216634842424,-0.2770423517250027
-0.1754393402340036,-0.2770423517250027
-0.21511189270872683,0.4648956904636586
-0.21511189270872683,0.22840655020078615
0.9885562628338728,0.15303942051929295
-0.21511189270872683,-0.2770423517250027
0.3703425069425595,0.09838889832566983
-0.022114965193262722,0.7017664365411537
-0.049880595977760206,-0.2770423517250027
-0.0012249823785160133,-0.2770423517250027
-0.1522323847283982,-0.2770423517250027
0.0681093139381044,-0.2770423517250027
0.1909550491060029,0.278731145487494
-0.11255983225367498,-0.2770423517250027
0.21795658595828485,0.536121898929974
0.17665043440893352,-0.2770423517250027
-0.21511189270872683,0.034813918219362916
-0.21511189270872683,-0.2770423517250027
0.13888055569701083,0.041860399409999055
-0.1754393402340036,0.4172916494606715
0.13095828426837938,-0.2770423517250027
0.17274781019278282,-0.2770423517250027
1.0576468360626383,0.034813918219362916
0.03917841846575236,-0.2770423517250027
-0.21511189270872683,-0.2770423517250027
0.6053499805127592,-0.2770423517250027
-0.05999402765062343,-0.2770423517250027
-0.09457974476985573,-0.2770423517250027
-0.1754393402340036,-0.2770423517250027
-0.0549071922951325,-0.2770423517250027
0.5995415162777264,-0.2770423517250027
-0.21511189270872683,0.039247769008147956
-0.21511189270872683,-0.2770423517250027
-0.1754393402340036,-0.2770423517250027
0.018806283617602098,0.217238141751591
0.0032359692389181257,-0.2770423517250027
-0.21511189270872683,-0.2770423517250027
0.30983202535945265,0.39838409715503376
0.3136318672591028,0.7009041551643614
-0.03643658323580509,-0.2770423517250027
0.12119346513441488,-0.2770423517250027
-0.045321920698868104,0.278731145487494
-0.07209365897513963,0.5905874154318597
-0.12299507852177384,1.14844288901476
0.03180578419732833,-0.2770423517250027
-0.043428504165497914,0.10310245079527625
0.1449053602432831,2.0492237336728287
-0.0023627761255851994,-0.0401716056475077
-0.21511189270872683,-0.2770423517250027
-0.21511189270872683,-0.2770423517250027
0.11952069662424605,1.154407271680153
-0.020779966451047977,-0.2770423517250027
-0.07893359002727732,-0.2770423517250027
-0.0435284306815056,-0.0401716056475077
0.4455806255245998,-0.2770423517250027
-0.1754393402340036,0.39838409715503376
0.25591404384605676,-0.2770423517250027
0.682915688314376,0.7146742178881844
-0.1754393402340036,-0.2770423517250027
-0.1754393402340036,0.034813918219362916
0.0564879683966066,0.2716846642968579
-0.0029263525971118197,0.041860399409999055
-0.21511189270872683,0.7908449227892963
0.08335769502284014,0.40462112952590285
0.7785787222271169,1.88668228478667
0.21143683127394944,0.2716846642968579
-0.06580586057744044,-0.2770423517250027
0.2636885403459442,0.034813918219362916
0.9559034767726999,-0.0401716056475077
0.12421487448753953,0.4648956904636586
0.4857575218361712,1.0303539878226053
-0.21511189270872683,-0.2770423517250027
-0.0801642770819265,-0.2770423517250027
-0.21511189270872683,0.09838889832566983
-0.0053284705080209015,0.7484759808322157
0.05128814119542371,0.039247769008147956
-0.1754393402340036,-0.2770423517250027
0.02643249650033428,0.6038378002514587
-0.07893359002727732,-0.2770423517250027
-0.1754393402340036,-0.0401716056475077
0.37756783950034845,-0.2770423517250027
0.18413003424678476,0.034813918219362916
0.3525142796546774,-0.2770423517250027
-0.1357667877592804,0.3466701881637285
-0.21511189270872683,0.42200520193027785
-0.08320098315622884,-0.0401716056475077
-0.0549071922951325,0.6629603088968792
0.17893483451753572,0.7221014382144011
-0.21511189270872683,-0.2770423517250027
0.10778186641282766,-0.2770423517250027
-0.024072958094241335,0.041860399409999055
-0.07209365897513963,-0.2770423517250027
0.4427859267313073,0.7784033903750521
0.11495397776993711,0.15303942051929295
0.10975775386059573,-0.0401716056475077
-0.1754393402340036,0.034813918219362916
-0.0053284705080209015,0.039247769008147956
-0.1357667877592804,2.343242607623095
-0.1522323847283982,0.59738294427187
0.0592079711567775,-0.2770423517250027
-0.042035328600308446,0.034813918219362916
0.22599246481618027,-0.2770423517250027
0.5580898482392765,-0.2770423517250027
-0.21511189270872683,0.039247769008147956
0.19710131147217733,-0.2770423517250027
-0.21511189270872683,-0.2770423517250027
0.29636309105422914,0.8494743437727226
0.1258030500532053,0.7291479194050371
-0.054373343252372495,-0.2770423517250027
0.3285540347106964,-0.2770423517250027
0.051183829507858145,0.034813918219362916
-0.010208043503036977,-0.2770423517250027
-0.02924500313760272,-0.2770423517250027
0.22707013448988647,-0.2770423517250027
-0.21511189270872683,-0.2770423517250027
0.1447878376950851,-0.2770423517250027
0.05251882825007289,0.10310245079527625
0.16246923754841788,0.039247769008147956
-0.07893359002727732,-0.2770423517250027
-0.03075672144399905,0.034813918219362916
-0.12287353563095205,0.4172916494606715
-0.21511189270872683,0.15303942051929295
-0.21511189270872683,-0.2770423517250027
-0.21511189270872683,-0.2770423517250027
-0.12299507852177384,-0.2770423517250027
-0.040491724607203274,-0.2770423517250027
-0.1754393402340036,1.5840419219702808
0.11402555492222584,0.034813918219362916
-0.01728476910159789,-0.2770423517250027
0.029076650947461872,0.278731145487494
-0.0801642770819265,0.39838409715503376
0.24998573467759747,0.2716846642968579
-0.04010010086741168,3.951277321274815
0.017878484997584494,-0.2770423517250027
-0.21511189270872683,-0.2770423517250027
-0.1754393402340036,-0.2770423517250027
-0.1357667877592804,-0.2770423517250027
-0.1754393402340036,-0.2770423517250027
0.22822248360919697,-0.0401716056475077
0.4502504911163882,-0.2770423517250027
0.4764196694031929,0.15303942051929295
-0.07402460683607244,-0.2770423517250027
-0.016893145361806285,-0.2770423517250027
-0.1754393402340036,-0.2770423517250027
-0.21511189270872683,-0.2770423517250027
0.3940867967278345,-0.2770423517250027
-0.21511189270872683,-0.2770423517250027
-0.1754393402340036,-0.2770423517250027
-0.1754393402340036,-0.2770423517250027
-0.015234639820409275,0.039247769008147956
0.2500230061591047,-0.2770423517250027
-0.1754393402340036,0.4648956904636586
-0.1522323847283982,0.034813918219362916
-0.1754393402340036,-0.2770423517250027
-0.045001022982744124,1.0934236869557974
-0.21511189270872683,-0.2770423517250027
0.9259039106354046,0.7484759808322157
0.31169051122142666,-0.2770423517250027
-0.21511189270872683,0.10310245079527625
0.9010305465939049,0.15303942051929295
0.9785236287624045,0.10310245079527625
-0.21511189270872683,1.39633769913909
-0.21511189270872683,-0.2770423517250027
-0.1754393402340036,-0.2770423517250027
0.10369316647830255,-0.2770423517250027
0.40582323543790816,1.8989062724265557
-0.08955314845248344,0.10310245079527625
0.05640564933931458,0.22426562898560826
-0.21511189270872683,-0.2770423517250027
0.10772371736844358,-0.2770423517250027
-0.21511189270872683,-0.0401716056475077
-0.026133308102717214,0.034813918219362916
-0.21511189270872683,0.39838409715503376
0.2412683086819102,-0.0401716056475077
0.134845105357621,0.15303942051929295
-0.02924500313760272,2.524426188406785
-0.21511189270872683,0.6085513527210651
-0.0029263525971118197,0.041860399409999055
0.0950158350415451,0.19669914042998726
-0.21511189270872683,-0.2770423517250027
-0.042035328600308446,0.039247769008147956
0.12119346513441488,1.8642058736953682
0.06165452560181258,0.41939257152842685
0.6170582604065594,1.0008993539937252
0.15213443005723895,-0.2770423517250027
0.07444615265871098,-0.2770423517250027
-0.1522323847283982,-0.2770423517250027
0.5307466743691358,0.9853467269097107
-0.21511189270872683,-0.0401716056475077
0.188324619967685,0.7382953226634287
0.29207468605609416,0.10310245079527625
0.1815339038639948,1.0357083176165367
-0.21511189270872683,0.39838409715503376
1.0063570756809146,-0.2770423517250027
0.5574848981941254,1.6995217794550017
-0.1754393402340036,-0.2770423517250027
-0.21511189270872683,-0.2770423517250027
0.3738960881644635,-0.0401716056475077
0.365193371177185,1.3387096574343647
-0.1522323847283982,-0.2770423517250027
-0.03170023678952709,-0.0401716056475077
-0.1522323847283982,0.278731145487494
-0.1357667877592804,-0.2770423517250027
-0.06580586057744044,-0.2770423517250027
-0.21511189270872683,0.034813918219362916
-0.1522323847283982,0.22840655020078615
0.20159575620718703,0.6473199139958867
-0.21511189270872683,-0.0401716056475077
0.09701406150992781,-0.2770423517250027
0.42135119657651826,-0.2770423517250027
-0.21511189270872683,0.5976338966224957
-0.21511189270872683,0.15303942051929295
-0.1357667877592804,-0.2770423517250027
0.0639282422309372,-0.0401716056475077
-0.1754393402340036,-0.2770423517250027
-0.12287353563095205,0.41495872073964185
-0.1754393402340036,0.10310245079527625
-0.003755951690774689,0.034813918219362916
0.8591552925789853,0.10310245079527625
0.10565936068271096,0.034813918219362916
-0.1357667877592804,-0.0401716056475077
-0.21511189270872683,0.838858155722903
0.4582332700302171,-0.2770423517250027
-0.21511189270872683,-0.2770423517250027
-0.21511189270872683,-0.2770423517250027
0.024255689756214,-0.2770423517250027
-0.03170023678952709,0.15303942051929295
0.20529983259935022,0.38991016659678795
-0.1357667877592804,-0.2770423517250027
0.1346020851101952,0.4470654830255971
0.23220012039797225,0.43661971088785007
-0.21511189270872683,-0.2770423517250027
0.879972408788873,0.5129892611631379
-0.11369715931079567,0.38991016659678795
-0.009214150994811,-0.2770423517250027
-0.21511189270872683,0.039247769008147956
0.08213024009074549,0.15303942051929295
0.12131500802523663,0.9162667014502529
0.3377509194409191,-0.2770423517250027
0.30809541379923766,2.2714497467723804
0.22585125811350407,-0.2770423517250027
-0.08955314845248344,-0.2770423517250027
-0.21511189270872683,-0.2770423517250027
-0.1754393402340036,-0.2770423517250027
0.445790530192196,0.536121898929974
-0.020925212089874873,-0.2770423517250027
0.2786235906279306,-0.2770423517250027
0.1886414618769755,1.5627313283220021
-0.21511189270872683,-0.2770423517250027
0.10212111273367437,-0.0401716056475077
-0.1754393402340036,-0.2770423517250027
-0.21511189270872683,0.10310245079527625
0.19801420868532496,3.3815054465931818
0.33025386257839917,0.5331842230395719
-0.07209365897513963,-0.2770423517250027
0.011952537105026476,-0.2770423517250027
1.0849478685508127,-0.2770423517250027
0.4550160575131705,-0.0401716056475077
-0.21511189270872683,-0.2770423517250027
-0.21511189270872683,0.278731145487494
-0.07209365897513963,-0.0401716056475077
-0.1754393402340036,0.041860399409999055
-0.049320952514333695,-0.2770423517250027
-0.21511189270872683,1.1286207833524946
0.015599594380481878,-0.2770423517250027
-0.21511189270872683,-0.2770423517250027
-0.21511189270872683,0.09838889832566983
-0.21511189270872683,0.15303942051929295
0.7958479015807532,-0.2770423517250027
-0.12299507852177384,0.041860399409999055
-0.21511189270872683,-0.2770423517250027
-0.07977265334213493,-0.2770423517250027
-0.21511189270872683,-0.2770423517250027
0.15132478534373053,-0.2770423517250027
0.10609423622898917,-0.2770423517250027
-0.1522323847283982,-0.2770423517250027
-0.07402460683607244,0.278731145487494
0.33639416554316526,-0.2770423517250027
0.008578882646398151,-0.2770423517250027
-0.1522323847283982,0.034813918219362916
-0.1754393402340036,0.41467901905882054
-0.1754393402340036,-0.2770423517250027
-0.1754393402340036,0.10310245079527625
0.05450745677201759,-0.2770423517250027
0.4022574915038264,-0.2770423517250027
0.002685208625291341,2.404628892336885
0.4147408402099692,0.15303942051929295
0.05847883609232532,0.536121898929974
-0.1357667877592804,0.22840655020078615
-0.21511189270872683,-0.2770423517250027
-0.1754393402340036,-0.2770423517250027
0.08007071540267237,0.41495872073964185
0.19254433365368265,-0.2770423517250027
-0.12287353563095205,0.35815052014314974
1.1513244873566186,0.041860399409999055
0.07938904933329345,0.3511040389525136
-0.1754393402340036,0.15303942051929295
0.0997521814878231,0.041860399409999055
0.6564837469608394,-0.2770423517250027
-0.1522323847283982,-0.2770423517250027
-0.1522323847283982,-0.2770423517250027
-0.21511189270872683,-0.2770423517250027
0.470144855902263,1.460435760066901
-0.1754393402340036,0.034813918219362916
0.23375400008432357,-0.2770423517250027
0.07037244210400906,-0.2770423517250027
-0.1357667877592804,0.217238141751591
-0.21511189270872683,-0.2770423517250027
-0.21511189270872683,1.7735378851921597
-0.04407322436272654,-0.2770423517250027
0.2974085103524976,-0.2770423517250027
-0.020925212089874873,0.3399731968727712
-0.1754393402340036,-0.0401716056475077
-0.21511189270872683,-0.2770423517250027
-0.1754393402340036,2.15519777682524
0.1549845862990516,0.10310245079527625
0.29624460706493294,-0.2770423517250027
-0.045321920698868104,-0.2770423517250027
-0.21511189270872683,-0.2770423517250027
-0.1357667877592804,-0.2770423517250027
-0.21511189270872683,0.3511040389525136
0.06637391247775866,1.0927180983407079
0.007251445974306824,0.22840655020078615
0.06133536650721087,0.041860399409999055
-0.04407322436272654,0.22426562898560826
0.03180578419732833,0.7771335662226467
0.09368083629933031,-0.2770423517250027
0.3226853629947513,-0.2770423517250027
-0.07209365897513963,-0.2770423517250027
0.45046112453388487,0.217238141751591
-0.0435284306815056,0.43661971088785007
0.3540473566861425,-0.2770423517250027
0.012465703735639858,0.35815052014314974
-0.21511189270872683,-0.2770423517250027
-0.08365947443137661,2.790284107503946
0.10470406081341459,-0.2770423517250027
0.14336571895302577,0.38991016659678795
0.18026916266180454,-0.2770423517250027
-0.1754393402340036,-0.2770423517250027
0.07147833667205156,-0.2770423517250027
0.3890192474294806,-0.2770423517250027
-0.03075672144399905,-0.2770423517250027
-0.1522323847283982,0.6980071211405983
0.0894170896770418,-0.2770423517250027
-0.007449283983791397,0.59738294427187
0.0774727470407057,0.039247769008147956
0.2782122165150547,1.1309537120735242
0.4408343699657689,-0.2770423517250027
-0.10373695724822402,0.35815052014314974
0.5177658619260828,0.35371666935436463
0.6609078313665263,0.7785288996753127
-0.21511189270872683,0.22840655020078615
0.36336413582401605,0.039247769008147956
0.008578882646398151,-0.2770423517250027
-0.21511189270872683,0.041860399409999055
-0.21511189270872683,0.15303942051929295
0.7441174534227195,-0.2770423517250027
-0.21511189270872683,-0.2770423517250027
-0.04398692195665337,0.039247769008147956
-0.1522323847283982,-0.2770423517250027
0.2609142492981898,1.053635259485624
0.01874734038484833,-0.2770423517250027
0.03434408196670232,-0.2770423517250027
0.0025636657344695686,-0.2770423517250027
0.41295073828267687,-0.2770423517250027
-0.21511189270872683,0.7555546773579845
-0.21511189270872683,-0.2770423517250027
-0.21511189270872683,-0.2770423517250027
-0.12299507852177384,-0.0401716056475077
0.8829346580340682,-0.2770423517250027
-0.1754393402340036,-0.2770423517250027
-0.1754393402340036,0.10310245079527625
0.3776677660163561,0.10310245079527625
-0.1754393402340036,-0.2770423517250027
0.05450745677201759,-0.2770423517250027
-0.12287353563095205,0.034813918219362916
-0.21511189270872683,-0.2770423517250027
0.09936069809113642,0.041860399409999055
-0.01272776485365948,-0.2770423517250027
0.10205792644608098,0.7221014382144011
-0.1522323847283982,0.5926693918022635
-0.1754393402340036,-0.2770423517250027
-0.1754393402340036,0.10310245079527625
0.1344534816178294,-0.2770423517250027
-0.07893359002727732,0.15303942051929295
0.026442924744523522,-0.2770423517250027
0.2077519604203836,-0.2770423517250027
-0.003755951690774689,-0.2770423517250027
0.23822018366408712,-0.2770423517250027
0.024255689756214,-0.2770423517250027
-0.05999402765062343,-0.2770423517250027
0.43502302515505875,-0.2770423517250027
0.09087439126407379,-0.2770423517250027
-0.21511189270872683,0.041860399409999055
0.07145839062672675,-0.2770423517250027
0.36711118317791286,-0.2770423517250027
-0.21511189270872683,-0.2770423517250027
0.024255689756214,0.536121898929974
-0.21511189270872683,-0.2770423517250027
0.03180578419732833,-0.2770423517250027
0.4295645384897904,0.039247769008147956
-0.07402460683607244,-0.2770423517250027
0.4396707024968135,0.034813918219362916
0.05015174312666912,-0.2770423517250027
-0.1754393402340036,-0.2770423517250027
0.26578002754026187,0.41024516827003543
0.07046444289451181,0.3466701881637285
0.019451003814830708,0.217238141751591
0.16875703594611702,-0.2770423517250027
-0.21511189270872683,-0.2770423517250027
0.018892586023675214,-0.2770423517250027
-0.21511189270872683,0.034813918219362916
0.20681757603864348,0.7974364519809505
-0.1754393402340036,-0.2770423517250027
-0.03170023678952709,0.27611851508564295
-0.21511189270872683,-0.2770423517250027
-0.1754393402340036,-0.2770423517250027
-0.1754393402340036,-0.2770423517250027
-0.21511189270872683,-0.2770423517250027
-0.21511189270872683,0.041860399409999055
-0.1522323847283982,-0.2770423517250027
-0.21511189270872683,0.09838889832566983
0.1981867291513036,-0.2770423517250027
-0.1754393402340036,-0.2770423517250027
-0.21511189270872683,0.6108962755134016
0.1847774097770095,0.9115531489806464
0.5557092710341163,-0.0401716056475077
0.041420705747307704,-0.2770423517250027
-0.07977265334213493,0.10310245079527625
0.016795190690647076,0.8771472552698928
-0.040491724607203274,-0.2770423517250027
0.23513587714268555,-0.0401716056475077
0.10087241639753274,-0.2770423517250027
-0.21511189270872683,-0.2770423517250027
0.0032359692389181257,-0.2770423517250027
-0.21511189270872683,-0.2770423517250027
-0.1754393402340036,-0.2770423517250027
0.6139666444505829,0.4693295412524436
-0.08320098315622884,-0.2770423517250027
-0.21511189270872683,-0.2770423517250027
-0.21511189270872683,0.09838889832566983
-0.21511189270872683,0.041860399409999055
0.4518909459732477,-0.2770423517250027
-0.21511189270872683,-0.2770423517250027
-0.1754393402340036,-0.2770423517250027
-0.21511189270872683,-0.2770423517250027
0.6643829889851702,1.3332132463872208
-0.02924500313760272,0.6038378002514587
-0.08320098315622884,-0.2770423517250027
-0.1522323847283982,0.034813918219362916
0.1588865624789011,0.15303942051929295
-0.1522323847283982,-0.2770423517250027
-0.21511189270872683,-0.2770423517250027
-0.03926103755255408,-0.2770423517250027
-0.03643658323580509,0.15303942051929295
0.12473957212376337,-0.2770423517250027
-0.08320098315622884,-0.2770423517250027
0.27443500927711434,1.0071363863645943
-0.08320098315622884,-0.2770423517250027
-0.1754393402340036,-0.0401716056475077
-0.05999402765062343,0.39838409715503376
-0.03926103755255408,-0.2770423517250027
-0.02910950055320134,0.034813918219362916
-0.09457974476985573,-0.2770423517250027
-0.21511189270872683,0.22426562898560826
-0.1522323847283982,-0.2770423517250027
-0.21511189270872683,-0.2770423517250027
0.22925191073454596,0.10310245079527625
-0.0801642770819265,0.39838409715503376
-0.1754393402340036,-0.2770423517250027
-0.11369715931079567,0.039247769008147956
0.6291342162366325,1.8356236309768907
0.07423618070566262,-0.2770423517250027
0.19751366918866034,0.5905874154318597
-0.21511189270872683,-0.2770423517250027
0.43619470001892774,-0.2770423517250027
-0.21511189270872683,-0.2770423517250027
0.3679411046568184,-0.2770423517250027
-0.12299507852177384,1.7060053847647862
0.4551270475771569,-0.2770423517250027
0.279595908861882,0.034813918219362916
-0.21511189270872683,0.41939257152842685
0.18775360222749354,0.3511040389525136
-0.09457974476985573,-0.2770423517250027
-0.21511189270872683,-0.2770423517250027
0.1931033562361877,-0.2770423517250027
0.18993467011249385,-0.2770423517250027
0.17274781019278282,-0.2770423517250027
-0.03170023678952709,0.039247769008147956
-0.11369715931079567,0.6588759480077729
-0.21511189270872683,0.536121898929974
-0.21511189270872683,-0.2770423517250027
-0.08499447317359136,-0.2770423517250027
-0.08365947443137661,-0.2770423517250027
-0.21511189270872683,0.039247769008147956
-0.1754393402340036,0.4611363750631032
-0.21511189270872683,-0.2770423517250027
0.2608040207146389,0.278731145487494
-0.1754393402340036,-0.2770423517250027
-0.11369715931079567,-0.2770423517250027
-0.0801642770819265,-0.2770423517250027
-0.08499447317359136,-0.2770423517250027
0.1940456617660727,0.3399731968727712
-0.0029263525971118197,0.5129892611631379
-0.1522323847283982,-0.2770423517250027
-0.0023413876920809597,2.993059518394481
-0.015234639820409275,-0.2770423517250027
-0.07402460683607244,-0.2770423517250027
0.70135128264149,0.15303942051929295
0.5186125922688225,0.39838409715503376
0.4750342493070591,0.35371666935436463
-0.004400671888003314,0.034813918219362916
0.6902810377285928,0.22426562898560826
-0.21511189270872683,0.32547290511368887
0.2248027117127924,2.7396858302844853
-0.21511189270872683,-0.2770423517250027
-0.21511189270872683,0.034813918219362916
-0.21511189270872683,-0.2770423517250027
0.1240031342935588,0.15303942051929295
-0.21511189270872683,1.2026415355965485
0.1975358651962366,0.217238141751591
0.34093249446864426,0.5835409342412236
-0.21511189270872683,0.10310245079527625
-0.1754393402340036,-0.0401716056475077
-0.21511189270872683,-0.2770423517250027
0.12147751190380024,-0.2770423517250027
0.4393900727561239,-0.0401716056475077
0.1669701931012381,-0.2770423517250027
-0.1754393402340036,-0.2770423517250027
-0.1754393402340036,0.15303942051929295
-0.21511189270872683,-0.2770423517250027
0.1579027017945377,-0.2770423517250027
-0.08955314845248344,-0.2770423517250027
0.09903131177693379,0.10310245079527625
-0.04712183645851461,0.039247769008147956
0.38420411178011,0.32547290511368887
0.20711734588712866,0.039247769008147956
0.2759077822697523,0.19669914042998726
0.23726927686644467,-0.2770423517250027
-0.21511189270872683,0.039247769008147956
0.14691994754962678,0.278731145487494
0.13098882191843303,-0.2770423517250027
0.16325820247467854,-0.2770423517250027
-0.21511189270872683,-0.2770423517250027
-0.045001022982744124,-0.0401716056475077
-0.1754393402340036,1.5922639824917888
0.1734067141678039,0.816764513408129
-0.12287353563095205,-0.2770423517250027
-0.0023413876920809597,1.2539248827580045
0.23864128071403837,-0.2770423517250027
0.35057086898186574,0.039247769008147956
0.3212166024941938,-0.2770423517250027
0.24818655576278703,1.0946935111082028
-0.03075672144399905,-0.2770423517250027
-0.0053284705080209015,0.6700067900875154
-0.08955314845248344,-0.2770423517250027
-0.12287353563095205,0.039247769008147956
-0.08499447317359136,-0.0401716056475077
0.27110572709636255,-0.2770423517250027
-0.02910950055320134,0.041860399409999055
-0.21511189270872683,-0.2770423517250027
-0.21511189270872683,0.039247769008147956
-0.21511189270872683,-0.2770423517250027
0.05699984012903117,-0.2770423517250027
0.16625499151920026,0.8594585008537606
-0.1754393402340036,-0.2770423517250027
0.0025636657344695686,-0.2770423517250027
0.08433058181883557,0.041860399409999055
-0.21511189270872683,0.034813918219362916
-0.21511189270872683,-0.2770423517250027
0.012344160844818071,-0.2770423517250027
-0.11255983225367498,0.41495872073964185
-0.007449283983791397,-0.2770423517250027
-0.21511189270872683,-0.2770423517250027
0.46013200522295405,0.22426562898560826
-0.12287353563095205,0.5879747850300087
-0.009648400039610474,-0.2770423517250027
-0.21511189270872683,0.2716846642968579
0.030791890419788612,-0.2770423517250027
0.08162684836517692,0.041860399409999055
-0.1754393402340036,-0.2770423517250027
-0.1357667877592804,2.498847349328992
0.14486572810451825,-0.2770423517250027
0.2987351349325757,0.217238141751591
0.5723799263657583,-0.2770423517250027
-0.21511189270872683,-0.2770423517250027
0.07700371725736545,-0.2770423517250027
-0.12299507852177384,-0.2770423517250027
0.13901187363316023,-0.0401716056475077
-0.21511189270872683,0.034813918219362916
0.14336571895302577,-0.2770423517250027
-0.12299507852177384,-0.2770423517250027
0.2627539395408594,0.4648956904636586
-0.1754393402340036,-0.0401716056475077
0.19945777525795552,-0.2770423517250027
0.5051076046175499,-0.2770423517250027
-0.07209365897513963,-0.2770423517250027
0.5507897094813822,0.034813918219362916
0.0182137502417023,0.4652772962782811
-0.0435284306815056,0.039247769008147956
0.21592337222707342,0.7785288996753127
-0.0214588022330209,0.7338614718746436
-0.21511189270872683,-0.2770423517250027
0.22813446160923997,-0.2770423517250027
0.25499601905304015,-0.2770423517250027
-0.1754393402340036,0.8887002128946319
0.1488647599199838,0.41024516827003543
-0.12299507852177384,-0.2770423517250027
-0.006764739110014356,-0.2770423517250027
0.28503370393245925,0.039247769008147956
-0.1754393402340036,-0.2770423517250027
0.023334761159028425,0.034813918219362916
0.12094366286104023,0.10310245079527625
-0.1522323847283982,0.7672349819258572
-0.21511189270872683,0.217238141751591
0.6517722522498121,-0.2770423517250027
0.12119346513441488,0.27611851508564295
-0.21511189270872683,-0.2770423517250027
0.02164208005579622,0.7164773994702686
-0.1754393402340036,-0.2770423517250027
-0.01728476910159789,-0.2770423517250027
-0.1522323847283982,0.034813918219362916
0.09608626288991022,0.10310245079527625
0.08811104143845469,0.22840655020078615
-0.21511189270872683,-0.2770423517250027
-0.04407322436272654,2.2040141404150755
0.3401518801853846,0.4693295412524436
-0.024072958094241335,-0.2770423517250027
-0.21511189270872683,0.041860399409999055
0.09087439126407379,-0.2770423517250027
-0.1522323847283982,-0.2770423517250027
0.019451003814830708,0.7164773994702686
0.11165148588393646,0.9201279209846095
-0.043428504165497914,0.10310245079527625
-0.21511189270872683,0.034813918219362916
0.3348480324479785,0.43661971088785007
0.02084417938002021,-0.2770423517250027
-0.016054082046948685,0.041860399409999055
-0.21511189270872683,-0.2770423517250027
-0.21511189270872683,-0.2770423517250027
0.2855926656161278,0.15303942051929295
0.33436725358872843,-0.2770423517250027
-0.07209365897513963,-0.2770423517250027
-0.1754393402340036,-0.2770423517250027
-0.1754393402340036,0.034813918219362916
0.1462542029725053,0.09838889832566983
0.1557081080335642,-0.2770423517250027
0.12094366286104023,0.034813918219362916
-0.21511189270872683,-0.0401716056475077
0.06312885652457335,0.6373291750580545
0.06324558039145226,0.5335282624847417
0.15706220715619917,-0.2770423517250027
-0.1754393402340036,1.7033606384479913
0.13503421875039406,0.10310245079527625
-0.21511189270872683,0.039247769008147956
-0.12287353563095205,-0.2770423517250027
-0.21511189270872683,0.15303942051929295
0.30837000252788,0.039247769008147956
-0.1754393402340036,-0.2770423517250027
0.2485977177927792,-0.2770423517250027
-0.21511189270872683,-0.2770423517250027
-0.07402460683607244,1.3016368476428615
-0.1754393402340036,0.034813918219362916
0.04195429589045375,0.034813918219362916
-0.21511189270872683,-0.2770423517250027
-0.21511189270872683,0.034813918219362916
0.05450745677201759,0.039247769008147956
-0.1754393402340036,-0.2770423517250027
0.2864571758857493,-0.2770423517250027
-0.1754393402340036,0.41024516827003543
-0.03075672144399905,0.9068775361650102
0.46376349984667087,0.8204116803187186
-0.1754393402340036,0.3511040389525136
0.6190009886754617,-0.0401716056475077
0.8657172639703854,0.10310245079527625
-0.03075672144399905,1.0071363863645943
-0.21511189270872683,-0.2770423517250027
0.17574895687580983,0.034813918219362916
-0.1522323847283982,-0.2770423517250027
0.18522263291523486,-0.2770423517250027
-0.1522323847283982,0.9136730650050205
0.9798633506188638,0.15303942051929295
-0.21511189270872683,-0.0401716056475077
0.15861782811406902,0.3399731968727712
-0.21511189270872683,-0.2770423517250027
0.08629770670368928,0.41024516827003543
0.764736620549513,-0.2770423517250027
-0.06580586057744044,-0.2770423517250027
0.20348917274055722,0.217238141751591
0.15011345625612543,-0.2770423517250027
1.5583578067379003,0.32547290511368887
-0.21511189270872683,0.15303942051929295
-0.21511189270872683,0.10310245079527625
-0.21511189270872683,-0.2770423517250027
0.8704486651819259,0.22426562898560826
-0.1754393402340036,0.5446966709339368
0.5023227252053605,0.15303942051929295
-0.21511189270872683,-0.2770423517250027
0.6330624015522147,0.8450404929839376
0.0687492034221851,-0.0401716056475077
0.3801529601834043,-0.2770423517250027
-0.12299507852177384,-0.2770423517250027
-0.21511189270872683,0.217238141751591
-0.1357667877592804,-0.2770423517250027
0.04499497772843837,0.15303942051929295
0.11539833623040151,0.43661971088785007
0.10950466220929471,0.54316838012061
0.6213455734477804,1.7638458705557793
-0.01728476910159789,-0.2770423517250027
-0.1522323847283982,-0.2770423517250027
0.3516177509234829,0.034813918219362916
0.3058244485946501,-0.2770423517250027
-0.0023413876920809597,-0.0401716056475077
0.29562145253707833,1.382567636415267
0.20981234343734748,-0.2770423517250027
-0.03926103755255408,0.39838409715503376
-0.1754393402340036,1.2366977433985813
-0.21511189270872683,0.039247769008147956
0.567876798691789,-0.2770423517250027
0.18910285881004216,-0.0401716056475077
-0.045321920698868104,-0.2770423517250027
-0.07402460683607244,-0.2770423517250027
-0.09457974476985573,-0.2770423517250027
0.16936116469293597,1.0903851696196782
-0.1522323847283982,-0.2770423517250027
0.13287630878368914,-0.2770423517250027
-0.21511189270872683,-0.2770423517250027
0.14500974807107408,-0.2770423517250027
-0.12299507852177384,0.041860399409999055
0.10098290513327872,-0.2770423517250027
-0.049880595977760206,-0.2770423517250027
-0.1754393402340036,0.15303942051929295
0.047237334095030635,-0.2770423517250027
0.03180578419732833,0.19669914042998726
-0.21511189270872683,0.034813918219362916
0.18687337678676283,0.039247769008147956
0.0182137502417023,-0.2770423517250027
0.22780098285943157,0.15303942051929295
-0.21511189270872683,0.2716846642968579
0.5203884240922573,0.034813918219362916
-0.1522323847283982,-0.2770423517250027
-0.21511189270872683,-0.2770423517250027
-0.043428504165497914,-0.2770423517250027
-0.21511189270872683,-0.2770423517250027
-0.21511189270872683,-0.2770423517250027
0.5907701964142331,0.10310245079527625
-0.04712183645851461,-0.2770423517250027
0.5520121985583476,0.10310245079527625
-0.21511189270872683,-0.2770423517250027
0.0770790750249777,-0.2770423517250027
0.006834988628075403,0.034813918219362916
-0.042035328600308446,-0.2770423517250027
-0.1754393402340036,-0.2770423517250027
0.5453238952722821,1.365211827749168
0.11115088914677476,-0.2770423517250027
-0.21511189270872683,0.10310245079527625
0.21365104972215518,0.10310245079527625
-0.12287353563095205,0.39838409715503376
-0.1522323847283982,-0.2770423517250027
-0.21511189270872683,0.039247769008147956
-0.1522323847283982,0.7021480423557761
0.4350395592132962,0.22426562898560826
0.052093780883597424,0.039247769008147956
-0.21511189270872683,0.034813918219362916
-0.12287353563095205,0.217238141751591
0.14590229128811372,0.6518294668171368
-0.09457974476985573,-0.2770423517250027
-0.21511189270872683,-0.2770423517250027
0.21041488103436323,0.4470654830255971
-0.1522323847283982,0.35815052014314974
-0.08320098315622884,-0.2770423517250027
0.5300108904498918,-0.2770423517250027
-0.21511189270872683,-0.2770423517250027
0.026442924744523522,2.1673172068537223
0.14257388799002751,-0.2770423517250027
-0.21511189270872683,0.278731145487494
0.18989198003030175,-0.2770423517250027
0.4469600170487526,0.09838889832566983
0.17735758487277545,-0.2770423517250027
0.07849681933856266,-0.2770423517250027
0.10220741513974747,0.15303942051929295
0.12016207378277946,0.039247769008147956
-0.21511189270872683,-0.2770423517250027
-0.21511189270872683,0.10310245079527625
-0.08955314845248344,0.7172868482900355
0.30865059335331374,-0.2770423517250027
-0.07977265334213493,-0.2770423517250027
0.13909798862824937,0.041860399409999055
0.2883614707445376,0.6718280104744492
-0.12287353563095205,0.09838889832566983
0.2973565912952199,-0.2770423517250027
-0.0004941340089708645,-0.2770423517250027
-0.1754393402340036,-0.2770423517250027
0.5285823581045672,-0.2770423517250027
-0.042035328600308446,0.8403269405143311
-0.1522323847283982,-0.2770423517250027
-0.21511189270872683,-0.2770423517250027
0.47510959030908245,0.22840655020078615
-0.1754393402340036,-0.2770423517250027
-0.1754393402340036,0.041860399409999055
-0.1357667877592804,0.034813918219362916
0.4734287902361618,-0.2770423517250027
0.0916226801779821,0.15303942051929295
0.2800723358777927,0.9020239438985903
-0.21511189270872683,-0.2770423517250027
-0.05999402765062343,-0.2770423517250027
0.5753333373933731,-0.2770423517250027
0.1985387440223368,0.5835409342412236
0.01775525896655453,-0.2770423517250027
0.24112042020112998,0.15303942051929295
-0.040491724607203274,-0.2770423517250027
-0.21511189270872683,-0.2770423517250027
-0.21511189270872683,-0.2770423517250027
0.06253486266502421,-0.2770423517250027
0.3741610453879697,-0.2770423517250027
0.5238985764624784,0.039247769008147956
-0.21511189270872683,-0.2770423517250027
-0.21511189270872683,0.034813918219362916
-0.0023627761255851994,-0.2770423517250027
0.4725817301661467,0.034813918219362916
-0.08365947443137661,-0.2770423517250027
-0.21511189270872683,-0.2770423517250027
-0.21511189270872683,-0.2770423517250027
-0.21511189270872683,-0.2770423517250027
-0.06878205302792458,-0.2770423517250027
0.04291740456344106,0.034813918219362916
-0.009214150994811,0.41495872073964185
-0.03926103755255408,-0.2770423517250027
-0.1754393402340036,0.039247769008147956
0.22620368242504568,-0.2770423517250027
-0.21511189270872683,-0.2770423517250027
-0.21511189270872683,-0.2770423517250027
-0.0012249823785160133,-0.0401716056475077
0.08547361796776042,0.32547290511368887
-0.1754393402340036,-0.2770423517250027
0.8641282037520235,1.3133524439330138
-0.1754393402340036,-0.2770423517250027
-0.1754393402340036,-0.2770423517250027
-0.21511189270872683,-0.2770423517250027
0.17453099386426507,-0.2770423517250027
0.4068510915143075,-0.2770423517250027
0.18486661270290455,0.10310245079527625
-0.21511189270872683,0.6673941596856643
-0.21511189270872683,0.039247769008147956
0.051146046941897234,-0.2770423517250027
-0.1754393402340036,0.039247769008147956
0.21521744011652805,-0.2770423517250027
-0.1754393402340036,0.6085513527210651
-0.21511189270872683,-0.2770423517250027
0.3075735444492688,-0.2770423517250027
0.1875452309764132,0.041860399409999055
0.0032359692389181257,-0.2770423517250027
-0.21511189270872683,0.5996968790362808
0.2101309586394362,0.278731145487494
-0.21511189270872683,-0.0401716056475077
-0.12287353563095205,-0.2770423517250027
0.18785806761666476,-0.2770423517250027
-0.21511189270872683,-0.2770423517250027
0.8805993175819555,0.039247769008147956
0.012998912002568419,0.6543474012299039
0.2568770930173486,0.034813918219362916
-0.1357667877592804,-0.2770423517250027
0.3375901677025423,-0.2770423517250027
-0.1754393402340036,-0.0401716056475077
-0.1754393402340036,0.43661971088785007
-0.1522323847283982,-0.2770423517250027
-0.03170023678952709,0.7265352890031862
-0.09457974476985573,-0.2770423517250027
0.8359395663398728,-0.2770423517250027
0.24707402398589381,0.40462112952590285
-0.1754393402340036,0.3511040389525136
0.8147955025452164,1.9499226120329174
0.2767843314347844,-0.2770423517250027
0.23545200070124048,-0.2770423517250027
-0.020925212089874873,-0.2770423517250027
0.1338155265558643,-0.0401716056475077
0.017557587281460486,0.5331842230395719
0.03591660078394853,1.8927328056218022
0.4008838709359889,0.7312488414727926
0.3856950075757066,1.270447715100681
0.24018432242104987,-0.2770423517250027
0.047237334095030635,-0.0401716056475077
-0.21511189270872683,-0.2770423517250027
0.10772371736844358,-0.2770423517250027
0.5199024666439876,-0.2770423517250027
0.22265910817224438,0.5331842230395719
-0.045321920698868104,0.041860399409999055
-0.1754393402340036,-0.2770423517250027
-0.1754393402340036,-0.2770423517250027
-0.21511189270872683,-0.2770423517250027
0.14055530315068446,0.32547290511368887
-0.21511189270872683,-0.2770423517250027
-0.21511189270872683,0.40462112952590285
-0.1522323847283982,-0.2770423517250027
-0.1754393402340036,-0.2770423517250027
-0.042035328600308446,0.041860399409999055
-0.21511189270872683,0.27611851508564295
-0.1754393402340036,-0.2770423517250027
0.754758986104325,0.7555546773579845
-0.1754393402340036,-0.2770423517250027
0.03917841846575236,0.041860399409999055
-0.1754393402340036,-0.2770423517250027
-0.21511189270872683,-0.2770423517250027
0.28272707263786034,0.039247769008147956
0.05251882825007289,-0.2770423517250027
0.06215369584537706,0.039247769008147956
0.02643249650033428,0.7164773994702686
-0.03170023678952709,0.034813918219362916
-0.003755951690774689,-0.2770423517250027
0.5878728169974622,0.15303942051929295
-0.21511189270872683,-0.2770423517250027
0.15022458631020794,0.43661971088785007
-0.21511189270872683,0.041860399409999055
-0.0549071922951325,-0.2770423517250027
-0.21511189270872683,0.217238141751591
-0.21511189270872683,0.034813918219362916
-0.21511189270872683,-0.2770423517250027
-0.21511189270872683,0.278731145487494
-0.06891755561232596,0.09838889832566983
0.6408142018310558,-0.2770423517250027
0.021532569350830158,0.039247769008147956
0.29050042173749246,1.3549232456985112
0.05128814119542371,-0.2770423517250027
-0.1754393402340036,0.041860399409999055
-0.21511189270872683,-0.2770423517250027
-0.1754393402340036,0.041860399409999055
-0.016054082046948685,0.15303942051929295
0.11032410443583411,1.1327870146206518
-0.21511189270872683,-0.2770423517250027
-0.21511189270872683,0.039247769008147956
-0.21511189270872683,0.22426562898560826
-0.1522323847283982,0.3399731968727712
0.13432254676263997,-0.2770423517250027
0.061314632530519456,-0.2770423517250027
-0.21511189270872683,-0.2770423517250027
-0.21511189270872683,-0.2770423517250027
-0.12299507852177384,-0.2770423517250027
0.37048918001393,0.22426562898560826
-0.08320098315622884,0.47853370084594876
0.48755751678821707,-0.0401716056475077
0.31588215607992104,0.278731145487494
0.11459795755760681,-0.0401716056475077
-0.08320098315622884,-0.2770423517250027
-0.1522323847283982,0.217238141751591
-0.21511189270872683,0.2716846642968579
0.1535529896082942,-0.2770423517250027
-0.21511189270872683,-0.2770423517250027
-0.21511189270872683,-0.2770423517250027
-0.11369715931079567,-0.2770423517250027
-0.08320098315622884,-0.2770423517250027
0.2044097151967189,-0.0401716056475077
0.09551218835033516,-0.2770423517250027
-0.08320098315622884,-0.2770423517250027
0.18145891576519244,0.041860399409999055
0.053465085281103754,-0.2770423517250027
-0.21511189270872683,-0.2770423517250027
-0.11369715931079567,0.7209112502590536
0.05640564933931458,-0.2770423517250027
0.0687492034221851,-0.2770423517250027
-0.21511189270872683,0.6414918756033979
0.4793157950548009,0.43661971088785007
-0.21511189270872683,-0.2770423517250027
-0.1522323847283982,0.15303942051929295
-0.1522323847283982,-0.2770423517250027
-0.21511189270872683,-0.2770423517250027
-0.02910950055320134,-0.2770423517250027
0.31984772787342713,-0.2770423517250027
0.17948424939860722,-0.2770423517250027
-0.07209365897513963,1.3343023968878094
-0.1754393402340036,1.4454814179971032
-0.03170023678952709,-0.2770423517250027
-0.21511189270872683,0.7102403670993994
-0.1754393402340036,0.034813918219362916
-0.21511189270872683,2.95986188009286
-0.07977265334213493,-0.2770423517250027
-0.0029263525971118197,1.6032365901093528
-0.1754393402340036,1.3316631762437288
-0.04407322436272654,-0.2770423517250027
-0.21511189270872683,-0.2770423517250027
0.31550056018319206,0.039247769008147956
0.1167761962480964,-0.2770423517250027
-0.04010010086741168,-0.2770423517250027
-0.1357667877592804,-0.2770423517250027
-0.043428504165497914,-0.2770423517250027
-0.08499447317359136,1.3254408407668723
-0.04398692195665337,0.43661971088785007
-0.12287353563095205,-0.2770423517250027
-0.07209365897513963,-0.2770423517250027
-0.07977265334213493,-0.2770423517250027
-0.026133308102717214,1.626971412845716
0.3311218825011559,-0.2770423517250027
-0.21511189270872683,-0.2770423517250027
0.6910793502505275,-0.2770423517250027
-0.020779966451047977,-0.2770423517250027
-0.21511189270872683,0.034813918219362916
-0.21511189270872683,-0.2770423517250027
-0.1357667877592804,-0.2770423517250027
-0.09457974476985573,-0.2770423517250027
0.15439205292315178,-0.2770423517250027
0.3713783869891271,-0.2770423517250027
-0.01728476910159789,0.039247769008147956
-0.03643658323580509,0.7338614718746436
0.03553767476527974,0.6038378002514587
0.2926717510843121,0.6673941596856643
-0.03170023678952709,-0.0401716056475077
-0.08499447317359136,-0.2770423517250027
-0.12287353563095205,-0.2770423517250027
0.27577023040869364,-0.2770423517250027
0.4198664624702702,0.217238141751591
0.3027878236843697,-0.2770423517250027
-0.06878205302792458,0.22426562898560826
-0.09457974476985573,-0.2770423517250027
0.12131500802523663,-0.2770423517250027
-0.08955314845248344,0.15303942051929295
-0.06891755561232596,-0.2770423517250027
0.10799602859958876,0.35815052014314974
0.14745441888755087,-0.2770423517250027
-0.21511189270872683,-0.2770423517250027
-0.21511189270872683,-0.2770423517250027
-0.21511189270872683,0.041860399409999055
-0.020925212089874873,0.10310245079527625
-0.12299507852177384,0.15303942051929295
-0.000427548392688476,0.8887002128946319
0.015757671521814013,0.54316838012061
-0.12287353563095205,0.034813918219362916
-0.11369715931079567,-0.2770423517250027
0.7202536281616714,0.039247769008147956
0.29756857098783934,0.041860399409999055
-0.07402460683607244,1.2568626580685955
-0.21511189270872683,1.5686867126778283
-0.12299507852177384,0.6044104315058872
0.29219834886308876,-0.2770423517250027
0.055801773841969673,-0.2770423517250027
-0.07209365897513963,-0.2770423517250027
0.10415900849609246,-0.2770423517250027
-0.21511189270872683,-0.2770423517250027
0.0007256104532259361,0.43661971088785007
-0.21511189270872683,-0.2770423517250027
-0.1754393402340036,-0.2770423517250027
0.23571591130865505,-0.2770423517250027
-0.12299507852177384,0.42200520193027785
-0.08499447317359136,-0.2770423517250027
0.07969492390221196,-0.2770423517250027
-0.049880595977760206,1.7959204175066024
0.41418733898813354,-0.2770423517250027
0.11165148588393646,0.41495872073964185
0.2197387535029842,1.259621910124054
0.26590589989517965,-0.2770423517250027
0.00845733975557638,0.10310245079527625
-0.0023413876920809597,0.22426562898560826
0.37116771091505985,-0.2770423517250027
0.1831263328294796,0.039247769008147956
-0.08955314845248344,0.8550436440215944
-0.1357667877592804,-0.2770423517250027
0.2787689880223482,0.039247769008147956
0.6119441812847172,-0.2770423517250027
0.22560819077175148,0.8550246500649755
-0.21511189270872683,-0.2770423517250027
-0.08955314845248344,0.039247769008147956
-0.1754393402340036,0.15303942051929295
-0.054373343252372495,0.5405557497187589
-0.12287353563095205,0.039247769008147956
-0.04398692195665337,-0.2770423517250027
0.1878888923454643,0.041860399409999055
-0.1754393402340036,0.039247769008147956
-0.21511189270872683,0.15303942051929295
-0.1754393402340036,0.7692168356849812
-0.21511189270872683,0.10310245079527625
-0.049320952514333695,2.364689034864771
0.09888052363150078,-0.2770423517250027
-0.1754393402340036,0.034813918219362916
-0.21511189270872683,-0.2770423517250027
-0.004400671888003314,-0.2770423517250027
-0.21511189270872683,-0.2770423517250027
0.3967305450263931,-0.0401716056475077
-0.12299507852177384,-0.2770423517250027
-0.040491724607203274,-0.2770423517250027
0.14311633153770387,0.39838409715503376
0.07495358797617684,-0.2770423517250027
0.5160138969348931,-0.2770423517250027
0.047115791204208876,-0.0401716056475077
0.0007256104532259361,-0.2770423517250027
0.1694585894906427,0.27611851508564295
0.16635650429359644,0.039247769008147956
0.13177763079344618,-0.2770423517250027
-0.06580586057744044,0.22426562898560826
-0.07402460683607244,-0.2770423517250027
-0.21511189270872683,0.039247769008147956
0.19443298099473572,0.15303942051929295
-0.1754393402340036,0.27611851508564295
0.6748511882286717,0.039247769008147956
0.25030823881320297,0.09838889832566983
-0.1754393402340036,-0.2770423517250027
-0.049880595977760206,0.9662036711742695
-0.022114965193262722,0.10310245079527625
-0.1754393402340036,0.15303942051929295
-0.08365947443137661,0.7811858111968092
-0.045321920698868104,-0.2770423517250027
-0.21511189270872683,-0.2770423517250027
0.6216405431128688,0.15303942051929295
-0.21511189270872683,0.034813918219362916
-0.1754393402340036,-0.2770423517250027
0.23505321298301066,0.041860399409999055
-0.12287353563095205,0.039247769008147956
-0.1522323847283982,-0.2770423517250027
0.5569163597160626,-0.2770423517250027
0.45906665015066156,-0.2770423517250027
0.1622840269876556,-0.2770423517250027
0.21263722625759407,-0.2770423517250027
0.7505927648823452,0.2716846642968579
-0.21511189270872683,-0.2770423517250027
-0.21511189270872683,-0.0401716056475077
0.22146973694507394,0.039247769008147956
0.026442924744523522,0.32547290511368887
-0.1754393402340036,-0.2770423517250027
-0.08320098315622884,0.7382953226634287
0.15738310487232318,0.039247769008147956
-0.21511189270872683,0.039247769008147956
0.07812012257093041,0.22840655020078615
0.27079057227229375,-0.2770423517250027
0.17320425319199415,-0.2770423517250027
0.11649404683398878,-0.2770423517250027
-0.08320098315622884,-0.2770423517250027
0.16735291825346912,0.673490456965345
-0.045321920698868104,-0.2770423517250027
0.05297731952522066,0.41024516827003543
0.15897971803507832,-0.2770423517250027
0.7233406645431086,0.10310245079527625
1.2135845242502055,-0.2770423517250027
0.210751667581398,0.43661971088785007
0.3914651633809332,0.7856196619855943
-0.21511189270872683,0.5905874154318597
-0.08365947443137661,0.9038329990808226
0.03917841846575236,0.6443756562486905
0.6263609951554068,0.8667014831321457
0.2934211532878758,-0.2770423517250027
0.37375599438301904,-0.2770423517250027
0.11894527563934584,0.7785288996753127
0.2606180387809454,-0.2770423517250027
-0.1754393402340036,-0.2770423517250027
0.04880985291227683,0.43661971088785007
-0.21511189270872683,-0.2770423517250027
-0.21511189270872683,-0.2770423517250027
-0.21511189270872683,-0.2770423517250027
0.09163408364122065,1.0008993539937252
0.08987558095218957,0.39838409715503376
-0.11369715931079567,-0.2770423517250027
-0.1754393402340036,0.034813918219362916
-0.1357667877592804,0.278731145487494
-0.21511189270872683,-0.2770423517250027
-0.08499447317359136,0.2716846642968579
-0.21511189270872683,-0.2770423517250027
-0.1754393402340036,-0.2770423517250027
0.5937263669617305,0.15303942051929295
0.18753498114682005,-0.2770423517250027
0.40638145093999317,-0.2770423517250027
-0.020925212089874873,-0.0401716056475077
-0.21511189270872683,0.039247769008147956
-0.043428504165497914,0.15303942051929295
0.09667239260375436,2.0642593814044488
-0.05999402765062343,-0.2770423517250027
0.07145839062672675,0.034813918219362916
0.4122144830914774,0.3511040389525136
-0.21511189270872683,-0.2770423517250027
0.3678596862488554,-0.2770423517250027
-0.21511189270872683,-0.2770423517250027
-0.09457974476985573,-0.2770423517250027
-0.21511189270872683,-0.2770423517250027
-0.003755951690774689,0.41024516827003543
-0.21511189270872683,0.22840655020078615
-0.0801642770819265,-0.2770423517250027
0.1278472298982654,-0.2770423517250027
-0.21511189270872683,-0.2770423517250027
-0.21511189270872683,-0.2770423517250027
0.5487087621387478,-0.2770423517250027
0.6511817294240227,-0.2770423517250027
-0.1754393402340036,0.039247769008147956
-0.040491724607203274,-0.2770423517250027
-0.21511189270872683,-0.2770423517250027
0.43388025077254727,-0.2770423517250027
-0.1754393402340036,1.071844798091135
-0.21511189270872683,-0.2770423517250027
-0.1754393402340036,-0.2770423517250027
-0.21511189270872683,-0.2770423517250027
0.11298137807631346,0.15303942051929295
-0.07893359002727732,-0.2770423517250027
0.37972806797775716,-0.2770423517250027
0.46309801957649527,-0.2770423517250027
0.28599748930393815,-0.0401716056475077
-0.07402460683607244,0.6085513527210651
0.015757671521814013,-0.2770423517250027
-0.21511189270872683,0.09838889832566983
0.18358965063069407,-0.2770423517250027
-0.1754393402340036,-0.2770423517250027
-0.020779966451047977,-0.2770423517250027
-0.21511189270872683,0.039247769008147956
-0.004400671888003314,-0.2770423517250027
-0.1754393402340036,-0.2770423517250027
-0.043428504165497914,-0.0401716056475077
-0.21511189270872683,0.35371666935436463
0.13325195008433768,-0.2770423517250027
0.20045207907318358,-0.2770423517250027
0.1548360044087583,-0.2770423517250027
-0.020779966451047977,-0.2770423517250027
0.304143504838731,-0.2770423517250027
-0.21511189270872683,-0.2770423517250027
-0.21511189270872683,-0.2770423517250027
0.01775525896655453,0.2716846642968579
0.6784803870188888,0.15303942051929295
-0.1754393402340036,-0.2770423517250027
0.31913780743077974,0.8318920122981396
-0.21511189270872683,0.041860399409999055
0.0774727470407057,-0.2770423517250027
0.10369316647830255,1.136282059574234
-0.1754393402340036,0.039247769008147956
-0.08499447317359136,-0.2770423517250027
0.10465070263684925,0.039247769008147956
-0.05999402765062343,-0.2770423517250027
0.050203028477466355,-0.2770423517250027
-0.1754393402340036,0.039247769008147956
0.2232622031054173,-0.2770423517250027
0.4177439991913211,0.35815052014314974
0.195386273838227,0.034813918219362916
-0.1522323847283982,-0.2770423517250027
-0.06878205302792458,-0.2770423517250027
0.3975845976074864,0.59738294427187
0.360283127801976,-0.2770423517250027
0.5293832736057319,0.3399731968727712
-0.21511189270872683,-0.2770423517250027
0.00712234101336165,-0.2770423517250027
0.00712234101336165,0.041860399409999055
0.060516731854743405,0.3466701881637285
-0.21511189270872683,-0.2770423517250027
-0.1357667877592804,0.3466701881637285
-0.21511189270872683,0.034813918219362916
0.4316940654907008,-0.2770423517250027
-0.12287353563095205,-0.2770423517250027
-0.1754393402340036,0.041860399409999055
-0.0801642770819265,1.2049903336277823
0.130491384345393,0.041860399409999055
-0.21511189270872683,-0.2770423517250027
-0.1522323847283982,-0.2770423517250027
-0.21511189270872683,-0.2770423517250027
0.18295181923683496,0.7009041551643614
0.09484751475938862,-0.2770423517250027
-0.07209365897513963,-0.2770423517250027
0.0919561589277905,-0.2770423517250027
0.04290852171364134,-0.2770423517250027
-0.21511189270872683,0.039247769008147956
0.1172101187748487,0.43661971088785007
-0.1754393402340036,0.15303942051929295
-0.007449283983791397,0.19669914042998726
0.4977004568626795,-0.2770423517250027
-0.06580586057744044,0.217238141751591
-0.21511189270872683,-0.2770423517250027
0.11011684207535925,-0.2770423517250027
-0.21511189270872683,-0.2770423517250027
-0.1357667877592804,-0.2770423517250027
-0.21511189270872683,0.43661971088785007
-0.07209365897513963,-0.2770423517250027
-0.12287353563095205,-0.2770423517250027
-0.21511189270872683,-0.2770423517250027
-0.21511189270872683,-0.2770423517250027
0.11649404683398878,0.034813918219362916
0.0996069358489962,-0.2770423517250027
0.3061137144202751,0.2716846642968579
-0.21511189270872683,-0.2770423517250027
0.2281713569398356,1.220123119813973
0.30741095479218117,1.053635259485624
-0.08332252604705057,0.9038329990808226
-0.03926103755255408,0.9024436853762253
-0.05081765133046704,0.041860399409999055
-0.1754393402340036,-0.2770423517250027
0.11675162749970093,0.039247769008147956
-0.11255983225367498,-0.2770423517250027
0.2853652470022624,-0.0401716056475077
0.04843848896373147,0.15303942051929295
0.19048967216083101,0.8540852557036829
0.14185674814749494,0.15303942051929295
-0.05999402765062343,0.041860399409999055
-0.045321920698868104,1.3002727235048883
0.3103348795837279,0.59738294427187
-0.21511189270872683,-0.2770423517250027
-0.21511189270872683,-0.2770423517250027
-0.1754393402340036,-0.2770423517250027
-0.12287353563095205,0.4648956904636586
0.43665763039211086,-0.2770423517250027
-0.1754393402340036,0.217238141751591
0.21521744011652805,0.041860399409999055
-0.1754393402340036,-0.0401716056475077
0.24998573467759747,-0.2770423517250027
0.19067876419227742,-0.2770423517250027
-0.21511189270872683,0.039247769008147956
-0.1357667877592804,-0.2770423517250027
-0.21511189270872683,0.38991016659678795
-0.1357667877592804,0.10310245079527625
0.6251225667445525,3.7205370983307686
-0.07402460683607244,-0.2770423517250027
-0.1754393402340036,0.43661971088785007
-0.1522323847283982,-0.2770423517250027
-0.21511189270872683,-0.2770423517250027
-0.1754393402340036,-0.2770423517250027
-0.04407322436272654,-0.2770423517250027
0.08412996429633322,-0.2770423517250027
0.6865001144491569,-0.2770423517250027
-0.21511189270872683,-0.2770423517250027
-0.0801642770819265,0.5361408928865928
0.38959870125936025,0.034813918219362916
0.2571674663999411,1.254065021975007
0.05543022399653721,-0.2770423517250027
-0.21511189270872683,-0.2770423517250027
-0.022114965193262722,-0.2770423517250027
-0.21511189270872683,0.22426562898560826
0.1693420008511479,0.3511040389525136
0.3219123676262957,-0.0401716056475077
0.1559221901699487,0.3511040389525136
-0.21511189270872683,-0.2770423517250027
-0.07402460683607244,0.10310245079527625
-0.09457974476985573,0.5335282624847417
0.4974970400382784,-0.2770423517250027
0.016420260224339785,0.034813918219362916
-0.08320098315622884,0.19669914042998726
-0.07977265334213493,0.039247769008147956
0.30355652342107226,0.5623436511911838
-0.0549071922951325,-0.0401716056475077
0.1578419242880091,0.10310245079527625
-0.21511189270872683,-0.2770423517250027
0.13141677554352713,1.0948190204084631
0.0804320470714594,0.034813918219362916
-0.12287353563095205,-0.2770423517250027
-0.014700790777649261,-0.2770423517250027
0.3873449715392614,-0.2770423517250027
0.5051391450732221,0.10310245079527625
-0.0053284705080209015,0.10310245079527625
-0.032421106500416394,-0.2770423517250027
-0.1522323847283982,-0.0401716056475077
0.01874734038484833,0.041860399409999055
-0.004400671888003314,0.039247769008147956
0.6151796355934761,0.7847659320461818
0.6976158558936647,0.770054969117067
-0.049880595977760206,1.3002727235048883
-0.21511189270872683,-0.2770423517250027
-0.1754393402340036,-0.2770423517250027
-0.21511189270872683,0.039247769008147956
0.21365104972215518,0.27611851508564295
0.12603764536325618,-0.2770423517250027
-0.1522323847283982,-0.0401716056475077
-0.1522323847283982,-0.2770423517250027
0.1781356238781306,0.15303942051929295
0.045786090914108464,0.039247769008147956
-0.04712183645851461,-0.2770423517250027
0.8525777371445304,0.039247769008147956
0.06324558039145226,1.0171942758975119
-0.09457974476985573,0.15303942051929295
0.046916436378906655,-0.2770423517250027
-0.0004941340089708645,-0.2770423517250027
-0.21511189270872683,-0.2770423517250027
-0.1754393402340036,-0.2770423517250027
-0.1754393402340036,-0.2770423517250027
0.041598557911593774,-0.2770423517250027
-0.026133308102717214,-0.2770423517250027
-0.21511189270872683,-0.2770423517250027
0.0032359692389181257,-0.2770423517250027
0.018806283617602098,-0.2770423517250027
-0.1754393402340036,-0.2770423517250027
0.0032359692389181257,0.3511040389525136
-0.1754393402340036,0.15303942051929295
-0.1754393402340036,-0.2770423517250027
-0.04407322436272654,0.10310245079527625
-0.21511189270872683,0.10310245079527625
-0.12287353563095205,-0.0401716056475077
-0.08365947443137661,-0.2770423517250027
0.16631823885297953,-0.2770423517250027
0.1782256285809472,1.2299631857381712
-0.07402460683607244,0.034813918219362916
-0.21511189270872683,-0.2770423517250027
-0.08320098315622884,1.4281954730603177
-0.21511189270872683,-0.2770423517250027
-0.01272776485365948,-0.2770423517250027
-0.05081765133046704,-0.2770423517250027
0.32166129069689436,-0.2770423517250027
0.2472627190505644,0.35815052014314974
-0.04010010086741168,-0.2770423517250027
0.18365011409798862,-0.2770423517250027
-0.000427548392688476,0.22426562898560826
0.47202126771327824,2.534772148452191
0.03290781336470885,0.15303942051929295
-0.1357667877592804,-0.2770423517250027
0.24949991905927613,-0.2770423517250027
0.22321752596339986,-0.2770423517250027
0.02361847042777452,0.10310245079527625
-0.0004941340089708645,0.4693295412524436
-0.21511189270872683,-0.0401716056475077
-0.1522323847283982,-0.2770423517250027
-0.1357667877592804,0.034813918219362916
-0.1754393402340036,-0.2770423517250027
-0.07893359002727732,-0.2770423517250027
-0.01728476910159789,-0.2770423517250027
0.15554622219199782,0.041860399409999055
0.010563051921521864,-0.2770423517250027
0.8155554853058733,-0.2770423517250027
-0.07893359002727732,0.39838409715503376
-0.21511189270872683,0.834253690349365
0.4653598722141624,0.039247769008147956
0.03730977634913804,0.7102403670993994
-0.1754393402340036,-0.2770423517250027
-0.0053284705080209015,1.3382407177170768
0.3067815280302217,0.35815052014314974
0.6701669638666831,-0.2770423517250027
-0.07977265334213493,0.278731145487494
0.026310953609512553,0.039247769008147956
0.026380462286911443,0.35371666935436463
-0.21511189270872683,-0.2770423517250027
-0.21511189270872683,0.4648956904636586
0.40222529542048757,0.15303942051929295
-0.21511189270872683,0.10310245079527625
0.2492608391392445,0.9541575943675306
-0.1754393402340036,0.7934832417451104
-0.06891755561232596,0.217238141751591
-0.1522323847283982,0.6744406408763003
-0.0549071922951325,1.2522703918303026
-0.009648400039610474,-0.2770423517250027
-0.21511189270872683,-0.2770423517250027
-0.1754393402340036,-0.2770423517250027
-0.1522323847283982,-0.2770423517250027
0.24634866146789228,-0.2770423517250027
0.14662427095897057,0.10310245079527625
0.2032619368369321,-0.2770423517250027
0.19126032802174012,0.5831211927635885
0.17933018456639913,1.1427780769838431
-0.21511189270872683,-0.2770423517250027
0.09936069809113642,0.27611851508564295
0.22410229027729411,2.546652560554235
0.37454049104134146,0.034813918219362916
-0.21511189270872683,0.35815052014314974
-0.004400671888003314,-0.2770423517250027
-0.21511189270872683,-0.2770423517250027
-0.21511189270872683,0.5950212662206447
-0.21511189270872683,-0.2770423517250027
-0.21511189270872683,0.041860399409999055
-0.04398692195665337,-0.2770423517250027
-0.03170023678952709,-0.2770423517250027
-0.01272776485365948,-0.2770423517250027
0.04779294384597363,-0.2770423517250027
0.4664525792256855,0.6352548432325288
-0.21511189270872683,-0.2770423517250027
0.260393177168989,0.22840655020078615
-0.21511189270872683,0.41495872073964185
-0.21511189270872683,-0.2770423517250027
-0.21511189270872683,-0.2770423517250027
-0.21511189270872683,-0.2770423517250027
0.010427549337120482,0.41024516827003543
-0.1754393402340036,-0.2770423517250027
0.08668891536963753,1.1327870146206518
-0.06891755561232596,-0.2770423517250027
0.3412115276268009,1.2660138643118959
-0.1754393402340036,-0.2770423517250027
0.0919561589277905,-0.2770423517250027
0.29950579079348494,-0.2770423517250027
-0.12299507852177384,0.10310245079527625
0.3307595774833731,0.5331842230395719
-0.1522323847283982,0.9113113869537953
0.2039493018612067,0.39838409715503376
-0.034352054361349235,1.1689144917957828
-0.049320952514333695,-0.2770423517250027
0.45062192640982635,0.39838409715503376
-0.21511189270872683,-0.2770423517250027
0.1118422827350516,-0.2770423517250027
-0.040491724607203274,0.15303942051929295
-0.1754393402340036,-0.2770423517250027
-0.12287353563095205,-0.0401716056475077
-0.04407322436272654,-0.2770423517250027
-0.21511189270872683,-0.2770423517250027
0.03002415243511276,-0.2770423517250027
0.0774727470407057,-0.2770423517250027
-0.016054082046948685,0.8318920122981396
0.22971918242533032,-0.2770423517250027
0.32985472361762663,0.3399731968727712
-0.1754393402340036,1.1683770949077243
0.016815415921883358,0.454108887829086
0.6854320448304023,0.7172868482900355
0.9919478202951469,-0.2770423517250027
-0.21511189270872683,-0.2770423517250027
0.302578860591721,0.10310245079527625
-0.21511189270872683,-0.2770423517250027
-0.21511189270872683,-0.2770423517250027
-0.016054082046948685,0.673490456965345
0.11520367743085018,-0.2770423517250027
-0.004314369481930167,-0.2770423517250027
0.5183570837895168,-0.2770423517250027
0.1719105703629074,-0.2770423517250027
0.7433013946268571,1.071844798091135
-0.21511189270872683,-0.2770423517250027
-0.21511189270872683,-0.2770423517250027
-0.1754393402340036,0.3466701881637285
1.5934727573692784,0.10310245079527625
-0.21511189270872683,-0.2770423517250027
0.07147833667205156,-0.2770423517250027
0.0378001945659825,-0.2770423517250027
-0.1754393402340036,-0.2770423517250027
0.026310953609512553,0.034813918219362916
-0.004400671888003314,-0.0401716056475077
-0.1357667877592804,-0.2770423517250027
0.4954523714049916,0.15303942051929295
0.20228714979546386,2.958301467481626
-0.11369715931079567,-0.2770423517250027
-0.09609423528455714,0.4172916494606715
0.1167761962480964,0.38991016659678795
-0.032421106500416394,0.10310245079527625
-0.12299507852177384,-0.2770423517250027
0.23861691027486964,-0.2770423517250027
0.4266800527907392,0.10310245079527625
-0.07977265334213493,-0.2770423517250027
0.8218960997169575,-0.2770423517250027
0.14042729463320625,-0.2770423517250027
0.304290618430338,-0.2770423517250027
-0.21511189270872683,-0.2770423517250027
-0.21511189270872683,-0.2770423517250027
-0.21511189270872683,0.10310245079527625
-0.21511189270872683,-0.0401716056475077
0.6808863581890746,0.7703990085622366
0.5874562445326418,-0.2770423517250027
0.37613349367332305,1.434407269136831
-0.21511189270872683,-0.2770423517250027
-0.054373343252372495,-0.0401716056475077
-0.022114965193262722,0.034813918219362916
-0.05999402765062343,0.3399731968727712
-0.21511189270872683,-0.2770423517250027
-0.21511189270872683,0.039247769008147956
0.20284445254332858,-0.2770423517250027
-0.07893359002727732,-0.0401716056475077
-0.1754393402340036,-0.2770423517250027
-0.12287353563095205,0.7742624691598743
0.46340208878223677,0.27295448844926334
0.2992016524801993,-0.2770423517250027
0.21012257932733816,0.10310245079527625
-0.12287353563095205,-0.2770423517250027
0.33510029328401747,0.22426562898560826
-0.1754393402340036,0.039247769008147956
0.26629893664258353,-0.2770423517250027
0.024971761697073942,0.041860399409999055
-0.1357667877592804,0.041860399409999055
-0.09457974476985573,-0.2770423517250027
0.22660525437045728,0.041860399409999055
-0.1357667877592804,0.034813918219362916
1.3706040545936717,1.0903851696196782
0.5909885752415002,-0.2770423517250027
0.42713943853738245,1.8859554765649724
-0.01272776485365948,-0.2770423517250027
-0.0801642770819265,-0.2770423517250027
0.13084814484079607,-0.2770423517250027
-0.1522323847283982,0.2716846642968579
-0.21511189270872683,-0.2770423517250027
-0.1357667877592804,0.15303942051929295
-0.1522323847283982,0.15303942051929295
-0.21511189270872683,-0.2770423517250027
0.5154965063148481,0.034813918219362916
0.08258995703816428,0.4611363750631032
-0.21511189270872683,-0.2770423517250027
0.22124169682346662,-0.2770423517250027
-0.21511189270872683,-0.2770423517250027
0.04662515422896606,-0.2770423517250027
0.20562945965891577,1.4217156033760416
0.041420705747307704,0.15303942051929295
0.1136167129978397,-0.2770423517250027
-0.21511189270872683,-0.2770423517250027
-0.1522323847283982,0.32547290511368887
-0.1357667877592804,-0.2770423517250027
0.19172375003594916,0.034813918219362916
-0.1754393402340036,-0.2770423517250027
0.12668236556048476,-0.2770423517250027
0.6391756447470727,0.4648956904636586
-0.06891755561232596,-0.2770423517250027
-0.21511189270872683,-0.2770423517250027
-0.21511189270872683,-0.2770423517250027
0.37486370424633153,-0.0401716056475077
-0.1754393402340036,-0.0401716056475077
-0.21511189270872683,-0.2770423517250027
-0.049880595977760206,0.039247769008147956
0.03180578419732833,-0.2770423517250027
0.27307414930907553,-0.2770423517250027
0.2352302599537954,1.0861187391042397
-0.12287353563095205,-0.2770423517250027
0.11929321839551561,1.0800475784059391
0.08746549632069685,0.041860399409999055
0.023566561049780062,-0.2770423517250027
0.12269675855768697,0.039247769008147956
0.5384847966244506,0.217238141751591
-0.034352054361349235,0.41495872073964185
0.16189240324786394,0.41495872073964185
-0.21511189270872683,-0.2770423517250027
-0.11369715931079567,0.35815052014314974
0.5075311053695223,-0.2770423517250027
-0.21511189270872683,-0.0401716056475077
0.06661734009578692,-0.2770423517250027
0.26656011342902464,2.1049581484565953
-0.049320952514333695,0.217238141751591
0.16312309030251318,1.0069257151945616
-0.1357667877592804,0.7771335662226467
-0.21511189270872683,-0.2770423517250027
0.3537343378510161,0.10310245079527625
-0.21511189270872683,-0.2770423517250027
-0.21511189270872683,-0.2770423517250027
0.06556471660561995,-0.2770423517250027
0.04511652061926016,-0.2770423517250027
-0.1522323847283982,-0.2770423517250027
-0.21511189270872683,-0.2770423517250027
0.020144698102635143,-0.2770423517250027
0.1671845171288708,1.5867378358338318
0.14336571895302577,0.4611363750631032
-0.1754393402340036,0.5129892611631379
0.08848240538700006,1.082292844876055
0.3942426614876647,0.589244609182414
-0.06580586057744044,0.19669914042998726
-0.004400671888003314,-0.2770423517250027
-0.05999402765062343,-0.2770423517250027
0.33041796348880564,-0.2770423517250027
-0.1522323847283982,0.7730116389640878
0.35113856236643076,0.039247769008147956
0.03002415243511276,-0.2770423517250027
0.8249898046488606,-0.2770423517250027
-0.1754393402340036,-0.0401716056475077
0.6992356262603968,0.041860399409999055
-0.1522323847283982,-0.2770423517250027
0.24356239543643443,-0.2770423517250027
0.3304346327358186,3.2038819530544513
0.13335338877405356,-0.2770423517250027
0.44569044419524917,0.15303942051929295
-0.12287353563095205,-0.2770423517250027
-0.0801642770819265,-0.2770423517250027
-0.21511189270872683,-0.2770423517250027
0.20857971106775872,-0.2770423517250027
-0.21511189270872683,-0.2770423517250027
-0.049880595977760206,-0.2770423517250027
-0.07893359002727732,0.4652772962782811
-0.1754393402340036,0.39838409715503376
-0.21511189270872683,-0.2770423517250027
0.7741289158686535,1.4255828426584667
-0.05999402765062343,0.22840655020078615
0.33054500733867764,-0.2770423517250027
-0.21511189270872683,-0.2770423517250027
-0.21511189270872683,0.278731145487494
0.3647941130511604,0.039247769008147956
0.29110498003509533,0.8667014831321457
-0.0029263525971118197,-0.0401716056475077
-0.1754393402340036,-0.2770423517250027
-0.21511189270872683,0.034813918219362916
-0.1522323847283982,-0.2770423517250027
0.6928607848885044,0.39838409715503376
-0.05999402765062343,0.5361408928865928
0.18679633986781433,-0.0401716056475077
0.21751490318403388,-0.2770423517250027
-0.11369715931079567,-0.2770423517250027
0.019451003814830708,0.15303942051929295
-0.04407322436272654,-0.2770423517250027
-0.21511189270872683,-0.2770423517250027
-0.009214150994811,0.034813918219362916
0.30721413578707096,1.3498670897563367
-0.21511189270872683,-0.2770423517250027
0.8982978433073309,-0.2770423517250027
-0.1522323847283982,0.9386371826186485
-0.03926103755255408,1.1677709504419387
0.4002338464217658,-0.2770423517250027
0.05450745677201759,-0.2770423517250027
0.49348910789016265,-0.2770423517250027
-0.06580586057744044,0.41024516827003543
-0.21511189270872683,1.1357723690799915
-0.21511189270872683,-0.2770423517250027
0.6128938105701895,-0.2770423517250027
0.3478817101344912,-0.2770423517250027
0.1683546059288627,-0.2770423517250027
0.3587984705067994,0.6518294668171368
0.18305695649439518,0.041860399409999055
0.4947678233050771,3.1446311032108847
-0.08320098315622884,0.6518294668171368
-0.1357667877592804,-0.2770423517250027
-0.21511189270872683,0.7102403670993994
0.5015501346681627,0.15303942051929295
-0.03926103755255408,0.041860399409999055
0.5767667902507748,-0.2770423517250027
0.023566561049780062,-0.2770423517250027
0.4597317262862591,0.35371666935436463
-0.21511189270872683,0.4693295412524436
0.03180578419732833,-0.2770423517250027
-0.21511189270872683,-0.2770423517250027
-0.1522323847283982,0.27295448844926334
0.3853058201590281,0.15303942051929295
-0.06891755561232596,-0.2770423517250027
-0.04398692195665337,-0.2770423517250027
-0.12287353563095205,0.9156940701958244
-0.09457974476985573,-0.2770423517250027
0.0639282422309372,1.200149153461187
0.4044052769577246,-0.2770423517250027
-0.21511189270872683,0.034813918219362916
-0.04010010086741168,-0.2770423517250027
-0.1754393402340036,-0.2770423517250027
-0.21511189270872683,-0.0401716056475077
-0.21511189270872683,-0.2770423517250027
0.08713519773654264,-0.2770423517250027
0.15369810739694903,0.10310245079527625
0.2070583352883813,0.10310245079527625
-0.1754393402340036,0.039247769008147956
-0.21511189270872683,-0.2770423517250027
-0.045321920698868104,-0.2770423517250027
-0.016054082046948685,0.039247769008147956
-0.21511189270872683,-0.2770423517250027
-0.07893359002727732,-0.2770423517250027
0.586085443478615,0.8540852557036829
-0.006764739110014356,-0.2770423517250027
-0.04407322436272654,0.4611363750631032
-0.12287353563095205,0.034813918219362916
-0.05999402765062343,0.6352548432325288
0.051146046941897234,0.278731145487494
0.460038082254756,0.217238141751591
-0.1357667877592804,0.19669914042998726
-0.08320098315622884,0.034813918219362916
0.0985110323909952,0.034813918219362916
0.4046050688716948,0.15303942051929295
0.05297731952522066,0.7102403670993994
0.6367738923318346,0.5623436511911838
-0.21511189270872683,-0.2770423517250027
-0.1754393402340036,0.217238141751591
-0.21511189270872683,-0.2770423517250027
-0.21511189270872683,0.7815674170114318
-0.12287353563095205,-0.2770423517250027
0.4105641521418878,0.10310245079527625
1.0768678267768184,1.1182831921387555
0.17524150222451898,-0.2770423517250027
0.27190400468531484,0.10310245079527625
0.7538704685180591,0.3399731968727712
0.08987558095218957,-0.2770423517250027
-0.016054082046948685,0.5879747850300087
-0.1754393402340036,0.034813918219362916
0.3529182522086283,-0.0401716056475077
0.0961605208713298,0.3511040389525136
0.39594378215950526,-0.2770423517250027
-0.01272776485365948,-0.2770423517250027
-0.04712183645851461,-0.2770423517250027
-0.08955314845248344,0.041860399409999055
0.19491229107207786,2.2478955796068223
0.1305289344573046,-0.2770423517250027
-0.06580586057744044,0.10310245079527625
-0.1357667877592804,-0.2770423517250027
-0.21511189270872683,-0.2770423517250027
0.0919561589277905,0.217238141751591
-0.009648400039610474,-0.2770423517250027
-0.1754393402340036,0.32547290511368887
0.19855273406035484,0.22426562898560826
-0.045001022982744124,-0.0401716056475077
0.013558555465994937,0.5446966709339368
-0.1357667877592804,0.15303942051929295
-0.21511189270872683,-0.2770423517250027
-0.21511189270872683,0.27611851508564295
-0.000427548392688476,-0.2770423517250027
-0.04712183645851461,-0.2770423517250027
-0.1754393402340036,-0.2770423517250027
-0.1754393402340036,-0.2770423517250027
0.03527188058671992,2.2576379607621044
0.294150461213388,-0.2770423517250027
0.15465167685197725,0.10310245079527625
0.010563051921521864,-0.0401716056475077
0.0687492034221851,-0.2770423517250027
-0.06891755561232596,0.7164773994702686
-0.03643658323580509,-0.2770423517250027
-0.1357667877592804,-0.2770423517250027
0.09264987199994389,-0.2770423517250027
-0.049320952514333695,0.7268149906840075
1.084538934998427,-0.2770423517250027
-0.21511189270872683,-0.2770423517250027
-0.07209365897513963,-0.2770423517250027
-0.21511189270872683,-0.2770423517250027
-0.0266736404721548,0.7742624691598743
0.26848917683012485,2.876303899713217
0.04290852171364134,-0.2770423517250027
0.3085001026138837,-0.2770423517250027
0.19281949132536688,-0.2770423517250027
0.17424705427769846,1.396732575003155
0.06205398294616912,-0.2770423517250027
0.13177763079344618,0.39838409715503376
-0.0023627761255851994,0.278731145487494
-0.21511189270872683,-0.2770423517250027
0.6920567137882048,-0.2770423517250027
0.22443926788774418,-0.2770423517250027
-0.006038047631997344,1.6528286863719246
0.08335769502284014,-0.0401716056475077
0.24312110577941953,-0.2770423517250027
0.11885749077329497,0.4172916494606715
-0.07209365897513963,2.051702041120489
0.7863337703131166,0.8667014831321457
-0.005902545047595962,1.1120461597678866
-0.0004941340089708645,0.43661971088785007
0.09385850746671627,-0.2770423517250027
0.3260754414663806,-0.2770423517250027
-0.03926103755255408,-0.2770423517250027
-0.21511189270872683,-0.2770423517250027
-0.08365947443137661,-0.2770423517250027
-0.009214150994811,-0.0401716056475077
0.32652009949823024,0.041860399409999055
-0.1754393402340036,0.09838889832566983
-0.21511189270872683,-0.2770423517250027
-0.0004941340089708645,0.034813918219362916
-0.12287353563095205,-0.2770423517250027
0.26566501729090347,1.0219078283671181
-0.1754393402340036,0.9201279209846095
-0.21511189270872683,-0.2770423517250027
-0.12287353563095205,-0.2770423517250027
1.236928277331326,0.7312488414727926
-0.1754393402340036,0.40462112952590285
-0.21511189270872683,-0.2770423517250027
-0.02910950055320134,0.27611851508564295
0.07147833667205156,0.4611363750631032
0.25033843655066873,0.8667014831321457
-0.07402460683607244,-0.2770423517250027
-0.21511189270872683,0.22840655020078615
-0.1522323847283982,0.034813918219362916
0.45204938048889026,-0.2770423517250027
-0.1754393402340036,0.43661971088785007
0.08848240538700006,0.15303942051929295
-0.21511189270872683,-0.2770423517250027
-0.21511189270872683,-0.2770423517250027
0.03002415243511276,0.41939257152842685
-0.21511189270872683,-0.2770423517250027
0.08299558307662079,-0.2770423517250027
-0.1357667877592804,-0.0401716056475077
-0.21511189270872683,-0.2770423517250027
0.5343817403476538,0.2716846642968579
0.05699984012903117,1.365211827749168
0.18932539069191304,0.22426562898560826
-0.1754393402340036,0.034813918219362916
-0.21511189270872683,0.15303942051929295
-0.0549071922951325,-0.2770423517250027
-0.04398692195665337,-0.2770423517250027
0.05841989285957156,2.6656001380366834
-0.043428504165497914,0.39838409715503376
0.05015174312666912,-0.2770423517250027
-0.1754393402340036,-0.0401716056475077
-0.21511189270872683,-0.2770423517250027
0.02694478762106371,-0.2770423517250027
-0.006764739110014356,-0.2770423517250027
0.023456304049850153,-0.2770423517250027
0.27030062074539785,-0.2770423517250027
-0.004314369481930167,0.3511040389525136
0.34663456050413805,-0.2770423517250027
0.4165391403524131,0.35371666935436463
0.2458196427328838,0.7703990085622366
-0.21511189270872683,0.4573605657406155
-0.21511189270872683,0.8403269405143311
0.6012268311158363,0.041860399409999055
0.02694478762106371,0.5335282624847417
0.22657029580478247,-0.2770423517250027
0.318434938189167,1.5056752517620315
0.34104936031887273,-0.2770423517250027
-0.21511189270872683,-0.2770423517250027
0.3357375166291209,-0.0401716056475077
-0.21511189270872683,-0.2770423517250027
-0.21511189270872683,-0.2770423517250027
0.08157182229959002,-0.2770423517250027
-0.08365947443137661,-0.2770423517250027
0.37506563279858757,-0.2770423517250027
-0.21511189270872683,-0.2770423517250027
-0.043428504165497914,-0.2770423517250027
0.10182624832010026,0.22840655020078615
0.23387461571616855,0.039247769008147956
-0.1522323847283982,-0.2770423517250027
-0.1754393402340036,-0.0401716056475077
0.25624136730446473,0.8989016230024965
0.07444615265871098,0.41024516827003543
-0.09457974476985573,0.3352596444031648
0.20891741961207003,-0.2770423517250027
-0.21511189270872683,-0.0401716056475077
-0.21511189270872683,-0.2770423517250027
-0.1754393402340036,2.2980759336103027
-0.21511189270872683,-0.2770423517250027
0.13612179617776524,1.4545209168586686
-0.0801642770819265,0.5331842230395719
-0.21511189270872683,0.034813918219362916
-0.1522323847283982,-0.2770423517250027
-0.08365947443137661,0.041860399409999055
0.21752868981516496,-0.2770423517250027
0.2326275463844916,-0.2770423517250027
0.03434408196670232,-0.2770423517250027
-0.02910950055320134,-0.2770423517250027
0.03002415243511276,-0.2770423517250027
0.9785149795834217,-0.2770423517250027
-0.045001022982744124,0.43661971088785007
-0.0023627761255851994,0.217238141751591
-0.10373695724822402,-0.2770423517250027
0.2277429399290151,0.10310245079527625
-0.1754393402340036,0.09838889832566983
0.5242110361498095,-0.2770423517250027
-0.1522323847283982,-0.2770423517250027
0.1394142719203676,-0.2770423517250027
0.06053812028824765,-0.2770423517250027
-0.21511189270872683,-0.2770423517250027
0.5659865812886729,-0.2770423517250027
0.5862821870900137,-0.2770423517250027
-0.12287353563095205,-0.2770423517250027
-0.05999402765062343,-0.2770423517250027
-0.21511189270872683,-0.2770423517250027
-0.04398692195665337,-0.2770423517250027
0.40161880995899757,0.5879747850300087
-0.12299507852177384,-0.2770423517250027
-0.026133308102717214,0.10310245079527625
-0.0435284306815056,0.41939257152842685
-0.1754393402340036,-0.2770423517250027
-0.043428504165497914,0.9728141943225425
0.17073517641633745,-0.2770423517250027
0.12421487448753953,1.6559927130083043
0.08452158803612483,0.034813918219362916
0.2763181463818683,-0.2770423517250027
0.28157707807155047,0.10310245079527625
-0.21511189270872683,0.5905874154318597
-0.1357667877592804,-0.2770423517250027
-0.0053284705080209015,0.4648956904636586
0.6693222953333315,-0.2770423517250027
0.21449523866433567,-0.2770423517250027
0.25353989741445626,0.039247769008147956
0.6331841098255747,-0.2770423517250027
1.1088897217944331,1.2251852955042164
-0.022114965193262722,-0.2770423517250027
-0.1357667877592804,0.22426562898560826
-0.1357667877592804,-0.2770423517250027
-0.01272776485365948,-0.2770423517250027
-0.21511189270872683,0.38991016659678795
-0.1522323847283982,-0.2770423517250027
-0.07209365897513963,-0.2770423517250027
-0.0004941340089708645,-0.2770423517250027
0.17571048738291248,-0.2770423517250027
-0.020925212089874873,0.041860399409999055
0.24856351353992112,0.09838889832566983
-0.21511189270872683,-0.2770423517250027
-0.1754393402340036,-0.2770423517250027
-0.21511189270872683,-0.2770423517250027
0.3204728339515851,1.2468462856524245
-0.042035328600308446,-0.2770423517250027
-0.21511189270872683,0.47853370084594876
-0.1522323847283982,0.22426562898560826
-0.12287353563095205,-0.0401716056475077
0.197567895496597,0.041860399409999055
-0.1754393402340036,0.536121898929974
-0.21511189270872683,-0.2770423517250027
0.24182576753060345,0.7903899707903145
-0.008880662054934624,-0.0401716056475077
-0.21511189270872683,1.174798437675956
0.2489731705490261,0.35553788974129863
0.11085795347859409,0.039247769008147956
0.22776615939599085,-0.2770423517250027
0.20359113476037566,-0.0401716056475077
0.30513018426743155,-0.2770423517250027
-0.054373343252372495,-0.2770423517250027
0.024255689756214,-0.2770423517250027
-0.21511189270872683,-0.2770423517250027
0.2091965998107588,-0.2770423517250027
-0.21511189270872683,0.39838409715503376
0.05755103747230772,-0.2770423517250027
0.21518443918417557,0.039247769008147956
0.1473962698431668,-0.2770423517250027
-0.1754393402340036,2.6592476494657378
0.8616879762245583,1.4984279946590346
0.15983364965547053,-0.2770423517250027
-0.1522323847283982,0.32547290511368887
0.18258613088504022,-0.2770423517250027
-0.0266736404721548,-0.2770423517250027
-0.21511189270872683,0.35371666935436463
-0.08955314845248344,0.039247769008147956
-0.1522323847283982,0.217238141751591
-0.21511189270872683,-0.2770423517250027
-0.1357667877592804,0.034813918219362916
0.1683250917848447,-0.2770423517250027
0.7040284553214526,-0.2770423517250027
0.41385508631209916,0.40462112952590285
-0.07893359002727732,0.22426562898560826
-0.07893359002727732,-0.2770423517250027
-0.1754393402340036,0.38991016659678795
0.1604339924376635,0.40462112952590285
-0.21511189270872683,1.5123746171203507
0.13406490898419948,-0.2770423517250027
-0.08499447317359136,0.039247769008147956
0.4985072853775704,-0.2770423517250027
-0.21511189270872683,-0.2770423517250027
0.2313556568000131,0.40462112952590285
-0.21511189270872683,-0.2770423517250027
-0.21511189270872683,-0.2770423517250027
-0.1754393402340036,-0.2770423517250027
-0.05999402765062343,0.43661971088785007
-0.12287353563095205,0.15303942051929295
-0.1754393402340036,0.35371666935436463
0.3868507056697727,0.6038378002514587
0.3444729503194258,0.034813918219362916
0.16714502356392022,0.034813918219362916
0.07710364377337314,1.2076029640296335
0.0660300600144743,0.5446966709339368
-0.1754393402340036,-0.2770423517250027
0.2788437450095168,0.10310245079527625
-0.1357667877592804,-0.2770423517250027
-0.21511189270872683,-0.0401716056475077
-0.21511189270872683,0.22426562898560826
-0.21511189270872683,0.22840655020078615
-0.21511189270872683,-0.2770423517250027
0.23390025413249751,0.10310245079527625
-0.1522323847283982,-0.2770423517250027
-0.21511189270872683,-0.2770423517250027
0.3456906114664627,0.15303942051929295
0.06637391247775866,0.15303942051929295
-0.21511189270872683,-0.2770423517250027
0.39394974351856243,0.039247769008147956
-0.21511189270872683,-0.2770423517250027
0.03917841846575236,-0.2770423517250027
-0.1754393402340036,-0.2770423517250027
-0.045321920698868104,-0.2770423517250027
0.20912328270864464,-0.2770423517250027
0.11714529951542896,0.22426562898560826
-0.21511189270872683,-0.2770423517250027
0.03917841846575236,-0.2770423517250027
-0.21511189270872683,-0.2770423517250027
0.8870932455758644,1.3222134153339178
0.09128714480126837,0.41939257152842685
0.39075440194788325,0.034813918219362916
-0.1754393402340036,-0.2770423517250027
-0.21511189270872683,-0.2770423517250027
-0.12299507852177384,0.7555224620228518
-0.1754393402340036,0.041860399409999055
-0.21511189270872683,-0.2770423517250027
-0.1754393402340036,-0.2770423517250027
0.10324737883727318,-0.2770423517250027
-0.12287353563095205,0.034813918219362916
-0.12287353563095205,-0.2770423517250027
-0.21511189270872683,-0.2770423517250027
0.05975288367880295,-0.2770423517250027
-0.21511189270872683,0.6543474012299039
-0.21511189270872683,-0.2770423517250027
-0.12287353563095205,-0.2770423517250027
0.11322427417332916,0.034813918219362916
-0.21511189270872683,0.8120509609385226
0.40767759613242904,-0.2770423517250027
0.05251882825007289,-0.2770423517250027
-0.08955314845248344,0.22426562898560826
0.17818117546395085,-0.2770423517250027
0.14432325511157243,-0.0401716056475077
0.1918828477260205,2.8768360739304795
-0.1522323847283982,0.7062002873299386
0.09890265613078679,-0.2770423517250027
-0.1754393402340036,-0.2770423517250027
-0.0549071922951325,0.09838889832566983
-0.1754393402340036,1.0617162771849984
0.49939305537948003,-0.2770423517250027
-0.06878205302792458,0.27611851508564295
-0.21511189270872683,0.43661971088785007
0.5440063622856783,1.0071363863645943
-0.12299507852177384,0.3399731968727712
-0.1754393402340036,-0.2770423517250027
-0.21511189270872683,0.034813918219362916
-0.1754393402340036,0.8667014831321457
-0.0801642770819265,0.39838409715503376
0.050081485586644596,0.4652772962782811
0.13360207482714273,0.10310245079527625
0.026310953609512553,-0.2770423517250027
0.32415665555892414,-0.2770423517250027
-0.007449283983791397,-0.2770423517250027
-0.03643658323580509,-0.2770423517250027
0.14864400641708936,-0.2770423517250027
0.06971449660840402,0.15303942051929295
0.00712234101336165,0.35815052014314974
-0.21511189270872683,0.10310245079527625
-0.21511189270872683,1.0140043123001417
-0.049320952514333695,-0.0401716056475077
0.3992075229833189,-0.2770423517250027
-0.21511189270872683,0.278731145487494
-0.21511189270872683,-0.2770423517250027
-0.21511189270872683,-0.2770423517250027
-0.21511189270872683,1.02653048783255
0.4444189621195141,0.15303942051929295
0.05517496228466539,0.3511040389525136
-0.1754393402340036,0.039247769008147956
0.2612652665110859,-0.2770423517250027
-0.21511189270872683,0.034813918219362916
0.11987934810935977,0.43661971088785007
0.45023504880948273,0.034813918219362916
-0.21511189270872683,0.5950212662206447
0.2519489234823981,-0.2770423517250027
-0.07977265334213493,-0.2770423517250027
0.05015174312666912,-0.0401716056475077
-0.21511189270872683,0.5085554103743529
-0.21511189270872683,-0.2770423517250027
-0.0023627761255851994,-0.2770423517250027
0.17051558246308465,0.217238141751591
-0.1754393402340036,-0.2770423517250027
-0.040491724607203274,0.6588759480077729
0.25781388612171097,0.10310245079527625
-0.21511189270872683,0.041860399409999055
-0.21511189270872683,1.1243130840624063
0.2821895574927751,0.3511040389525136
0.05640564933931458,0.15303942051929295
-0.21511189270872683,-0.0401716056475077
0.08506701964904011,0.35815052014314974
-0.21511189270872683,-0.2770423517250027
-0.1754393402340036,0.7529098316210007
-0.1754393402340036,0.034813918219362916
-0.1754393402340036,-0.2770423517250027
0.30978063676191936,0.4719421716542947
-0.21511189270872683,0.6655729392987303
0.5669806489201655,0.9603946267383995
-0.21511189270872683,-0.2770423517250027
0.3535936487508404,-0.2770423517250027
0.01318322415967567,0.4611363750631032
0.19819919214573714,0.43661971088785007
-0.21511189270872683,0.3511040389525136
0.1951564899439502,-0.2770423517250027
-0.21511189270872683,0.10310245079527625
-0.12299507852177384,-0.2770423517250027
-0.06891755561232596,-0.2770423517250027
-0.21511189270872683,-0.2770423517250027
-0.040491724607203274,-0.2770423517250027
-0.049880595977760206,-0.2770423517250027
0.029076650947461872,-0.2770423517250027
0.363745185750193,-0.2770423517250027
-0.1754393402340036,-0.2770423517250027
0.8602247786490492,0.22426562898560826
-0.1754393402340036,-0.2770423517250027
-0.01728476910159789,0.034813918219362916
0.6623023536647382,1.8931222202433495
0.22278530081657172,1.0098823850415826
0.19296169824033596,-0.2770423517250027
-0.21511189270872683,-0.2770423517250027
0.10369316647830255,0.22426562898560826
0.29864754022986734,-0.0401716056475077
-0.049880595977760206,-0.2770423517250027
-0.1754393402340036,-0.2770423517250027
0.13862358426309157,0.2716846642968579
0.03180578419732833,-0.2770423517250027
-0.020925212089874873,-0.0401716056475077
0.5479992265958213,0.039247769008147956
0.19999519666631985,0.217238141751591
0.6649942141583026,-0.2770423517250027
0.22121185048518222,-0.2770423517250027
-0.07209365897513963,0.39838409715503376
-0.1754393402340036,0.6839362291030922
0.01874734038484833,0.039247769008147956
0.12719106693802365,0.034813918219362916
-0.1754393402340036,-0.0401716056475077
-0.040491724607203274,0.27295448844926334
-0.01272776485365948,-0.2770423517250027
-0.1522323847283982,-0.2770423517250027
-0.1357667877592804,-0.2770423517250027
0.09948224098195815,0.41495872073964185
0.051146046941897234,0.8473734217049672
-0.1754393402340036,-0.2770423517250027
0.026442924744523522,-0.2770423517250027
-0.21511189270872683,0.034813918219362916
0.0913523174099385,-0.2770423517250027
-0.12287353563095205,-0.2770423517250027
0.05321179684672923,2.4317683781742154
-0.1754393402340036,-0.2770423517250027
0.14787267850168997,-0.2770423517250027
-0.21511189270872683,-0.2770423517250027
0.24118587804652278,0.8403269405143311
-0.1522323847283982,-0.2770423517250027
0.10881430752408305,0.9541575943675306
0.3285605015776455,3.651175110667454
0.22544882602830718,-0.2770423517250027
-0.21511189270872683,0.217238141751591
-0.21511189270872683,-0.2770423517250027
0.10360079470566046,0.43661971088785007
-0.21511189270872683,-0.2770423517250027
0.11011684207535925,-0.2770423517250027
-0.007449283983791397,0.10310245079527625
0.11867085357810901,0.041860399409999055
-0.21511189270872683,0.27611851508564295
0.2788486881205171,0.039247769008147956
1.1464016980789529,-0.0401716056475077
0.3367066746177075,-0.2770423517250027
0.5803835358392833,0.15303942051929295
0.20160198653600733,0.15303942051929295
0.12526912500652596,-0.2770423517250027
0.45883108318520094,-0.2770423517250027
-0.0012249823785160133,0.039247769008147956
-0.1357667877592804,-0.2770423517250027
0.02694478762106371,0.041860399409999055
-0.06878205302792458,0.35815052014314974
0.15526229139655268,-0.2770423517250027
-0.21511189270872683,0.039247769008147956
-0.1754393402340036,-0.2770423517250027
-0.21511189270872683,0.15303942051929295
-0.1754393402340036,0.034813918219362916
-0.1754393402340036,-0.2770423517250027
0.2389841709275671,-0.2770423517250027
-0.009214150994811,0.034813918219362916
0.03733116478264225,0.91036120304284
0.02643249650033428,-0.0401716056475077
0.2964227181288329,0.034813918219362916
-0.21511189270872683,0.09838889832566983
-0.0004941340089708645,-0.2770423517250027
-0.005902545047595962,0.38991016659678795
-0.06580586057744044,-0.2770423517250027
0.7056042887312175,0.041860399409999055
-0.21511189270872683,-0.2770423517250027
-0.1754393402340036,0.217238141751591
-0.21511189270872683,-0.2770423517250027
-0.1754393402340036,-0.2770423517250027
-0.21511189270872683,-0.0401716056475077
-0.1357667877592804,0.38991016659678795
-0.08320098315622884,0.09838889832566983
-0.05999402765062343,-0.2770423517250027
-0.04407322436272654,1.1407037451583175
-0.1357667877592804,-0.2770423517250027
0.9878572463745008,-0.2770423517250027
0.7800773041209558,-0.2770423517250027
-0.21511189270872683,-0.2770423517250027
0.4880523990923427,0.4470654830255971
0.40857763905819394,0.6543474012299039
-0.042035328600308446,-0.0401716056475077
-0.11369715931079567,-0.2770423517250027
-0.21511189270872683,-0.2770423517250027
-0.11255983225367498,0.034813918219362916
0.3081167858871259,0.034813918219362916
-0.10373695724822402,-0.2770423517250027
0.39962222433191347,1.8749025981837408
0.6692257963450082,0.039247769008147956
-0.1522323847283982,-0.2770423517250027
0.15526229139655268,-0.2770423517250027
-0.21511189270872683,-0.2770423517250027
-0.21511189270872683,-0.2770423517250027
0.09667239260375436,-0.2770423517250027
-0.21511189270872683,-0.2770423517250027
-0.21511189270872683,-0.2770423517250027
0.48562364487267284,0.034813918219362916
0.45398111060053553,0.041860399409999055
0.0919561589277905,-0.2770423517250027
0.10783795145825663,0.6700067900875154
0.17258243009944751,-0.2770423517250027
0.6825234093515467,-0.2770423517250027
0.5289981384307939,-0.2770423517250027
-0.1522323847283982,-0.2770423517250027
0.6296365788962833,2.0836889180997327
0.3994615017761562,-0.2770423517250027
0.02084417938002021,0.6629603088968792
-0.020925212089874873,0.034813918219362916
0.054726287361430634,-0.2770423517250027
0.12526488195168636,-0.2770423517250027
0.27861258654697557,0.8565529408783025
0.3691559441885943,0.43661971088785007
-0.04712183645851461,-0.2770423517250027
-0.003755951690774689,-0.2770423517250027
-0.08955314845248344,0.48324725331555524
-0.12287353563095205,-0.2770423517250027
-0.04010010086741168,-0.2770423517250027
-0.21511189270872683,-0.2770423517250027
-0.1754393402340036,-0.2770423517250027
-0.1754393402340036,0.034813918219362916
-0.1357667877592804,0.7338614718746436
0.21323427436222367,0.10310245079527625
0.09085638198258139,-0.2770423517250027
0.1211580723682401,-0.2770423517250027
-0.020925212089874873,0.10310245079527625
0.7128196390662331,0.7164773994702686
-0.1754393402340036,-0.2770423517250027
0.7156162808939556,2.7085891641191173
0.0592079711567775,-0.2770423517250027
-0.1754393402340036,0.034813918219362916
-0.07402460683607244,-0.2770423517250027
-0.09457974476985573,0.2716846642968579
0.4079607787705946,0.4648956904636586
0.4162949083852381,-0.2770423517250027
-0.21511189270872683,-0.2770423517250027
-0.1754393402340036,0.536121898929974
-0.1754393402340036,0.041860399409999055
-0.1754393402340036,-0.2770423517250027
0.051183829507858145,-0.2770423517250027
0.35900331955564696,0.39838409715503376
0.07258036583943205,0.10310245079527625
0.0681093139381044,-0.2770423517250027
-0.0023627761255851994,0.32547290511368887
0.23205169444425414,-0.2770423517250027
0.34630088200878767,0.039247769008147956
-0.045001022982744124,-0.2770423517250027
-0.21511189270872683,-0.2770423517250027
-0.08955314845248344,0.22426562898560826
-0.21511189270872683,-0.2770423517250027
-0.21511189270872683,-0.2770423517250027
-0.21511189270872683,0.15303942051929295
0.04880985291227683,0.034813918219362916
0.1493309032749347,-0.2770423517250027
0.3771863953306996,-0.2770423517250027
0.12119346513441488,0.034813918219362916
-0.020925212089874873,0.7484759808322157
-0.08320098315622884,-0.2770423517250027
0.16115006437852344,0.15303942051929295
-0.1754393402340036,1.570215003491155
-0.08365947443137661,-0.2770423517250027
0.03733116478264225,-0.2770423517250027
-0.1357667877592804,0.034813918219362916
0.1295481334269128,1.0927180983407079
0.0032359692389181257,1.3055183763265936
0.2710095421918025,0.39838409715503376
-0.21511189270872683,-0.2770423517250027
0.2695258078114604,-0.2770423517250027
-0.045001022982744124,0.10310245079527625
-0.21511189270872683,-0.2770423517250027
-0.045321920698868104,-0.2770423517250027
0.172796078351274,-0.2770423517250027
0.0032359692389181257,0.15303942051929295
-0.003755951690774689,0.2716846642968579
-0.1754393402340036,-0.2770423517250027
0.11308286395507969,0.039247769008147956
-0.07893359002727732,0.43661971088785007
0.11591034421663292,-0.2770423517250027
-0.21511189270872683,0.5290944116959565
-0.08320098315622884,0.039247769008147956
0.22836015325554,-0.2770423517250027
-0.1357667877592804,-0.2770423517250027
-0.09457974476985573,0.40462112952590285
-0.0004941340089708645,-0.2770423517250027
0.06165452560181258,0.15303942051929295
0.3524871712744535,-0.2770423517250027
0.3125278711943858,0.39838409715503376
0.591331627011996,-0.2770423517250027
0.012074079995848233,-0.2770423517250027
0.43118777717161433,-0.2770423517250027
0.0894170896770418,-0.2770423517250027
-0.01272776485365948,0.43661971088785007
0.2978963162054025,0.5926693918022635
0.24078573070039924,0.22426562898560826
-0.11369715931079567,-0.2770423517250027
0.08604419517240897,0.8284658693993294
-0.043428504165497914,-0.2770423517250027
-0.21511189270872683,-0.2770423517250027
-0.1357667877592804,0.2716846642968579
0.09142264738566973,-0.2770423517250027
-0.1357667877592804,-0.2770423517250027
-0.21511189270872683,-0.0401716056475077
0.0182137502417023,0.09838889832566983
-0.21511189270872683,1.0653366154768245
0.22860580033595476,-0.2770423517250027
0.8485929590386276,0.5335282624847417
-0.21511189270872683,0.041860399409999055
-0.022114965193262722,1.4446312024048238
0.44294473440633114,-0.2770423517250027
-0.21511189270872683,0.10310245079527625
-0.009648400039610474,-0.2770423517250027
-0.1754393402340036,-0.2770423517250027
-0.21511189270872683,0.4648956904636586
0.13568416867247862,-0.2770423517250027
0.233810586013438,-0.2770423517250027
0.041420705747307704,-0.2770423517250027
0.28739484702172496,0.22426562898560826
-0.1754393402340036,-0.2770423517250027
-0.0029263525971118197,0.15303942051929295
-0.1522323847283982,0.9113113869537953
-0.04712183645851461,-0.2770423517250027
-0.0012249823785160133,-0.2770423517250027
-0.21511189270872683,0.039247769008147956
0.017878484997584494,0.35553788974129863
0.2466278216046719,-0.2770423517250027
-0.08365947443137661,-0.2770423517250027
-0.03170023678952709,-0.2770423517250027
-0.12287353563095205,-0.0401716056475077
-0.21511189270872683,-0.2770423517250027
-0.1754393402340036,0.38991016659678795
0.024255689756214,-0.2770423517250027
0.2904080419669197,-0.2770423517250027
0.19182720776319848,0.7291479194050371
0.2892646151365927,-0.2770423517250027
-0.08499447317359136,-0.0401716056475077
0.16858212046952617,0.43661971088785007
0.12456155208471427,2.1710994792704947
-0.21511189270872683,1.2231676568981609
-0.21511189270872683,-0.2770423517250027
-0.21511189270872683,-0.2770423517250027
0.2735651774723842,-0.2770423517250027
-0.21511189270872683,-0.2770423517250027
-0.1754393402340036,1.7917656519959886
-0.21511189270872683,-0.2770423517250027
-0.1522323847283982,-0.0401716056475077
-0.1754393402340036,0.5905874154318597
-0.006764739110014356,-0.2770423517250027
0.09081859941662045,0.10310245079527625
-0.1754393402340036,-0.2770423517250027
-0.21511189270872683,-0.2770423517250027
-0.12287353563095205,-0.2770423517250027
0.2436731305906611,-0.2770423517250027
-0.032421106500416394,-0.2770423517250027
-0.21511189270872683,-0.2770423517250027
0.1211580723682401,-0.2770423517250027
-0.21511189270872683,-0.2770423517250027
0.5534001572520668,0.770054969117067
-0.04407322436272654,0.43661971088785007
-0.06878205302792458,-0.2770423517250027
0.41509906649849043,-0.2770423517250027
-0.042035328600308446,-0.2770423517250027
-0.1522323847283982,0.034813918219362916
-0.12287353563095205,0.10310245079527625
0.22026261285265183,-0.2770423517250027
-0.21511189270872683,-0.2770423517250027
0.07528142529521391,-0.2770423517250027
-0.1754393402340036,-0.2770423517250027
0.32711118450354,-0.2770423517250027
0.015757671521814013,-0.2770423517250027
-0.1754393402340036,-0.2770423517250027
0.06808177261060162,-0.2770423517250027
-0.07977265334213493,-0.2770423517250027
-0.08499447317359136,0.41467901905882054
0.25434767449473544,0.3511040389525136
0.14674135460297136,-0.2770423517250027
0.5348682474302116,0.15303942051929295
0.15465167685197725,0.041860399409999055
0.2810612171636831,0.10310245079527625
-0.21511189270872683,-0.2770423517250027
0.05664118864391743,2.2702540688420068
-0.009648400039610474,-0.2770423517250027
0.06739624965352493,0.39838409715503376
-0.21511189270872683,0.7903899707903145
-0.08320098315622884,-0.2770423517250027
-0.21511189270872683,-0.2770423517250027
-0.21511189270872683,-0.2770423517250027
0.2778927361388103,-0.2770423517250027
-0.1522323847283982,0.7017664365411537
-0.21511189270872683,-0.2770423517250027
0.262052043045259,1.0863450898502176
-0.1522323847283982,0.38991016659678795
-0.21511189270872683,0.2716846642968579
-0.09457974476985573,-0.2770423517250027
0.7311121418732363,0.40462112952590285
0.06253486266502421,-0.2770423517250027
0.5460316818729203,-0.2770423517250027
0.09266671421166918,-0.2770423517250027
-0.11255983225367498,0.039247769008147956
0.2919126546344935,-0.2770423517250027
0.28644042031922007,-0.2770423517250027
-0.21511189270872683,-0.2770423517250027
0.016815415921883358,-0.2770423517250027
0.15200166900076692,-0.2770423517250027
-0.0801642770819265,0.034813918219362916
-0.04407322436272654,-0.2770423517250027
-0.21511189270872683,-0.2770423517250027
0.8827121709939426,0.039247769008147956
-0.21511189270872683,-0.2770423517250027
-0.1754393402340036,0.039247769008147956
-0.21511189270872683,-0.2770423517250027
0.6329632608314565,-0.2770423517250027
0.4232018822545018,0.43661971088785007
-0.21511189270872683,-0.2770423517250027
-0.21511189270872683,0.8550436440215944
-0.21511189270872683,-0.2770423517250027
-0.020925212089874873,0.8996920778656448
-0.21511189270872683,0.041860399409999055
-0.005902545047595962,0.09838889832566983
-0.0023627761255851994,0.217238141751591
0.3583336685121598,0.5905874154318597
0.6220471807210493,1.0901054679388569
-0.07893359002727732,0.8494743437727226
-0.21511189270872683,-0.2770423517250027
-0.21511189270872683,-0.2770423517250027
0.7131033082326422,0.034813918219362916
0.2761553311668768,-0.2770423517250027
0.06497815016212603,-0.2770423517250027
-0.21511189270872683,0.15303942051929295
0.1256908393269814,0.5879747850300087
-0.043428504165497914,-0.2770423517250027
0.20256246151360885,0.38991016659678795
0.08352341565593495,0.834253690349365
-0.21511189270872683,0.22426562898560826
-0.1754393402340036,0.7800391261981049
-0.1522323847283982,1.0677925531169725
0.11322427417332916,0.041860399409999055
0.6924734444566355,-0.2770423517250027
0.029076650947461872,-0.0401716056475077
0.7561227505421994,0.2716846642968579
-0.05081765133046704,-0.2770423517250027
-0.21511189270872683,-0.2770423517250027
0.5631720038262265,0.041860399409999055
-0.21511189270872683,-0.2770423517250027
-0.03063517855317729,1.5911205190758606
-0.07893359002727732,-0.2770423517250027
-0.043428504165497914,0.9115721429372653
-0.09609423528455714,0.15303942051929295
-0.007449283983791397,-0.2770423517250027
0.506255323236296,0.22840655020078615
-0.08320098315622884,2.0023304802308495
0.019451003814830708,0.10310245079527625
-0.1754393402340036,-0.2770423517250027
0.34200431776165635,-0.2770423517250027
0.08713519773654264,0.15303942051929295
-0.0549071922951325,-0.2770423517250027
0.46825768729665423,0.6352548432325288
-0.08499447317359136,0.43661971088785007
0.5927611864957758,-0.2770423517250027
-0.21511189270872683,-0.2770423517250027
-0.0053284705080209015,-0.2770423517250027
-0.0435284306815056,0.3399731968727712
0.019451003814830708,0.39838409715503376
-0.1522323847283982,-0.2770423517250027
-0.21511189270872683,0.745426156451848
0.07849681933856266,-0.2770423517250027
0.2679865668264219,-0.2770423517250027
0.2864571758857493,-0.2770423517250027
-0.21511189270872683,-0.2770423517250027
0.09464999428791677,0.15303942051929295
-0.21511189270872683,-0.2770423517250027
0.5536572145527067,0.40462112952590285
0.22831401435169874,-0.2770423517250027
-0.21511189270872683,-0.2770423517250027
-0.10373695724822402,-0.0401716056475077
0.10772371736844358,0.034813918219362916
-0.21511189270872683,-0.2770423517250027
-0.1754393402340036,-0.2770423517250027
-0.1754393402340036,-0.2770423517250027
-0.1522323847283982,-0.2770423517250027
-0.21511189270872683,0.10310245079527625
-0.0549071922951325,-0.2770423517250027
-0.042035328600308446,0.9042649057631592
0.05297731952522066,-0.2770423517250027
-0.11255983225367498,-0.2770423517250027
0.6358948962094021,-0.2770423517250027
-0.21511189270872683,0.034813918219362916
-0.21511189270872683,0.15303942051929295
-0.1522323847283982,-0.2770423517250027
-0.07209365897513963,-0.2770423517250027
-0.000427548392688476,1.5257130235513754
-0.21511189270872683,-0.2770423517250027
-0.1754393402340036,0.217238141751591
-0.21511189270872683,0.039247769008147956
0.5289330310308341,1.0071363863645943
-0.21511189270872683,0.034813918219362916
0.43409194459524697,-0.2770423517250027
0.029076650947461872,0.039247769008147956
-0.21511189270872683,-0.2770423517250027
0.013539244372005991,0.4693295412524436
-0.21511189270872683,-0.2770423517250027
0.4628724176627474,1.3985829656092055
-0.21511189270872683,0.9897805776984957
-0.1357667877592804,-0.2770423517250027
0.3547083403844647,0.589244609182414
0.14918565763610778,1.5438083449583968
0.0032359692389181257,0.40462112952590285
-0.1357667877592804,0.041860399409999055
-0.21511189270872683,-0.2770423517250027
0.09568657807424621,0.034813918219362916
0.5921227151456304,-0.2770423517250027
-0.08320098315622884,0.039247769008147956
-0.042035328600308446,-0.0401716056475077
-0.21511189270872683,0.22426562898560826
0.27397951432451745,1.863113093926024
-0.1754393402340036,0.034813918219362916
0.2924223636689902,-0.0401716056475077
-0.21511189270872683,-0.2770423517250027
-0.1357667877592804,0.034813918219362916
-0.21511189270872683,-0.2770423517250027
-0.1754393402340036,-0.2770423517250027
-0.0023627761255851994,0.10310245079527625
-0.026133308102717214,0.3466701881637285
-0.020779966451047977,4.276311596577738
0.1916085266779867,-0.0401716056475077
-0.12287353563095205,0.09838889832566983
0.03180578419732833,-0.2770423517250027
0.28669420873471757,0.3511040389525136
-0.21511189270872683,-0.2770423517250027
-0.21511189270872683,-0.2770423517250027
0.25127549190337556,0.034813918219362916
0.21506411693571428,-0.2770423517250027
-0.1522323847283982,-0.2770423517250027
0.04291740456344106,-0.2770423517250027
-0.21511189270872683,-0.2770423517250027
0.5109556426329461,-0.2770423517250027
-0.020925212089874873,0.039247769008147956
-0.21511189270872683,0.039247769008147956
-0.1522323847283982,0.5926693918022635
0.081271110386317,0.039247769008147956
-0.21511189270872683,-0.2770423517250027
0.12119346513441488,0.41495872073964185
-0.07402460683607244,0.034813918219362916
-0.06580586057744044,-0.2770423517250027
-0.1754393402340036,-0.2770423517250027
-0.21511189270872683,-0.2770423517250027
0.356280612355224,-0.2770423517250027
1.664674051627769,-0.2770423517250027
0.5666095991274449,0.7172868482900355
-0.21511189270872683,-0.2770423517250027
1.0229537246253075,1.4925307954003908
0.19742264985777008,-0.2770423517250027
-0.21511189270872683,0.41495872073964185
-0.21511189270872683,-0.2770423517250027
0.41573590383904874,0.27611851508564295
-0.1754393402340036,0.6530992909695422
0.0681093139381044,0.041860399409999055
0.25168269202557264,0.22840655020078615
0.39137770381365555,-0.2770423517250027
0.03434408196670232,0.034813918219362916
0.19956173221545462,0.8204116803187186
-0.21511189270872683,-0.2770423517250027
-0.1522323847283982,-0.2770423517250027
-0.0006042734365541018,-0.2770423517250027
-0.21511189270872683,0.278731145487494
0.17015021151130658,-0.2770423517250027
0.41693657874537793,-0.2770423517250027
0.4028721175477609,1.2725220469262069
0.3311988027285583,-0.2770423517250027
-0.06878205302792458,-0.2770423517250027
-0.06580586057744044,0.039247769008147956
0.19742264985777008,0.034813918219362916
0.0032359692389181257,0.4648956904636586
0.3922418687615054,-0.2770423517250027
0.7760954409901601,-0.2770423517250027
-0.08320098315622884,0.039247769008147956
-0.1522323847283982,1.5215331957704148
0.7934114435327918,0.15303942051929295
-0.21511189270872683,0.039247769008147956
-0.1754393402340036,1.1035722292096408
-0.07209365897513963,-0.2770423517250027
0.026442924744523522,-0.2770423517250027
-0.21511189270872683,-0.2770423517250027
-0.003755951690774689,-0.2770423517250027
-0.01272776485365948,-0.2770423517250027
0.05664118864391743,-0.2770423517250027
-0.21511189270872683,-0.2770423517250027
-0.21511189270872683,-0.2770423517250027
0.6469764690138041,-0.2770423517250027
0.5210597436078529,0.41939257152842685
-0.21511189270872683,-0.2770423517250027
0.081804959429077,-0.2770423517250027
0.2463200936412142,0.15303942051929295
-0.21511189270872683,0.7555224620228518
0.10799602859958876,0.7291479194050371
0.022481143370653826,-0.2770423517250027
0.06238537397135772,0.22426562898560826
0.23076909035651919,-0.2770423517250027
0.19090459004288013,-0.2770423517250027
-0.21511189270872683,0.15303942051929295
0.5083755472758019,0.27611851508564295
0.13242235099067481,-0.2770423517250027
-0.21511189270872683,0.039247769008147956
0.06564655769990974,0.38991016659678795
0.013539244372005991,1.6488155783536713
0.01874734038484833,0.034813918219362916
-0.054373343252372495,-0.2770423517250027
0.19800489497957682,0.48324725331555524
-0.08499447317359136,-0.2770423517250027
0.03730977634913804,-0.2770423517250027
-0.03926103755255408,1.3532099491934468
0.047660530458690224,-0.2770423517250027
0.13325195008433768,-0.2770423517250027
0.0681093139381044,0.09838889832566983
-0.21511189270872683,-0.2770423517250027
-0.1754393402340036,0.3511040389525136
0.14500974807107408,-0.2770423517250027
-0.21511189270872683,-0.2770423517250027
-0.0053284705080209015,-0.2770423517250027
0.32930494020858,-0.2770423517250027
0.408834277444658,1.113726572714101
0.23123563664166447,0.8284658693993294
-0.054373343252372495,-0.2770423517250027
0.28932072491814975,-0.2770423517250027
-0.21511189270872683,-0.2770423517250027
0.2279891113665358,-0.2770423517250027
0.2584769405541303,0.7172868482900355
0.2051078998762337,0.15303942051929295
0.1926575401029037,0.10310245079527625
-0.1522323847283982,0.43661971088785007
0.2516393197081391,1.4144520005787244
0.08733308293341348,-0.2770423517250027
0.05399884592539402,0.9662226651308884
0.36078806539489905,0.041860399409999055
-0.21511189270872683,0.4693295412524436
-0.08499447317359136,-0.2770423517250027
-0.0801642770819265,-0.0401716056475077
0.03917841846575236,-0.2770423517250027
0.007243883904183407,-0.2770423517250027
0.2810182271970706,-0.2770423517250027
-0.1522323847283982,0.673490456965345
-0.0801642770819265,-0.2770423517250027
0.4779478263767768,-0.2770423517250027
-0.026133308102717214,0.15303942051929295
0.6149219949632833,-0.2770423517250027
0.16123198397528946,1.0344922037501827
-0.004400671888003314,-0.2770423517250027
-0.21511189270872683,-0.2770423517250027
-0.21511189270872683,-0.2770423517250027
-0.21511189270872683,-0.2770423517250027
0.2833351438993119,1.9479775254377825
0.11872465342369079,-0.2770423517250027
0.5928488524714376,-0.2770423517250027
-0.1522323847283982,-0.2770423517250027
-0.21511189270872683,-0.2770423517250027
0.02002315521181337,0.15303942051929295
-0.21511189270872683,-0.2770423517250027
-0.21511189270872683,-0.2770423517250027
-0.1754393402340036,-0.2770423517250027
-0.08499447317359136,-0.2770423517250027
-0.045321920698868104,-0.2770423517250027
0.06227523454377452,-0.2770423517250027
0.12063844858894263,-0.0401716056475077
-0.1522323847283982,-0.2770423517250027
0.6065341883192313,0.4693295412524436
-0.1357667877592804,-0.2770423517250027
0.44829071850767094,0.35371666935436463
-0.045321920698868104,-0.0401716056475077
0.1696833213332942,0.15303942051929295
-0.1522323847283982,-0.2770423517250027
-0.21511189270872683,0.10310245079527625
0.13233926668639243,-0.2770423517250027
-0.04407322436272654,-0.2770423517250027
1.2020649800356351,-0.2770423517250027
0.03917841846575236,2.5803000272976617
0.40412714714213666,0.15303942051929295
-0.21511189270872683,0.09838889832566983
-0.03643658323580509,-0.0401716056475077
0.16908611604615834,-0.2770423517250027
-0.21511189270872683,0.15303942051929295
0.08530874197298796,0.937927691598461
-0.045321920698868104,0.217238141751591
0.021532569350830158,-0.0401716056475077
-0.07402460683607244,0.4693295412524436
0.14870175869473223,-0.2770423517250027
-0.043428504165497914,0.041860399409999055
0.3680612376030842,0.43661971088785007
-0.21511189270872683,-0.2770423517250027
-0.21511189270872683,-0.0401716056475077
0.12303024749756337,0.454108887829086
0.3676578389103419,0.40462112952590285
-0.21511189270872683,1.4189913134668126
0.16270279997228657,-0.2770423517250027
-0.21511189270872683,-0.2770423517250027
0.03553767476527974,-0.2770423517250027
0.36901637814138694,0.034813918219362916
0.16388742696226272,0.039247769008147956
-0.1357667877592804,0.8120509609385226
0.4738490532247794,-0.2770423517250027
0.24752557206446482,-0.2770423517250027
0.16996302135465088,-0.0401716056475077
0.2836113855972707,0.27611851508564295
-0.07893359002727732,1.4387820526387842
-0.11369715931079567,2.1078111774332733
-0.045321920698868104,0.034813918219362916
-0.006038047631997344,0.034813918219362916
-0.0549071922951325,0.9662226651308884
0.46978028950801703,-0.2770423517250027
0.029076650947461872,-0.2770423517250027
0.08811104143845469,0.7762633168756173
0.2789326051751465,-0.2770423517250027
1.0845386654695695,0.673490456965345
0.7540203587877302,2.5033686291027077
-0.21511189270872683,-0.2770423517250027
-0.1522323847283982,0.041860399409999055
-0.21511189270872683,-0.2770423517250027
-0.21511189270872683,-0.2770423517250027
0.15558289669135614,-0.2770423517250027
-0.08499447317359136,-0.0401716056475077
-0.1754393402340036,0.09838889832566983
-0.21511189270872683,-0.2770423517250027
0.20891741961207003,0.034813918219362916
0.1564487487228196,0.4693295412524436
-0.21511189270872683,-0.2770423517250027
-0.09457974476985573,-0.2770423517250027
0.3309975176197918,-0.2770423517250027
0.35858389932241336,0.8667014831321457
0.5287834551817466,1.1736280442653892
0.18590975547789199,0.10310245079527625
-0.21511189270872683,-0.2770423517250027
0.2594932005406096,-0.2770423517250027
-0.21511189270872683,0.41939257152842685
0.053465085281103754,0.6562633176059219
0.0681093139381044,0.039247769008147956
-0.1754393402340036,1.3238047137868805
-0.08955314845248344,-0.2770423517250027
0.3686798500356629,0.034813918219362916
-0.21511189270872683,-0.2770423517250027
-0.1754393402340036,-0.2770423517250027
-0.020779966451047977,-0.2770423517250027
0.08162684836517692,-0.2770423517250027
-0.024072958094241335,1.635821075618436
0.3838368066152725,-0.2770423517250027
0.10772371736844358,0.6588759480077729
-0.1522323847283982,-0.2770423517250027
-0.0004941340089708645,-0.2770423517250027
0.49819233122437223,-0.2770423517250027
0.3740440511744253,-0.2770423517250027
0.08713519773654264,-0.2770423517250027
-0.21511189270872683,-0.2770423517250027
-0.07402460683607244,-0.2770423517250027
-0.21511189270872683,-0.2770423517250027
0.79806822629199,1.907658225574889
0.14943030633531895,0.10310245079527625
-0.21511189270872683,-0.2770423517250027
-0.08499447317359136,-0.2770423517250027
0.43195381911472175,0.8284658693993294
0.4001410751650825,0.40462112952590285
-0.07977265334213493,-0.2770423517250027
0.10397839913240069,-0.0401716056475077
-0.12287353563095205,-0.2770423517250027
0.29354283113502116,-0.2770423517250027
0.09903131177693379,0.041860399409999055
0.20215321505588024,1.5608809377159514
0.1480947969799193,-0.2770423517250027
-0.040491724607203274,-0.2770423517250027
0.017878484997584494,0.034813918219362916
0.16494167748124913,-0.0401716056475077
0.6555351848870232,0.54316838012061
0.5525411329244768,-0.0401716056475077
0.10234291772414884,0.10310245079527625
0.07065155196111088,-0.0401716056475077
-0.12299507852177384,-0.2770423517250027
-0.042035328600308446,0.7484759808322157
-0.07977265334213493,1.7097336469384818
-0.21511189270872683,-0.2770423517250027
-0.1754393402340036,-0.2770423517250027
-0.045001022982744124,-0.2770423517250027
-0.1754393402340036,-0.2770423517250027
-0.21511189270872683,-0.2770423517250027
-0.0435284306815056,0.41939257152842685
-0.21511189270872683,-0.2770423517250027
-0.1522323847283982,-0.2770423517250027
-0.21511189270872683,-0.2770423517250027
-0.21511189270872683,-0.2770423517250027
-0.1754393402340036,0.41467901905882054
0.8755960702931265,0.40462112952590285
-0.1754393402340036,-0.2770423517250027
-0.1522323847283982,-0.2770423517250027
0.4183659358102633,0.041860399409999055
-0.07977265334213493,1.0171942758975119
0.2681995657111379,0.5835409342412236
-0.08955314845248344,-0.2770423517250027
-0.1754393402340036,0.22426562898560826
-0.043428504165497914,0.4611363750631032
0.5322819257605095,0.10310245079527625
-0.21511189270872683,0.039247769008147956
-0.21511189270872683,-0.2770423517250027
-0.01272776485365948,0.034813918219362916
0.05841989285957156,-0.2770423517250027
0.05399884592539402,0.22426562898560826
0.16881098305145603,0.039247769008147956
-0.1357667877592804,0.6541623955381665
-0.21511189270872683,0.034813918219362916
0.4302662043819088,0.6543474012299039
0.3060369436450507,0.15303942051929295
-0.21511189270872683,-0.2770423517250027
-0.12287353563095205,-0.2770423517250027
-0.07209365897513963,-0.2770423517250027
-0.020779966451047977,-0.2770423517250027
0.26572396052365727,-0.2770423517250027
0.30716290566026283,0.034813918219362916
0.11011684207535925,-0.2770423517250027
0.14583570567183138,-0.0401716056475077
-0.1754393402340036,-0.2770423517250027
-0.12287353563095205,-0.2770423517250027
-0.1754393402340036,-0.2770423517250027
0.6095518250047287,-0.2770423517250027
0.33414169459545057,-0.2770423517250027
-0.1754393402340036,0.4172916494606715
0.13432254676263997,-0.2770423517250027
-0.1357667877592804,-0.2770423517250027
-0.09609423528455714,0.15303942051929295
0.047660530458690224,-0.2770423517250027
0.09468529217765695,0.5831211927635885
-0.1357667877592804,-0.2770423517250027
0.07147833667205156,0.3399731968727712
-0.1754393402340036,-0.2770423517250027
-0.08320098315622884,0.034813918219362916
-0.01272776485365948,-0.2770423517250027
-0.21511189270872683,0.034813918219362916
-0.21511189270872683,-0.2770423517250027
0.15470050182435693,-0.2770423517250027
0.254062874428964,0.22426562898560826
-0.020925212089874873,0.10310245079527625
-0.04398692195665337,-0.2770423517250027
0.27856840288589335,0.43661971088785007
0.02694478762106371,0.217238141751591
-0.06878205302792458,-0.2770423517250027
0.06092300879072786,-0.2770423517250027
0.4602819920532369,0.2716846642968579
-0.04407322436272654,-0.0401716056475077
0.21484983159070709,0.15303942051929295
-0.21511189270872683,-0.2770423517250027
0.17576177273370977,-0.2770423517250027
-0.02910950055320134,0.217238141751591
0.3159859607829321,-0.2770423517250027
-0.21511189270872683,-0.2770423517250027
-0.1357667877592804,-0.0401716056475077
0.10182624832010026,0.15303942051929295
0.4528301658342257,-0.2770423517250027
-0.21511189270872683,-0.2770423517250027
-0.1754393402340036,0.3399731968727712
0.30984432181877153,0.7146742178881844
-0.1357667877592804,0.22840655020078615
-0.21511189270872683,0.2716846642968579
-0.08955314845248344,0.039247769008147956
-0.21511189270872683,-0.2770423517250027
0.019451003814830708,0.22426562898560826
-0.21511189270872683,1.566584612657142
0.3006822149954603,-0.2770423517250027
0.18090831424965426,2.6794403440069803
0.1443650278738455,-0.0401716056475077
-0.21511189270872683,-0.2770423517250027
0.03917841846575236,-0.2770423517250027
0.13668661398465104,-0.2770423517250027
0.7090953489974575,0.15303942051929295
-0.21511189270872683,0.35553788974129863
-0.1754393402340036,-0.2770423517250027
0.0687492034221851,-0.2770423517250027
0.7014540379124706,0.48324725331555524
-0.043428504165497914,-0.2770423517250027
-0.040491724607203274,-0.0401716056475077
0.18661580848042442,-0.2770423517250027
0.130491384345393,0.6473199139958867
0.1548762299055734,-0.2770423517250027
0.7978869089035029,1.9691188071050754
-0.21511189270872683,-0.2770423517250027
-0.1522323847283982,-0.2770423517250027
-0.01728476910159789,-0.2770423517250027
-0.020925212089874873,0.034813918219362916
-0.04712183645851461,-0.2770423517250027
-0.21511189270872683,-0.2770423517250027
-0.09457974476985573,-0.2770423517250027
-0.0801642770819265,-0.2770423517250027
0.03002415243511276,-0.2770423517250027
0.3312929498327469,-0.2770423517250027
0.6392752803386258,0.923313182640889
0.31401309706661984,1.4446312024048238
0.23514558475565275,-0.2770423517250027
0.21819092964602751,0.43661971088785007
-0.1357667877592804,2.0436980289852236
0.07938904933329345,0.15303942051929295
0.07474109292577633,-0.2770423517250027
-0.1522323847283982,-0.0401716056475077
-0.21511189270872683,-0.2770423517250027
-0.1754393402340036,0.7730116389640878
0.15861226955553345,0.217238141751591
-0.08499447317359136,0.034813918219362916
-0.026133308102717214,-0.2770423517250027
0.8201562329817372,0.41495872073964185
0.10778186641282766,0.35371666935436463
0.0774727470407057,0.2716846642968579
-0.21511189270872683,-0.2770423517250027
0.9588056509092795,0.6543474012299039
0.5294702624814508,-0.2770423517250027
-0.21511189270872683,-0.2770423517250027
-0.08499447317359136,-0.2770423517250027
-0.21511189270872683,-0.2770423517250027
-0.1754393402340036,0.8989016230024965
-0.022114965193262722,0.22426562898560826
-0.12287353563095205,0.7382953226634287
-0.21511189270872683,0.034813918219362916
0.665728056289294,0.034813918219362916
-0.21511189270872683,0.6655729392987303
0.31137283966244994,0.22426562898560826
-0.0801642770819265,-0.2770423517250027
0.0804320470714594,0.039247769008147956
-0.09457974476985573,-0.2770423517250027
-0.21511189270872683,-0.2770423517250027
0.6568884847197681,0.4693295412524436
0.08441207733115878,1.9180967177066384
-0.040491724607203274,0.034813918219362916
0.31042412796917274,0.43661971088785007
-0.10373695724822402,0.8931340636834167
-0.21511189270872683,0.22840655020078615
-0.042035328600308446,-0.2770423517250027
-0.1754393402340036,-0.2770423517250027
0.11872465342369079,-0.2770423517250027
0.3811706028926528,-0.2770423517250027
0.688252202998892,0.6473199139958867
-0.08955314845248344,-0.2770423517250027
0.3256400478151048,-0.2770423517250027
-0.1522323847283982,-0.2770423517250027
-0.21511189270872683,0.034813918219362916
-0.03643658323580509,-0.2770423517250027
0.018806283617602098,0.7800391261981049
-0.21511189270872683,-0.2770423517250027
-0.024072958094241335,0.6515497651363154
0.38623043797119216,2.3678043850151065
-0.07977265334213493,0.039247769008147956
-0.04398692195665337,-0.2770423517250027
0.3627024615773011,0.039247769008147956
0.16994831010857672,0.7785288996753127
-0.11369715931079567,0.039247769008147956
-0.21511189270872683,-0.2770423517250027
0.3012283416552505,-0.0401716056475077
0.0378001945659825,-0.2770423517250027
-0.21511189270872683,0.041860399409999055
0.30747689640304526,0.536121898929974
-0.07209365897513963,0.22840655020078615
0.05975288367880295,-0.2770423517250027
-0.1522323847283982,-0.2770423517250027
0.3699240829133929,-0.2770423517250027
0.0687492034221851,-0.2770423517250027
0.7344830319155722,0.22426562898560826
0.3425603026751006,-0.2770423517250027
-0.049880595977760206,-0.2770423517250027
-0.07209365897513963,-0.0401716056475077
-0.0004941340089708645,0.9580531465799901
0.2738680659070158,-0.2770423517250027
-0.03926103755255408,2.053000940115849
0.2121177051871346,0.09838889832566983
-0.04010010086741168,-0.2770423517250027
0.12380251677105644,-0.2770423517250027
0.5869845375178528,-0.2770423517250027
0.08213146576301651,-0.2770423517250027
-0.1754393402340036,-0.2770423517250027
-0.21511189270872683,0.041860399409999055
0.045786090914108464,0.034813918219362916
0.12046901949552503,0.5905874154318597
0.23285069528520388,-0.2770423517250027
-0.21511189270872683,0.15303942051929295
-0.21511189270872683,-0.2770423517250027
-0.0023627761255851994,1.6378708046537502
0.30675085059859586,-0.2770423517250027
-0.21511189270872683,-0.2770423517250027
-0.04712183645851461,-0.2770423517250027
0.22931594043727646,-0.2770423517250027
-0.21511189270872683,-0.2770423517250027
0.5883638437976377,0.22840655020078615
-0.21511189270872683,-0.2770423517250027
-0.21511189270872683,0.041860399409999055
-0.21511189270872683,-0.2770423517250027
-0.020925212089874873,0.278731145487494
1.139056206564868,0.4719421716542947
-0.21511189270872683,-0.2770423517250027
1.1279484474520358,0.4693295412524436
-0.21511189270872683,0.8479971628309583
-0.21511189270872683,-0.2770423517250027
0.43791426773943803,0.041860399409999055
-0.03075672144399905,-0.2770423517250027
0.04290852171364134,-0.2770423517250027
-0.21511189270872683,-0.2770423517250027
-0.21511189270872683,-0.2770423517250027
0.7904533009440962,0.15303942051929295
-0.21511189270872683,-0.2770423517250027
-0.21511189270872683,0.22426562898560826
0.16647453778343732,-0.2770423517250027
0.24731274481408094,0.3511040389525136
0.634613756404822,0.034813918219362916
-0.1754393402340036,-0.2770423517250027
-0.1754393402340036,0.41024516827003543
0.6976306140575288,1.5354212839337715
0.38917750129103834,-0.2770423517250027
0.30406538602685135,-0.2770423517250027
0.40410672046348733,0.15303942051929295
0.0919561589277905,0.35815052014314974
-0.06580586057744044,-0.0401716056475077
0.1569102781394585,-0.2770423517250027
0.18687337678676283,0.32547290511368887
0.3328294566708141,-0.2770423517250027
0.04245737984817686,0.15303942051929295
0.08063476694688315,0.278731145487494
-0.0004941340089708645,-0.2770423517250027
-0.21511189270872683,-0.2770423517250027
-0.21511189270872683,0.039247769008147956
-0.21511189270872683,-0.2770423517250027
-0.1522323847283982,-0.2770423517250027
0.18888022971862795,-0.2770423517250027
-0.006038047631997344,1.1437482822425051
0.1692958380008878,-0.2770423517250027
-0.21511189270872683,-0.2770423517250027
-0.21511189270872683,-0.2770423517250027
0.14747693555993477,0.10310245079527625
0.32448445141670795,-0.2770423517250027
-0.21511189270872683,0.7784033903750521
-0.1522323847283982,0.42200520193027785
-0.1754393402340036,-0.2770423517250027
0.0032359692389181257,2.032167208898158
0.23508095881223626,0.22426562898560826
-0.1754393402340036,-0.0401716056475077
-0.1754393402340036,0.39838409715503376
0.08629770670368928,0.8424972914497363
0.1256908393269814,0.2716846642968579
-0.06891755561232596,0.034813918219362916
-0.06891755561232596,-0.2770423517250027
0.9624523829734308,-0.2770423517250027
-0.0023627761255851994,-0.2770423517250027
0.14918565763610778,0.7062002873299386
0.11717240491974514,-0.2770423517250027
0.5120716698908425,-0.2770423517250027
-0.01272776485365948,-0.2770423517250027
0.5738769158694518,-0.2770423517250027
0.22466070806844954,0.8550246500649755
0.5421172276916929,0.8949774627079542
-0.21511189270872683,0.39838409715503376
-0.015234639820409275,-0.2770423517250027
-0.07402460683607244,0.039247769008147956
0.01874734038484833,0.2716846642968579
-0.08320098315622884,0.27611851508564295
0.2657974478002289,-0.0401716056475077
0.1706032253487722,0.09838889832566983
-0.1754393402340036,0.43661971088785007
-0.1522323847283982,-0.2770423517250027
0.2663280612850249,-0.2770423517250027
0.7755778337071618,0.6584883224450818
0.7402463085040227,0.039247769008147956
-0.06580586057744044,-0.2770423517250027
-0.1754393402340036,-0.2770423517250027
-0.03170023678952709,-0.0401716056475077
0.27285974232264126,-0.2770423517250027
0.13335338877405356,0.041860399409999055
0.10693329954384677,0.35815052014314974
-0.04407322436272654,-0.0401716056475077
0.05174663247057148,0.039247769008147956
-0.0549071922951325,0.041860399409999055
-0.1754393402340036,-0.2770423517250027
0.06215369584537706,0.5331842230395719
-0.045321920698868104,-0.2770423517250027
-0.11369715931079567,-0.2770423517250027
-0.1522323847283982,-0.0401716056475077
0.34415856917837895,-0.2770423517250027
0.050081485586644596,1.3434107978041463
0.0004115149221691233,-0.2770423517250027
-0.04010010086741168,0.54316838012061
0.7362247994604356,0.5331842230395719
-0.12287353563095205,-0.2770423517250027
-0.043428504165497914,-0.2770423517250027
0.3691988781612938,-0.2770423517250027
-0.21511189270872683,-0.2770423517250027
0.2536167193626787,0.15303942051929295
-0.016893145361806285,-0.2770423517250027
-0.1754393402340036,-0.2770423517250027
-0.07402460683607244,-0.0401716056475077
0.450013987462424,-0.2770423517250027
0.12236243602889524,0.041860399409999055
-0.02924500313760272,2.141561149135373
0.2901831809824891,1.1473686205343312
-0.1357667877592804,0.039247769008147956
0.16525495362891135,0.5335282624847417
0.3019983656219917,0.54316838012061
0.14981443401245736,-0.2770423517250027
-0.1754393402340036,1.5796913546431957
-0.07402460683607244,-0.2770423517250027
-0.1522323847283982,-0.2770423517250027
-0.12287353563095205,-0.2770423517250027
-0.007449283983791397,0.10310245079527625
-0.21511189270872683,-0.2770423517250027
-0.1522323847283982,-0.2770423517250027
-0.020779966451047977,0.039247769008147956
0.34832314582803703,0.35371666935436463
-0.1754393402340036,0.39838409715503376
0.5104863711728577,0.039247769008147956
0.035608872820490696,-0.2770423517250027
-0.1357667877592804,0.034813918219362916
0.17122602548913032,-0.2770423517250027
-0.08365947443137661,-0.2770423517250027
0.030791890419788612,1.8000071524630705
0.2579750776775901,-0.2770423517250027
-0.21511189270872683,-0.2770423517250027
-0.1754393402340036,-0.2770423517250027
0.2233135004179921,-0.2770423517250027
-0.21511189270872683,-0.2770423517250027
-0.21511189270872683,-0.0401716056475077
-0.009214150994811,-0.2770423517250027
0.11197778531945299,0.8284658693993294
0.12119346513441488,1.1463609126443561
-0.21511189270872683,-0.2770423517250027
0.0775477866528776,-0.2770423517250027
-0.0053284705080209015,1.7147522365112036
-0.21511189270872683,-0.2770423517250027
0.18054235450553102,0.15303942051929295
0.47654544895710893,0.10310245079527625
-0.21511189270872683,0.041860399409999055
0.1737374614589227,-0.2770423517250027
-0.21511189270872683,0.3511040389525136
0.01874734038484833,-0.2770423517250027
-0.1357667877592804,-0.2770423517250027
-0.1754393402340036,0.041860399409999055
-0.21511189270872683,0.7102403670993994
1.4283670594418945,0.15303942051929295
-0.21511189270872683,-0.2770423517250027
-0.1754393402340036,-0.0401716056475077
-0.1357667877592804,-0.2770423517250027
-0.12299507852177384,0.41939257152842685
0.1935824071822978,-0.2770423517250027
-0.21511189270872683,-0.2770423517250027
-0.1754393402340036,-0.2770423517250027
-0.21511189270872683,-0.2770423517250027
-0.08955314845248344,-0.2770423517250027
0.26406825806425,-0.2770423517250027
0.14336571895302577,-0.2770423517250027
-0.08320098315622884,-0.2770423517250027
0.13927948832371942,0.034813918219362916
0.48941473587878215,1.3387805287962395
-0.016893145361806285,0.7312488414727926
0.7341895103329704,0.034813918219362916
0.07147833667205156,0.034813918219362916
-0.21511189270872683,-0.2770423517250027
0.1444513302799186,0.47853370084594876
-0.1357667877592804,-0.2770423517250027
-0.21511189270872683,-0.2770423517250027
-0.0004941340089708645,0.217238141751591
-0.21511189270872683,0.039247769008147956
0.07618427503082607,-0.2770423517250027
-0.03926103755255408,-0.2770423517250027
-0.1754393402340036,0.4693295412524436
0.1742746375849184,-0.2770423517250027
-0.21511189270872683,-0.2770423517250027
-0.04010010086741168,0.9115531489806464
0.5078879983341228,-0.2770423517250027
0.2844722220166913,0.38991016659678795
0.09191073520109397,-0.2770423517250027
-0.09457974476985573,-0.2770423517250027
-0.21511189270872683,2.365764806756605
-0.21511189270872683,0.7800391261981049
-0.07977265334213493,0.041860399409999055
-0.08365947443137661,0.41939257152842685
-0.1754393402340036,-0.2770423517250027
0.12540462759092735,0.673490456965345
-0.040491724607203274,0.8274581615093547
-0.12287353563095205,2.176065220026881
0.18522263291523486,1.282200862333813
-0.1754393402340036,0.4719421716542947
-0.03926103755255408,-0.2770423517250027
-0.1754393402340036,-0.2770423517250027
0.02643249650033428,0.041860399409999055
-0.049320952514333695,-0.2770423517250027
-0.21511189270872683,-0.2770423517250027
0.5952841444521328,0.6056265453722413
-0.1522323847283982,-0.0401716056475077
-0.0023627761255851994,-0.2770423517250027
-0.06891755561232596,0.7800391261981049
-0.1754393402340036,-0.2770423517250027
-0.21511189270872683,-0.2770423517250027
-0.034352054361349235,-0.0401716056475077
-0.21511189270872683,-0.2770423517250027
0.11885749077329497,-0.2770423517250027
-0.04010010086741168,1.4558251776814086
-0.054373343252372495,-0.2770423517250027
0.24424002607854162,0.034813918219362916
0.19126032802174012,3.3757742910696136
0.2668115488263197,0.7382953226634287
-0.0801642770819265,-0.2770423517250027
-0.1754393402340036,-0.2770423517250027
-0.21511189270872683,-0.2770423517250027
-0.21511189270872683,-0.2770423517250027
-0.21511189270872683,0.034813918219362916
-0.21511189270872683,-0.2770423517250027
-0.12287353563095205,0.3511040389525136
-0.1522323847283982,-0.2770423517250027
0.04804358982422648,-0.0401716056475077
-0.21511189270872683,0.09838889832566983
0.10523280776855987,0.039247769008147956
0.371611171171928,1.0169098722755998
0.04290852171364134,0.039247769008147956
-0.12299507852177384,-0.2770423517250027
-0.21511189270872683,-0.2770423517250027
-0.1754393402340036,0.6530992909695422
0.36628158408425,0.32547290511368887
0.18554226784405822,2.5964926400293127
-0.12299507852177384,-0.2770423517250027
-0.1754393402340036,0.039247769008147956
-0.21511189270872683,1.34577584244012
0.17785613734044162,0.041860399409999055
-0.21511189270872683,-0.2770423517250027
0.015757671521814013,0.039247769008147956
-0.1357667877592804,0.9204076226654306
0.08613049757848207,-0.2770423517250027
-0.21511189270872683,-0.2770423517250027
-0.0435284306815056,-0.2770423517250027
-0.21511189270872683,-0.2770423517250027
-0.03643658323580509,-0.2770423517250027
0.22374586309010597,-0.2770423517250027
0.2287567950595663,0.7974364519809505
0.19315895646673498,-0.2770423517250027
-0.04398692195665337,1.012153921694091
-0.21511189270872683,0.034813918219362916
-0.04010010086741168,0.5926693918022635
-0.21511189270872683,-0.2770423517250027
0.015757671521814013,-0.2770423517250027
-0.1754393402340036,-0.2770423517250027
0.11286944889548126,-0.2770423517250027
-0.03075672144399905,0.15303942051929295
-0.1754393402340036,0.35815052014314974
0.33475665557254464,0.278731145487494
-0.01728476910159789,-0.2770423517250027
0.350593101564965,0.039247769008147956
-0.045321920698868104,-0.2770423517250027
0.9218243584351012,0.40462112952590285
-0.1754393402340036,-0.2770423517250027
0.09468529217765695,-0.0401716056475077
0.0687492034221851,-0.2770423517250027
0.3048522543232843,0.10310245079527625
0.2444547463231524,1.0410041893494026
0.05297731952522066,-0.2770423517250027
0.32800551044464793,-0.2770423517250027
-0.1754393402340036,0.278731145487494
-0.02910950055320134,-0.2770423517250027
0.2897958243301825,-0.2770423517250027
-0.1754393402340036,-0.2770423517250027
-0.21511189270872683,-0.2770423517250027
-0.21511189270872683,-0.2770423517250027
0.5424580598674996,0.40462112952590285
0.35362491899441106,0.039247769008147956
0.6519581959668296,0.15303942051929295
-0.1357667877592804,0.27611851508564295
0.2381426000864248,5.7253579730993485
0.1982881179799983,-0.2770423517250027
0.29354283113502116,0.6543474012299039
-0.07893359002727732,0.7837984415986604
0.056014025599522996,0.7146742178881844
0.11884162420185716,-0.2770423517250027
-0.1754393402340036,-0.2770423517250027
-0.08499447317359136,-0.2770423517250027
0.19126966885470856,0.38991016659678795
-0.08955314845248344,-0.2770423517250027
0.03180578419732833,-0.2770423517250027
-0.21511189270872683,-0.2770423517250027
0.4332785674891995,0.7555224620228518
-0.21511189270872683,-0.2770423517250027
0.4092139824976276,0.039247769008147956
0.14231984266441933,1.0718125827560026
-0.21511189270872683,-0.2770423517250027
0.24314177916995572,0.034813918219362916
0.01874734038484833,-0.2770423517250027
0.3757420166705957,-0.0401716056475077
-0.21511189270872683,-0.2770423517250027
-0.21511189270872683,0.039247769008147956
-0.009648400039610474,0.041860399409999055
-0.21511189270872683,-0.2770423517250027
0.2653049799988142,-0.2770423517250027
-0.21511189270872683,0.2716846642968579
-0.21511189270872683,-0.2770423517250027
0.026442924744523522,0.034813918219362916
0.10920593126387466,0.041860399409999055
-0.21511189270872683,0.041860399409999055
0.1473962698431668,1.5108682659594697
0.023456304049850153,-0.2770423517250027
0.3565216110810872,-0.2770423517250027
-0.0029263525971118197,-0.0401716056475077
-0.11369715931079567,-0.2770423517250027
-0.1754393402340036,0.034813918219362916
-0.1754393402340036,-0.2770423517250027
-0.21511189270872683,-0.2770423517250027
0.6291120396168455,-0.2770423517250027
0.21270737657329983,-0.2770423517250027
0.3602333196777026,-0.2770423517250027
-0.05081765133046704,0.42200520193027785
0.18779289500799465,-0.2770423517250027
0.05251882825007289,0.7102403670993994
-0.21511189270872683,-0.2770423517250027
-0.11369715931079567,-0.2770423517250027
-0.12299507852177384,-0.0401716056475077
0.011861584945447704,-0.2770423517250027
0.1237556115940847,0.034813918219362916
-0.21511189270872683,0.35553788974129863
-0.0004941340089708645,0.15303942051929295
-0.21511189270872683,-0.2770423517250027
-0.21511189270872683,-0.2770423517250027
0.48262701168708816,0.039247769008147956
0.5372338313339996,-0.2770423517250027
-0.21511189270872683,-0.2770423517250027
0.23864128071403837,0.039247769008147956
0.11226151228958811,0.15303942051929295
0.29836447226643625,-0.2770423517250027
-0.21511189270872683,-0.2770423517250027
-0.04407322436272654,-0.2770423517250027
-0.21511189270872683,-0.2770423517250027
0.06616556259887567,0.15303942051929295
0.08713519773654264,-0.2770423517250027
-0.11369715931079567,-0.2770423517250027
0.0681093139381044,0.43661971088785007
-0.21511189270872683,0.034813918219362916
-0.1522323847283982,0.041860399409999055
0.029076650947461872,-0.2770423517250027
-0.09457974476985573,-0.2770423517250027
0.09551218835033516,0.536121898929974
-0.03643658323580509,-0.2770423517250027
0.17524658171961863,0.43661971088785007
0.07012339188451201,-0.2770423517250027
-0.21511189270872683,-0.2770423517250027
-0.09457974476985573,0.041860399409999055
0.050203028477466355,-0.2770423517250027
-0.12299507852177384,-0.2770423517250027
-0.0004941340089708645,-0.2770423517250027
-0.08320098315622884,0.217238141751591
-0.21511189270872683,0.8550246500649755
0.2626744329422346,-0.2770423517250027
0.22049098077429286,0.041860399409999055
-0.1357667877592804,0.10310245079527625
0.03180578419732833,-0.2770423517250027
-0.21511189270872683,-0.2770423517250027
0.09117575420336398,1.0216366781236768
-0.21511189270872683,0.034813918219362916
-0.21511189270872683,-0.2770423517250027
0.0032359692389181257,0.039247769008147956
-0.016893145361806285,0.034813918219362916
-0.04712183645851461,-0.2770423517250027
0.6819888810716896,-0.2770423517250027
-0.21511189270872683,-0.0401716056475077
0.013558555465994937,0.039247769008147956
-0.1754393402340036,-0.0401716056475077
1.0064544062117446,-0.2770423517250027
-0.21511189270872683,-0.2770423517250027
0.0687492034221851,0.10310245079527625
-0.049880595977760206,0.034813918219362916
0.2808087043850849,0.7102403670993994
0.21537966269825967,1.0028389802380937
0.37217325018237346,0.15303942051929295
-0.0801642770819265,-0.2770423517250027
0.23196167713672813,1.0738105460350704
0.056092812699063035,0.27611851508564295
0.07118540100387087,-0.2770423517250027
-0.21511189270872683,0.4648956904636586
0.06610504897505748,0.7811858111968092
-0.0801642770819265,-0.2770423517250027
-0.0549071922951325,-0.2770423517250027
-0.21511189270872683,-0.2770423517250027
-0.21511189270872683,-0.2770423517250027
0.19996207444621836,-0.2770423517250027
-0.21511189270872683,1.4865066973487027
-0.21511189270872683,-0.2770423517250027
-0.12287353563095205,0.039247769008147956
-0.1522323847283982,-0.2770423517250027
0.6874634242225306,-0.2770423517250027
0.14747693555993477,-0.2770423517250027
0.8083388236160614,0.5335282624847417
-0.21511189270872683,-0.2770423517250027
-0.21511189270872683,-0.2770423517250027
1.2837224242681835,-0.2770423517250027
-0.21511189270872683,-0.2770423517250027
-0.21511189270872683,-0.2770423517250027
0.8175325446891061,-0.2770423517250027
-0.03170023678952709,0.039247769008147956
-0.06580586057744044,-0.2770423517250027
-0.0266736404721548,-0.0401716056475077
0.09468529217765695,0.41495872073964185
-0.0023627761255851994,0.034813918219362916
0.3520610908170433,-0.2770423517250027
0.0564879683966066,0.32547290511368887
-0.1754393402340036,-0.2770423517250027
-0.1357667877592804,0.034813918219362916
-0.07977265334213493,-0.2770423517250027
0.13888055569701083,-0.2770423517250027
-0.0023627761255851994,0.15303942051929295
0.46632945300543843,-0.2770423517250027
-0.0435284306815056,-0.2770423517250027
-0.21511189270872683,-0.2770423517250027
0.3039149771296895,0.6629603088968792
0.06053812028824765,-0.2770423517250027
-0.21511189270872683,-0.2770423517250027
0.2410151318584592,-0.2770423517250027
0.5474629602257232,0.5331842230395719
0.1568826712495719,0.039247769008147956
0.59576805407864,-0.2770423517250027
-0.21511189270872683,0.47853370084594876
-0.12287353563095205,0.10310245079527625
0.08148551989351684,-0.2770423517250027
-0.21511189270872683,-0.2770423517250027
0.1665726744586312,-0.2770423517250027
-0.003755951690774689,-0.2770423517250027
-0.12287353563095205,0.217238141751591
0.12606695357186568,0.039247769008147956
-0.21511189270872683,0.4693295412524436
0.3034642585000363,1.968589365964652
-0.21511189270872683,0.041860399409999055
0.05059708206746409,0.4693295412524436
-0.21511189270872683,-0.2770423517250027
0.9328135868029034,0.7847659320461818
0.35412491006737834,0.034813918219362916
-0.06891755561232596,-0.2770423517250027
-0.1754393402340036,-0.2770423517250027
-0.11369715931079567,0.10310245079527625
-0.21511189270872683,-0.0401716056475077
0.5558044742891443,-0.2770423517250027
-0.1522323847283982,-0.2770423517250027
0.17055372198468177,-0.2770423517250027
-0.21511189270872683,-0.2770423517250027
-0.1754393402340036,-0.2770423517250027
-0.07977265334213493,-0.0401716056475077
-0.21511189270872683,0.217238141751591
-0.0266736404721548,-0.2770423517250027
-0.21511189270872683,0.3399731968727712
-0.1754393402340036,0.7209112502590536
-0.1754393402340036,0.41495872073964185
-0.1522323847283982,0.3399731968727712
0.2802045855948927,0.10310245079527625
0.6579665895260288,0.47853370084594876
0.013539244372005991,-0.2770423517250027
0.3800501360701295,0.3399731968727712
0.42662597619024084,0.9115721429372653
0.13736886550944227,-0.2770423517250027
-0.02910950055320134,0.15303942051929295
-0.21511189270872683,-0.2770423517250027
-0.04398692195665337,-0.2770423517250027
-0.1754393402340036,0.4573605657406155
-0.21511189270872683,0.10310245079527625
0.0182137502417023,-0.2770423517250027
0.2913459877676067,-0.2770423517250027
-0.07977265334213493,-0.2770423517250027
0.2452995096919613,-0.2770423517250027
0.021250456316004626,0.43661971088785007
-0.21511189270872683,0.278731145487494
-0.21511189270872683,0.4652772962782811
-0.040491724607203274,-0.2770423517250027
0.2560501286016364,-0.2770423517250027
-0.1754393402340036,0.15303942051929295
0.06953337878915146,-0.2770423517250027
0.030791890419788612,-0.2770423517250027
-0.1754393402340036,-0.2770423517250027
0.47390871371230225,0.7201179993930503
-0.1754393402340036,0.41467901905882054
-0.07209365897513963,0.034813918219362916
-0.21511189270872683,-0.2770423517250027
0.12835952101899484,-0.2770423517250027
0.6879503818387492,0.41495872073964185
0.1270056354081367,0.041860399409999055
-0.0801642770819265,-0.2770423517250027
-0.0004941340089708645,0.217238141751591
0.09081859941662045,0.673490456965345
0.13095828426837938,0.034813918219362916
0.10324737883727318,-0.2770423517250027
-0.21511189270872683,-0.2770423517250027
-0.21511189270872683,0.034813918219362916
0.5086685894658082,-0.2770423517250027
0.7858987041312272,4.535798181854989
-0.12287353563095205,-0.2770423517250027
0.03290781336470885,0.9068775361650102
-0.21511189270872683,-0.0401716056475077
0.2568167512703921,2.7733157293020727
-0.08499447317359136,0.10310245079527625
-0.21511189270872683,-0.2770423517250027
0.44377729766165974,0.039247769008147956
-0.026133308102717214,-0.2770423517250027
-0.21511189270872683,0.034813918219362916
0.0681093139381044,-0.2770423517250027
-0.1522323847283982,-0.2770423517250027
-0.1522323847283982,-0.2770423517250027
-0.21511189270872683,-0.2770423517250027
0.47768647786665924,0.7529098316210007
-0.04398692195665337,0.27611851508564295
0.22602872537048926,-0.2770423517250027
-0.21511189270872683,0.034813918219362916
0.8614328857787927,0.7815674170114318
-0.1754393402340036,0.034813918219362916
1.1348622528920873,0.4693295412524436
-0.21511189270872683,-0.2770423517250027
-0.21511189270872683,0.15303942051929295
0.7324190344133388,-0.2770423517250027
0.07037244210400906,2.1036219219403542
0.022481143370653826,-0.2770423517250027
-0.21511189270872683,-0.2770423517250027
-0.21511189270872683,0.9515449639656794
-0.022114965193262722,-0.2770423517250027
-0.1522323847283982,1.1327870146206518
-0.21511189270872683,0.034813918219362916
-0.21511189270872683,-0.2770423517250027
-0.04407322436272654,-0.2770423517250027
-0.21511189270872683,-0.2770423517250027
-0.21511189270872683,-0.2770423517250027
0.10565936068271096,0.4611363750631032
-0.0023627761255851994,-0.2770423517250027
0.6301258973677099,0.454108887829086
-0.21511189270872683,0.6543474012299039
-0.21511189270872683,-0.2770423517250027
-0.08320098315622884,-0.2770423517250027
0.23237443067392272,0.6038378002514587
-0.1754393402340036,-0.2770423517250027
0.5406568664807592,0.041860399409999055
-0.026133308102717214,0.217238141751591
-0.08320098315622884,-0.2770423517250027
-0.01272776485365948,0.041860399409999055
-0.1754393402340036,0.35371666935436463
0.3642563158244781,0.2716846642968579
1.3266709093203022,-0.0401716056475077
-0.21511189270872683,-0.2770423517250027
0.015757671521814013,-0.2770423517250027
-0.1357667877592804,0.47853370084594876
0.4341510624821006,-0.2770423517250027
0.9900174556149504,0.7901590307249184
0.1669794500035511,-0.2770423517250027
-0.06580586057744044,0.9020239438985903
0.32226194435749755,-0.2770423517250027
0.051146046941897234,0.034813918219362916
-0.1754393402340036,-0.2770423517250027
-0.21511189270872683,0.39838409715503376
-0.21511189270872683,0.034813918219362916
-0.21511189270872683,0.5335282624847417
-0.1522323847283982,0.7771335662226467
-0.21511189270872683,-0.0401716056475077
-0.21511189270872683,-0.2770423517250027
-0.21511189270872683,-0.2770423517250027
0.14239010020444384,0.034813918219362916
0.5011504030515874,-0.2770423517250027
-0.1754393402340036,0.7815674170114318
-0.08499447317359136,-0.2770423517250027
-0.21511189270872683,0.7268149906840075
0.20791106429196526,-0.2770423517250027
-0.1522323847283982,-0.2770423517250027
-0.0801642770819265,0.4652772962782811
-0.022114965193262722,0.039247769008147956
-0.08499447317359136,0.43661971088785007
-0.21511189270872683,-0.2770423517250027
0.5413180761564945,-0.2770423517250027
-0.1522323847283982,0.5129892611631379
-0.1522323847283982,0.8996920778656448
0.23536045543779674,0.10310245079527625
0.11667808220130878,0.039247769008147956
0.3189572563749229,-0.2770423517250027
-0.1357667877592804,-0.2770423517250027
-0.21511189270872683,-0.2770423517250027
0.10842175589690833,-0.2770423517250027
-0.006764739110014356,-0.2770423517250027
-0.21511189270872683,0.8353196287553319
-0.1522323847283982,0.7811858111968092
-0.04010010086741168,-0.0401716056475077
-0.21511189270872683,-0.2770423517250027
-0.1754393402340036,-0.2770423517250027
-0.1357667877592804,0.039247769008147956
0.32566528916863013,-0.2770423517250027
-0.11369715931079567,1.7164044966377339
-0.0801642770819265,-0.2770423517250027
0.02084417938002021,0.034813918219362916
-0.21511189270872683,-0.2770423517250027
-0.21511189270872683,0.15303942051929295
0.3103077438329806,0.43661971088785007
-0.08365947443137661,0.278731145487494
0.391824708644149,-0.2770423517250027
-0.016893145361806285,0.3399731968727712
0.3636797751050791,0.38793790316710985
0.953130115606953,0.10310245079527625
0.09607820181403783,-0.2770423517250027
-0.1357667877592804,1.3046632991944676
-0.06580586057744044,-0.2770423517250027
-0.21511189270872683,-0.0401716056475077
0.4344848571304756,0.041860399409999055
0.4973301260285139,-0.0401716056475077
-0.0053284705080209015,1.3463484736945484
-0.1754393402340036,-0.2770423517250027
0.050203028477466355,-0.2770423517250027
-0.21511189270872683,0.6108962755134016
-0.21511189270872683,-0.2770423517250027
-0.034352054361349235,0.35371666935436463
0.7548713947805096,-0.2770423517250027
0.09484751475938862,-0.2770423517250027
0.20310071654353118,0.38991016659678795
-0.1754393402340036,-0.2770423517250027
-0.042035328600308446,0.15303942051929295
0.3052156741569394,-0.2770423517250027
0.7324600630341784,-0.2770423517250027
0.026310953609512553,-0.2770423517250027
0.1818467804693905,-0.2770423517250027
0.02694478762106371,-0.2770423517250027
-0.02910950055320134,-0.2770423517250027
-0.1357667877592804,-0.2770423517250027
-0.03643658323580509,-0.2770423517250027
-0.07402460683607244,-0.2770423517250027
0.4106336370496551,0.41495872073964185
-0.1357667877592804,-0.2770423517250027
-0.21511189270872683,0.15303942051929295
-0.1754393402340036,-0.2770423517250027
-0.12287353563095205,-0.2770423517250027
-0.06580586057744044,-0.2770423517250027
0.5404621544132129,0.034813918219362916
-0.21511189270872683,-0.2770423517250027
-0.21511189270872683,-0.2770423517250027
0.3717261287062152,0.39838409715503376
-0.1754393402340036,-0.2770423517250027
-0.1754393402340036,0.54316838012061
-0.08365947443137661,-0.2770423517250027
0.38596446660174377,0.7146742178881844
-0.21511189270872683,0.10310245079527625
-0.21511189270872683,-0.2770423517250027
0.301974802925502,-0.2770423517250027
0.29858468550502015,0.54316838012061
-0.0801642770819265,-0.2770423517250027
0.055801773841969673,-0.2770423517250027
-0.07402460683607244,-0.2770423517250027
-0.07209365897513963,-0.2770423517250027
-0.21511189270872683,0.10310245079527625
0.08645139529460608,-0.2770423517250027
-0.04712183645851461,-0.2770423517250027
-0.034352054361349235,-0.2770423517250027
-0.21511189270872683,-0.2770423517250027
-0.07209365897513963,-0.2770423517250027
-0.21511189270872683,-0.2770423517250027
-0.1754393402340036,-0.2770423517250027
-0.1754393402340036,0.9115721429372653
-0.1522323847283982,-0.2770423517250027
-0.0004941340089708645,0.034813918219362916
0.19182808664586398,0.5926693918022635
-0.009214150994811,1.0647661015653664
-0.12299507852177384,0.43661971088785007
-0.21511189270872683,-0.2770423517250027
0.30518553685436395,1.158548192895331
-0.02910950055320134,-0.2770423517250027
0.29167854640240765,-0.0401716056475077
-0.005902545047595962,-0.0401716056475077
0.2121448431465875,0.7785288996753127
0.5363947412104453,-0.0401716056475077
0.5434572625832157,0.35553788974129863
0.5079207318951934,-0.2770423517250027
-0.1754393402340036,-0.2770423517250027
-0.06580586057744044,0.22426562898560826
0.6748347490684226,0.3399731968727712
0.20029525702943193,0.690979633906581
0.1762508197523501,-0.2770423517250027
0.19800489497957682,-0.2770423517250027
0.024255689756214,0.4648956904636586
0.2913552445002959,0.039247769008147956
-0.1522323847283982,0.217238141751591
-0.12287353563095205,-0.2770423517250027
0.4563402031412336,-0.2770423517250027
0.4193674912401298,-0.2770423517250027
-0.21511189270872683,0.039247769008147956
-0.010208043503036977,-0.2770423517250027
0.5136210655823583,-0.2770423517250027
0.013558555465994937,-0.2770423517250027
0.5108141389118138,-0.2770423517250027
0.47839998830983527,1.2177853801808793
0.05450745677201759,-0.2770423517250027
0.6453122348041966,0.22426562898560826
0.11210534458720817,-0.2770423517250027
-0.034352054361349235,0.40462112952590285
-0.049320952514333695,-0.2770423517250027
0.061938447996739567,2.4802246138641193
-0.21511189270872683,-0.2770423517250027
-0.21511189270872683,-0.2770423517250027
-0.07893359002727732,0.034813918219362916
0.03180578419732833,-0.2770423517250027
0.16224430869713882,0.039247769008147956
-0.21511189270872683,0.10310245079527625
-0.06580586057744044,-0.2770423517250027
-0.21511189270872683,-0.2770423517250027
0.029076650947461872,-0.2770423517250027
-0.1754393402340036,0.034813918219362916
0.43655165272564095,-0.2770423517250027
0.054783338544873814,2.237840104120251
-0.007449283983791397,-0.2770423517250027
0.23010328140280048,0.8874423379849112
0.9294005422419744,0.32547290511368887
0.23317601827485596,0.41939257152842685
-0.21511189270872683,0.041860399409999055
-0.01272776485365948,0.15303942051929295
-0.0266736404721548,1.1456836369593013
-0.042035328600308446,-0.2770423517250027
0.5096655721158448,0.4648956904636586
-0.21511189270872683,-0.2770423517250027
0.14887848373859786,0.4693295412524436
0.5470408231694778,0.7172868482900355
-0.21511189270872683,-0.2770423517250027
-0.21511189270872683,-0.2770423517250027
-0.006038047631997344,-0.2770423517250027
0.5603895148445502,0.7767519604080242
-0.1754393402340036,-0.2770423517250027
-0.07893359002727732,-0.2770423517250027
0.05611476887031428,0.10310245079527625
-0.08955314845248344,-0.2770423517250027
-0.12287353563095205,0.10310245079527625
0.23105935412634634,-0.2770423517250027
0.23282944778722134,1.5549432401962349
0.0681093139381044,-0.0401716056475077
-0.07209365897513963,-0.2770423517250027
-0.1754393402340036,0.041860399409999055
-0.08365947443137661,-0.2770423517250027
-0.06580586057744044,0.39838409715503376
-0.21511189270872683,0.034813918219362916
-0.21511189270872683,-0.2770423517250027
-0.11369715931079567,-0.2770423517250027
-0.06580586057744044,2.785438758452887
-0.0012249823785160133,0.034813918219362916
-0.21511189270872683,-0.2770423517250027
-0.12287353563095205,0.7837984415986604
-0.03643658323580509,-0.2770423517250027
-0.21511189270872683,0.35553788974129863
-0.1754393402340036,0.43661971088785007
0.0681093139381044,-0.2770423517250027
0.02084417938002021,-0.0401716056475077
-0.21511189270872683,-0.2770423517250027
-0.21511189270872683,-0.2770423517250027
0.4245376224248886,0.034813918219362916
-0.043428504165497914,-0.2770423517250027
0.007243883904183407,-0.2770423517250027
-0.04407322436272654,1.5093927930037019
-0.21511189270872683,0.041860399409999055
0.6079967974711074,0.40462112952590285
0.7444303393975683,0.09838889832566983
-0.010208043503036977,-0.2770423517250027
-0.21511189270872683,-0.0401716056475077
0.14956842334996615,-0.2770423517250027
-0.01272776485365948,0.15303942051929295
0.1879441182276011,0.039247769008147956
-0.1522323847283982,0.278731145487494
-0.1522323847283982,0.54316838012061
0.03434408196670232,-0.2770423517250027
0.9372189881026064,0.38991016659678795
-0.06891755561232596,-0.2770423517250027
0.9402613866247044,-0.2770423517250027
0.7654146019452879,-0.2770423517250027
0.4102225639752726,0.6085513527210651
-0.21511189270872683,0.9595577897548749
0.11322427417332916,-0.2770423517250027
-0.1522323847283982,-0.2770423517250027
-0.21511189270872683,-0.2770423517250027
-0.21511189270872683,-0.2770423517250027
0.8123333148455215,-0.2770423517250027
-0.1357667877592804,0.5085554103743529
-0.21511189270872683,-0.2770423517250027
-0.21511189270872683,-0.2770423517250027
-0.1522323847283982,0.5284706705699656
0.41135270162501303,0.4693295412524436
-0.1754393402340036,-0.2770423517250027
0.06808177261060162,0.4693295412524436
-0.0023627761255851994,-0.2770423517250027
-0.1754393402340036,-0.2770423517250027
0.32025674292504586,-0.2770423517250027
-0.21511189270872683,-0.2770423517250027
-0.21511189270872683,-0.2770423517250027
-0.1522323847283982,0.4573605657406155
-0.1754393402340036,0.10310245079527625
0.408531620334685,-0.0401716056475077
0.15463539520370526,0.7017664365411537
0.012074079995848233,-0.2770423517250027
0.03180578419732833,-0.2770423517250027
-0.21511189270872683,0.15303942051929295
-0.21511189270872683,-0.2770423517250027
0.09801721075084306,-0.2770423517250027
0.1237556115940847,-0.2770423517250027
-0.08320098315622884,-0.2770423517250027
-0.21511189270872683,-0.2770423517250027
0.2522241649974618,-0.2770423517250027
-0.1754393402340036,-0.2770423517250027
-0.21511189270872683,0.034813918219362916
-0.21511189270872683,0.034813918219362916
-0.21511189270872683,-0.2770423517250027
-0.0029263525971118197,0.10310245079527625
-0.1754393402340036,-0.2770423517250027
0.41814102181057794,0.598448882677837
-0.21511189270872683,0.38991016659678795
0.48978625751376353,-0.2770423517250027
0.36811576470555946,0.034813918219362916
-0.21511189270872683,-0.2770423517250027
-0.1754393402340036,-0.2770423517250027
0.1437438441868131,0.5085554103743529
0.2857848723813008,-0.2770423517250027
0.08713519773654264,0.039247769008147956
-0.21511189270872683,-0.2770423517250027
-0.08955314845248344,-0.2770423517250027
0.10119331411365672,-0.0401716056475077
0.13177763079344618,-0.2770423517250027
-0.21511189270872683,0.09838889832566983
-0.21511189270872683,-0.2770423517250027
-0.12299507852177384,0.35815052014314974
-0.21511189270872683,0.039247769008147956
0.9099271719297912,0.5331842230395719
0.0774727470407057,0.40462112952590285
0.4376195451390983,0.8994113134967392
0.18964338796255326,0.5905874154318597
-0.21511189270872683,-0.2770423517250027
-0.043428504165497914,0.10310245079527625
-0.12299507852177384,0.041860399409999055
0.12943669431899593,0.3511040389525136
-0.0038558782067823947,-0.2770423517250027
-0.1754393402340036,0.9471111131768944
0.1734067141678039,0.41495872073964185
-0.21511189270872683,0.041860399409999055
-0.12299507852177384,0.5905874154318597
0.09142264738566973,-0.2770423517250027
-0.1754393402340036,-0.0401716056475077
0.0032359692389181257,-0.2770423517250027
-0.07402460683607244,-0.2770423517250027
0.7687264297040344,-0.2770423517250027
-0.034352054361349235,-0.2770423517250027
-0.01728476910159789,0.8771472552698928
-0.0549071922951325,-0.2770423517250027
-0.21511189270872683,-0.2770423517250027
-0.1754393402340036,-0.2770423517250027
0.3176445203645703,0.039247769008147956
-0.06580586057744044,-0.2770423517250027
-0.07893359002727732,0.039247769008147956
-0.042035328600308446,-0.2770423517250027
-0.21511189270872683,-0.2770423517250027
-0.21511189270872683,0.7226870436773799
-0.21511189270872683,1.156998667062104
0.09439883983615384,0.10310245079527625
0.07012339188451201,-0.2770423517250027
-0.21511189270872683,0.6588759480077729
0.2948930879298626,-0.2770423517250027
0.19004662995060712,0.10310245079527625
-0.21511189270872683,-0.2770423517250027
0.31901713624976685,-0.0401716056475077
0.06899362689751472,0.034813918219362916
0.1696833213332942,-0.2770423517250027
0.0687492034221851,-0.2770423517250027
-0.06878205302792458,-0.2770423517250027
0.15739271619089742,0.10310245079527625
-0.04398692195665337,0.041860399409999055
-0.1522323847283982,0.039247769008147956
0.010563051921521864,1.4446972812974934
0.0919561589277905,-0.2770423517250027
-0.07209365897513963,0.2716846642968579
-0.03643658323580509,-0.2770423517250027
-0.21511189270872683,-0.0401716056475077
-0.08499447317359136,-0.2770423517250027
0.2768767834195991,-0.2770423517250027
-0.11369715931079567,-0.2770423517250027
-0.21511189270872683,0.7291479194050371
-0.21511189270872683,1.659409051651774
-0.042035328600308446,-0.2770423517250027
-0.0004941340089708645,-0.2770423517250027
0.10853707441129277,-0.0401716056475077
-0.21511189270872683,0.22426562898560826
0.05937940479762269,0.039247769008147956
-0.09457974476985573,-0.2770423517250027
0.09468529217765695,-0.2770423517250027
-0.1754393402340036,0.034813918219362916
0.09081859941662045,0.217238141751591
-0.049320952514333695,0.15303942051929295
-0.12287353563095205,-0.2770423517250027
-0.08955314845248344,0.039247769008147956
0.10975775386059573,-0.0401716056475077
-0.04010010086741168,-0.2770423517250027
-0.045001022982744124,0.041860399409999055
0.0482514351211214,1.5438083449583968
-0.21511189270872683,-0.2770423517250027
0.15439205292315178,-0.2770423517250027
-0.1754393402340036,-0.2770423517250027
-0.21511189270872683,-0.2770423517250027
-0.21511189270872683,0.034813918219362916
0.1309612805909303,0.5085554103743529
0.173978497247432,-0.2770423517250027
0.03180578419732833,-0.2770423517250027
-0.21511189270872683,0.15303942051929295
0.10098290513327872,-0.0401716056475077
-0.1754393402340036,0.15303942051929295
0.08246841414734256,0.7729926450074688
0.17213550412482936,1.381626736209975
0.10799602859958876,0.2716846642968579
0.07528142529521391,-0.2770423517250027
-0.21511189270872683,-0.2770423517250027
-0.1754393402340036,0.22840655020078615
0.3425767936284434,-0.2770423517250027
0.4260903635660708,0.15303942051929295
-0.06580586057744044,-0.2770423517250027
-0.06878205302792458,-0.2770423517250027
-0.1754393402340036,0.041860399409999055
-0.05081765133046704,-0.0401716056475077
0.3183204966119988,0.7235238806609047
-0.21511189270872683,-0.2770423517250027
-0.1522323847283982,-0.2770423517250027
-0.06580586057744044,0.718546122462202
-0.09457974476985573,-0.2770423517250027
-0.21511189270872683,-0.2770423517250027
-0.054373343252372495,0.41939257152842685
-0.1754393402340036,-0.2770423517250027
-0.1754393402340036,-0.2770423517250027
0.22443926788774418,0.15303942051929295
0.4309738336733753,0.41467901905882054
-0.21511189270872683,0.42200520193027785
0.10360079470566046,-0.2770423517250027
0.013539244372005991,-0.2770423517250027
-0.21511189270872683,-0.2770423517250027
0.21844237037506595,0.039247769008147956
0.1637166937498263,3.5439836296735017
0.0273901265618587,0.4611363750631032
-0.1754393402340036,-0.2770423517250027
0.7564179805590251,-0.2770423517250027
-0.21511189270872683,-0.2770423517250027
0.29434227209224684,0.2716846642968579
-0.1754393402340036,-0.2770423517250027
0.33599935234127504,1.7493703802293896
-0.04398692195665337,-0.2770423517250027
-0.0549071922951325,-0.2770423517250027
-0.21511189270872683,0.034813918219362916
0.33163208647816894,0.673490456965345
-0.1754393402340036,-0.0401716056475077
0.31952942737049633,-0.2770423517250027
0.261009662520737,1.4984279946590346
-0.21511189270872683,-0.2770423517250027
-0.1754393402340036,-0.2770423517250027
-0.03643658323580509,0.3511040389525136
-0.21511189270872683,-0.2770423517250027
-0.1522323847283982,-0.2770423517250027
0.21091388655593735,0.38991016659678795
-0.004400671888003314,-0.2770423517250027
-0.08320098315622884,0.2716846642968579
0.09765878170715643,0.039247769008147956
-0.11369715931079567,-0.2770423517250027
-0.020925212089874873,-0.2770423517250027
0.02694478762106371,-0.2770423517250027
-0.21511189270872683,-0.2770423517250027
-0.1522323847283982,-0.0401716056475077
0.48339524908182124,0.039247769008147956
-0.21511189270872683,-0.2770423517250027
0.19145044953665458,0.7762633168756173
0.26333963661182985,-0.2770423517250027
0.3081167858871259,-0.2770423517250027
0.15321772436417636,-0.2770423517250027
0.1908318230749729,-0.2770423517250027
0.7283076170587871,-0.2770423517250027
-0.1754393402340036,-0.2770423517250027
0.23418991205239567,0.034813918219362916
-0.1522323847283982,-0.2770423517250027
0.315444475137763,0.034813918219362916
0.28580936079683406,0.8540852557036829
-0.0053284705080209015,0.3511040389525136
0.8965896708014943,2.7016044089322295
-0.21511189270872683,-0.2770423517250027
-0.042035328600308446,-0.2770423517250027
0.30528546337037166,-0.2770423517250027
0.5546463146357046,-0.2770423517250027
-0.1522323847283982,0.48324725331555524
-0.21511189270872683,-0.2770423517250027
0.06739624965352493,-0.2770423517250027
-0.07977265334213493,0.43661971088785007
0.24700234516600536,0.5996968790362808
-0.05999402765062343,0.38991016659678795
0.3911773037650882,-0.2770423517250027
-0.08320098315622884,0.278731145487494
0.029321074422791506,-0.2770423517250027
0.26147751826863935,0.5879747850300087
0.31276701155503195,0.6352548432325288
0.18026227118962704,-0.2770423517250027
0.16192320373246377,-0.2770423517250027
-0.02924500313760272,0.039247769008147956
-0.07209365897513963,1.2672731384840623
0.06360511843355457,-0.2770423517250027
-0.03643658323580509,0.034813918219362916
-0.21511189270872683,-0.2770423517250027
-0.21511189270872683,-0.0401716056475077
0.5330577370483396,0.22426562898560826
0.5636107459646218,0.039247769008147956
0.12404414127510309,-0.2770423517250027
0.03527188058671992,-0.0401716056475077
-0.1522323847283982,-0.2770423517250027
-0.06891755561232596,0.8498183832178924
0.24962179009063598,-0.2770423517250027
-0.0023627761255851994,-0.2770423517250027
0.23914798228410467,-0.2770423517250027
0.1482523826772977,-0.2770423517250027
0.0639282422309372,-0.0401716056475077
0.6430302914496389,0.7221014382144011
0.1220930216437123,0.15303942051929295
-0.04712183645851461,0.041860399409999055
0.5282158211845492,0.039247769008147956
0.10866559889443711,-0.2770423517250027
-0.1754393402340036,-0.2770423517250027
0.36406297642148405,0.7068406543021116
0.0378001945659825,0.039247769008147956
-0.1522323847283982,0.10310245079527625
-0.21511189270872683,-0.2770423517250027
-0.21511189270872683,0.35371666935436463
-0.06878205302792458,-0.0401716056475077
-0.21511189270872683,-0.2770423517250027
0.6252932608621933,-0.2770423517250027
-0.21511189270872683,-0.2770423517250027
-0.1522323847283982,-0.2770423517250027
-0.1522323847283982,-0.2770423517250027
0.17381012415337577,-0.2770423517250027
-0.21511189270872683,0.034813918219362916
-0.21511189270872683,0.041860399409999055
-0.0801642770819265,0.10310245079527625
0.0004115149221691233,-0.2770423517250027
-0.08320098315622884,-0.2770423517250027
-0.12299507852177384,-0.2770423517250027
0.1281549578617233,0.4693295412524436
-0.1754393402340036,-0.2770423517250027
-0.11369715931079567,-0.2770423517250027
-0.08320098315622884,-0.2770423517250027
-0.007449283983791397,1.1286207833524946
-0.21511189270872683,-0.2770423517250027
0.2659073129027918,0.6038378002514587
-0.21511189270872683,-0.2770423517250027
-0.08320098315622884,0.041860399409999055
0.183038271427749,-0.2770423517250027
-0.04398692195665337,-0.2770423517250027
-0.21511189270872683,-0.2770423517250027
0.1681123157488885,-0.2770423517250027
0.07951059222411522,-0.2770423517250027
0.06730171109777629,0.15303942051929295
0.1502621176377706,-0.0401716056475077
-0.0023627761255851994,-0.2770423517250027
-0.21511189270872683,-0.2770423517250027
0.20020162169953531,-0.2770423517250027
0.12761016418050242,-0.2770423517250027
0.05123919715310559,0.039247769008147956
0.1057969125437697,0.7703990085622366
-0.21511189270872683,0.6352548432325288
0.7110629580160414,-0.2770423517250027
-0.1754393402340036,-0.2770423517250027
-0.1754393402340036,0.10310245079527625
-0.1522323847283982,0.43661971088785007
-0.21511189270872683,-0.2770423517250027
-0.1754393402340036,0.15303942051929295
0.6677804065608384,0.43661971088785007
-0.21511189270872683,-0.2770423517250027
0.8483607216595002,2.925501330189836
0.055680230951147915,0.15303942051929295
0.34475475898918656,0.6700067900875154
-0.1522323847283982,-0.2770423517250027
-0.21511189270872683,-0.2770423517250027
0.31126014897413673,-0.2770423517250027
-0.1754393402340036,0.4470654830255971
-0.21511189270872683,-0.2770423517250027
0.1697111041184805,1.581265950298984
-0.21511189270872683,-0.2770423517250027
-0.21511189270872683,-0.0401716056475077
0.035608872820490696,-0.2770423517250027
-0.21511189270872683,-0.0401716056475077
0.3598366019604658,0.40462112952590285
0.36773370288219315,0.10310245079527625
-0.12299507852177384,-0.2770423517250027
-0.1754393402340036,-0.2770423517250027
-0.21511189270872683,0.041860399409999055
-0.07209365897513963,-0.2770423517250027
0.1392149279639136,-0.2770423517250027
-0.049320952514333695,-0.2770423517250027
0.5255028128594188,1.8307447193979853
0.19316997686025628,-0.2770423517250027
0.4334299281688207,0.15303942051929295
-0.1522323847283982,0.278731145487494
-0.01272776485365948,-0.2770423517250027
-0.02924500313760272,0.2716846642968579
0.13109519986039295,-0.2770423517250027
-0.1754393402340036,-0.2770423517250027
-0.049320952514333695,-0.2770423517250027
0.481280791321014,0.034813918219362916
0.018806283617602098,0.041860399409999055
-0.21511189270872683,-0.2770423517250027
-0.21511189270872683,-0.2770423517250027
0.09890265613078679,-0.2770423517250027
0.42741803402541534,0.15303942051929295
-0.007449283983791397,0.041860399409999055
-0.09457974476985573,0.034813918219362916
0.010427549337120482,-0.2770423517250027
-0.21511189270872683,-0.2770423517250027
-0.1522323847283982,-0.0401716056475077
-0.21511189270872683,0.039247769008147956
-0.020779966451047977,0.09838889832566983
-0.07893359002727732,0.15303942051929295
0.00845733975557638,0.43661971088785007
0.23726927686644467,-0.2770423517250027
0.1488647599199838,0.3399731968727712
0.2169660877317688,0.10310245079527625
0.8709005909291833,0.41939257152842685
0.5264726536676764,0.4648956904636586
-0.05081765133046704,0.5085554103743529
-0.06891755561232596,0.9115531489806464
-0.026133308102717214,0.039247769008147956
0.10463353216636852,2.3258829072204965
0.21012257932733816,-0.0401716056475077
-0.004400671888003314,-0.2770423517250027
0.11004499457873228,-0.0401716056475077
-0.0801642770819265,0.034813918219362916
0.3020556436261225,0.15303942051929295
-0.08320098315622884,-0.2770423517250027
-0.21511189270872683,0.2716846642968579
-0.0004941340089708645,-0.2770423517250027
-0.21511189270872683,0.039247769008147956
-0.21511189270872683,-0.2770423517250027
0.3022114828325565,-0.2770423517250027
-0.21511189270872683,-0.2770423517250027
0.21159034456676648,-0.2770423517250027
-0.042035328600308446,-0.2770423517250027
0.25582774143998355,-0.0401716056475077
-0.21511189270872683,-0.2770423517250027
0.04880985291227683,0.27611851508564295
-0.1754393402340036,-0.2770423517250027
-0.1522323847283982,-0.2770423517250027
0.0004115149221691233,1.053635259485624
0.029321074422791506,-0.2770423517250027
0.08299558307662079,0.10310245079527625
-0.21511189270872683,-0.2770423517250027
0.21685331832666857,-0.2770423517250027
0.4084312527238969,1.1283410816716732
0.0761323656528316,-0.2770423517250027
-0.21511189270872683,-0.2770423517250027
0.08604419517240897,-0.2770423517250027
0.01874734038484833,0.039247769008147956
0.07121119542453737,0.10310245079527625
-0.08365947443137661,-0.2770423517250027
-0.09457974476985573,0.4470654830255971
-0.1754393402340036,-0.0401716056475077
-0.1522323847283982,-0.2770423517250027
-0.1754393402340036,0.041860399409999055
-0.04398692195665337,0.039247769008147956
-0.21511189270872683,-0.2770423517250027
-0.06878205302792458,-0.2770423517250027
-0.1357667877592804,0.10310245079527625
-0.07977265334213493,-0.2770423517250027
-0.21511189270872683,-0.2770423517250027
-0.21511189270872683,-0.2770423517250027
0.2745094758849593,0.10310245079527625
0.03591660078394853,-0.2770423517250027
0.3554951352536286,-0.2770423517250027
-0.21511189270872683,-0.2770423517250027
0.05153413742017092,-0.2770423517250027
0.5206322629418514,0.536121898929974
-0.1754393402340036,1.4538298392550884
0.22020873854416018,-0.2770423517250027
-0.009648400039610474,-0.2770423517250027
0.22207357846292597,1.1393144314537202
-0.08499447317359136,-0.2770423517250027
-0.1357667877592804,-0.2770423517250027
-0.1754393402340036,0.041860399409999055
0.5193774461172059,-0.2770423517250027
-0.21511189270872683,0.034813918219362916
-0.21511189270872683,2.5003566461857
0.32412242090905063,0.10310245079527625
-0.12287353563095205,-0.2770423517250027
-0.07977265334213493,-0.2770423517250027
-0.21511189270872683,-0.2770423517250027
0.038447570096207216,-0.2770423517250027
-0.07402460683607244,-0.2770423517250027
0.540311298548896,0.10310245079527625
0.5869382891267855,-0.2770423517250027
0.36711118317791286,-0.2770423517250027
-0.21511189270872683,0.034813918219362916
-0.054373343252372495,1.2841670279479784
-0.1357667877592804,0.4648956904636586
0.6280972583379809,-0.2770423517250027
0.45290205437918246,1.8467602136347812
0.7564786321775011,0.10310245079527625
-0.0266736404721548,0.816764513408129
0.04235776110001457,0.039247769008147956
-0.016054082046948685,-0.2770423517250027
0.11621777845694091,1.0274647165161654
0.1371156886859912,-0.2770423517250027
0.26663715910240865,-0.2770423517250027
-0.1754393402340036,0.034813918219362916
0.24224986377053762,0.10310245079527625
-0.1754393402340036,-0.2770423517250027
0.3919093395554114,-0.2770423517250027
0.4468346448281618,-0.2770423517250027
0.03687267350749448,-0.2770423517250027
-0.21511189270872683,-0.0401716056475077
-0.1357667877592804,-0.2770423517250027
-0.21511189270872683,-0.2770423517250027
0.2810965671886058,1.0916634377484635
-0.08320098315622884,-0.2770423517250027
-0.21511189270872683,-0.2770423517250027
-0.21511189270872683,-0.2770423517250027
0.010563051921521864,1.5426502729179932
0.0681093139381044,-0.2770423517250027
-0.21511189270872683,0.5623436511911838
0.08783768518977149,-0.2770423517250027
0.15161776187539747,-0.2770423517250027
-0.21511189270872683,-0.2770423517250027
1.1229299631745795,0.10310245079527625
-0.21511189270872683,-0.2770423517250027
-0.045001022982744124,-0.2770423517250027
0.018806283617602098,0.041860399409999055
-0.21511189270872683,0.039247769008147956
0.018806283617602098,0.7338614718746436
-0.12287353563095205,0.039247769008147956
-0.04010010086741168,0.39838409715503376
0.2884256330983464,-0.2770423517250027
-0.1754393402340036,-0.2770423517250027
-0.21511189270872683,-0.2770423517250027
0.5635165006936602,0.10310245079527625
0.2582219111644373,0.9115721429372653
-0.1754393402340036,-0.2770423517250027
0.2839512216409773,0.6085513527210651
-0.0053284705080209015,-0.2770423517250027
0.24631340346950104,0.8524310136197435
-0.043428504165497914,-0.2770423517250027
0.1473962698431668,-0.2770423517250027
0.1530631753407336,-0.2770423517250027
-0.21511189270872683,-0.2770423517250027
-0.08320098315622884,0.6044104315058872
-0.1754393402340036,2.1788518184246466
0.2847404726172577,-0.2770423517250027
-0.06580586057744044,2.079508544757985
-0.1522323847283982,0.039247769008147956
0.1269641516866385,-0.2770423517250027
0.3869143731251337,0.7382953226634287
0.10369316647830255,0.034813918219362916
0.6855454260074295,-0.2770423517250027
0.45654258434678435,-0.2770423517250027
-0.1522323847283982,-0.2770423517250027
0.5223209967294565,0.40462112952590285
0.17527098804386274,-0.2770423517250027
0.22208281336334293,0.15303942051929295
-0.040491724607203274,0.041860399409999055
0.030791890419788612,-0.2770423517250027
-0.0012249823785160133,-0.0401716056475077
-0.1357667877592804,-0.2770423517250027
-0.1754393402340036,-0.2770423517250027
-0.21511189270872683,0.8953590685225769
-0.21511189270872683,0.034813918219362916
0.7702272638418304,0.15303942051929295
0.08479549883626739,-0.2770423517250027
-0.08320098315622884,1.5140873997759567
0.010563051921521864,-0.2770423517250027
0.35906908897967454,0.40462112952590285
-0.06878205302792458,0.22426562898560826
0.16578084349563288,-0.2770423517250027
0.42573715537239576,0.4470654830255971
0.0032359692389181257,0.35815052014314974
0.5277950437645049,0.039247769008147956
-0.21511189270872683,-0.2770423517250027
-0.022114965193262722,0.673490456965345
0.1413763273188913,-0.2770423517250027
-0.004314369481930167,-0.2770423517250027
0.6345244376763575,-0.2770423517250027
0.0770790750249777,-0.2770423517250027
0.3730882639926889,0.3511040389525136
0.18928135136105617,0.278731145487494
-0.21511189270872683,-0.2770423517250027
-0.026133308102717214,-0.2770423517250027
0.09903131177693379,0.10310245079527625
0.053231107940718156,0.7529098316210007
0.5880212580105739,-0.2770423517250027
0.1185235234151988,0.40462112952590285
0.33693499557377893,0.10310245079527625
0.14336902928838485,-0.2770423517250027
-0.21511189270872683,-0.2770423517250027
0.31741916769905265,0.039247769008147956
-0.016054082046948685,0.7815674170114318
-0.1754393402340036,1.2276015076869458
0.43546446963511387,0.6267809126742829
0.37508022838612814,0.40462112952590285
0.3730712144734155,0.217238141751591
0.41670996406994815,0.8540852557036829
0.197983455967064,-0.2770423517250027
-0.1754393402340036,-0.0401716056475077
-0.06580586057744044,0.9844756904337318
0.016815415921883358,-0.2770423517250027
-0.01728476910159789,-0.2770423517250027
-0.01272776485365948,-0.2770423517250027
-0.1754393402340036,-0.0401716056475077
0.17571048738291248,0.9569887454705454
-0.08320098315622884,-0.0401716056475077
0.3682435432394664,-0.2770423517250027
-0.0549071922951325,-0.2770423517250027
-0.020925212089874873,-0.2770423517250027
0.09841718274560836,-0.2770423517250027
0.26220137843242564,0.034813918219362916
0.2226243717115582,1.2342300582239618
-0.1754393402340036,-0.2770423517250027
0.17914824364752857,-0.2770423517250027
-0.21511189270872683,0.039247769008147956
-0.07402460683607244,0.15303942051929295
0.007251445974306824,-0.2770423517250027
-0.0053284705080209015,-0.2770423517250027
-0.12287353563095205,-0.2770423517250027
0.05937940479762269,-0.2770423517250027
-0.21511189270872683,0.4719421716542947
0.3817917777605784,0.27611851508564295
-0.21511189270872683,-0.2770423517250027
-0.042035328600308446,-0.2770423517250027
0.08038847651896038,0.4652772962782811
-0.08955314845248344,0.278731145487494
0.12078991721164901,0.039247769008147956
-0.21511189270872683,0.8473734217049672
-0.009648400039610474,-0.2770423517250027
-0.21511189270872683,0.59738294427187
-0.0029263525971118197,0.7692168356849812
-0.1754393402340036,0.034813918219362916
0.6054893186824929,-0.2770423517250027
-0.21511189270872683,-0.2770423517250027
-0.1754393402340036,-0.2770423517250027
-0.21511189270872683,-0.2770423517250027
-0.21511189270872683,-0.2770423517250027
-0.0214588022330209,-0.0401716056475077
-0.1357667877592804,0.42200520193027785
-0.1754393402340036,-0.2770423517250027
-0.1754393402340036,0.7102403670993994
0.12119346513441488,-0.2770423517250027
0.24642354289708426,0.034813918219362916
0.37619430723243213,-0.2770423517250027
-0.11369715931079567,4.720005100445319
0.04539446717431688,-0.2770423517250027
-0.11255983225367498,-0.2770423517250027
0.4177592820056385,0.39838409715503376
0.047237334095030635,-0.2770423517250027
-0.21511189270872683,-0.2770423517250027
-0.1522323847283982,-0.2770423517250027
0.17937355481431735,-0.0401716056475077
-0.21511189270872683,0.15303942051929295
-0.21511189270872683,-0.2770423517250027
0.05450745677201759,0.7102403670993994
0.013304767050497457,-0.2770423517250027
-0.11369715931079567,-0.2770423517250027
-0.08320098315622884,0.9662036711742695
0.06312885652457335,3.264075684564633
-0.05081765133046704,-0.2770423517250027
0.07938904933329345,-0.2770423517250027
1.002315386874492,0.5284706705699656
0.14336571895302577,-0.2770423517250027
0.41850760166146717,0.454108887829086
-0.003755951690774689,-0.2770423517250027
0.30663446855201937,-0.2770423517250027
0.1548762299055734,-0.2770423517250027
0.19610002557558812,0.5129892611631379
0.130491384345393,-0.2770423517250027
1.048195191474056,-0.2770423517250027
0.20615881105133765,0.10310245079527625
0.23264392866151934,-0.2770423517250027
-0.0549071922951325,-0.2770423517250027
-0.026133308102717214,-0.2770423517250027
0.32599962880071964,-0.0401716056475077
-0.02924500313760272,-0.2770423517250027
-0.21511189270872683,0.10310245079527625
-0.21511189270872683,-0.2770423517250027
-0.01272776485365948,-0.2770423517250027
0.1201045995461826,0.278731145487494
-0.21511189270872683,-0.2770423517250027
0.06238537397135772,-0.2770423517250027
-0.21511189270872683,-0.2770423517250027
0.023334761159028425,-0.2770423517250027
-0.1754393402340036,-0.2770423517250027
-0.04407322436272654,-0.2770423517250027
-0.04010010086741168,-0.2770423517250027
-0.043428504165497914,0.5831211927635885
0.3852097077756981,0.7800523795765755
-0.0801642770819265,-0.2770423517250027
0.4386337465709768,1.1610509120362669
0.04559473887873074,0.039247769008147956
0.35671212574640987,0.43661971088785007
-0.026133308102717214,1.3699253802187745
-0.043428504165497914,-0.2770423517250027
-0.1754393402340036,1.5318599002061466
-0.11369715931079567,-0.2770423517250027
0.3411617533022465,0.7146742178881844
-0.12287353563095205,1.8749926763299407
-0.0801642770819265,-0.2770423517250027
-0.1754393402340036,0.041860399409999055
0.38950906169704125,-0.2770423517250027
0.31840155510639145,-0.2770423517250027
0.19229307155176378,-0.2770423517250027
0.0032359692389181257,-0.0401716056475077
-0.032421106500416394,-0.2770423517250027
0.11952069662424605,0.721576598347975
-0.12287353563095205,-0.2770423517250027
-0.06580586057744044,0.515601891564989
-0.06878205302792458,0.2716846642968579
0.172796078351274,0.034813918219362916
0.31506779256290085,-0.2770423517250027
-0.21511189270872683,0.8565529408783025
-0.21511189270872683,-0.2770423517250027
-0.21511189270872683,0.7785288996753127
0.02002315521181337,0.9094901665668612
0.30236920747201995,0.034813918219362916
0.455129098043818,0.15303942051929295
-0.1754393402340036,-0.2770423517250027
-0.1754393402340036,0.15303942051929295
-0.21511189270872683,-0.2770423517250027
-0.1754393402340036,0.034813918219362916
-0.21511189270872683,-0.2770423517250027
-0.020925212089874873,0.4652772962782811
0.2207843688033379,-0.2770423517250027
-0.12287353563095205,0.9595577897548749
0.594829189835005,-0.2770423517250027
0.402787993083607,0.4719421716542947
-0.08320098315622884,-0.2770423517250027
-0.04398692195665337,-0.2770423517250027
0.4205010770035252,-0.2770423517250027
-0.21511189270872683,0.7172868482900355
-0.12287353563095205,0.034813918219362916
0.5008677118661964,0.09838889832566983
0.19946649154377782,-0.2770423517250027
-0.0023627761255851994,0.217238141751591
-0.08499447317359136,-0.2770423517250027
-0.07977265334213493,0.15303942051929295
-0.21511189270872683,0.278731145487494
0.02002315521181337,0.278731145487494
-0.005649368224144911,0.41495872073964185
0.32070483686505286,0.22426562898560826
-0.21511189270872683,-0.2770423517250027
-0.07402460683607244,-0.2770423517250027
-0.21511189270872683,-0.2770423517250027
0.0681093139381044,0.4719421716542947
-0.21511189270872683,-0.2770423517250027
-0.1754393402340036,1.9343287489452732
0.1742971049223492,-0.2770423517250027
-0.1754393402340036,0.034813918219362916
-0.21511189270872683,-0.2770423517250027
0.1425240997246163,-0.2770423517250027
0.8723031335463759,-0.2770423517250027
0.3146490077601548,-0.2770423517250027
-0.016054082046948685,-0.2770423517250027
-0.010208043503036977,-0.2770423517250027
-0.21511189270872683,-0.2770423517250027
0.33983425670124484,-0.2770423517250027
0.457794435580456,0.7856196619855943
-0.21511189270872683,-0.2770423517250027
-0.08955314845248344,0.41939257152842685
0.05251882825007289,0.7555546773579845
-0.21511189270872683,-0.2770423517250027
-0.1754393402340036,-0.2770423517250027
0.5401187475618254,1.3994711839469884
0.05153413742017092,0.039247769008147956
-0.0004941340089708645,-0.2770423517250027
0.5215562884906582,0.43661971088785007
0.7293629556774489,-0.2770423517250027
-0.21511189270872683,-0.2770423517250027
-0.21511189270872683,0.039247769008147956
0.34794573983722177,-0.2770423517250027
-0.1754393402340036,0.27611851508564295
-0.21511189270872683,-0.2770423517250027
-0.07893359002727732,-0.2770423517250027
0.2787929934313251,-0.2770423517250027
0.05611476887031428,-0.0401716056475077
-0.21511189270872683,0.39838409715503376
-0.21511189270872683,0.4172916494606715
0.4045546475299767,-0.2770423517250027
0.3300372380353945,-0.2770423517250027
0.31907965838639574,-0.2770423517250027
-0.21511189270872683,-0.2770423517250027
-0.1357667877592804,-0.2770423517250027
-0.21511189270872683,-0.2770423517250027
-0.12299507852177384,1.736413226659412
-0.1357667877592804,-0.2770423517250027
-0.21511189270872683,-0.2770423517250027
0.041420705747307704,0.38991016659678795
-0.21511189270872683,0.15303942051929295
0.06497815016212603,0.034813918219362916
0.12226250951288754,0.039247769008147956
0.8101164320501629,0.41467901905882054
-0.016893145361806285,0.034813918219362916
0.04291740456344106,-0.2770423517250027
-0.21511189270872683,-0.2770423517250027
0.7564037905394169,0.034813918219362916
-0.21511189270872683,-0.0401716056475077
0.038447570096207216,0.4652772962782811
-0.08499447317359136,-0.2770423517250027
-0.21511189270872683,-0.0401716056475077
-0.03643658323580509,-0.2770423517250027
-0.21511189270872683,0.039247769008147956
-0.049880595977760206,0.10310245079527625
-0.21511189270872683,0.034813918219362916
-0.1754393402340036,0.039247769008147956
0.017557587281460486,-0.0401716056475077
-0.1754393402340036,1.1407037451583175
-0.045001022982744124,-0.2770423517250027
0.19965079832428687,0.41467901905882054
-0.21511189270872683,-0.2770423517250027
0.8994188681872309,0.15303942051929295
-0.1522323847283982,0.041860399409999055
1.1088227830994393,0.42200520193027785
0.23599494750092395,0.041860399409999055
0.6408214971317199,0.39838409715503376
0.3531349912937975,-0.2770423517250027
-0.1754393402340036,-0.2770423517250027
-0.21511189270872683,0.217238141751591
-0.04398692195665337,0.22426562898560826
-0.21511189270872683,-0.2770423517250027
0.10087241639753274,-0.2770423517250027
0.10463353216636852,-0.2770423517250027
0.6379132463880105,1.0744574284929862
0.2094107619975199,-0.2770423517250027
-0.21511189270872683,0.034813918219362916
-0.04407322436272654,-0.2770423517250027
-0.21511189270872683,-0.2770423517250027
0.12567042315414512,-0.2770423517250027
-0.21511189270872683,0.10310245079527625
-0.21511189270872683,0.217238141751591
-0.21511189270872683,-0.2770423517250027
-0.21511189270872683,-0.2770423517250027
0.16312309030251318,0.3511040389525136
-0.02910950055320134,0.22426562898560826
-0.05081765133046704,-0.2770423517250027
0.6694183718766058,0.43661971088785007
0.553602762332896,-0.2770423517250027
-0.1522323847283982,0.9818630600318811
-0.1522323847283982,0.041860399409999055
0.32308527318692176,-0.2770423517250027
-0.0549071922951325,-0.2770423517250027
0.15656034427965895,-0.2770423517250027
-0.21511189270872683,0.39838409715503376
-0.07209365897513963,1.14844288901476
-0.1754393402340036,-0.2770423517250027
-0.1754393402340036,-0.2770423517250027
-0.21511189270872683,0.034813918219362916
-0.07402460683607244,0.10310245079527625
-0.07893359002727732,-0.2770423517250027
-0.026133308102717214,-0.0401716056475077
0.1548360044087583,0.10310245079527625
-0.21511189270872683,-0.2770423517250027
0.05937940479762269,0.041860399409999055
0.07037244210400906,-0.2770423517250027
0.16248644382932484,0.6373291750580545
-0.21511189270872683,-0.2770423517250027
-0.1754393402340036,-0.2770423517250027
0.05597798279296629,-0.2770423517250027
-0.21511189270872683,-0.2770423517250027
0.02694478762106371,0.278731145487494
0.35770685936694474,-0.2770423517250027
0.7029492768133061,0.8284658693993294
-0.21511189270872683,0.034813918219362916
0.19772847451657183,0.41939257152842685
0.03180578419732833,-0.2770423517250027
0.4155228864564931,-0.2770423517250027
-0.1754393402340036,-0.2770423517250027
0.4730831031639662,0.3511040389525136
0.13241288676948007,0.039247769008147956
-0.08320098315622884,-0.2770423517250027
1.0346536413891605,-0.2770423517250027
-0.21511189270872683,-0.2770423517250027
-0.03926103755255408,-0.2770423517250027
-0.12287353563095205,0.039247769008147956
-0.0801642770819265,0.22426562898560826
0.2322215088314765,-0.2770423517250027
0.25183328620058065,1.4046416965194337
0.10430500914854224,-0.0401716056475077
0.012998912002568419,-0.2770423517250027
-0.21511189270872683,-0.2770423517250027
0.1365782672776269,-0.2770423517250027
-0.12287353563095205,-0.2770423517250027
0.13857520860551,0.09838889832566983
-0.21511189270872683,-0.2770423517250027
-0.21511189270872683,-0.2770423517250027
0.318546356624196,0.27611851508564295
0.1585660860545748,-0.2770423517250027
0.10799602859958876,0.7146742178881844
-0.1754393402340036,0.4693295412524436
-0.21511189270872683,0.35371666935436463
0.051183829507858145,0.6543474012299039
-0.09457974476985573,0.8494743437727226
-0.21511189270872683,-0.2770423517250027
-0.11369715931079567,0.15303942051929295
-0.21511189270872683,-0.2770423517250027
-0.21511189270872683,0.41939257152842685
0.09151254075039887,-0.2770423517250027
-0.1522323847283982,-0.2770423517250027
0.05700159220813031,0.816764513408129
0.11649404683398878,-0.2770423517250027
-0.1754393402340036,0.10310245079527625
-0.1522323847283982,-0.2770423517250027
0.13634494507847758,0.034813918219362916
0.36234473466489925,0.039247769008147956
0.8628813490727182,0.7847659320461818
-0.1522323847283982,-0.2770423517250027
0.69947385690889,0.6414918756033979
0.07147833667205156,-0.2770423517250027
-0.21511189270872683,0.41024516827003543
-0.1754393402340036,-0.2770423517250027
0.13916235552680475,0.10310245079527625
-0.21511189270872683,-0.2770423517250027
0.048165132715048235,0.4719421716542947
0.5244559778737542,1.0673787319672174
0.46344011486879133,0.536121898929974
-0.21511189270872683,-0.2770423517250027
-0.21511189270872683,0.15303942051929295
0.7534615274730309,0.3399731968727712
-0.026133308102717214,-0.2770423517250027
-0.05999402765062343,-0.2770423517250027
-0.1754393402340036,0.35553788974129863
-0.21511189270872683,0.10310245079527625
-0.07402460683607244,0.10310245079527625
0.23336509908460437,-0.2770423517250027
0.04235776110001457,-0.2770423517250027
-0.21511189270872683,-0.2770423517250027
0.7096016198978436,1.053635259485624
-0.1754393402340036,-0.0401716056475077
0.3895960020348086,-0.2770423517250027
0.4519234536056714,-0.2770423517250027
0.09894500937086063,1.26758714050519
-0.21511189270872683,-0.2770423517250027
0.09151254075039887,0.034813918219362916
-0.21511189270872683,-0.2770423517250027
-0.1754393402340036,-0.2770423517250027
-0.21511189270872683,0.5335282624847417
-0.016893145361806285,0.09838889832566983
-0.21511189270872683,-0.2770423517250027
-0.21511189270872683,-0.2770423517250027
0.3091049434171911,-0.2770423517250027
-0.12287353563095205,0.10310245079527625
0.17855310817173403,-0.2770423517250027
0.44081187080659023,-0.2770423517250027
0.14674581384979232,0.9024436853762253
0.31337885422527173,0.15303942051929295
-0.21511189270872683,0.034813918219362916
-0.21511189270872683,-0.2770423517250027
-0.1754393402340036,-0.2770423517250027
-0.042035328600308446,0.5976338966224957
-0.21511189270872683,0.47853370084594876
0.38980582792805957,2.536149097667927
0.14340348708369038,0.7146742178881844
0.5969148570680629,-0.2770423517250027
0.0890564662229349,0.041860399409999055
-0.21511189270872683,-0.2770423517250027
-0.04712183645851461,0.22426562898560826
0.5526107886352609,0.4693295412524436
-0.042035328600308446,-0.2770423517250027
0.13872450974706915,0.35815052014314974
-0.21511189270872683,-0.2770423517250027
-0.21511189270872683,-0.0401716056475077
0.0004115149221691233,0.35371666935436463
-0.04712183645851461,0.034813918219362916
0.09089183180843699,-0.2770423517250027
-0.21511189270872683,-0.2770423517250027
0.2941344820193409,0.40462112952590285
-0.08365947443137661,-0.2770423517250027
0.15618341874661207,0.43661971088785007
-0.015234639820409275,-0.2770423517250027
0.6440463094791491,-0.2770423517250027
0.3775633087164631,0.10310245079527625
-0.006764739110014356,0.034813918219362916
0.3357381498506096,-0.2770423517250027
-0.1754393402340036,0.034813918219362916
0.23912287393288154,-0.2770423517250027
-0.21511189270872683,-0.2770423517250027
-0.06878205302792458,0.7703990085622366
0.1934456308850111,0.034813918219362916
-0.1754393402340036,0.27611851508564295
-0.12287353563095205,0.041860399409999055
0.13241288676948007,1.158548192895331
-0.08499447317359136,0.27611851508564295
1.1894475737761956,0.40462112952590285
-0.08320098315622884,-0.2770423517250027
-0.1754393402340036,-0.2770423517250027
-0.045321920698868104,-0.2770423517250027
0.720730517733536,1.638031852106246
-0.08955314845248344,0.041860399409999055
-0.21511189270872683,2.267220440656043
-0.21511189270872683,-0.2770423517250027
-0.21511189270872683,-0.2770423517250027
-0.21511189270872683,-0.2770423517250027
0.11104464069537688,1.7418729633916175
0.34652461275505136,0.039247769008147956
-0.21511189270872683,-0.2770423517250027
0.7737062035551082,-0.2770423517250027
-0.21511189270872683,0.041860399409999055
0.1698964007305823,-0.0401716056475077
0.327375253617716,-0.2770423517250027
0.33970073200652384,-0.2770423517250027
0.3312647964710576,0.217238141751591
0.013304767050497457,0.034813918219362916
-0.1754393402340036,-0.2770423517250027
0.3220971036614582,1.7285545932507773
-0.21511189270872683,-0.2770423517250027
-0.02910950055320134,1.4691346386872912
-0.21511189270872683,-0.0401716056475077
0.12474949455695955,-0.0401716056475077
-0.1522323847283982,1.1322298146000715
-0.049320952514333695,-0.2770423517250027
-0.21511189270872683,-0.2770423517250027
-0.1754393402340036,1.7297141517909442
0.1473962698431668,-0.2770423517250027
-0.21511189270872683,-0.2770423517250027
-0.07977265334213493,0.47853370084594876
-0.1754393402340036,0.2716846642968579
0.13401608401181975,-0.2770423517250027
-0.12287353563095205,-0.2770423517250027
0.09210507831872296,2.0407594272242977
-0.21511189270872683,0.6352548432325288
0.8733358140102829,0.10310245079527625
0.09001731866772379,-0.2770423517250027
0.19222343669472738,0.034813918219362916
0.05841989285957156,0.039247769008147956
-0.21511189270872683,-0.2770423517250027
0.6112720654378415,-0.2770423517250027
-0.04398692195665337,0.041860399409999055
0.047237334095030635,-0.2770423517250027
-0.21511189270872683,-0.2770423517250027
-0.21511189270872683,-0.2770423517250027
-0.21511189270872683,-0.0401716056475077
-0.08365947443137661,-0.2770423517250027
0.4841327034551898,1.0718125827560026
-0.01272776485365948,-0.2770423517250027
-0.21511189270872683,-0.2770423517250027
0.7500632451021059,0.034813918219362916
0.21880169815027736,-0.0401716056475077
0.5277801657000782,-0.0401716056475077
-0.21511189270872683,-0.2770423517250027
0.2647759336855879,2.3892444567076248
-0.12287353563095205,0.41467901905882054
-0.21511189270872683,0.5361408928865928
0.10081045996137702,0.10310245079527625
-0.003755951690774689,2.679326528076662
0.029321074422791506,0.039247769008147956
0.04056427108265205,-0.2770423517250027
-0.020925212089874873,-0.2770423517250027
-0.045001022982744124,0.217238141751591
0.056976962932732675,0.8494743437727226
-0.21511189270872683,-0.2770423517250027
0.13563062521671682,0.039247769008147956
0.09085638198258139,-0.2770423517250027
-0.21511189270872683,-0.0401716056475077
-0.1754393402340036,0.39838409715503376
0.8856531911182246,1.032767520203419
0.3400472850112519,0.039247769008147956
0.0032359692389181257,0.034813918219362916
0.012465703735639858,-0.2770423517250027
-0.21511189270872683,-0.2770423517250027
-0.21511189270872683,0.034813918219362916
-0.21511189270872683,0.039247769008147956
-0.21511189270872683,0.10310245079527625
0.44201875477600905,-0.2770423517250027
-0.009648400039610474,1.7896159298737673
-0.1522323847283982,0.8540852557036829
0.22247443710313453,-0.2770423517250027
-0.12287353563095205,-0.2770423517250027
-0.07893359002727732,-0.2770423517250027
-0.21511189270872683,-0.2770423517250027
0.22838017738120486,-0.2770423517250027
-0.1522323847283982,0.041860399409999055
0.21920250876441325,0.43661971088785007
0.5244695882991278,-0.2770423517250027
-0.07977265334213493,-0.2770423517250027
-0.026133308102717214,-0.2770423517250027
0.2747318348243028,2.7795134905544323
0.030978999486387663,-0.2770423517250027
0.19454721052336937,2.7343349773118946
-0.09457974476985573,-0.2770423517250027
0.4189738810606799,0.278731145487494
-0.020925212089874873,-0.2770423517250027
0.19408144760960028,-0.0401716056475077
-0.21511189270872683,0.35371666935436463
0.016815415921883358,-0.2770423517250027
0.6111147601924721,-0.2770423517250027
0.8118017401377428,0.43661971088785007
-0.1754393402340036,-0.2770423517250027
-0.016105991424943157,0.42200520193027785
-0.1357667877592804,-0.2770423517250027
-0.07893359002727732,0.5331842230395719
0.4475692260484839,0.7934832417451104
-0.12299507852177384,0.515601891564989
0.3990458998514142,-0.2770423517250027
0.3487019928854972,-0.2770423517250027
0.5977990163517752,0.816764513408129
0.7966740451513921,0.10310245079527625
0.19946649154377782,-0.2770423517250027
0.17145018326816938,0.3466701881637285
0.0004115149221691233,-0.2770423517250027
0.23035831192819026,-0.2770423517250027
0.06953337878915146,0.034813918219362916
-0.12287353563095205,0.6700067900875154
-0.21511189270872683,0.034813918219362916
-0.054373343252372495,-0.2770423517250027
0.47998209908022516,-0.2770423517250027
-0.21511189270872683,0.27611851508564295
0.10092059938896027,-0.0401716056475077
0.6704806443564851,0.8633920558358341
0.13535913054896945,-0.2770423517250027
-0.11255983225367498,0.4693295412524436
-0.21511189270872683,0.041860399409999055
0.1922411621737693,0.10310245079527625
-0.21511189270872683,0.35371666935436463
-0.21511189270872683,0.15303942051929295
-0.05081765133046704,0.7730116389640878
-0.21511189270872683,-0.2770423517250027
-0.21511189270872683,-0.2770423517250027
0.4511227168689543,0.034813918219362916
-0.1754393402340036,0.22840655020078615
0.09464999428791677,0.7847659320461818
0.10565936068271096,1.020669187676155
-0.1754393402340036,0.041860399409999055
-0.03643658323580509,0.5335282624847417
0.0007256104532259361,-0.2770423517250027
0.20501552810359155,-0.2770423517250027
-0.04712183645851461,-0.2770423517250027
0.27935902233928067,0.7771335662226467
-0.21511189270872683,-0.2770423517250027
-0.0029263525971118197,-0.2770423517250027
-0.1522323847283982,-0.2770423517250027
0.12478894902711457,0.3511040389525136
-0.1754393402340036,-0.2770423517250027
-0.08955314845248344,-0.2770423517250027
0.15289682664805235,0.034813918219362916
-0.009214150994811,-0.2770423517250027
-0.03643658323580509,1.0431051114171581
0.1686758922204151,-0.2770423517250027
-0.1754393402340036,-0.0401716056475077
1.2009201727849361,0.15303942051929295
0.7641711679687507,-0.2770423517250027
-0.21511189270872683,0.10310245079527625
0.5546410864622704,3.6244298161431012
0.0774727470407057,-0.2770423517250027
0.12788995538280049,0.2716846642968579
0.0378001945659825,-0.2770423517250027
-0.21511189270872683,-0.2770423517250027
-0.21511189270872683,-0.2770423517250027
0.03786501382540228,-0.2770423517250027
-0.21511189270872683,-0.2770423517250027
-0.08320098315622884,0.4172916494606715
-0.045001022982744124,-0.2770423517250027
-0.1522323847283982,0.6585264581080942
0.08604419517240897,0.034813918219362916
-0.07977265334213493,-0.2770423517250027
-0.21511189270872683,0.6473199139958867
0.14162033949322092,0.10310245079527625
-0.11369715931079567,-0.2770423517250027
-0.003755951690774689,-0.2770423517250027
-0.21511189270872683,0.937927691598461
-0.049880595977760206,-0.2770423517250027
-0.09457974476985573,-0.2770423517250027
-0.21511189270872683,0.041860399409999055
-0.21511189270872683,-0.2770423517250027
-0.06580586057744044,0.041860399409999055
-0.21511189270872683,-0.2770423517250027
0.0004115149221691233,0.034813918219362916
-0.21511189270872683,-0.2770423517250027
0.02694478762106371,0.454108887829086
0.07741228406847625,0.15303942051929295
-0.21511189270872683,-0.2770423517250027
-0.12287353563095205,-0.2770423517250027
-0.21511189270872683,-0.2770423517250027
0.20573352718479265,1.1689144917957828
0.39687059018461446,0.3352596444031648
0.33193226128198006,-0.2770423517250027
-0.02910950055320134,-0.2770423517250027
0.3349009715820465,-0.2770423517250027
0.3971174355682537,-0.2770423517250027
0.30868078092572565,-0.2770423517250027
0.2957782404697636,-0.2770423517250027
0.3065284939008499,-0.0401716056475077
-0.1522323847283982,0.15303942051929295
0.03730977634913804,0.10310245079527625
0.11115088914677476,-0.2770423517250027
0.3415829504620188,0.35371666935436463
-0.21511189270872683,1.7489194445822533
0.059123556289553916,0.7088129177317897
0.47044852903620854,-0.2770423517250027
0.45381001843217245,0.35815052014314974
-0.21511189270872683,0.039247769008147956
-0.03063517855317729,2.0898388116089626
-0.21511189270872683,-0.2770423517250027
0.22531685489329625,-0.2770423517250027
0.05517496228466539,3.1216956131904796
0.03553767476527974,0.15303942051929295
0.047237334095030635,0.41495872073964185
-0.011145098855743841,0.35815052014314974
0.105319110174633,-0.2770423517250027
0.056092812699063035,-0.2770423517250027
0.8622456105039588,0.6417630258468395
0.04499497772843837,0.8473734217049672
0.21140653920294486,0.041860399409999055
0.4275055959146383,-0.2770423517250027
-0.11369715931079567,-0.2770423517250027
0.41890241385360727,-0.2770423517250027
-0.21511189270872683,-0.2770423517250027
0.29522763451338907,0.10310245079527625
-0.12287353563095205,0.54316838012061
-0.21511189270872683,0.039247769008147956
0.09958972956808926,-0.2770423517250027
0.1526539305510367,-0.2770423517250027
0.3469420970486548,-0.2770423517250027
0.18374772777202614,1.410498790342884
0.25510294467505595,-0.2770423517250027
-0.21511189270872683,-0.2770423517250027
-0.1754393402340036,-0.2770423517250027
0.03917841846575236,0.41939257152842685
0.3630059299039178,0.217238141751591
-0.21511189270872683,-0.2770423517250027
-0.21511189270872683,1.853984201956548
-0.06878205302792458,-0.2770423517250027
0.15656034427965895,0.039247769008147956
-0.0023627761255851994,0.35371666935436463
0.1575295022682454,0.15303942051929295
-0.21511189270872683,0.15303942051929295
0.12155943150056626,-0.2770423517250027
0.16925261284333276,0.039247769008147956
0.5306223208246529,-0.2770423517250027
-0.12287353563095205,-0.2770423517250027
-0.040491724607203274,-0.2770423517250027
0.013304767050497457,-0.2770423517250027
-0.08955314845248344,0.27611851508564295
-0.003755951690774689,0.15303942051929295
-0.21511189270872683,-0.2770423517250027
-0.12299507852177384,-0.2770423517250027
-0.07893359002727732,0.6718280104744492
-0.1357667877592804,0.041860399409999055
-0.1754393402340036,-0.2770423517250027
-0.21511189270872683,-0.2770423517250027
-0.21511189270872683,-0.2770423517250027
-0.045001022982744124,0.217238141751591
-0.21511189270872683,-0.2770423517250027
-0.1522323847283982,-0.0401716056475077
-0.08320098315622884,-0.2770423517250027
-0.08955314845248344,-0.2770423517250027
-0.21511189270872683,0.039247769008147956
0.040367870856944564,-0.2770423517250027
-0.08320098315622884,0.39838409715503376
0.12567042315414512,-0.2770423517250027
-0.1357667877592804,-0.2770423517250027
0.2524179532657384,-0.2770423517250027
-0.08955314845248344,-0.0401716056475077
0.08808209093482708,-0.2770423517250027
0.060516731854743405,0.22426562898560826
0.08792398759584462,0.10310245079527625
-0.21511189270872683,-0.2770423517250027
0.10363900257706479,-0.2770423517250027
0.012344160844818071,1.96527993866834
0.050081485586644596,2.773278310406343
0.668467977019284,0.7692168356849812
-0.21511189270872683,-0.2770423517250027
0.08258995703816428,-0.2770423517250027
-0.12287353563095205,0.22426562898560826
-0.1357667877592804,-0.2770423517250027
0.0378001945659825,0.034813918219362916
-0.1754393402340036,0.034813918219362916
-0.21511189270872683,0.6700067900875154
-0.1522323847283982,-0.2770423517250027
-0.21511189270872683,-0.2770423517250027
0.5796965096211102,0.673490456965345
-0.1522323847283982,-0.2770423517250027
0.1395651005707879,-0.2770423517250027
-0.1754393402340036,-0.2770423517250027
-0.07209365897513963,-0.2770423517250027
-0.1522323847283982,-0.2770423517250027
0.2584988967253817,0.15303942051929295
0.6214866825017922,-0.2770423517250027
-0.21511189270872683,-0.2770423517250027
-0.1522323847283982,1.1330546341412795
-0.21511189270872683,-0.2770423517250027
0.021250456316004626,0.3399731968727712
0.013304767050497457,0.9024436853762253
0.2579810952469182,0.3352596444031648
0.32413005006220186,0.19669914042998726
-0.21511189270872683,-0.2770423517250027
-0.21511189270872683,-0.2770423517250027
-0.12287353563095205,-0.2770423517250027
-0.11255983225367498,0.034813918219362916
0.06808177261060162,0.039247769008147956
-0.04010010086741168,-0.2770423517250027
0.5596280372613145,0.6443756562486905
0.2028178080774089,-0.2770423517250027
-0.11369715931079567,0.039247769008147956
-0.21511189270872683,-0.2770423517250027
0.4045431241591153,-0.2770423517250027
0.6354197685143561,0.039247769008147956
0.042664737653249164,-0.2770423517250027
0.08433058181883557,0.034813918219362916
0.5021875837417732,0.43661971088785007
-0.06878205302792458,0.3511040389525136
-0.042035328600308446,-0.2770423517250027
-0.21511189270872683,-0.2770423517250027
-0.1754393402340036,-0.2770423517250027
-0.21511189270872683,0.27611851508564295
-0.1522323847283982,-0.2770423517250027
0.1315832876758172,0.7042280239002605
-0.21511189270872683,0.10310245079527625
0.2565720545902097,0.42200520193027785
-0.1754393402340036,-0.2770423517250027
0.40116560199096185,-0.2770423517250027
-0.1522323847283982,-0.2770423517250027
0.19887585785773754,-0.2770423517250027
0.3642086452062566,-0.2770423517250027
0.13915479345668136,-0.2770423517250027
0.8127100289918225,0.10310245079527625
-0.21511189270872683,-0.2770423517250027
-0.12287353563095205,-0.2770423517250027
-0.1754393402340036,-0.2770423517250027
0.03527188058671992,0.3511040389525136
0.24998573467759747,0.7659682341605989
-0.21511189270872683,0.7017664365411537
0.11714529951542896,1.140322139343695
0.3509080186672937,0.039247769008147956
-0.07893359002727732,0.6543474012299039
0.16675339982412865,0.9201279209846095
-0.21511189270872683,0.22426562898560826
-0.1522323847283982,0.09838889832566983
-0.03643658323580509,-0.2770423517250027
0.056413710415187016,0.39838409715503376
-0.21511189270872683,1.2030934112083833
0.09547432631669286,0.10310245079527625
-0.21511189270872683,-0.0401716056475077
-0.1522323847283982,-0.2770423517250027
-0.1522323847283982,-0.2770423517250027
0.37184303260842133,-0.2770423517250027
-0.21511189270872683,-0.2770423517250027
-0.21511189270872683,-0.2770423517250027
-0.09457974476985573,-0.2770423517250027
-0.21511189270872683,-0.2770423517250027
-0.04712183645851461,-0.2770423517250027
0.02694478762106371,-0.2770423517250027
-0.21511189270872683,-0.2770423517250027
-0.21511189270872683,-0.2770423517250027
-0.12287353563095205,-0.2770423517250027
-0.1522323847283982,-0.2770423517250027
0.008578882646398151,0.6443756562486905
-0.032421106500416394,0.10310245079527625
0.12046901949552503,-0.2770423517250027
-0.1522323847283982,-0.2770423517250027
0.048165132715048235,0.041860399409999055
-0.020925212089874873,-0.2770423517250027
0.0032359692389181257,0.6700067900875154
-0.12299507852177384,0.43661971088785007
-0.08499447317359136,-0.2770423517250027
0.08713519773654264,0.7255736096962191
-0.21511189270872683,-0.2770423517250027
-0.1754393402340036,-0.2770423517250027
0.13909798862824937,-0.2770423517250027
-0.21511189270872683,-0.2770423517250027
-0.21511189270872683,-0.2770423517250027
0.23998994200344112,1.0647661015653664
0.09274979851595158,-0.0401716056475077
0.23318276624493933,-0.2770423517250027
-0.1522323847283982,0.039247769008147956
0.47545082336434574,-0.2770423517250027
0.40590773169390937,-0.2770423517250027
-0.21511189270872683,0.3511040389525136
-0.1522323847283982,-0.2770423517250027
-0.1754393402340036,-0.2770423517250027
0.051146046941897234,-0.2770423517250027
-0.1522323847283982,0.6588759480077729
-0.21511189270872683,-0.2770423517250027
-0.1522323847283982,-0.2770423517250027
0.14745441888755087,-0.2770423517250027
0.42866104415051925,0.041860399409999055
-0.21511189270872683,-0.2770423517250027
-0.0801642770819265,-0.2770423517250027
0.0687492034221851,-0.2770423517250027
-0.21511189270872683,-0.2770423517250027
0.11819076024679014,-0.2770423517250027
0.07741228406847625,0.3511040389525136
-0.21511189270872683,0.22426562898560826
-0.21511189270872683,0.034813918219362916
-0.04398692195665337,0.9910410780336806
0.27806747197424425,-0.2770423517250027
-0.21511189270872683,-0.2770423517250027
-0.1522323847283982,-0.0401716056475077
-0.01272776485365948,-0.2770423517250027
0.08690988656975386,0.3399731968727712
-0.03075672144399905,0.034813918219362916
0.11520367743085018,-0.2770423517250027
0.1488647599199838,-0.2770423517250027
0.07534521171596847,-0.2770423517250027
0.2540841647661271,0.041860399409999055
-0.12287353563095205,-0.2770423517250027
-0.1754393402340036,0.10310245079527625
0.19553706198366008,1.0856716171500718
0.04195429589045375,-0.0401716056475077
0.6094460110128405,1.6063266532444802
-0.21511189270872683,0.7361944005956732
-0.08499447317359136,0.7882322923874454
0.17313943393257436,0.041860399409999055
-0.1754393402340036,-0.2770423517250027
0.16203498850361842,-0.2770423517250027
-0.009648400039610474,0.10310245079527625
-0.1754393402340036,-0.2770423517250027
-0.08499447317359136,-0.2770423517250027
0.22401598787122096,-0.2770423517250027
0.4805225481484564,-0.2770423517250027
0.18493814905386605,0.5331842230395719
-0.1754393402340036,-0.2770423517250027
-0.0801642770819265,1.2497839615428266
0.4787098768957533,0.41024516827003543
-0.0549071922951325,2.156877897810261
0.16203498850361842,-0.2770423517250027
-0.1754393402340036,0.034813918219362916
0.21833482244321267,1.0738105460350704
-0.11369715931079567,0.9174828153166069
-0.07977265334213493,1.2156892690251881
0.49495668126295683,0.43661971088785007
0.284990200803765,-0.2770423517250027
0.1940456617660727,-0.2770423517250027
-0.21511189270872683,-0.2770423517250027
-0.11369715931079567,-0.2770423517250027
0.19268074840179644,0.7815674170114318
-0.21511189270872683,0.217238141751591
1.0973253109661214,0.5331842230395719
0.2738040362042852,0.673490456965345
-0.21511189270872683,-0.2770423517250027
-0.21511189270872683,-0.2770423517250027
-0.21511189270872683,0.034813918219362916
0.34246498859802144,0.039247769008147956
0.04039816292794917,-0.2770423517250027
0.7028275013400257,-0.0401716056475077
0.31178663537238044,-0.2770423517250027
0.26082393998767595,0.35371666935436463
-0.21511189270872683,0.43661971088785007
0.2884256330983464,0.10310245079527625
-0.12287353563095205,0.15303942051929295
-0.21511189270872683,-0.2770423517250027
-0.043428504165497914,-0.2770423517250027
0.1492381972068059,0.3511040389525136
-0.11369715931079567,-0.2770423517250027
-0.1754393402340036,-0.2770423517250027
0.07601082276200984,0.039247769008147956
-0.12287353563095205,-0.2770423517250027
-0.1522323847283982,0.039247769008147956
0.37973432415052455,0.35371666935436463
-0.02910950055320134,-0.2770423517250027
-0.0549071922951325,-0.2770423517250027
0.13095969727599158,0.35815052014314974
0.01775525896655453,-0.2770423517250027
0.737055453372062,0.039247769008147956
0.8137703508742302,0.10310245079527625
-0.08955314845248344,0.039247769008147956
-0.01272776485365948,-0.2770423517250027
-0.21511189270872683,-0.2770423517250027
0.4475346974239761,-0.2770423517250027
-0.08320098315622884,0.4693295412524436
0.17061363352551565,0.034813918219362916
-0.06878205302792458,-0.0401716056475077
0.029076650947461872,0.43661971088785007
-0.03643658323580509,0.41495872073964185
-0.1357667877592804,-0.2770423517250027
-0.1522323847283982,0.217238141751591
-0.21511189270872683,-0.2770423517250027
-0.0801642770819265,-0.2770423517250027
0.20848353552617926,0.15303942051929295
0.03002415243511276,0.4172916494606715
-0.1754393402340036,-0.2770423517250027
0.2645667607455797,2.1796555726959483
0.012465703735639858,-0.2770423517250027
-0.03926103755255408,0.673490456965345
-0.21511189270872683,0.19669914042998726
-0.21511189270872683,-0.2770423517250027
-0.21511189270872683,0.039247769008147956
-0.21511189270872683,-0.2770423517250027
-0.08365947443137661,-0.2770423517250027
0.27806394716450406,0.5331842230395719
-0.1754393402340036,-0.2770423517250027
-0.0004941340089708645,0.4611363750631032
-0.08955314845248344,-0.2770423517250027
0.18539811871897133,0.10310245079527625
0.14791858802892266,-0.2770423517250027
-0.1754393402340036,1.1461130366808776
0.1800641362460604,0.039247769008147956
-0.005902545047595962,-0.2770423517250027
0.002685208625291341,0.034813918219362916
0.14181289632588032,0.041860399409999055
-0.08365947443137661,-0.2770423517250027
-0.0214588022330209,0.10310245079527625
0.5938241374130413,1.6244220533321192
0.0681093139381044,0.034813918219362916
-0.21511189270872683,-0.2770423517250027
1.0666032552488693,0.8494743437727226
0.575607098087801,-0.2770423517250027
-0.1754393402340036,-0.2770423517250027
0.16494167748124913,0.35815052014314974
-0.21511189270872683,-0.2770423517250027
-0.10373695724822402,-0.0401716056475077
-0.08955314845248344,0.15303942051929295
-0.08320098315622884,0.35553788974129863
0.2370952023324933,0.8550246500649755
0.2309803254936938,0.2716846642968579
0.6063861186601519,3.66149865781116
-0.0801642770819265,-0.2770423517250027
-0.03926103755255408,-0.2770423517250027
0.44849237441592443,-0.2770423517250027
-0.21511189270872683,-0.2770423517250027
0.0639282422309372,-0.2770423517250027
-0.1754393402340036,-0.2770423517250027
1.1346382789284783,-0.2770423517250027
-0.0023413876920809597,2.045351829098811
-0.0435284306815056,0.4652772962782811
-0.1522323847283982,0.039247769008147956
-0.08499447317359136,-0.2770423517250027
-0.1357667877592804,0.35371666935436463
0.37325278011048074,0.15303942051929295
0.21021708681175263,0.35371666935436463
-0.21511189270872683,-0.2770423517250027
0.1406768460415062,0.7021480423557761
-0.21511189270872683,-0.2770423517250027
0.10212111273367437,0.42200520193027785
-0.21511189270872683,0.039247769008147956
-0.1754393402340036,-0.2770423517250027
0.09841718274560836,1.2680958406823
0.056413710415187016,0.19669914042998726
-0.21511189270872683,0.6588759480077729
0.16034767101587916,2.6311789359685194
-0.016054082046948685,-0.2770423517250027
0.22228069856021376,0.8540852557036829
0.13927948832371942,0.41939257152842685
-0.21511189270872683,1.0140043123001417
-0.08955314845248344,-0.2770423517250027
-0.04398692195665337,-0.2770423517250027
0.08931200448066291,0.41495872073964185
0.024255689756214,-0.2770423517250027
-0.21511189270872683,0.039247769008147956
-0.21511189270872683,-0.2770423517250027
-0.21511189270872683,0.034813918219362916
-0.022114965193262722,0.034813918219362916
-0.014700790777649261,0.5402628201451518
-0.21511189270872683,0.32547290511368887
0.12514617044248363,-0.2770423517250027
0.5221796999281944,0.039247769008147956
-0.1754393402340036,-0.2770423517250027
0.34290941403235925,-0.2770423517250027
-0.08320098315622884,0.4573605657406155
0.11011684207535925,-0.2770423517250027
0.4094151140632974,0.41495872073964185
-0.1754393402340036,-0.2770423517250027
0.013558555465994937,-0.2770423517250027
-0.21511189270872683,0.041860399409999055
-0.21511189270872683,-0.2770423517250027
0.024255689756214,-0.2770423517250027
0.26292224814331494,0.034813918219362916
0.46728168580751395,-0.2770423517250027
-0.21511189270872683,-0.2770423517250027
0.26715423944452005,-0.2770423517250027
0.09142264738566973,-0.2770423517250027
-0.21511189270872683,-0.2770423517250027
0.019451003814830708,0.5905874154318597
-0.045321920698868104,-0.2770423517250027
-0.032421106500416394,-0.2770423517250027
-0.040491724607203274,0.15303942051929295
0.8344043973683372,0.15303942051929295
0.5381599589230636,0.6543474012299039
0.09001731866772379,-0.2770423517250027
0.7273798196947826,1.1182831921387555
-0.1754393402340036,-0.2770423517250027
0.614214654147667,-0.2770423517250027
-0.21511189270872683,-0.2770423517250027
-0.1357667877592804,0.5361408928865928
0.14396706355521705,0.7102403670993994
0.1510901494167438,-0.2770423517250027
0.15437310929134945,-0.2770423517250027
-0.21511189270872683,-0.2770423517250027
-0.21511189270872683,-0.0401716056475077
0.2147373953817483,-0.2770423517250027
0.20106282078111307,0.9068775361650102
0.23221688612840588,-0.2770423517250027
-0.21511189270872683,0.10310245079527625
0.2437609952635002,-0.2770423517250027
0.17759043215471335,-0.2770423517250027
-0.21511189270872683,0.041860399409999055
0.830514460791829,0.2716846642968579
0.6211652263601182,0.4693295412524436
0.056092812699063035,0.278731145487494
0.08063476694688315,0.43661971088785007
-0.09457974476985573,-0.2770423517250027
-0.06891755561232596,-0.2770423517250027
0.20156495572258723,0.034813918219362916
-0.21511189270872683,0.4719421716542947
-0.1522323847283982,0.40462112952590285
-0.21511189270872683,0.6352548432325288
0.07654522598221768,-0.2770423517250027
0.08713519773654264,-0.0401716056475077
-0.08499447317359136,0.15303942051929295
-0.009214150994811,0.039247769008147956
0.8797911977591953,1.0319742693374159
0.08746549632069685,-0.2770423517250027
0.4372484793181247,0.7815674170114318
-0.1754393402340036,-0.2770423517250027
0.5303567879541954,1.4055918804303889
0.21604087384883122,0.10310245079527625
-0.21511189270872683,-0.2770423517250027
-0.009648400039610474,-0.2770423517250027
-0.1357667877592804,0.7102403670993994
0.1034437790629807,-0.2770423517250027
-0.0004941340089708645,-0.2770423517250027
-0.21511189270872683,-0.2770423517250027
-0.0053284705080209015,0.09838889832566983
0.4955266966385512,1.6652070265785321
0.4052825284699215,0.5331842230395719
-0.1522323847283982,-0.2770423517250027
0.0997521814878231,0.039247769008147956
0.1514463282345523,0.09838889832566983
0.2694743990597284,1.0216366781236768
0.2505923299581665,1.2049903336277823
-0.21511189270872683,-0.2770423517250027
-0.21511189270872683,1.0251030384649402
-0.08320098315622884,0.39838409715503376
0.29111421493551226,-0.2770423517250027
-0.21511189270872683,-0.2770423517250027
-0.054373343252372495,-0.0401716056475077
-0.043428504165497914,-0.2770423517250027
-0.08332252604705057,-0.2770423517250027
0.37348973539078323,1.1239072308828881
0.010427549337120482,0.19669914042998726
0.07012339188451201,-0.2770423517250027
0.0687492034221851,-0.2770423517250027
-0.1754393402340036,-0.0401716056475077
0.3963760001282128,0.4693295412524436
-0.01272776485365948,-0.2770423517250027
0.013539244372005991,0.5926693918022635
-0.21511189270872683,-0.2770423517250027
-0.1754393402340036,-0.2770423517250027
0.2054036077049449,0.10310245079527625
0.21323427436222367,0.43661971088785007
0.24881100324109792,-0.2770423517250027
-0.009648400039610474,-0.2770423517250027
-0.21511189270872683,0.034813918219362916
-0.1754393402340036,-0.2770423517250027
0.3505041388963305,2.035102531866795
0.017557587281460486,0.39838409715503376
-0.1754393402340036,-0.2770423517250027
-0.0053284705080209015,-0.2770423517250027
0.02694478762106371,-0.2770423517250027
0.45845617960565704,0.15303942051929295
0.3096033093763381,-0.2770423517250027
-0.020779966451047977,1.3959984985838019
-0.21511189270872683,1.8038336094443794
-0.1754393402340036,-0.2770423517250027
0.10693329954384677,-0.0401716056475077
-0.11369715931079567,-0.2770423517250027
0.051146046941897234,0.10310245079527625
0.5211850574397281,-0.2770423517250027
0.15065824993734628,0.7484759808322157
-0.21511189270872683,-0.2770423517250027
0.029321074422791506,-0.2770423517250027
0.31560151055621893,-0.2770423517250027
-0.11369715931079567,0.27611851508564295
-0.032421106500416394,-0.2770423517250027
0.34260572640179704,0.5284706705699656
-0.08320098315622884,0.10310245079527625
0.04195429589045375,-0.2770423517250027
0.0804320470714594,-0.2770423517250027
-0.21511189270872683,-0.2770423517250027
-0.21511189270872683,1.0251030384649402
-0.21511189270872683,-0.2770423517250027
0.07938904933329345,-0.2770423517250027
0.23259061209880913,0.4719421716542947
-0.0023627761255851994,-0.2770423517250027
-0.07402460683607244,-0.2770423517250027
-0.1754393402340036,0.10310245079527625
0.010427549337120482,1.3927132971700722
-0.05999402765062343,-0.2770423517250027
-0.1754393402340036,1.2947912224557212
0.3701992640140999,-0.2770423517250027
-0.1754393402340036,0.039247769008147956
0.09958972956808926,0.32547290511368887
0.07037244210400906,-0.2770423517250027
-0.21511189270872683,-0.2770423517250027
-0.07209365897513963,-0.2770423517250027
-0.08955314845248344,-0.2770423517250027
0.3672957421598607,1.1239072308828881
-0.04398692195665337,-0.2770423517250027
0.1694611584781107,-0.2770423517250027
0.28287283596493834,-0.2770423517250027
0.023199258574627027,0.8479971628309583
-0.020925212089874873,-0.2770423517250027
0.5587306310620869,-0.2770423517250027
0.13248468504389757,0.5331842230395719
-0.1754393402340036,0.039247769008147956
0.10772371736844358,0.034813918219362916
-0.040491724607203274,0.039247769008147956
0.738222649333537,0.38991016659678795
-0.022114965193262722,-0.2770423517250027
0.0182137502417023,0.034813918219362916
-0.0435284306815056,0.7784033903750521
0.14396706355521705,0.7529098316210007
0.0774727470407057,0.41495872073964185
0.2716594276595577,-0.2770423517250027
-0.1754393402340036,-0.2770423517250027
-0.21511189270872683,0.034813918219362916
-0.21511189270872683,0.5879747850300087
-0.21511189270872683,0.034813918219362916
-0.21511189270872683,-0.2770423517250027
0.07951059222411522,0.22840655020078615
-0.21511189270872683,-0.2770423517250027
0.25901647147664225,0.7335817701938222
-0.21511189270872683,-0.2770423517250027
-0.1357667877592804,0.039247769008147956
-0.1357667877592804,0.7529098316210007
0.632375446843739,1.0227511640465592
-0.08499447317359136,-0.2770423517250027
0.2634751391962312,-0.2770423517250027
-0.032421106500416394,0.3399731968727712
-0.21511189270872683,1.2497839615428266
-0.0549071922951325,-0.2770423517250027
0.11052720618747529,-0.2770423517250027
0.06238537397135772,0.4648956904636586
-0.07977265334213493,0.40462112952590285
0.6434735948357885,0.10310245079527625
-0.1754393402340036,-0.2770423517250027
-0.21511189270872683,-0.2770423517250027
0.484749379418089,-0.0401716056475077
0.3677437258126261,-0.2770423517250027
-0.1357667877592804,0.034813918219362916
0.1240031342935588,-0.0401716056475077
0.07147833667205156,0.38991016659678795
0.39437064561570917,-0.2770423517250027
0.7455876195357956,0.15303942051929295
0.08038847651896038,0.3466701881637285
-0.12287353563095205,0.32547290511368887
1.1951188672748247,0.034813918219362916
0.007251445974306824,-0.2770423517250027
-0.21511189270872683,-0.2770423517250027
-0.1754393402340036,-0.0401716056475077
-0.21511189270872683,0.041860399409999055
-0.21511189270872683,0.217238141751591
0.09480202281224431,0.43661971088785007
0.05742781144127776,-0.2770423517250027
0.08535207507693862,-0.2770423517250027
-0.09457974476985573,0.034813918219362916
-0.21511189270872683,-0.2770423517250027
0.030791890419788612,0.43661971088785007
-0.03643658323580509,1.6168124987124401
0.3564500559457768,0.4470654830255971
-0.08499447317359136,-0.2770423517250027
-0.21511189270872683,0.3466701881637285
0.12212137900215952,1.0721903748328268
-0.21511189270872683,0.5879747850300087
0.2778610957877569,0.041860399409999055
0.18509935875346936,-0.2770423517250027
0.01874734038484833,0.6044104315058872
-0.1357667877592804,0.22426562898560826
0.022481143370653826,-0.0401716056475077
-0.020925212089874873,0.10310245079527625
0.1259702591784125,1.0673787319672174
0.05841989285957156,0.6562633176059219
-0.1754393402340036,0.40462112952590285
0.07037244210400906,0.039247769008147956
-0.21511189270872683,0.10310245079527625
-0.21511189270872683,0.32547290511368887
-0.21511189270872683,-0.2770423517250027
-0.21511189270872683,-0.2770423517250027
0.01874734038484833,-0.0401716056475077
-0.21511189270872683,0.6839362291030922
-0.07893359002727732,1.3532099491934468
-0.043428504165497914,-0.2770423517250027
0.07645892357614457,1.3042494780447123
0.040759494596736175,-0.2770423517250027
0.17348807903058752,0.4172916494606715
0.12208747913710619,0.40462112952590285
-0.05081765133046704,0.38991016659678795
-0.21511189270872683,-0.2770423517250027
-0.12287353563095205,0.5335282624847417
-0.1357667877592804,-0.2770423517250027
0.356279077296715,0.15303942051929295
0.30547263143999825,0.4172916494606715
-0.21511189270872683,-0.2770423517250027
0.14640292363626362,0.15303942051929295
-0.21511189270872683,-0.2770423517250027
0.12030731942160634,-0.2770423517250027
0.33419251136677447,0.039247769008147956
-0.040491724607203274,-0.2770423517250027
-0.1522323847283982,0.034813918219362916
0.526188547644428,0.39838409715503376
0.08023682355737528,0.10310245079527625
0.23037543022156995,-0.2770423517250027
-0.08365947443137661,-0.0401716056475077
-0.1357667877592804,0.039247769008147956
0.1457255662442481,-0.2770423517250027
-0.08955314845248344,-0.2770423517250027
-0.21511189270872683,0.15303942051929295
0.1488647599199838,-0.2770423517250027
0.3032227312831263,0.5331842230395719
-0.08955314845248344,-0.2770423517250027
0.1950826314230566,0.59738294427187
-0.21511189270872683,-0.2770423517250027
0.046457945103758856,-0.2770423517250027
-0.01272776485365948,-0.2770423517250027
-0.0801642770819265,0.041860399409999055
0.41101428490034825,0.10310245079527625
-0.1522323847283982,0.041860399409999055
-0.21511189270872683,-0.2770423517250027
-0.21511189270872683,-0.2770423517250027
0.03180578419732833,0.35553788974129863
-0.1754393402340036,-0.2770423517250027
0.320769119663329,2.7307673965079093
-0.21511189270872683,-0.2770423517250027
-0.21511189270872683,-0.2770423517250027
-0.11369715931079567,0.10310245079527625
-0.21511189270872683,-0.2770423517250027
0.24732919182822427,0.7784033903750521
0.4249655644274937,-0.2770423517250027
-0.08320098315622884,-0.2770423517250027
-0.045001022982744124,-0.2770423517250027
-0.1522323847283982,0.27295448844926334
-0.0801642770819265,0.041860399409999055
-0.21511189270872683,0.039247769008147956
0.4735846022841363,-0.2770423517250027
0.04039816292794917,0.15303942051929295
-0.04010010086741168,-0.2770423517250027
0.14430608464109174,0.7062002873299386
0.029076650947461872,0.15303942051929295
-0.1754393402340036,-0.2770423517250027
-0.08365947443137661,1.2572920577901716
-0.1754393402340036,0.8667014831321457
0.5945699752565221,0.41939257152842685
-0.12299507852177384,-0.2770423517250027
0.541841532708005,-0.2770423517250027
0.1371156886859912,-0.2770423517250027
0.21586321846995363,-0.2770423517250027
0.4307968077967636,0.40462112952590285
0.39787485324987243,-0.2770423517250027
0.302852279513289,0.217238141751591
0.12788995538280049,-0.2770423517250027
0.25510294467505595,0.10310245079527625
-0.04712183645851461,-0.2770423517250027
-0.09457974476985573,-0.0401716056475077
-0.21511189270872683,-0.2770423517250027
-0.1754393402340036,0.034813918219362916
0.029321074422791506,0.217238141751591
-0.21511189270872683,0.41939257152842685
-0.21511189270872683,0.034813918219362916
-0.1522323847283982,-0.2770423517250027
-0.006764739110014356,-0.2770423517250027
0.27688924260772424,0.515601891564989
0.10565936068271096,-0.2770423517250027
-0.07209365897513963,-0.2770423517250027
0.22533733178221246,0.039247769008147956
0.008578882646398151,0.27611851508564295
-0.015234639820409275,-0.2770423517250027
0.20421614239722777,0.6839362291030922
0.14192916779279896,0.27611851508564295
-0.024072958094241335,0.039247769008147956
0.2686219021169779,0.15303942051929295
-0.21511189270872683,-0.2770423517250027
-0.1522323847283982,-0.2770423517250027
-0.09457974476985573,0.2716846642968579
-0.006764739110014356,-0.2770423517250027
0.10369316647830255,-0.2770423517250027
0.4984071309202528,-0.2770423517250027
-0.1754393402340036,-0.2770423517250027
-0.21511189270872683,0.9707322179521386
-0.04398692195665337,-0.2770423517250027
-0.09457974476985573,-0.0401716056475077
0.17020148693202777,0.7785288996753127
-0.045321920698868104,-0.2770423517250027
0.42167428190119766,0.039247769008147956
-0.1754393402340036,-0.2770423517250027
-0.09457974476985573,0.034813918219362916
-0.21511189270872683,-0.2770423517250027
-0.21511189270872683,-0.2770423517250027
0.14231984266441933,0.6044104315058872
-0.21511189270872683,0.034813918219362916
1.0966327122394985,-0.2770423517250027
-0.1754393402340036,-0.2770423517250027
1.2415777932065164,-0.2770423517250027
-0.21511189270872683,-0.2770423517250027
-0.06580586057744044,0.6770532712781513
0.5783998009293536,0.32547290511368887
-0.020925212089874873,0.9037135095286307
-0.02924500313760272,-0.2770423517250027
0.5592323942161107,0.15303942051929295
-0.05081765133046704,-0.2770423517250027
-0.1522323847283982,-0.2770423517250027
-0.21511189270872683,-0.2770423517250027
-0.21511189270872683,-0.2770423517250027
0.14745441888755087,0.034813918219362916
0.5686406229760104,0.43661971088785007
0.400694026309938,-0.0401716056475077
-0.12287353563095205,-0.2770423517250027
0.28308824652448883,-0.2770423517250027
0.18879392731255484,-0.2770423517250027
-0.1754393402340036,-0.2770423517250027
0.22684044218796995,-0.2770423517250027
0.971578417976217,-0.2770423517250027
0.024255689756214,1.8574425601904907
0.3512819226876542,0.4172916494606715
-0.21511189270872683,-0.2770423517250027
-0.1754393402340036,0.39838409715503376
0.008506164727956133,0.217238141751591
-0.21511189270872683,-0.2770423517250027
-0.1754393402340036,0.35553788974129863
-0.21511189270872683,-0.2770423517250027
0.2553750166616315,-0.2770423517250027
0.15986908405280822,-0.2770423517250027
0.08063476694688315,-0.0401716056475077
-0.1754393402340036,0.041860399409999055
-0.07977265334213493,-0.2770423517250027
-0.09457974476985573,-0.2770423517250027
-0.1754393402340036,-0.2770423517250027
-0.009214150994811,0.217238141751591
0.20428761661955389,0.7164773994702686
-0.006038047631997344,-0.2770423517250027
-0.11255983225367498,0.7811858111968092
0.5327307370246815,0.15303942051929295
-0.08320098315622884,0.9681195875502876
-0.1522323847283982,-0.2770423517250027
0.6332962102743641,-0.2770423517250027
0.5077374660181208,0.10310245079527625
0.03527188058671992,0.034813918219362916
-0.21511189270872683,0.7680827056873888
-0.21511189270872683,-0.2770423517250027
0.6202340652285357,0.039247769008147956
0.5600695546543673,-0.0401716056475077
0.4634786471233104,-0.2770423517250027
-0.034352054361349235,-0.2770423517250027
-0.21511189270872683,-0.2770423517250027
0.27067272268581993,0.27611851508564295
-0.21511189270872683,-0.2770423517250027
-0.1754393402340036,-0.2770423517250027
0.4162620130519554,-0.2770423517250027
-0.009648400039610474,0.47853370084594876
-0.1754393402340036,0.40462112952590285
-0.1754393402340036,-0.2770423517250027
-0.1754393402340036,-0.2770423517250027
0.04662515422896606,-0.2770423517250027
0.04880985291227683,-0.2770423517250027
-0.024072958094241335,0.41024516827003543
0.2491561355839346,-0.2770423517250027
0.33526500515551827,-0.2770423517250027
-0.21511189270872683,1.200149153461187
0.0770790750249777,-0.2770423517250027
-0.08365947443137661,1.9199999372428356
0.5471994023823837,0.034813918219362916
-0.0549071922951325,0.2716846642968579
0.6172693289250707,-0.0401716056475077
-0.21511189270872683,0.039247769008147956
0.25711041521649797,-0.2770423517250027
-0.1754393402340036,-0.2770423517250027
-0.1754393402340036,-0.2770423517250027
-0.21511189270872683,0.09838889832566983
-0.07893359002727732,-0.2770423517250027
0.5262622606810988,-0.2770423517250027
0.08412996429633322,-0.2770423517250027
-0.06891755561232596,0.039247769008147956
-0.09457974476985573,-0.2770423517250027
0.23766822802150397,0.35815052014314974
-0.045321920698868104,-0.2770423517250027
-0.045321920698868104,-0.2770423517250027
-0.02924500313760272,0.041860399409999055
-0.07893359002727732,0.034813918219362916
-0.020925212089874873,-0.2770423517250027
-0.04398692195665337,0.39838409715503376
0.5362680517779199,-0.2770423517250027
-0.21511189270872683,-0.2770423517250027
-0.21511189270872683,-0.2770423517250027
-0.049880595977760206,-0.2770423517250027
-0.04398692195665337,0.039247769008147956
0.1299170087529355,-0.0401716056475077
0.019451003814830708,0.034813918219362916
-0.21511189270872683,-0.2770423517250027
-0.1522323847283982,-0.2770423517250027
-0.1754393402340036,-0.2770423517250027
-0.0023222238502928687,0.6473199139958867
-0.08499447317359136,-0.2770423517250027
0.0378001945659825,-0.2770423517250027
-0.1754393402340036,-0.2770423517250027
-0.1522323847283982,0.4693295412524436
0.3248262258537726,1.0909560017811777
0.09700888716646856,-0.2770423517250027
-0.1522323847283982,1.4554655750781413
-0.04398692195665337,-0.2770423517250027
-0.040491724607203274,0.10310245079527625
0.215029273621925,0.5402628201451518
0.8115729891866088,0.35815052014314974
0.2650327230362089,0.039247769008147956
0.6363597155403773,0.039247769008147956
-0.06878205302792458,0.039247769008147956
-0.1357667877592804,-0.2770423517250027
-0.1754393402340036,0.4470654830255971
0.7274773188876128,1.5850946264176873
-0.21511189270872683,-0.2770423517250027
0.3183109251780584,-0.2770423517250027
-0.005649368224144911,0.041860399409999055
0.1788874804386368,-0.2770423517250027
-0.042035328600308446,-0.0401716056475077
-0.21511189270872683,0.041860399409999055
-0.21511189270872683,0.43661971088785007
-0.1522323847283982,0.041860399409999055
-0.1754393402340036,-0.0401716056475077
-0.21511189270872683,-0.2770423517250027
-0.21511189270872683,-0.2770423517250027
0.0681093139381044,-0.2770423517250027
-0.04407322436272654,0.034813918219362916
-0.11369715931079567,-0.2770423517250027
-0.12287353563095205,-0.2770423517250027
-0.21511189270872683,-0.2770423517250027
-0.21511189270872683,-0.2770423517250027
0.39971525348081993,-0.2770423517250027
0.6198255555453849,0.217238141751591
0.17571048738291248,0.034813918219362916
-0.21511189270872683,-0.2770423517250027
0.07700371725736545,-0.2770423517250027
-0.07209365897513963,-0.2770423517250027
0.34811616881930696,0.039247769008147956
0.37884352366066415,-0.2770423517250027
-0.21511189270872683,-0.2770423517250027
0.1392149279639136,0.15303942051929295
0.41944360574740575,-0.2770423517250027
0.4905956799865488,1.1785577530765114
0.1473962698431668,-0.2770423517250027
0.43344903007454116,-0.2770423517250027
0.018806283617602098,0.10310245079527625
-0.11369715931079567,0.7021480423557761
-0.020779966451047977,0.43661971088785007
-0.1357667877592804,-0.2770423517250027
-0.21511189270872683,-0.2770423517250027
-0.21511189270872683,-0.2770423517250027
-0.1522323847283982,-0.2770423517250027
-0.06891755561232596,0.039247769008147956
0.09181080868508627,-0.2770423517250027
0.12408462980588199,0.15303942051929295
-0.1754393402340036,0.35815052014314974
0.23917613564579387,0.039247769008147956
0.12345053782779002,-0.2770423517250027
0.20256246151360885,0.27611851508564295
0.0592079711567775,1.0643289075868496
0.026310953609512553,0.034813918219362916
-0.1522323847283982,-0.2770423517250027
0.5319062603714141,-0.2770423517250027
0.32738394183342745,-0.2770423517250027
-0.21511189270872683,-0.2770423517250027
0.2848088973253545,0.9107599907192666
-0.01272776485365948,-0.2770423517250027
-0.21511189270872683,0.5335282624847417
0.15132478534373053,0.15303942051929295
0.5388417371774075,0.10310245079527625
0.33710083068268054,-0.2770423517250027
-0.08320098315622884,-0.2770423517250027
1.0121688019107997,0.5331842230395719
-0.02910950055320134,-0.0401716056475077
-0.009648400039610474,-0.2770423517250027
-0.10373695724822402,0.034813918219362916
-0.21511189270872683,-0.0401716056475077
-0.042035328600308446,0.039247769008147956
-0.21511189270872683,-0.0401716056475077
-0.21511189270872683,-0.2770423517250027
-0.21511189270872683,-0.0401716056475077
-0.006038047631997344,0.039247769008147956
0.017878484997584494,0.8450404929839376
1.0680562666351405,0.5331842230395719
-0.06580586057744044,-0.0401716056475077
-0.21511189270872683,-0.2770423517250027
0.19004662995060712,0.745426156451848
0.20643762634641943,0.2716846642968579
0.2081487012944077,-0.2770423517250027
0.4301336441034,0.7811858111968092
-0.21511189270872683,0.39838409715503376
-0.12299507852177384,-0.2770423517250027
-0.03063517855317729,0.22426562898560826
0.010563051921521864,0.09838889832566983
-0.045001022982744124,-0.2770423517250027
-0.1754393402340036,-0.2770423517250027
-0.21511189270872683,0.3511040389525136
0.013539244372005991,-0.2770423517250027
0.0681093139381044,0.034813918219362916
-0.1754393402340036,0.039247769008147956
0.1258030500532053,-0.2770423517250027
0.7013229843407703,-0.2770423517250027
-0.21511189270872683,-0.2770423517250027
-0.21511189270872683,-0.2770423517250027
-0.21511189270872683,-0.2770423517250027
-0.21511189270872683,-0.2770423517250027
-0.21511189270872683,-0.2770423517250027
-0.1357667877592804,-0.2770423517250027
0.00845733975557638,0.9309002043644438
-0.07893359002727732,-0.2770423517250027
0.10772371736844358,-0.0401716056475077
0.339567548905999,0.43661971088785007
0.185490982493261,0.039247769008147956
-0.21511189270872683,-0.2770423517250027
-0.1754393402340036,0.041860399409999055
-0.21511189270872683,0.454108887829086
-0.05999402765062343,0.041860399409999055
0.4468746031191256,0.15303942051929295
0.20309631055636887,-0.2770423517250027
1.1143395509476304,0.22426562898560826
-0.04010010086741168,0.034813918219362916
0.2050693364803586,0.9309002043644438
0.09195649642842972,-0.2770423517250027
0.18145891576519244,0.4470654830255971
-0.1754393402340036,-0.2770423517250027
-0.21511189270872683,-0.2770423517250027
-0.21511189270872683,-0.2770423517250027
-0.1522323847283982,-0.2770423517250027
0.4194198376434917,1.2909047932395454
-0.21511189270872683,-0.2770423517250027
0.47392213394073723,0.19669914042998726
0.10853707441129277,0.7102403670993994
-0.0801642770819265,-0.2770423517250027
-0.21511189270872683,-0.2770423517250027
-0.21511189270872683,-0.2770423517250027
-0.21511189270872683,0.15303942051929295
0.31894214728918363,-0.2770423517250027
0.8112210264769196,1.1856042342671476
-0.1754393402340036,-0.2770423517250027
0.07734177530368978,-0.2770423517250027
0.026442924744523522,-0.2770423517250027
-0.21511189270872683,0.22426562898560826
-0.042035328600308446,-0.2770423517250027
0.023199258574627027,-0.2770423517250027
-0.06891755561232596,-0.2770423517250027
-0.1522323847283982,0.10310245079527625
1.046661878443516,-0.2770423517250027
-0.21511189270872683,-0.2770423517250027
-0.042035328600308446,0.039247769008147956
-0.04407322436272654,0.35553788974129863
-0.026133308102717214,0.278731145487494
0.2738624645271189,0.034813918219362916
-0.1754393402340036,0.35371666935436463
0.5942366224333514,-0.2770423517250027
-0.21511189270872683,-0.2770423517250027
0.43336281626464584,-0.2770423517250027
-0.11369715931079567,-0.2770423517250027
-0.10373695724822402,0.6700067900875154
-0.21511189270872683,-0.2770423517250027
0.270710571398819,0.041860399409999055
-0.21511189270872683,-0.2770423517250027
-0.21511189270872683,0.041860399409999055
0.11226151228958811,0.15303942051929295
-0.21511189270872683,-0.2770423517250027
0.5975325118524445,0.15303942051929295
-0.08499447317359136,-0.2770423517250027
-0.21511189270872683,1.504457886582685
0.15034500430102546,-0.2770423517250027
0.14377249449794566,2.6883033081966423
-0.1754393402340036,0.15303942051929295
-0.022114965193262722,-0.2770423517250027
-0.21511189270872683,-0.2770423517250027
0.08618009357752185,-0.2770423517250027
-0.0549071922951325,0.09838889832566983
-0.1522323847283982,-0.2770423517250027
-0.12299507852177384,-0.2770423517250027
-0.08320098315622884,-0.2770423517250027
0.0552721468552051,0.4172916494606715
0.6239128989509498,0.22426562898560826
0.7129975813101542,0.9156940701958244
0.10234291772414884,-0.2770423517250027
-0.1357667877592804,1.3595341576294717
-0.21511189270872683,-0.2770423517250027
-0.21511189270872683,-0.2770423517250027
0.24005284456311707,0.15303942051929295
-0.032421106500416394,0.10310245079527625
-0.12299507852177384,-0.0401716056475077
-0.1754393402340036,-0.2770423517250027
-0.1754393402340036,0.5331842230395719
0.09484751475938862,0.15303942051929295
0.13290750481133298,0.7948238215790995
-0.21511189270872683,0.43661971088785007
0.6205886263753774,-0.2770423517250027
-0.21511189270872683,-0.2770423517250027
0.4486800324969323,-0.2770423517250027
-0.1754393402340036,-0.2770423517250027
0.28475281473884073,-0.2770423517250027
-0.1754393402340036,-0.2770423517250027
-0.12287353563095205,-0.2770423517250027
0.1462542029725053,0.6518294668171368
0.021250456316004626,0.15303942051929295
0.36952727609234987,0.10310245079527625
0.37461438777236455,0.034813918219362916
-0.21511189270872683,0.35371666935436463
-0.12287353563095205,0.217238141751591
0.34026883665965474,0.10310245079527625
-0.1522323847283982,0.22426562898560826
0.0007256104532259361,-0.2770423517250027
-0.07402460683607244,0.041860399409999055
0.081271110386317,-0.2770423517250027
0.026310953609512553,0.22426562898560826
0.05213825621036306,-0.2770423517250027
-0.21511189270872683,0.034813918219362916
-0.0004941340089708645,-0.2770423517250027
-0.21511189270872683,-0.2770423517250027
0.43232417807061113,0.4648956904636586
-0.21511189270872683,0.034813918219362916
-0.004400671888003314,-0.2770423517250027
-0.045321920698868104,-0.2770423517250027
0.3250377994769856,-0.2770423517250027
0.265437508182154,1.5505201789571124
-0.21511189270872683,-0.2770423517250027
-0.0435284306815056,1.9783118027867754
-0.03170023678952709,0.15303942051929295
-0.21511189270872683,0.034813918219362916
0.09274979851595158,0.6473199139958867
0.30808193738668754,-0.2770423517250027
0.0687492034221851,-0.2770423517250027
-0.21511189270872683,0.6473199139958867
-0.1754393402340036,-0.0401716056475077
-0.21511189270872683,-0.2770423517250027
0.24538179695314818,-0.0401716056475077
-0.1754393402340036,-0.2770423517250027
0.1665726744586312,-0.2770423517250027
-0.08320098315622884,-0.2770423517250027
0.5347901450090892,-0.2770423517250027
0.3631030393712143,0.09838889832566983
-0.07893359002727732,0.5331842230395719
0.19918752067344456,2.974843777579198
-0.1522323847283982,3.1501148562990973
-0.04398692195665337,0.10310245079527625
-0.009214150994811,0.034813918219362916
0.1637166937498263,0.041860399409999055
-0.21511189270872683,-0.2770423517250027
0.03917841846575236,0.3399731968727712
-0.21511189270872683,-0.2770423517250027
-0.06891755561232596,-0.2770423517250027
-0.016054082046948685,0.43661971088785007
0.0592079711567775,0.15303942051929295
-0.08365947443137661,-0.2770423517250027
0.011566644678382355,0.041860399409999055
-0.0023627761255851994,0.7934832417451104
0.10098290513327872,-0.2770423517250027
-0.09457974476985573,-0.2770423517250027
-0.08955314845248344,-0.2770423517250027
-0.21511189270872683,-0.2770423517250027
-0.1754393402340036,-0.2770423517250027
0.9718262365414461,-0.2770423517250027
-0.21511189270872683,0.041860399409999055
0.24095708048664494,0.22840655020078615
-0.12287353563095205,-0.2770423517250027
-0.21511189270872683,-0.2770423517250027
-0.1522323847283982,-0.2770423517250027
0.33771077539211464,0.5361408928865928
-0.11369715931079567,0.2716846642968579
-0.21511189270872683,0.39838409715503376
0.07849681933856266,0.15303942051929295
-0.21511189270872683,-0.2770423517250027
-0.1754393402340036,-0.2770423517250027
-0.1522323847283982,-0.2770423517250027
-0.1522323847283982,-0.0401716056475077
0.1967164229696971,2.352165598679921
-0.007449283983791397,-0.0401716056475077
-0.1522323847283982,-0.2770423517250027
0.25624066356502095,-0.2770423517250027
-0.21511189270872683,1.5869985918173017
-0.21511189270872683,-0.0401716056475077
0.33606777691017525,-0.0401716056475077
0.07521022724000294,1.1210614061508766
0.09085638198258139,0.15303942051929295
-0.1522323847283982,1.9645307639357297
-0.21511189270872683,0.4172916494606715
0.2786166880870756,-0.2770423517250027
0.061314632530519456,0.9038329990808226
-0.21511189270872683,0.22426562898560826
0.08737919391462372,0.034813918219362916
-0.049320952514333695,-0.2770423517250027
0.3560111979700412,0.041860399409999055
-0.21511189270872683,-0.2770423517250027
-0.01728476910159789,0.47853370084594876
-0.21511189270872683,-0.2770423517250027
-0.11369715931079567,-0.0401716056475077
-0.07893359002727732,0.6044104315058872
-0.08955314845248344,0.041860399409999055
-0.11255983225367498,-0.2770423517250027
-0.21511189270872683,-0.2770423517250027
0.5168160769636024,-0.2770423517250027
0.10067970254631112,0.15303942051929295
-0.08499447317359136,-0.2770423517250027
-0.0012249823785160133,-0.2770423517250027
-0.21511189270872683,-0.2770423517250027
0.1492381972068059,0.48324725331555524
-0.04010010086741168,-0.2770423517250027
-0.21511189270872683,0.6588759480077729
-0.21511189270872683,0.8667014831321457
-0.07402460683607244,-0.2770423517250027
-0.045001022982744124,-0.2770423517250027
-0.21511189270872683,-0.2770423517250027
-0.21511189270872683,-0.2770423517250027
-0.21511189270872683,-0.2770423517250027
0.5821018954329026,0.10310245079527625
0.012465703735639858,0.7811858111968092
0.02694478762106371,-0.2770423517250027
1.064423470085561,0.039247769008147956
-0.11369715931079567,-0.2770423517250027
-0.12287353563095205,0.3399731968727712
-0.042035328600308446,-0.2770423517250027
-0.08365947443137661,0.48324725331555524
0.5438601316528082,-0.2770423517250027
-0.1522323847283982,-0.2770423517250027
0.03180578419732833,1.8896994324494198
-0.21511189270872683,-0.2770423517250027
-0.11369715931079567,-0.2770423517250027
-0.1754393402340036,-0.2770423517250027
-0.1754393402340036,-0.2770423517250027
0.19383779224870798,-0.0401716056475077
-0.1754393402340036,-0.0401716056475077
-0.21511189270872683,-0.2770423517250027
-0.06580586057744044,0.09838889832566983
-0.21511189270872683,-0.2770423517250027
0.30634223950156575,-0.2770423517250027
0.33331072256738176,-0.2770423517250027
0.07698232882386123,0.039247769008147956
0.6834740537819657,0.15303942051929295
0.47097480887432486,1.72545253218757
-0.21511189270872683,-0.2770423517250027
-0.21511189270872683,-0.2770423517250027
-0.1522323847283982,0.039247769008147956
-0.04398692195665337,-0.2770423517250027
0.5438096367660894,0.10310245079527625
-0.06891755561232596,0.54316838012061
-0.21511189270872683,-0.2770423517250027
0.5609410073157578,-0.2770423517250027
-0.21511189270872683,-0.2770423517250027
0.45260903161393606,0.034813918219362916
0.08713519773654264,-0.2770423517250027
-0.11369715931079567,-0.2770423517250027
-0.1754393402340036,-0.2770423517250027
0.029076650947461872,-0.2770423517250027
0.0004115149221691233,0.6352548432325288
0.10772371736844358,1.1463609126443561
-0.21511189270872683,-0.2770423517250027
-0.09457974476985573,0.41467901905882054
0.2793445837750436,0.034813918219362916
-0.0008191721324800561,0.039247769008147956
-0.21511189270872683,-0.2770423517250027
-0.1522323847283982,0.039247769008147956
-0.005902545047595962,-0.2770423517250027
-0.1522323847283982,0.15303942051929295
-0.0549071922951325,-0.2770423517250027
-0.06580586057744044,-0.2770423517250027
0.17327462730186596,0.42200520193027785
0.17348807903058752,0.6044104315058872
-0.08320098315622884,0.10310245079527625
0.3562292748511595,-0.2770423517250027
0.4360497898491008,-0.2770423517250027
0.09547432631669286,-0.0401716056475077
-0.21511189270872683,-0.2770423517250027
0.20157581016186227,-0.2770423517250027
-0.21511189270872683,-0.2770423517250027
-0.05081765133046704,0.09838889832566983
0.3864324266252781,2.1036219219403542
-0.042035328600308446,0.217238141751591
0.11459795755760681,0.278731145487494
-0.21511189270872683,0.217238141751591
-0.1522323847283982,-0.0401716056475077
-0.06878205302792458,-0.2770423517250027
0.21343182221218965,-0.2770423517250027
-0.1754393402340036,0.3511040389525136
-0.1522323847283982,-0.2770423517250027
0.03733116478264225,0.041860399409999055
0.08433058181883557,-0.2770423517250027
0.01874734038484833,-0.2770423517250027
0.19887585785773754,-0.2770423517250027
0.3191197180987705,0.22426562898560826
0.23795251985878435,-0.2770423517250027
0.03674619987761139,0.039247769008147956
-0.21511189270872683,-0.2770423517250027
-0.21511189270872683,0.034813918219362916
0.04868831002145508,1.0718125827560026
-0.1754393402340036,-0.2770423517250027
0.23240355531636417,-0.2770423517250027
0.2842221158805768,-0.0401716056475077
-0.21511189270872683,-0.0401716056475077
-0.21511189270872683,-0.2770423517250027
-0.12287353563095205,-0.0401716056475077
-0.21511189270872683,-0.2770423517250027
-0.21511189270872683,-0.2770423517250027
-0.04398692195665337,0.041860399409999055
0.44296646966337944,0.39838409715503376
0.01874734038484833,-0.2770423517250027
0.8175919214459236,0.041860399409999055
0.444636848416381,0.10310245079527625
-0.054373343252372495,0.43661971088785007
0.13857520860551,-0.2770423517250027
0.08629770670368928,-0.2770423517250027
0.00845733975557638,-0.2770423517250027
-0.08499447317359136,-0.2770423517250027
0.06360511843355457,0.041860399409999055
0.8969348783765397,0.816764513408129
-0.21511189270872683,0.6700067900875154
0.041598557911593774,0.4172916494606715
0.14475718532784762,0.039247769008147956
0.11416764917575233,-0.2770423517250027
-0.21511189270872683,-0.2770423517250027
-0.04712183645851461,-0.2770423517250027
-0.07402460683607244,0.041860399409999055
-0.08935287674806956,-0.2770423517250027
0.13141677554352713,-0.2770423517250027
0.47583467297104387,0.034813918219362916
0.36430166139056636,0.034813918219362916
0.5182921785977813,1.6749360249760001
-0.1522323847283982,0.43661971088785007
0.5117425740412872,-0.2770423517250027
0.07131314498789983,-0.2770423517250027
0.04539446717431688,-0.2770423517250027
-0.21511189270872683,-0.0401716056475077
-0.1522323847283982,-0.2770423517250027
-0.09457974476985573,-0.0401716056475077
-0.11369715931079567,0.034813918219362916
0.22919133297873268,0.034813918219362916
-0.21511189270872683,-0.2770423517250027
-0.1522323847283982,0.7811858111968092
0.7042379166169142,4.121318364079843
-0.21511189270872683,-0.2770423517250027
-0.009214150994811,0.10310245079527625
-0.07893359002727732,-0.2770423517250027
0.5333123663650569,0.034813918219362916
-0.21511189270872683,0.041860399409999055
-0.004400671888003314,0.3511040389525136
0.018806283617602098,-0.2770423517250027
-0.1522323847283982,0.034813918219362916
0.03180578419732833,0.039247769008147956
0.20276556326525016,0.15303942051929295
-0.21511189270872683,0.6352548432325288
-0.1522323847283982,0.041860399409999055
0.13575881536463344,-0.2770423517250027
-0.020925212089874873,-0.2770423517250027
-0.1357667877592804,-0.2770423517250027
0.023334761159028425,0.5361408928865928
0.22625438586560556,-0.0401716056475077
-0.1522323847283982,0.536121898929974
0.2758842082388479,0.22840655020078615
-0.05081765133046704,0.7767519604080242
0.4305185894643072,0.35371666935436463
-0.1357667877592804,-0.2770423517250027
-0.0214588022330209,0.10310245079527625
0.7572647621614563,0.039247769008147956
-0.1754393402340036,0.034813918219362916
0.1665726744586312,0.5402628201451518
0.484671096544404,-0.2770423517250027
0.06312885652457335,0.15303942051929295
-0.21511189270872683,-0.2770423517250027
-0.11369715931079567,0.039247769008147956
0.24369793627989828,0.041860399409999055
-0.21511189270872683,-0.2770423517250027
-0.08499447317359136,-0.2770423517250027
0.054726287361430634,0.15303942051929295
-0.1754393402340036,0.041860399409999055
-0.1754393402340036,-0.2770423517250027
0.0032359692389181257,1.4322081850750545
-0.08365947443137661,-0.2770423517250027
-0.1357667877592804,0.041860399409999055
-0.12287353563095205,-0.2770423517250027
-0.1754393402340036,-0.2770423517250027
-0.04712183645851461,0.5284706705699656
-0.1357667877592804,0.039247769008147956
-0.1357667877592804,-0.2770423517250027
-0.08365947443137661,0.039247769008147956
0.0552721468552051,0.41939257152842685
-0.1754393402340036,1.4626510333775067
-0.08320098315622884,0.278731145487494
-0.12299507852177384,0.32547290511368887
-0.21511189270872683,-0.2770423517250027
0.5910976915573003,0.039247769008147956
-0.0549071922951325,-0.2770423517250027
-0.1754393402340036,-0.2770423517250027
-0.08365947443137661,-0.2770423517250027
1.1189977868882912,0.7529098316210007
-0.21511189270872683,-0.2770423517250027
0.43314047048700005,0.15303942051929295
-0.21511189270872683,-0.0401716056475077
0.58549219454911,-0.2770423517250027
0.19090459004288013,-0.2770423517250027
-0.21511189270872683,-0.2770423517250027
-0.10373695724822402,-0.2770423517250027
0.36761457490348126,-0.2770423517250027
0.14244138555524108,-0.2770423517250027
-0.1754393402340036,-0.2770423517250027
0.19748159309052385,-0.2770423517250027
0.4180071413462575,0.039247769008147956
0.340575700985995,0.034813918219362916
-0.21511189270872683,0.09838889832566983
-0.21511189270872683,-0.2770423517250027
0.13568416867247862,0.039247769008147956
-0.21511189270872683,0.041860399409999055
-0.1754393402340036,-0.0401716056475077
-0.020925212089874873,-0.2770423517250027
0.4025581453737128,1.1617122195317107
0.2086647914334969,-0.2770423517250027
0.519499853393191,0.039247769008147956
-0.21511189270872683,-0.2770423517250027
0.5345050802990085,-0.2770423517250027
0.12376811717778921,0.034813918219362916
-0.1754393402340036,0.041860399409999055
0.3263933044365718,-0.2770423517250027
-0.034352054361349235,0.41495872073964185
-0.21511189270872683,-0.2770423517250027
-0.008880662054934624,-0.2770423517250027
0.9845095703842722,1.7761433011040806
-0.21511189270872683,0.3511040389525136
0.433022983967657,0.8204116803187186
-0.1754393402340036,0.7021480423557761
0.16018478837277964,-0.2770423517250027
0.3936130822610199,-0.2770423517250027
-0.03926103755255408,0.40462112952590285
0.12180401823773977,0.8953590685225769
-0.21511189270872683,-0.2770423517250027
0.21909865282894642,0.039247769008147956
-0.21511189270872683,-0.2770423517250027
0.6257673125827485,-0.2770423517250027
-0.21511189270872683,-0.2770423517250027
1.172287182102319,0.15303942051929295
-0.21511189270872683,0.8473734217049672
-0.1754393402340036,-0.2770423517250027
-0.1754393402340036,0.15303942051929295
-0.21511189270872683,-0.2770423517250027
0.022481143370653826,-0.2770423517250027
0.5565118502910807,0.673490456965345
-0.07977265334213493,-0.2770423517250027
-0.1754393402340036,1.2049903336277823
0.14745441888755087,0.15303942051929295
0.030978999486387663,0.3511040389525136
-0.21511189270872683,-0.2770423517250027
0.3578733382251985,-0.2770423517250027
-0.0023627761255851994,-0.2770423517250027
-0.024072958094241335,0.8284658693993294
0.13857520860551,0.15303942051929295
0.23947938096924662,-0.2770423517250027
-0.1522323847283982,-0.2770423517250027
-0.1754393402340036,-0.2770423517250027
0.8134819344262822,-0.2770423517250027
0.09667239260375436,-0.2770423517250027
-0.000427548392688476,-0.2770423517250027
-0.08499447317359136,-0.0401716056475077
-0.1522323847283982,-0.2770423517250027
-0.21511189270872683,-0.2770423517250027
-0.1754393402340036,0.041860399409999055
0.010563051921521864,0.39838409715503376
-0.11255983225367498,-0.2770423517250027
0.07121119542453737,0.09838889832566983
-0.1357667877592804,-0.2770423517250027
-0.21511189270872683,0.034813918219362916
-0.045001022982744124,-0.2770423517250027
-0.12287353563095205,-0.2770423517250027
0.5722977932472252,0.7529098316210007
-0.12287353563095205,-0.2770423517250027
0.1892524185877026,0.9020239438985903
0.0592079711567775,-0.2770423517250027
-0.1754393402340036,0.15303942051929295
-0.21511189270872683,-0.2770423517250027
0.0639282422309372,-0.2770423517250027
-0.12287353563095205,-0.2770423517250027
0.07843690779772877,-0.2770423517250027
-0.08320098315622884,0.217238141751591
-0.1522323847283982,-0.2770423517250027
0.0681093139381044,0.35553788974129863
0.03553767476527974,-0.2770423517250027
-0.0801642770819265,-0.2770423517250027
0.5776904463730247,0.41939257152842685
-0.0053284705080209015,0.43661971088785007
-0.1754393402340036,0.41495872073964185
-0.1522323847283982,-0.2770423517250027
-0.1522323847283982,0.35553788974129863
0.04195429589045375,-0.2770423517250027
-0.1754393402340036,-0.2770423517250027
0.006834988628075403,-0.2770423517250027
0.023334761159028425,-0.2770423517250027
0.1025265091263839,0.6038378002514587
-0.042035328600308446,-0.2770423517250027
0.20090395597221183,0.15303942051929295
0.018806283617602098,0.039247769008147956
0.17524658171961863,0.15303942051929295
0.12456155208471427,-0.2770423517250027
0.002685208625291341,0.034813918219362916
0.3356204751089127,-0.2770423517250027
0.5330605164526976,-0.2770423517250027
-0.08320098315622884,0.22426562898560826
-0.1754393402340036,-0.2770423517250027
-0.21511189270872683,-0.2770423517250027
-0.005902545047595962,0.09838889832566983
-0.21511189270872683,-0.2770423517250027
0.0032359692389181257,-0.2770423517250027
0.27688278261490307,1.518931656329699
0.0032359692389181257,-0.2770423517250027
0.16945073023392146,0.43661971088785007
-0.1522323847283982,-0.2770423517250027
-0.21511189270872683,-0.2770423517250027
0.4185980073256636,0.039247769008147956
0.051146046941897234,0.41939257152842685
0.57467257171795,0.041860399409999055
-0.21511189270872683,-0.2770423517250027
0.0032359692389181257,0.5879747850300087
0.3618971916955453,-0.2770423517250027
0.5146582182123586,0.690979633906581
-0.09457974476985573,-0.2770423517250027
-0.21511189270872683,-0.2770423517250027
-0.21511189270872683,-0.2770423517250027
-0.21511189270872683,-0.2770423517250027
0.33346555265434435,0.039247769008147956
1.075405204759413,0.4648956904636586
0.055680230951147915,-0.2770423517250027
-0.003755951690774689,0.8550246500649755
1.160729480602053,1.0297786512805764
0.1669701931012381,0.15303942051929295
0.22521482031878146,-0.2770423517250027
0.3661408577095327,0.15303942051929295
0.06655718633866733,-0.2770423517250027
0.6147452526980561,-0.2770423517250027
-0.21511189270872683,-0.2770423517250027
0.5324421614901855,-0.2770423517250027
0.007251445974306824,1.279264249131495
0.14501097374334512,0.039247769008147956
-0.1522323847283982,0.35371666935436463
-0.21511189270872683,-0.2770423517250027
0.056092812699063035,-0.2770423517250027
0.18593563829702825,-0.2770423517250027
-0.042035328600308446,0.32547290511368887
0.07710364377337314,-0.2770423517250027
0.09903131177693379,0.09838889832566983
-0.04407322436272654,-0.2770423517250027
-0.21511189270872683,-0.2770423517250027
-0.02924500313760272,0.9136730650050205
-0.1754393402340036,-0.2770423517250027
0.377666315176501,-0.2770423517250027
-0.21511189270872683,0.10310245079527625
0.01874734038484833,0.9897805776984957
0.013558555465994937,-0.0401716056475077
0.05640564933931458,-0.2770423517250027
-0.07977265334213493,-0.2770423517250027
-0.009214150994811,-0.2770423517250027
-0.11369715931079567,-0.2770423517250027
0.11805447026499398,2.1869720854280077
-0.1522323847283982,-0.2770423517250027
0.3754100691038441,-0.2770423517250027
-0.21511189270872683,-0.2770423517250027
-0.04407322436272654,0.43661971088785007
-0.1522323847283982,-0.2770423517250027
-0.08955314845248344,0.4693295412524436
0.048165132715048235,-0.2770423517250027
-0.1754393402340036,-0.2770423517250027
0.07521022724000294,0.034813918219362916
-0.21511189270872683,-0.2770423517250027
0.1308498321734286,0.8953590685225769
0.2069464759645244,0.217238141751591
0.6974358683794292,1.2076029640296335
-0.21511189270872683,-0.2770423517250027
-0.21511189270872683,0.27611851508564295
0.14432325511157243,-0.2770423517250027
0.1683250917848447,2.7304715167142573
0.5958554867997922,-0.2770423517250027
0.4302163582727753,0.034813918219362916
-0.11255983225367498,0.15303942051929295
-0.21511189270872683,-0.2770423517250027
-0.04712183645851461,0.4573605657406155
-0.004314369481930167,0.217238141751591
0.2845314286295385,-0.2770423517250027
0.4373187946882956,1.1051457809620695
0.30444622469488025,0.15303942051929295
0.17356172188750038,-0.2770423517250027
0.21269394199278605,-0.2770423517250027
0.16500062071400295,-0.0401716056475077
0.18442973780257088,-0.2770423517250027
0.7160366482698592,0.15303942051929295
-0.21511189270872683,-0.2770423517250027
-0.21511189270872683,-0.2770423517250027
0.07618427503082607,-0.2770423517250027
-0.020925212089874873,-0.2770423517250027
-0.045321920698868104,-0.2770423517250027
-0.07209365897513963,-0.2770423517250027
-0.12287353563095205,-0.2770423517250027
0.023456304049850153,-0.2770423517250027
-0.04010010086741168,-0.2770423517250027
0.19688905971462398,-0.2770423517250027
-0.03643658323580509,-0.2770423517250027
0.1457034423588785,0.10310245079527625
0.03434408196670232,0.2716846642968579
-0.1754393402340036,-0.2770423517250027
0.7083947805619627,-0.2770423517250027
-0.1357667877592804,0.4573605657406155
0.666437522876589,-0.2770423517250027
-0.045321920698868104,0.6443756562486905
-0.21511189270872683,-0.2770423517250027
-0.21511189270872683,-0.2770423517250027
0.013304767050497457,1.4011955960110567
0.10182624832010026,0.22426562898560826
0.40403186750723746,0.09838889832566983
-0.08320098315622884,0.7335817701938222
-0.21511189270872683,0.27295448844926334
-0.21511189270872683,-0.2770423517250027
-0.1754393402340036,0.35553788974129863
-0.21511189270872683,0.22426562898560826
-0.21511189270872683,0.718546122462202
-0.03926103755255408,-0.2770423517250027
-0.21511189270872683,0.15303942051929295
-0.1754393402340036,-0.2770423517250027
-0.1522323847283982,-0.2770423517250027
-0.045001022982744124,-0.2770423517250027
0.03674619987761139,-0.2770423517250027
0.07951059222411522,0.039247769008147956
0.0592079711567775,0.039247769008147956
-0.1754393402340036,0.039247769008147956
0.5686083252294372,0.4693295412524436
0.5429749968987923,0.5831211927635885
0.01318322415967567,0.4648956904636586
0.2778927361388103,0.034813918219362916
-0.1522323847283982,-0.2770423517250027
-0.1754393402340036,-0.2770423517250027
-0.1522323847283982,0.15303942051929295
-0.009648400039610474,0.39838409715503376
-0.020925212089874873,0.5905874154318597
-0.21511189270872683,0.5473093013357878
0.09948980305208158,2.1031296495332295
0.3583950052972386,0.536121898929974
-0.1754393402340036,0.7934832417451104
0.9142799519384356,0.041860399409999055
-0.21511189270872683,-0.2770423517250027
0.17436982284079125,-0.2770423517250027
-0.21511189270872683,-0.2770423517250027
-0.1754393402340036,0.3399731968727712
0.03002415243511276,-0.2770423517250027
0.24261962707597717,0.54316838012061
-0.1522323847283982,-0.2770423517250027
-0.21511189270872683,-0.2770423517250027
-0.21511189270872683,-0.0401716056475077
-0.1754393402340036,1.2231676568981609
-0.21511189270872683,-0.2770423517250027
-0.10373695724822402,1.1243130840624063
-0.1522323847283982,-0.2770423517250027
0.48543729663542284,2.0093412202051546
0.2054036077049449,-0.2770423517250027
0.41353479182941794,2.478440708678758
-0.022114965193262722,0.10310245079527625
-0.1754393402340036,-0.2770423517250027
0.18943864750978343,-0.2770423517250027
0.6355556838895693,0.43661971088785007
-0.020925212089874873,-0.0401716056475077
-0.21511189270872683,-0.0401716056475077
-0.09609423528455714,1.8962797977292691
-0.07977265334213493,-0.2770423517250027
0.0025636657344695686,0.3511040389525136
0.02643249650033428,-0.2770423517250027
0.29720771573792015,-0.2770423517250027
-0.04407322436272654,-0.2770423517250027
-0.1754393402340036,0.41939257152842685
-0.21511189270872683,0.43661971088785007
0.4204057559366427,0.217238141751591
-0.21511189270872683,-0.2770423517250027
0.28930506427544883,-0.2770423517250027
0.0681093139381044,-0.2770423517250027
-0.21511189270872683,0.034813918219362916
-0.21511189270872683,-0.2770423517250027
0.345606580618189,-0.2770423517250027
-0.08332252604705057,-0.2770423517250027
-0.05999402765062343,0.9541575943675306
-0.21511189270872683,-0.2770423517250027
0.7748403997839942,0.43661971088785007
0.42309957026752315,-0.0401716056475077
0.24182576753060345,0.15303942051929295
-0.21511189270872683,0.039247769008147956
-0.1754393402340036,-0.2770423517250027
-0.21511189270872683,0.10310245079527625
-0.0435284306815056,0.3511040389525136
-0.1522323847283982,-0.2770423517250027
0.26851756936784194,0.4719421716542947
-0.08955314845248344,0.09838889832566983
-0.21511189270872683,-0.2770423517250027
0.0681093139381044,-0.2770423517250027
0.15819142462624994,0.15303942051929295
0.2879179307525292,0.27611851508564295
0.1262843547094693,1.3295888444182027
0.2049862630824343,-0.2770423517250027
-0.21511189270872683,-0.2770423517250027
-0.21511189270872683,0.217238141751591
-0.21511189270872683,0.5331842230395719
0.15897971803507832,0.4172916494606715
-0.0435284306815056,2.7907458301043566
-0.21511189270872683,1.2940688198759251
0.254899942819966,0.39838409715503376
0.23015343147012982,-0.2770423517250027
-0.06891755561232596,0.034813918219362916
0.18145515672959892,-0.2770423517250027
-0.21511189270872683,0.041860399409999055
-0.21511189270872683,-0.2770423517250027
0.4889569946567479,0.15303942051929295
-0.21511189270872683,0.36076315054500063
0.11649404683398878,0.27611851508564295
-0.1754393402340036,-0.2770423517250027
0.5743315197221032,0.041860399409999055
0.046457945103758856,-0.2770423517250027
-0.21511189270872683,-0.2770423517250027
0.18779289500799465,0.8375053682608945
-0.21511189270872683,0.034813918219362916
0.020144698102635143,0.19669914042998726
0.12761016418050242,0.59738294427187
0.26255777980730255,2.8050507385944052
0.3254757121783501,-0.2770423517250027
-0.21511189270872683,-0.2770423517250027
0.25901647147664225,0.15303942051929295
-0.21511189270872683,0.039247769008147956
-0.21511189270872683,-0.2770423517250027
-0.21511189270872683,-0.2770423517250027
-0.0435284306815056,0.039247769008147956
0.08302420608296376,-0.2770423517250027
0.03917841846575236,0.27611851508564295
-0.08320098315622884,-0.2770423517250027
-0.21511189270872683,-0.2770423517250027
-0.1754393402340036,-0.2770423517250027
0.10324737883727318,-0.2770423517250027
0.30152127831031783,2.853137679609464
0.2821895574927751,-0.2770423517250027
0.6875087764854455,0.039247769008147956
-0.21511189270872683,-0.2770423517250027
-0.08365947443137661,0.034813918219362916
0.22119041147266938,-0.2770423517250027
0.09181080868508627,0.041860399409999055
-0.1754393402340036,-0.2770423517250027
-0.0053284705080209015,-0.2770423517250027
-0.21511189270872683,-0.2770423517250027
-0.07893359002727732,-0.2770423517250027
0.03222326849093182,0.09838889832566983
0.11131799694406008,0.7297145309113972
-0.09457974476985573,-0.2770423517250027
-0.0435284306815056,0.673490456965345
0.0868573501671158,-0.2770423517250027
-0.21511189270872683,0.4172916494606715
0.2289539038357794,-0.2770423517250027
0.5850167881219903,0.15303942051929295
-0.05999402765062343,0.27611851508564295
0.09081859941662045,0.3399731968727712
-0.026133308102717214,-0.0401716056475077
0.10081723972417289,-0.2770423517250027
0.2062452269333544,0.09838889832566983
-0.21511189270872683,-0.2770423517250027
0.319381133076887,-0.2770423517250027
-0.032421106500416394,0.039247769008147956
-0.1754393402340036,-0.2770423517250027
0.5295893955097798,-0.2770423517250027
0.09687338458206717,-0.2770423517250027
0.12119346513441488,-0.2770423517250027
0.064311558957695,0.27611851508564295
-0.08365947443137661,0.9533481455477636
-0.04407322436272654,-0.0401716056475077
-0.09457974476985573,-0.2770423517250027
-0.1754393402340036,0.034813918219362916
-0.002462930582902732,0.3511040389525136
-0.12287353563095205,0.5879747850300087
0.40489051982502944,-0.2770423517250027
0.03917841846575236,-0.2770423517250027
-0.045321920698868104,0.38991016659678795
-0.08320098315622884,-0.2770423517250027
0.022481143370653826,-0.2770423517250027
-0.1754393402340036,0.217238141751591
0.08783768518977149,-0.2770423517250027
-0.009648400039610474,-0.2770423517250027
0.29514173780311775,-0.2770423517250027
1.008633805553191,0.9207005522390378
-0.11369715931079567,0.3511040389525136
0.5178886188417398,0.3466701881637285
0.5554538335703101,0.3399731968727712
-0.045321920698868104,0.43661971088785007
0.19177194513694806,0.217238141751591
0.22677877917199218,-0.0401716056475077
-0.21511189270872683,-0.2770423517250027
0.275994327853517,0.041860399409999055
0.10772371736844358,-0.2770423517250027
-0.21511189270872683,-0.2770423517250027
0.041598557911593774,0.041860399409999055
0.45367050594412034,0.039247769008147956
-0.04407322436272654,0.034813918219362916
-0.21511189270872683,-0.2770423517250027
0.24201641775504842,0.10310245079527625
0.050203028477466355,-0.2770423517250027
-0.09457974476985573,-0.2770423517250027
-0.21511189270872683,0.034813918219362916
0.40780736150872643,0.3511040389525136
-0.026133308102717214,0.278731145487494
-0.21511189270872683,-0.2770423517250027
-0.21511189270872683,-0.2770423517250027
0.6092046336543914,0.39838409715503376
0.09942543615352621,-0.2770423517250027
0.18350411344553888,0.15303942051929295
-0.21511189270872683,-0.2770423517250027
0.14691261022578253,0.15303942051929295
0.8316128475985647,0.5905874154318597
0.11591034421663292,0.9113113869537953
-0.1522323847283982,-0.2770423517250027
-0.1357667877592804,0.217238141751591
0.03733116478264225,-0.2770423517250027
-0.1754393402340036,-0.2770423517250027
-0.21511189270872683,-0.2770423517250027
-0.1754393402340036,-0.2770423517250027
0.35899042895713007,3.707726816147359
0.41830258448073016,-0.2770423517250027
-0.21511189270872683,-0.0401716056475077
0.25664732217697456,0.034813918219362916
0.11861881936468624,0.15303942051929295
-0.21511189270872683,0.10310245079527625
-0.07893359002727732,-0.2770423517250027
0.24003229524351502,0.041860399409999055
0.10369316647830255,-0.2770423517250027
0.026310953609512553,0.4693295412524436
-0.003755951690774689,-0.2770423517250027
0.42615502844117487,-0.2770423517250027
0.046916436378906655,-0.0401716056475077
-0.21511189270872683,0.41939257152842685
-0.1754393402340036,-0.2770423517250027
0.5723570769262218,0.43661971088785007
0.2290692223501639,-0.2770423517250027
-0.040491724607203274,-0.2770423517250027
0.19443298099473572,0.48324725331555524
-0.10373695724822402,0.034813918219362916
-0.009648400039610474,-0.2770423517250027
-0.07893359002727732,-0.2770423517250027
0.5383682822025607,0.40462112952590285
0.17404331650685176,-0.2770423517250027
-0.024072958094241335,-0.2770423517250027
-0.09457974476985573,-0.2770423517250027
-0.21511189270872683,0.041860399409999055
0.12094366286104023,1.282588487896504
-0.040491724607203274,-0.2770423517250027
0.173978497247432,0.039247769008147956
-0.1754393402340036,-0.0401716056475077
0.0809658961142194,0.32547290511368887
-0.07209365897513963,-0.2770423517250027
-0.049880595977760206,0.39838409715503376
-0.0004941340089708645,-0.2770423517250027
0.007251445974306824,-0.2770423517250027
0.03222326849093182,-0.2770423517250027
0.2492479725469777,0.7102403670993994
0.7813061068916543,0.039247769008147956
-0.21511189270872683,0.3466701881637285
0.09493268887891386,0.034813918219362916
-0.1754393402340036,-0.2770423517250027
-0.21511189270872683,-0.2770423517250027
0.14835312594808903,0.7785288996753127
0.4166584415959272,0.4693295412524436
-0.21511189270872683,0.041860399409999055
0.32738394183342745,0.35371666935436463
0.41062295930698905,0.034813918219362916
0.010427549337120482,0.041860399409999055
0.14587509105694943,0.10310245079527625
0.3918961781226832,0.15303942051929295
-0.1754393402340036,-0.2770423517250027
-0.09457974476985573,-0.2770423517250027
-0.1754393402340036,0.034813918219362916
0.18386103725575687,0.9515449639656794
-0.21511189270872683,-0.0401716056475077
-0.21511189270872683,-0.2770423517250027
-0.1522323847283982,-0.2770423517250027
-0.1754393402340036,0.40462112952590285
0.047660530458690224,-0.2770423517250027
-0.21511189270872683,-0.2770423517250027
-0.009648400039610474,-0.2770423517250027
-0.21511189270872683,1.1330546341412795
0.3709683810246855,-0.2770423517250027
-0.21511189270872683,-0.2770423517250027
-0.21511189270872683,-0.2770423517250027
-0.21511189270872683,-0.2770423517250027
0.36478990596762423,2.589252371993396
-0.015234639820409275,0.10310245079527625
-0.12287353563095205,-0.2770423517250027
0.09608626288991022,0.039247769008147956
0.18853731239470703,1.1010560527793323
0.5494543160693354,2.411016973341211
0.21691805958877494,-0.2770423517250027
-0.004314369481930167,0.6543474012299039
-0.06580586057744044,0.35553788974129863
0.2898372158865413,-0.0401716056475077
0.10225661531807574,0.041860399409999055
-0.12287353563095205,0.6543474012299039
-0.049880595977760206,0.7659682341605989
0.1442105950705504,0.9681195875502876
0.17785613734044162,0.039247769008147956
0.05174663247057148,1.2967832553764413
0.0025636657344695686,-0.2770423517250027
-0.12287353563095205,-0.2770423517250027
-0.016893145361806285,0.6997941731114755
-0.1357667877592804,-0.2770423517250027
0.23390025413249751,-0.2770423517250027
-0.1522323847283982,0.35815052014314974
-0.0266736404721548,-0.2770423517250027
0.35613802709946957,0.041860399409999055
-0.0053284705080209015,0.039247769008147956
0.4171204119530961,0.22426562898560826
-0.0549071922951325,-0.0401716056475077
-0.01272776485365948,-0.2770423517250027
0.32909837159275546,0.039247769008147956
0.2688267287555323,-0.2770423517250027
-0.21511189270872683,0.15303942051929295
-0.21511189270872683,0.034813918219362916
-0.049320952514333695,0.9853467269097107
-0.07893359002727732,-0.2770423517250027
-0.21511189270872683,0.7948238215790995
-0.032421106500416394,-0.2770423517250027
0.2648222519713269,-0.0401716056475077
-0.03926103755255408,1.6165195691388332
-0.11369715931079567,0.5331842230395719
0.45587247582737317,-0.2770423517250027
0.3037098102532884,0.10310245079527625
-0.21511189270872683,-0.2770423517250027
0.2963267998665518,0.4652772962782811
-0.0023413876920809597,1.3279456350020584
-0.21511189270872683,-0.2770423517250027
-0.21511189270872683,0.43661971088785007
-0.1754393402340036,0.217238141751591
-0.02910950055320134,1.8226383766526646
-0.21511189270872683,-0.2770423517250027
-0.004314369481930167,0.43661971088785007
-0.0549071922951325,-0.2770423517250027
0.06808177261060162,-0.2770423517250027
-0.004314369481930167,0.32547290511368887
-0.1754393402340036,0.3399731968727712
0.2798568748957731,0.3511040389525136
0.13280262816042682,1.14475599013248
0.305758435062914,0.5335282624847417
-0.0006042734365541018,0.27611851508564295
-0.21511189270872683,-0.2770423517250027
0.6243558921189322,0.7484759808322157
-0.21511189270872683,-0.2770423517250027
-0.1522323847283982,-0.2770423517250027
-0.1754393402340036,0.034813918219362916
0.1259702591784125,0.27611851508564295
0.23917613564579387,0.22426562898560826
-0.1754393402340036,-0.2770423517250027
0.055801773841969673,1.0140043123001417
0.07812012257093041,0.6473199139958867
-0.21511189270872683,-0.2770423517250027
0.23149645696798993,0.5331842230395719
-0.1754393402340036,-0.2770423517250027
-0.0004941340089708645,0.041860399409999055
-0.1754393402340036,0.43661971088785007
-0.08955314845248344,-0.2770423517250027
-0.12299507852177384,0.43661971088785007
0.26231145212910284,-0.2770423517250027
-0.21511189270872683,-0.2770423517250027
-0.1754393402340036,-0.2770423517250027
-0.009648400039610474,-0.2770423517250027
-0.21511189270872683,-0.2770423517250027
-0.12287353563095205,-0.2770423517250027
-0.21511189270872683,-0.2770423517250027
0.016815415921883358,-0.2770423517250027
0.5624436195792738,-0.2770423517250027
0.038447570096207216,-0.2770423517250027
-0.21511189270872683,-0.2770423517250027
-0.04712183645851461,-0.2770423517250027
0.16034767101587916,0.10310245079527625
0.0032359692389181257,-0.2770423517250027
0.029321074422791506,0.041860399409999055
-0.043428504165497914,0.10310245079527625
0.03917841846575236,-0.2770423517250027
0.4013050074489773,0.034813918219362916
-0.1522323847283982,-0.0401716056475077
-0.03926103755255408,-0.2770423517250027
-0.21511189270872683,0.22426562898560826
-0.1754393402340036,0.2716846642968579
-0.21511189270872683,0.034813918219362916
-0.02924500313760272,1.0098823850415826
0.013558555465994937,-0.2770423517250027
-0.1357667877592804,0.8550246500649755
-0.03075672144399905,0.32547290511368887
0.5407116817477867,0.5331842230395719
-0.21511189270872683,0.515601891564989
0.33174784737858565,0.32547290511368887
-0.21511189270872683,-0.2770423517250027
-0.1357667877592804,0.039247769008147956
0.3025955547698802,0.039247769008147956
-0.0006042734365541018,0.35371666935436463
-0.07977265334213493,0.4648956904636586
0.08063476694688315,-0.2770423517250027
0.14900360601417706,-0.2770423517250027
-0.21511189270872683,-0.2770423517250027
-0.01272776485365948,-0.2770423517250027
-0.21511189270872683,0.32547290511368887
-0.1754393402340036,-0.0401716056475077
0.44100784815396854,0.3466701881637285
0.06238537397135772,0.8931340636834167
0.09468529217765695,0.3511040389525136
-0.21511189270872683,0.43661971088785007
-0.1754393402340036,0.3399731968727712
0.10893223010883638,-0.2770423517250027
-0.21511189270872683,0.041860399409999055
-0.21511189270872683,-0.2770423517250027
-0.21511189270872683,0.9751660687409235
0.5105031869475264,0.15303942051929295
0.754895698095469,-0.2770423517250027
-0.016054082046948685,0.6352548432325288
0.01874734038484833,-0.2770423517250027
-0.21511189270872683,1.0184381630889265
-0.1522323847283982,-0.2770423517250027
-0.21511189270872683,0.15303942051929295
-0.21511189270872683,0.034813918219362916
0.1811118163286147,0.35815052014314974
-0.21511189270872683,0.6588759480077729
0.40651810388309534,2.364597183706381
-0.009648400039610474,-0.2770423517250027
0.1985636766528072,0.35815052014314974
0.7023588806603748,0.15303942051929295
-0.21511189270872683,-0.2770423517250027
0.035608872820490696,0.15303942051929295
-0.09457974476985573,0.10310245079527625
0.19185853363259742,0.3511040389525136
-0.21511189270872683,-0.2770423517250027
0.6984874683035189,0.673490456965345
0.013558555465994937,0.2716846642968579
-0.045001022982744124,-0.2770423517250027
0.0592079711567775,0.5284706705699656
-0.1754393402340036,-0.2770423517250027
-0.21511189270872683,0.4693295412524436
-0.21511189270872683,-0.2770423517250027
-0.11255983225367498,0.5290944116959565
-0.04407322436272654,0.22426562898560826
-0.06580586057744044,-0.2770423517250027
0.06238537397135772,-0.0401716056475077
0.42425470381057073,-0.2770423517250027
-0.032421106500416394,-0.2770423517250027
0.012344160844818071,-0.2770423517250027
-0.1754393402340036,-0.0401716056475077
0.015599594380481878,0.217238141751591
0.09493268887891386,-0.2770423517250027
-0.21511189270872683,0.8120509609385226
-0.12299507852177384,0.278731145487494
0.44418661447744445,-0.2770423517250027
-0.21511189270872683,-0.2770423517250027
-0.21511189270872683,-0.2770423517250027
-0.21511189270872683,-0.2770423517250027
-0.21511189270872683,-0.2770423517250027
-0.08320098315622884,-0.0401716056475077
0.11637250394316703,0.2716846642968579
-0.21511189270872683,-0.2770423517250027
0.6763853434816718,-0.2770423517250027
-0.21511189270872683,-0.2770423517250027
-0.21511189270872683,-0.2770423517250027
0.11011684207535925,0.3511040389525136
0.165627280124627,-0.2770423517250027
-0.21511189270872683,-0.2770423517250027
-0.05081765133046704,-0.2770423517250027
0.024255689756214,-0.0401716056475077
0.21556735201474292,-0.2770423517250027
-0.1754393402340036,-0.0401716056475077
0.10369316647830255,-0.0401716056475077
-0.1754393402340036,0.27611851508564295
-0.008880662054934624,0.35371666935436463
-0.1754393402340036,0.039247769008147956
-0.01728476910159789,-0.2770423517250027
0.09142264738566973,-0.2770423517250027
-0.08365947443137661,0.041860399409999055
-0.1754393402340036,1.686040359497699
-0.21511189270872683,0.10310245079527625
0.3348421382268539,-0.2770423517250027
0.487882552608905,0.22840655020078615
0.10477877780519544,0.041860399409999055
-0.21511189270872683,0.15303942051929295
0.3512819226876542,-0.2770423517250027
-0.002462930582902732,0.2716846642968579
-0.1754393402340036,0.454108887829086
0.07495358797617684,0.039247769008147956
0.4420108935159938,1.0028359038509465
0.09568657807424621,-0.2770423517250027
-0.21511189270872683,-0.2770423517250027
-0.08955314845248344,-0.2770423517250027
-0.07209365897513963,-0.2770423517250027
0.15109691088840588,0.7062002873299386
-0.21511189270872683,0.10310245079527625
-0.1754393402340036,0.039247769008147956
0.23601894191290299,0.039247769008147956
0.15839720589841402,-0.2770423517250027
-0.1522323847283982,-0.2770423517250027
0.6369486176008378,0.10310245079527625
-0.21511189270872683,0.10310245079527625
-0.1522323847283982,0.7992143972686788
-0.12287353563095205,-0.2770423517250027
0.5260533113095401,-0.2770423517250027
-0.0004941340089708645,-0.0401716056475077
-0.1357667877592804,-0.2770423517250027
0.31529746124606706,-0.2770423517250027
-0.21511189270872683,-0.2770423517250027
-0.21511189270872683,-0.0401716056475077
-0.1357667877592804,-0.2770423517250027
-0.09457974476985573,1.6014912390315057
-0.21511189270872683,-0.2770423517250027
-0.1522323847283982,1.3483657491802765
-0.1754393402340036,-0.2770423517250027
-0.005649368224144911,0.536121898929974
-0.06580586057744044,0.4573605657406155
0.002685208625291341,-0.2770423517250027
-0.026133308102717214,0.39838409715503376
0.3019119138252231,0.10310245079527625
0.3223996251125836,0.9536192957912052
-0.21511189270872683,-0.2770423517250027
0.13325195008433768,0.32547290511368887
-0.08365947443137661,0.039247769008147956
-0.0008191721324800561,-0.2770423517250027
-0.21511189270872683,-0.2770423517250027
-0.21511189270872683,0.034813918219362916
0.3464021711269504,-0.2770423517250027
0.15011345625612543,-0.2770423517250027
0.2144391536189067,0.40462112952590285
-0.1754393402340036,-0.2770423517250027
-0.1754393402340036,-0.2770423517250027
0.27676002297375374,-0.2770423517250027
0.19593152355607735,0.034813918219362916
0.5762816314248239,-0.2770423517250027
-0.1754393402340036,-0.2770423517250027
-0.21511189270872683,-0.2770423517250027
-0.08365947443137661,0.6518294668171368
-0.1754393402340036,-0.2770423517250027
0.0999850796169527,-0.2770423517250027
0.8129330396083204,0.7017664365411537
0.25042771767929367,-0.2770423517250027
0.40713386039544114,0.3466701881637285
-0.010208043503036977,1.56103548431782
0.34875538560239755,-0.2770423517250027
-0.1522323847283982,-0.2770423517250027
0.012074079995848233,0.7785288996753127
-0.11369715931079567,-0.2770423517250027
0.19418614409627247,0.8667014831321457
-0.07977265334213493,-0.2770423517250027
0.47778177753484646,-0.2770423517250027
0.08782577916828568,-0.2770423517250027
-0.1754393402340036,-0.0401716056475077
0.017878484997584494,0.41939257152842685
-0.21511189270872683,-0.0401716056475077
-0.1754393402340036,0.039247769008147956
-0.1754393402340036,-0.2770423517250027
-0.02158034512384269,-0.2770423517250027
0.3149055774438997,1.1596232915352622
0.4943182943865489,0.041860399409999055
-0.21511189270872683,-0.2770423517250027
-0.06891755561232596,1.3767777259985658
-0.07977265334213493,0.5996968790362808
-0.21511189270872683,-0.2770423517250027
0.0378001945659825,-0.2770423517250027
-0.08499447317359136,-0.2770423517250027
-0.002462930582902732,0.2716846642968579
0.6677394621518169,-0.2770423517250027
-0.07209365897513963,-0.0401716056475077
0.3805113711574564,-0.2770423517250027
0.35334572677022286,-0.2770423517250027
-0.21511189270872683,-0.2770423517250027
0.2131040942905366,1.535802889748394
0.0681093139381044,-0.2770423517250027
0.17863568252962636,-0.2770423517250027
-0.08320098315622884,0.3511040389525136
0.06215369584537706,0.041860399409999055
0.40367206832409885,-0.2770423517250027
0.08931200448066291,-0.2770423517250027
-0.21511189270872683,-0.2770423517250027
-0.06580586057744044,-0.2770423517250027
-0.006038047631997344,-0.2770423517250027
-0.1754393402340036,-0.2770423517250027
-0.21511189270872683,-0.2770423517250027
0.18422189250567597,0.35553788974129863
-0.21511189270872683,0.10310245079527625
-0.09457974476985573,-0.2770423517250027
0.13816093327554252,-0.2770423517250027
0.20559916758791122,-0.2770423517250027
-0.08320098315622884,-0.2770423517250027
0.27200026283494744,-0.2770423517250027
0.3244624382527055,0.09838889832566983
0.14201547019887203,-0.2770423517250027
-0.21511189270872683,0.27295448844926334
-0.21511189270872683,-0.2770423517250027
-0.1754393402340036,-0.2770423517250027
0.13989888753646498,-0.2770423517250027
0.27205654640041443,1.0647661015653664
0.04650754110279863,-0.2770423517250027
-0.03643658323580509,-0.2770423517250027
-0.1522323847283982,-0.2770423517250027
0.6640145467877037,-0.2770423517250027
-0.21511189270872683,0.041860399409999055
0.22031389820344902,0.41495872073964185
0.4846486231026695,0.10310245079527625
-0.21511189270872683,-0.2770423517250027
0.1547871794363786,1.401781480643956
-0.1522323847283982,0.034813918219362916
-0.08499447317359136,1.275122265228233
-0.21511189270872683,-0.2770423517250027
0.3152236797407245,-0.2770423517250027
0.6569527941556039,-0.0401716056475077
-0.02924500313760272,1.0856716171500718
-0.1754393402340036,-0.2770423517250027
0.17292450255906086,0.7529098316210007
-0.07209365897513963,0.5768439429502662
0.03906827903816913,-0.2770423517250027
0.09087439126407379,0.034813918219362916
-0.07893359002727732,0.039247769008147956
0.1473962698431668,-0.2770423517250027
-0.07893359002727732,-0.2770423517250027
-0.1522323847283982,0.32547290511368887
-0.21511189270872683,-0.2770423517250027
1.2003495589040039,0.8494743437727226
0.7731488038233303,1.7477390120369645
0.15373588996290996,1.2839778016011014
-0.1754393402340036,0.35553788974129863
-0.1754393402340036,0.41939257152842685
0.11308286395507969,0.5335282624847417
-0.040491724607203274,-0.2770423517250027
0.0894170896770418,2.5326959862946743
-0.020779966451047977,0.7009041551643614
-0.07977265334213493,-0.2770423517250027
-0.21511189270872683,-0.2770423517250027
0.18026570433840663,-0.2770423517250027
0.11916999236448565,-0.2770423517250027
-0.045001022982744124,3.1948822355643043
-0.08499447317359136,0.6588759480077729
0.14179366520839756,-0.2770423517250027
0.13104490696386203,-0.2770423517250027
-0.21511189270872683,-0.2770423517250027
0.05153413742017092,0.9156940701958244
0.07495358797617684,-0.0401716056475077
-0.1754393402340036,0.10310245079527625
0.15492564306629783,-0.2770423517250027
-0.1754393402340036,0.43661971088785007
0.14336571895302577,0.039247769008147956
0.09551218835033516,0.4648956904636586
0.08023682355737528,0.039247769008147956
-0.21511189270872683,-0.2770423517250027
0.14246158037995352,0.15303942051929295
-0.06580586057744044,0.034813918219362916
0.13027575763385352,-0.2770423517250027
0.4698952086037732,0.039247769008147956
0.4522116380573043,-0.2770423517250027
0.3013598899441889,2.0591157693810658
-0.07893359002727732,0.3511040389525136
-0.04398692195665337,0.039247769008147956
0.07969492390221196,1.0344922037501827
0.021532569350830158,0.5085554103743529
0.054726287361430634,-0.2770423517250027
0.20716847471596464,-0.2770423517250027
0.05788630271642554,-0.2770423517250027
0.4194847617333404,0.217238141751591
-0.0023627761255851994,-0.2770423517250027
-0.1754393402340036,0.15303942051929295
-0.009214150994811,0.4648956904636586
-0.009214150994811,3.2783669240091418
0.44010301163066395,0.8949774627079542
-0.21511189270872683,-0.2770423517250027
-0.006764739110014356,-0.2770423517250027
-0.04407322436272654,0.15303942051929295
-0.1754393402340036,-0.2770423517250027
-0.008880662054934624,-0.2770423517250027
-0.08955314845248344,-0.2770423517250027
0.5696549742609617,0.4648956904636586
-0.1522323847283982,0.10310245079527625
-0.1522323847283982,-0.2770423517250027
-0.07209365897513963,-0.0401716056475077
0.03928127648536319,0.4648956904636586
-0.12287353563095205,-0.2770423517250027
-0.1754393402340036,-0.2770423517250027
-0.21511189270872683,-0.2770423517250027
0.1617655741184355,-0.2770423517250027
0.37117881170934586,0.15303942051929295
-0.11369715931079567,-0.2770423517250027
-0.04010010086741168,-0.2770423517250027
0.16098756049995985,0.7784033903750521
0.3508635340540765,-0.0401716056475077
-0.21511189270872683,-0.2770423517250027
0.10772371736844358,-0.2770423517250027
0.5167393933873787,0.217238141751591
-0.21511189270872683,-0.2770423517250027
0.5333563751422743,-0.2770423517250027
-0.21511189270872683,-0.2770423517250027
-0.1754393402340036,-0.2770423517250027
-0.1754393402340036,-0.2770423517250027
-0.045001022982744124,0.039247769008147956
0.1642083246783867,0.39838409715503376
-0.12287353563095205,0.039247769008147956
0.0639282422309372,-0.0401716056475077
-0.09457974476985573,1.5114747693741055
0.055801773841969673,-0.2770423517250027
-0.21511189270872683,-0.2770423517250027
-0.12287353563095205,-0.2770423517250027
0.3392878481857849,-0.2770423517250027
0.03906827903816913,-0.2770423517250027
0.3427876682268988,-0.2770423517250027
-0.21511189270872683,-0.2770423517250027
0.18145891576519244,1.763813655220647
-0.1754393402340036,0.8620711312556116
-0.09457974476985573,-0.2770423517250027
-0.008880662054934624,-0.2770423517250027
-0.1754393402340036,0.10310245079527625
-0.21511189270872683,0.9038329990808226
-0.010208043503036977,0.15303942051929295
-0.21511189270872683,-0.2770423517250027
-0.020925212089874873,-0.2770423517250027
0.09414297408114106,-0.2770423517250027
0.5006755767340777,0.034813918219362916
0.2091384507663747,-0.2770423517250027
0.6246567646779349,2.285249538986816
-0.21511189270872683,0.039247769008147956
0.27976574539288995,-0.2770423517250027
0.10458251792259282,-0.0401716056475077
-0.10373695724822402,0.8998310549743742
-0.06891755561232596,1.3617281608713385
-0.1754393402340036,-0.2770423517250027
-0.1357667877592804,1.0140043123001417
-0.21511189270872683,-0.2770423517250027
-0.21511189270872683,-0.2770423517250027
-0.1754393402340036,0.034813918219362916
-0.21511189270872683,0.039247769008147956
0.49447052713999684,0.15303942051929295
0.017557587281460486,0.39838409715503376
-0.03926103755255408,-0.2770423517250027
-0.1754393402340036,-0.2770423517250027
0.2356073863661596,0.9204076226654306
-0.1754393402340036,-0.2770423517250027
-0.1522323847283982,0.039247769008147956
0.09163408364122065,-0.2770423517250027
-0.05999402765062343,-0.2770423517250027
0.13634494507847758,0.38991016659678795
-0.11369715931079567,0.19669914042998726
-0.07209365897513963,0.41495872073964185
-0.009648400039610474,-0.2770423517250027
-0.042035328600308446,-0.2770423517250027
0.2795960402296493,0.4719421716542947
-0.08320098315622884,0.35371666935436463
-0.1754393402340036,-0.2770423517250027
-0.1522323847283982,-0.2770423517250027
-0.21511189270872683,0.041860399409999055
0.04290852171364134,0.9923932081003468
-0.1754393402340036,-0.2770423517250027
0.5373358660536441,-0.2770423517250027
-0.21511189270872683,0.039247769008147956
0.5682075520954573,0.15303942051929295
-0.21511189270872683,0.034813918219362916
-0.21511189270872683,-0.2770423517250027
0.24390202004989306,1.7259206449603988
0.2906948675546477,-0.2770423517250027
-0.21511189270872683,-0.2770423517250027
-0.049320952514333695,-0.2770423517250027
-0.09457974476985573,-0.2770423517250027
-0.08955314845248344,0.5361408928865928
-0.21511189270872683,-0.2770423517250027
-0.21511189270872683,-0.2770423517250027
-0.21511189270872683,-0.0401716056475077
0.10778186641282766,0.034813918219362916
0.029076650947461872,-0.2770423517250027
-0.21511189270872683,0.034813918219362916
-0.1754393402340036,-0.2770423517250027
-0.21511189270872683,0.10310245079527625
-0.11369715931079567,0.09838889832566983
0.16093031086682022,0.034813918219362916
0.15706220715619917,-0.2770423517250027
0.21844237037506595,0.7882322923874454
-0.08320098315622884,-0.2770423517250027
-0.21511189270872683,0.034813918219362916
-0.011145098855743841,-0.2770423517250027
0.15451359162154926,0.35815052014314974
0.4544823273799282,-0.2770423517250027
-0.21511189270872683,-0.2770423517250027
-0.004400671888003314,-0.2770423517250027
-0.06878205302792458,-0.2770423517250027
-0.08499447317359136,-0.2770423517250027
0.9352935366710117,0.3399731968727712
0.105319110174633,-0.2770423517250027
0.8110290265347285,1.6229012768290882
0.024255689756214,-0.2770423517250027
-0.04712183645851461,0.8494743437727226
0.1462542029725053,-0.2770423517250027
-0.1754393402340036,1.2823087862156826
-0.21511189270872683,-0.0401716056475077
-0.1754393402340036,-0.0401716056475077
0.012074079995848233,-0.2770423517250027
-0.11255983225367498,-0.2770423517250027
0.08633581203017877,0.039247769008147956
-0.21511189270872683,-0.2770423517250027
0.4803974921625695,-0.2770423517250027
0.5246047757693378,0.43661971088785007
0.12208747913710619,0.034813918219362916
-0.21511189270872683,0.8274581615093547
-0.0549071922951325,-0.0401716056475077
0.008578882646398151,0.217238141751591
0.7463075955810914,0.9662036711742695
-0.08955314845248344,-0.2770423517250027
-0.08955314845248344,-0.2770423517250027
0.12911103058526924,0.6473199139958867
-0.1754393402340036,-0.2770423517250027
0.27011693548068216,0.15303942051929295
0.39386467342884546,0.034813918219362916
0.08258995703816428,-0.2770423517250027
0.01874734038484833,-0.2770423517250027
0.0032359692389181257,0.3511040389525136
-0.1754393402340036,0.9162667014502529
-0.21511189270872683,0.041860399409999055
0.05153413742017092,-0.2770423517250027
-0.21511189270872683,-0.2770423517250027
0.6254611617656026,-0.2770423517250027
0.125233074037045,-0.2770423517250027
-0.21511189270872683,0.43661971088785007
-0.21511189270872683,0.3511040389525136
-0.1754393402340036,-0.2770423517250027
0.3670402440223158,-0.2770423517250027
-0.21511189270872683,-0.0401716056475077
-0.043428504165497914,0.41467901905882054
0.1679840868787778,-0.2770423517250027
0.3203988798295445,0.10310245079527625
0.013539244372005991,1.26758714050519
-0.1754393402340036,-0.2770423517250027
-0.040491724607203274,-0.2770423517250027
-0.12287353563095205,-0.2770423517250027
-0.21511189270872683,-0.2770423517250027
-0.042035328600308446,-0.2770423517250027
-0.0801642770819265,-0.2770423517250027
0.383305843378427,1.0391349677265416
-0.21511189270872683,0.278731145487494
0.0032359692389181257,0.7800391261981049
0.1344534816178294,-0.2770423517250027
-0.21511189270872683,-0.2770423517250027
0.3118934739808584,0.59738294427187
0.35803994528538896,0.278731145487494
0.7350705493525205,-0.2770423517250027
0.21993482366435035,0.32547290511368887
0.06312885652457335,-0.2770423517250027
0.18708933427753838,-0.2770423517250027
0.12303024749756337,0.034813918219362916
-0.1357667877592804,0.217238141751591
-0.09457974476985573,-0.2770423517250027
-0.0023627761255851994,-0.2770423517250027
-0.06580586057744044,-0.2770423517250027
0.022481143370653826,1.4661347002553367
-0.21511189270872683,-0.2770423517250027
0.13434334219024618,0.034813918219362916
0.34484884772336505,-0.2770423517250027
-0.21511189270872683,0.15303942051929295
-0.21511189270872683,-0.2770423517250027
0.07623779174190969,0.40462112952590285
0.14330064369481113,-0.2770423517250027
-0.0023627761255851994,-0.2770423517250027
-0.07893359002727732,-0.2770423517250027
-0.21511189270872683,3.361650745701413
-0.12287353563095205,0.039247769008147956
0.43559036414202673,0.217238141751591
-0.09457974476985573,0.034813918219362916
-0.020925212089874873,-0.2770423517250027
0.0916226801779821,0.041860399409999055
-0.1522323847283982,1.1972653728158944
0.17209490346539802,-0.2770423517250027
-0.1754393402340036,0.039247769008147956
-0.21511189270872683,-0.2770423517250027
0.15375389924440241,1.463502048505779
0.4030842762147671,-0.2770423517250027
0.09219138072479612,0.27611851508564295
-0.1522323847283982,-0.2770423517250027
-0.040491724607203274,0.034813918219362916
0.3644353685053397,0.8667014831321457
0.9240100769742184,0.42200520193027785
0.0639282422309372,-0.2770423517250027
0.19224574600642622,0.15303942051929295
0.24638388006196874,0.039247769008147956
-0.0549071922951325,0.034813918219362916
0.1835461991609476,-0.2770423517250027
0.2779152528111942,0.5905874154318597
-0.21511189270872683,-0.2770423517250027
-0.1754393402340036,0.7172868482900355
-0.07402460683607244,-0.2770423517250027
-0.04407322436272654,0.19669914042998726
-0.1522323847283982,-0.2770423517250027
0.2645378237004443,1.2688045056845365
-0.1754393402340036,0.039247769008147956
0.050203028477466355,-0.2770423517250027
-0.21511189270872683,-0.2770423517250027
0.2207843688033379,-0.2770423517250027
-0.06891755561232596,0.35553788974129863
0.1257167476471322,0.10310245079527625
-0.07893359002727732,-0.2770423517250027
-0.08499447317359136,0.039247769008147956
-0.21511189270872683,-0.2770423517250027
0.04843848896373147,-0.2770423517250027
0.2094399174878531,0.039247769008147956
-0.08320098315622884,0.895746694085268
-0.1754393402340036,-0.2770423517250027
0.5066532594571637,0.217238141751591
0.30547263143999825,0.35815052014314974
0.16266158574219128,-0.0401716056475077
0.5581623452093862,0.5402628201451518
-0.0549071922951325,0.039247769008147956
-0.1754393402340036,-0.2770423517250027
0.23966523463782288,0.15303942051929295
-0.1522323847283982,0.10310245079527625
-0.21511189270872683,-0.2770423517250027
0.38851009946081994,0.278731145487494
0.527915078470442,-0.2770423517250027
-0.06580586057744044,1.0934236869557974
0.06092300879072786,0.4719421716542947
-0.21511189270872683,0.4719421716542947
-0.21511189270872683,0.47853370084594876
0.47372487159769927,-0.2770423517250027
-0.21511189270872683,0.42200520193027785
-0.08955314845248344,-0.2770423517250027
0.1567573890179227,-0.2770423517250027
0.9252601420890663,0.39838409715503376
-0.21511189270872683,-0.2770423517250027
-0.1754393402340036,1.6476688933549672
-0.03926103755255408,-0.2770423517250027
-0.1357667877592804,-0.2770423517250027
-0.12287353563095205,-0.2770423517250027
0.081271110386317,-0.0401716056475077
0.3712876145243606,0.15303942051929295
0.48745223089128753,0.034813918219362916
0.37568208997494035,-0.2770423517250027
0.33354759171168163,-0.2770423517250027
-0.21511189270872683,-0.2770423517250027
-0.1754393402340036,-0.2770423517250027
0.22825586530731468,-0.2770423517250027
-0.0801642770819265,0.5768439429502662
0.5544740408375869,0.034813918219362916
-0.21511189270872683,-0.2770423517250027
-0.09457974476985573,-0.2770423517250027
0.20269778537456762,0.8284658693993294
0.09195649642842972,0.4648956904636586
-0.21511189270872683,-0.2770423517250027
-0.11369715931079567,-0.2770423517250027
0.08409556470306598,-0.2770423517250027
0.0632391135245033,0.10310245079527625
0.3113935433339026,0.35371666935436463
-0.21511189270872683,-0.2770423517250027
-0.003755951690774689,-0.2770423517250027
-0.21511189270872683,-0.2770423517250027
-0.21511189270872683,-0.2770423517250027
-0.21511189270872683,-0.2770423517250027
0.012465703735639858,0.41024516827003543
-0.1522323847283982,0.35553788974129863
-0.21511189270872683,-0.2770423517250027
0.03002415243511276,0.8494743437727226
-0.12287353563095205,0.5335282624847417
0.3161576676661616,0.2716846642968579
-0.21511189270872683,-0.2770423517250027
-0.21511189270872683,-0.2770423517250027
0.3020832550204528,0.10310245079527625
-0.1754393402340036,0.15303942051929295
0.05213825621036306,0.10310245079527625
-0.21511189270872683,-0.2770423517250027
-0.1522323847283982,2.2143328302768195
0.14496935471788486,-0.2770423517250027
0.0950158350415451,-0.2770423517250027
-0.21511189270872683,0.22426562898560826
-0.21511189270872683,-0.2770423517250027
0.7320047010143156,-0.2770423517250027
0.01874734038484833,1.2851254162658898
0.18211393802996428,-0.2770423517250027
0.15397381034633992,-0.2770423517250027
0.03180578419732833,1.2867426370044677
-0.03643658323580509,0.4719421716542947
0.14336571895302577,-0.2770423517250027
-0.21511189270872683,0.6352548432325288
0.059817250577358344,-0.2770423517250027
0.113082536457795,0.7102403670993994
-0.1357667877592804,0.039247769008147956
-0.08365947443137661,-0.2770423517250027
-0.21511189270872683,-0.2770423517250027
0.4222246529194545,0.6417630258468395
-0.1754393402340036,-0.2770423517250027
0.22129408150729088,-0.2770423517250027
-0.21511189270872683,-0.2770423517250027
0.44766670235697675,-0.0401716056475077
-0.1754393402340036,-0.2770423517250027
-0.21511189270872683,0.5361408928865928
0.1973322538646324,-0.2770423517250027
-0.08499447317359136,-0.2770423517250027
0.2819226883101949,-0.2770423517250027
0.1751123972635738,-0.2770423517250027
0.3675225403266641,2.165219104578316
0.0687492034221851,0.6839362291030922
0.25124958358322474,1.053635259485624
-0.21511189270872683,-0.2770423517250027
-0.05999402765062343,1.2146494452202694
0.25725820890926043,-0.2770423517250027
0.33113248615026697,0.15303942051929295
0.20176006367733948,0.7529098316210007
-0.004400671888003314,-0.2770423517250027
-0.21511189270872683,-0.2770423517250027
0.1922411621737693,0.8450404929839376
0.16783641715219705,-0.2770423517250027
-0.009648400039610474,-0.2770423517250027
-0.1754393402340036,0.041860399409999055
0.30826165582085585,0.15303942051929295
-0.1754393402340036,-0.2770423517250027
-0.21511189270872683,-0.2770423517250027
0.08547361796776042,0.41495872073964185
-0.21511189270872683,-0.0401716056475077
0.07230523284472978,-0.2770423517250027
0.20188999384609652,1.5505201789571124
0.05174663247057148,0.5331842230395719
-0.21511189270872683,0.034813918219362916
0.013539244372005991,1.629356132808677
-0.005902545047595962,0.039247769008147956
0.07147833667205156,-0.2770423517250027
0.1473962698431668,0.39838409715503376
0.0032359692389181257,0.09838889832566983
0.4908075720954363,0.034813918219362916
-0.21511189270872683,-0.2770423517250027
-0.045321920698868104,-0.2770423517250027
-0.08955314845248344,0.39838409715503376
0.12022101701553321,0.3511040389525136
-0.21511189270872683,0.041860399409999055
0.15932875168337063,-0.0401716056475077
-0.21511189270872683,-0.2770423517250027
-0.21511189270872683,-0.2770423517250027
0.12212137900215952,-0.2770423517250027
-0.05081765133046704,2.2213663019359426
0.2671577148599218,1.40928792075468
-0.0549071922951325,0.9681195875502876
-0.21511189270872683,-0.2770423517250027
0.4124522930669153,-0.2770423517250027
0.15681785199015214,-0.2770423517250027
0.12612394776932928,0.35553788974129863
-0.01272776485365948,-0.2770423517250027
0.16703851647642107,0.10310245079527625
0.4162135149069429,-0.2770423517250027
-0.1522323847283982,0.09838889832566983
0.03180578419732833,0.034813918219362916
-0.02924500313760272,0.35815052014314974
0.22231800193825554,0.041860399409999055
-0.1754393402340036,0.41495872073964185
0.0761323656528316,0.10310245079527625
-0.21511189270872683,-0.2770423517250027
-0.011145098855743841,1.012760425108727
-0.21511189270872683,0.039247769008147956
-0.21511189270872683,0.40462112952590285
0.3375199995736054,2.6584365836958725
-0.21511189270872683,0.039247769008147956
-0.07893359002727732,-0.2770423517250027
-0.1522323847283982,0.034813918219362916
-0.10373695724822402,-0.2770423517250027
0.606167600634062,-0.2770423517250027
-0.21511189270872683,0.041860399409999055
0.0774727470407057,-0.2770423517250027
0.14104820999005155,-0.0401716056475077
0.0639282422309372,0.15303942051929295
-0.12287353563095205,-0.2770423517250027
-0.21511189270872683,0.034813918219362916
-0.1754393402340036,-0.2770423517250027
-0.21511189270872683,0.039247769008147956
-0.08955314845248344,-0.2770423517250027
-0.08365947443137661,0.10310245079527625
-0.1357667877592804,0.041860399409999055
-0.0549071922951325,-0.2770423517250027
0.1259702591784125,0.10310245079527625
0.12446162556870657,-0.2770423517250027
0.09547432631669286,0.7062002873299386
-0.21511189270872683,-0.2770423517250027
0.1780806891939088,0.5926693918022635
-0.07209365897513963,-0.0401716056475077
0.1447878376950851,-0.2770423517250027
-0.1754393402340036,0.15303942051929295
0.9087323227186025,0.10310245079527625
0.1406768460415062,-0.2770423517250027
-0.21511189270872683,-0.2770423517250027
-0.08499447317359136,-0.2770423517250027
-0.06580586057744044,-0.2770423517250027
0.17021949621352025,0.673490456965345
0.03249717778560519,-0.2770423517250027
-0.21511189270872683,-0.2770423517250027
-0.1357667877592804,-0.2770423517250027
-0.21511189270872683,-0.2770423517250027
0.837415621101248,-0.2770423517250027
-0.21511189270872683,-0.2770423517250027
-0.07402460683607244,-0.2770423517250027
-0.21511189270872683,-0.2770423517250027
-0.0549071922951325,0.41939257152842685
0.19634608022307,-0.2770423517250027
0.22663981761128138,-0.2770423517250027
0.03180578419732833,-0.2770423517250027
0.14042537007635172,-0.2770423517250027
-0.1754393402340036,-0.2770423517250027
0.49576689360857373,-0.2770423517250027
0.21892072263825954,0.15303942051929295
0.07601082276200984,0.10310245079527625
-0.09457974476985573,0.4172916494606715
-0.006764739110014356,0.43661971088785007
0.03730977634913804,-0.2770423517250027
0.14243838540562612,0.6267809126742829
0.0007256104532259361,0.039247769008147956
-0.21511189270872683,0.034813918219362916
0.15959492912280587,-0.2770423517250027
0.3768867880454627,-0.2770423517250027
0.48352106185767535,0.10310245079527625
0.23621165576412462,-0.2770423517250027
-0.1754393402340036,-0.2770423517250027
0.2398741741742585,-0.2770423517250027
0.03527188058671992,-0.2770423517250027
-0.1754393402340036,-0.2770423517250027
-0.1522323847283982,0.039247769008147956
0.29487935667388704,0.041860399409999055
-0.21511189270872683,0.278731145487494
-0.21511189270872683,-0.2770423517250027
0.2354619380797761,0.15303942051929295
-0.21511189270872683,-0.2770423517250027
0.226829104043284,0.43661971088785007
0.1394142719203676,1.8344994477676666
-0.1754393402340036,-0.2770423517250027
-0.08365947443137661,-0.2770423517250027
-0.1754393402340036,-0.2770423517250027
-0.21511189270872683,-0.2770423517250027
-0.09457974476985573,-0.2770423517250027
-0.07209365897513963,0.034813918219362916
0.1933708923257216,0.039247769008147956
-0.21511189270872683,-0.2770423517250027
0.0004115149221691233,0.9897805776984957
-0.1754393402340036,-0.2770423517250027
-0.1754393402340036,0.41467901905882054
-0.1754393402340036,-0.2770423517250027
0.35102832767796116,-0.2770423517250027
-0.04712183645851461,0.5976338966224957
-0.21511189270872683,-0.2770423517250027
0.22451054707127183,-0.2770423517250027
-0.21511189270872683,0.217238141751591
-0.1754393402340036,0.278731145487494
-0.1754393402340036,-0.2770423517250027
-0.040491724607203274,1.0566241446677773
1.276492647103961,-0.2770423517250027
-0.21511189270872683,0.22426562898560826
-0.21511189270872683,-0.2770423517250027
0.17689093609052092,0.41024516827003543
0.23933197485222787,-0.2770423517250027
1.1994740104148784,2.1160496045617156
-0.07402460683607244,-0.2770423517250027
0.1570224820614697,-0.2770423517250027
0.38634265514833543,-0.2770423517250027
0.14179366520839756,-0.2770423517250027
0.13816093327554252,0.10310245079527625
-0.043428504165497914,-0.2770423517250027
-0.1754393402340036,-0.2770423517250027
0.06726074706912355,-0.2770423517250027
0.11717240491974514,-0.2770423517250027
0.22696191954457398,1.1356672645431307
-0.034352054361349235,-0.2770423517250027
0.7412842001502266,-0.2770423517250027
0.1057969125437697,0.22840655020078615
-0.21511189270872683,-0.2770423517250027
0.03733116478264225,0.041860399409999055
-0.04407322436272654,-0.2770423517250027
-0.21511189270872683,-0.2770423517250027
0.45483616237563734,0.35815052014314974
-0.11369715931079567,0.5924086358187937
-0.21511189270872683,-0.0401716056475077
-0.0549071922951325,-0.2770423517250027
-0.05999402765062343,-0.2770423517250027
0.018806283617602098,0.10310245079527625
0.5396959918089413,0.039247769008147956
0.0025636657344695686,-0.2770423517250027
0.4158365172876499,0.10310245079527625
-0.1357667877592804,0.034813918219362916
0.26747540394457214,0.40462112952590285
-0.1754393402340036,0.10310245079527625
0.1832025131882967,0.5926693918022635
0.08258995703816428,-0.2770423517250027
-0.042035328600308446,0.034813918219362916
-0.21511189270872683,0.36076315054500063
0.10369316647830255,0.039247769008147956
-0.1522323847283982,0.039247769008147956
0.2887382429431545,-0.2770423517250027
-0.040491724607203274,0.278731145487494
-0.05999402765062343,-0.2770423517250027
-0.1754393402340036,0.2716846642968579
-0.21511189270872683,0.034813918219362916
0.12090326854032445,0.041860399409999055
-0.1754393402340036,-0.2770423517250027
0.4459909346320826,0.15303942051929295
-0.21511189270872683,0.039247769008147956
0.5467206844577032,0.2716846642968579
0.12078991721164901,-0.0401716056475077
-0.21511189270872683,-0.2770423517250027
-0.21511189270872683,-0.2770423517250027
0.6302140754528166,-0.2770423517250027
0.43368783890175544,0.15303942051929295
0.32794894648545875,-0.2770423517250027
-0.014700790777649261,0.039247769008147956
0.07131314498789983,-0.2770423517250027
-0.21511189270872683,-0.2770423517250027
0.0032359692389181257,-0.2770423517250027
0.1573645284535717,0.034813918219362916
0.10214034385115707,-0.2770423517250027
-0.21511189270872683,-0.0401716056475077
-0.1357667877592804,-0.2770423517250027
0.050344766193000545,0.454108887829086
0.21746947945733736,0.039247769008147956
0.39937520019049605,0.15303942051929295
-0.21511189270872683,-0.2770423517250027
-0.21511189270872683,-0.2770423517250027
-0.1754393402340036,0.2716846642968579
-0.21511189270872683,-0.2770423517250027
-0.08320098315622884,-0.2770423517250027
-0.11255983225367498,0.4648956904636586
0.12376811717778921,-0.2770423517250027
0.03434408196670232,0.3399731968727712
0.27783458709442627,-0.2770423517250027
0.1295481334269128,-0.2770423517250027
-0.04712183645851461,-0.2770423517250027
0.46963333756125597,-0.0401716056475077
0.011861584945447704,-0.2770423517250027
0.9181889356201018,0.034813918219362916
0.015757671521814013,-0.2770423517250027
0.21685331832666857,-0.0401716056475077
-0.21511189270872683,-0.2770423517250027
0.1243337618777274,0.039247769008147956
0.23133634570602413,0.041860399409999055
0.30281090303994074,0.15303942051929295
-0.07209365897513963,-0.2770423517250027
-0.045001022982744124,-0.2770423517250027
0.0774727470407057,0.034813918219362916
-0.04712183645851461,-0.2770423517250027
0.19593152355607735,-0.2770423517250027
-0.12299507852177384,-0.0401716056475077
0.6576647294025586,0.4719421716542947
-0.11369715931079567,-0.2770423517250027
0.11011684207535925,-0.2770423517250027
-0.0266736404721548,-0.0401716056475077
-0.21511189270872683,-0.2770423517250027
-0.06891755561232596,1.6299477580197244
0.8475246395265256,0.034813918219362916
-0.21511189270872683,-0.2770423517250027
0.0592079711567775,-0.0401716056475077
0.7197863069885525,0.10310245079527625
0.5428867596088798,0.454108887829086
0.2236530006804703,-0.2770423517250027
-0.21511189270872683,-0.2770423517250027
-0.21511189270872683,0.8375053682608945
-0.1754393402340036,-0.2770423517250027
0.25209291514222926,0.9853467269097107
0.2390796381967538,1.8356236309768907
0.32059851033331477,-0.2770423517250027
0.09191073520109397,-0.2770423517250027
-0.04398692195665337,-0.2770423517250027
-0.08955314845248344,1.4144520005787244
-0.21511189270872683,-0.2770423517250027
-0.21511189270872683,0.039247769008147956
-0.21511189270872683,-0.2770423517250027
-0.04407322436272654,-0.0401716056475077
0.10369316647830255,-0.2770423517250027
-0.21511189270872683,-0.2770423517250027
0.7063341016013237,-0.0401716056475077
-0.1754393402340036,-0.2770423517250027
-0.21511189270872683,0.39838409715503376
0.399806103707316,0.3511040389525136
-0.21511189270872683,0.43661971088785007
-0.1357667877592804,0.15303942051929295
0.5341154373977824,0.5331842230395719
0.07121119542453737,-0.2770423517250027
0.27783458709442627,0.22426562898560826
0.02694478762106371,-0.2770423517250027
0.06497815016212603,0.40462112952590285
-0.1754393402340036,0.35371666935436463
-0.12287353563095205,-0.2770423517250027
-0.21511189270872683,-0.2770423517250027
0.2269037745545908,0.9456836638092848
0.17067526487550352,3.2452255149254525
-0.1357667877592804,-0.2770423517250027
-0.002462930582902732,0.38991016659678795
-0.07402460683607244,-0.2770423517250027
0.6966444878224346,0.15303942051929295
-0.21511189270872683,0.041860399409999055
0.04511652061926016,-0.2770423517250027
0.32852834593769736,0.35371666935436463
-0.1522323847283982,-0.2770423517250027
-0.21511189270872683,-0.2770423517250027
-0.21511189270872683,-0.2770423517250027
-0.0053284705080209015,0.278731145487494
-0.09457974476985573,-0.2770423517250027
-0.1754393402340036,-0.2770423517250027
0.05251882825007289,-0.2770423517250027
0.02084417938002021,0.42200520193027785
0.9781420224978933,0.40462112952590285
-0.21511189270872683,-0.2770423517250027
-0.08499447317359136,-0.2770423517250027
-0.016893145361806285,-0.2770423517250027
-0.1754393402340036,-0.2770423517250027
-0.1754393402340036,-0.2770423517250027
0.2960440346483234,-0.2770423517250027
0.03434408196670232,0.10310245079527625
-0.08499447317359136,0.034813918219362916
-0.12287353563095205,3.5392677291949766
0.41927812545500964,0.40462112952590285
-0.21511189270872683,-0.2770423517250027
-0.21511189270872683,0.039247769008147956
0.22009730875856487,-0.2770423517250027
0.7286918545036528,1.3699253802187745
0.07147833667205156,-0.2770423517250027
-0.21511189270872683,1.7941045168828573
-0.04407322436272654,-0.2770423517250027
-0.21511189270872683,0.039247769008147956
0.23724810514884875,-0.2770423517250027
0.8394391259360694,0.41024516827003543
0.0894170896770418,-0.2770423517250027
-0.1522323847283982,-0.2770423517250027
0.4391634229124814,-0.2770423517250027
0.10842175589690833,-0.2770423517250027
0.4448537889207308,0.2716846642968579
0.11525309059157461,0.39838409715503376
0.11098569746262309,-0.2770423517250027
-0.21511189270872683,-0.2770423517250027
0.23430537853485553,1.8350497404152986
0.8803608562746443,0.039247769008147956
-0.1754393402340036,-0.2770423517250027
-0.09457974476985573,0.4611363750631032
-0.1754393402340036,0.7017664365411537
-0.1357667877592804,-0.2770423517250027
0.35325267238478214,-0.0401716056475077
-0.1357667877592804,-0.2770423517250027
-0.21511189270872683,0.039247769008147956
-0.1522323847283982,-0.2770423517250027
0.11879400514622905,-0.2770423517250027
-0.21511189270872683,0.034813918219362916
-0.08320098315622884,-0.2770423517250027
0.27093878073396666,-0.2770423517250027
-0.1754393402340036,-0.0401716056475077
-0.21511189270872683,-0.2770423517250027
0.08452158803612483,-0.2770423517250027
-0.1754393402340036,0.4719421716542947
0.13104490696386203,-0.2770423517250027
0.0639282422309372,-0.2770423517250027
-0.08365947443137661,0.278731145487494
-0.21511189270872683,-0.2770423517250027
-0.21511189270872683,-0.2770423517250027
-0.1754393402340036,0.38991016659678795
0.2749644936944995,0.10310245079527625
0.13151963356313798,1.5979491766577771
0.10919220744526056,-0.2770423517250027
-0.21511189270872683,-0.0401716056475077
0.24886915228548198,-0.2770423517250027
-0.21511189270872683,0.43661971088785007
0.6005060000003624,0.39838409715503376
-0.21511189270872683,0.039247769008147956
-0.21511189270872683,-0.2770423517250027
0.1527764773660224,-0.2770423517250027
0.2587897771943819,0.039247769008147956
0.47419358322559924,-0.2770423517250027
-0.06878205302792458,0.3511040389525136
-0.045321920698868104,-0.2770423517250027
0.13217802873057613,0.40462112952590285
0.05597798279296629,-0.2770423517250027
0.017557587281460486,0.5950212662206447
-0.21511189270872683,-0.2770423517250027
0.07521022724000294,0.6588759480077729
0.6451727965992827,-0.2770423517250027
-0.0801642770819265,0.039247769008147956
-0.21511189270872683,-0.2770423517250027
0.13495332030293347,-0.2770423517250027
0.14185674814749494,1.1283410816716732
-0.040491724607203274,-0.2770423517250027
0.00845733975557638,0.10310245079527625
-0.08365947443137661,0.4648956904636586
0.33531498753042865,-0.2770423517250027
0.019451003814830708,0.43661971088785007
0.17841760558733263,0.39838409715503376
0.23230161520790724,-0.2770423517250027
-0.21511189270872683,-0.2770423517250027
0.10067970254631112,-0.2770423517250027
-0.1357667877592804,-0.2770423517250027
-0.03926103755255408,0.039247769008147956
-0.1754393402340036,-0.2770423517250027
-0.21511189270872683,-0.0401716056475077
0.023456304049850153,-0.0401716056475077
-0.21511189270872683,0.43661971088785007
0.21642854521394367,-0.2770423517250027
0.3903042531179538,0.15303942051929295
0.046916436378906655,0.5331842230395719
-0.12287353563095205,-0.2770423517250027
0.4817414104935423,1.2086106719196081
0.4775082308308294,0.4611363750631032
-0.06580586057744044,0.35815052014314974
-0.21511189270872683,-0.2770423517250027
0.25772778802819457,0.4719421716542947
-0.1522323847283982,1.016587772482876
0.44411792537800293,0.10310245079527625
-0.022114965193262722,-0.2770423517250027
-0.21511189270872683,-0.2770423517250027
-0.1522323847283982,-0.2770423517250027
0.02084417938002021,-0.2770423517250027
-0.1754393402340036,-0.2770423517250027
-0.1357667877592804,2.6928694247996376
-0.026133308102717214,2.7250713213269124
-0.09457974476985573,0.15303942051929295
-0.1754393402340036,-0.0401716056475077
-0.08365947443137661,-0.2770423517250027
-0.08499447317359136,-0.2770423517250027
0.7102227323752252,-0.2770423517250027
-0.21511189270872683,-0.2770423517250027
-0.003755951690774689,-0.2770423517250027
0.019451003814830708,-0.2770423517250027
-0.1522323847283982,0.034813918219362916
-0.07977265334213493,-0.2770423517250027
-0.1754393402340036,0.278731145487494
-0.005902545047595962,0.7555546773579845
0.2713147217714886,1.020669187676155
0.13027575763385352,-0.2770423517250027
-0.21511189270872683,-0.2770423517250027
0.04880985291227683,1.230455900115648
0.12421487448753953,0.10310245079527625
0.477876961953121,0.4648956904636586
-0.1754393402340036,-0.2770423517250027
-0.21511189270872683,2.0406382766292044
-0.0006042734365541018,-0.2770423517250027
0.279140945396987,-0.2770423517250027
-0.03643658323580509,0.034813918219362916
0.12900333974569186,0.39838409715503376
0.4621150984008899,0.278731145487494
0.18663511957441334,0.039247769008147956
-0.1754393402340036,-0.2770423517250027
0.040759494596736175,0.5331842230395719
0.303385699257337,0.039247769008147956
-0.21511189270872683,0.15303942051929295
0.27479586452703336,-0.2770423517250027
-0.08955314845248344,0.034813918219362916
-0.1522323847283982,0.19669914042998726
-0.1357667877592804,0.35815052014314974
0.10800245434187278,-0.2770423517250027
0.05847883609232532,0.10310245079527625
0.04539446717431688,-0.2770423517250027
-0.21511189270872683,-0.2770423517250027
-0.1357667877592804,-0.2770423517250027
-0.07977265334213493,-0.2770423517250027
-0.11369715931079567,-0.2770423517250027
-0.1754393402340036,0.3399731968727712
0.10778186641282766,0.43661971088785007
-0.12287353563095205,1.0489217070160175
0.3506004677258083,-0.2770423517250027
0.27000549438357413,0.40462112952590285
0.03527188058671992,0.039247769008147956
0.14397756162326544,-0.0401716056475077
-0.1754393402340036,-0.2770423517250027
0.4260109761736787,0.6373291750580545
0.28993220192585195,-0.0401716056475077
-0.045001022982744124,-0.2770423517250027
0.34919089193600633,0.5879747850300087
0.1211580723682401,-0.2770423517250027
0.4982008378177284,-0.2770423517250027
-0.04712183645851461,0.6038378002514587
0.41476585050282344,-0.0401716056475077
-0.21511189270872683,-0.2770423517250027
0.0592079711567775,0.7484759808322157
-0.21511189270872683,-0.2770423517250027
-0.03926103755255408,-0.0401716056475077
-0.1754393402340036,-0.2770423517250027
-0.1754393402340036,-0.2770423517250027
0.17201181916111566,-0.2770423517250027
0.1815827288363745,-0.2770423517250027
-0.043428504165497914,-0.2770423517250027
-0.21511189270872683,1.0893017596972383
-0.0023627761255851994,0.5335282624847417
-0.12287353563095205,0.041860399409999055
0.07147833667205156,0.41495872073964185
0.33526043663875643,1.8040472322325312
0.11805447026499398,0.10310245079527625
-0.21511189270872683,-0.2770423517250027
0.3993951684767654,3.514129138569359
0.47188261120057917,-0.2770423517250027
-0.06580586057744044,-0.0401716056475077
-0.1754393402340036,0.034813918219362916
-0.032421106500416394,-0.2770423517250027
-0.03926103755255408,-0.2770423517250027
0.46485531255553064,1.0918953961424704
0.43100323442175537,0.43661971088785007
-0.03063517855317729,0.034813918219362916
0.1653893001218554,0.041860399409999055
-0.21511189270872683,0.15303942051929295
-0.10373695724822402,-0.2770423517250027
0.3660038382567484,0.38991016659678795
0.046916436378906655,0.39838409715503376
-0.08320098315622884,1.0454380401381878
0.28663736631316605,0.034813918219362916
0.44444652378702904,0.39838409715503376
-0.21511189270872683,-0.2770423517250027
0.006834988628075403,-0.2770423517250027
0.10693329954384677,0.39838409715503376
-0.1754393402340036,-0.2770423517250027
-0.21511189270872683,-0.2770423517250027
0.1338560788311566,0.48324725331555524
1.008049328451374,0.3399731968727712
-0.21511189270872683,0.7146742178881844
-0.1522323847283982,-0.2770423517250027
0.5942071650044055,0.5918572395842651
-0.07893359002727732,0.034813918219362916
0.25901647147664225,0.034813918219362916
-0.21511189270872683,-0.2770423517250027
-0.21511189270872683,-0.2770423517250027
-0.06878205302792458,-0.2770423517250027
0.3350116260960291,0.039247769008147956
0.2970694200327243,-0.2770423517250027
-0.21511189270872683,0.10310245079527625
0.37605419644959176,0.15303942051929295
-0.21511189270872683,0.43661971088785007
-0.21511189270872683,-0.2770423517250027
-0.1754393402340036,-0.2770423517250027
-0.04398692195665337,-0.2770423517250027
-0.09457974476985573,-0.2770423517250027
0.27786333909120825,0.10310245079527625
-0.21511189270872683,-0.2770423517250027
-0.1754393402340036,-0.2770423517250027
-0.01272776485365948,0.35815052014314974
-0.07402460683607244,1.6059250898202908
-0.21511189270872683,-0.2770423517250027
0.10360079470566046,-0.2770423517250027
-0.04398692195665337,-0.2770423517250027
0.1413763273188913,-0.2770423517250027
-0.1522323847283982,0.034813918219362916
0.02164208005579622,-0.2770423517250027
0.4176376328894147,-0.2770423517250027
0.49379824060825517,1.0673787319672174
-0.21511189270872683,-0.2770423517250027
-0.21511189270872683,0.039247769008147956
-0.21511189270872683,0.217238141751591
0.19703708092829494,0.5331842230395719
0.03290781336470885,-0.2770423517250027
-0.08320098315622884,-0.2770423517250027
0.4744509970185176,1.1182831921387555
0.04650754110279863,0.4693295412524436
0.2658681738238965,-0.0401716056475077
0.012465703735639858,0.7903899707903145
0.0025636657344695686,0.7738153472057063
-0.11369715931079567,0.039247769008147956
-0.049880595977760206,0.039247769008147956
-0.1522323847283982,-0.2770423517250027
0.13503421875039406,0.15303942051929295
0.26537779101034925,1.3775744912358125
-0.08955314845248344,-0.2770423517250027
0.10920593126387466,0.15303942051929295
-0.1754393402340036,0.15303942051929295
-0.21511189270872683,-0.2770423517250027
0.15414552298419396,-0.2770423517250027
-0.04712183645851461,-0.2770423517250027
0.2534598779814404,-0.2770423517250027
-0.21511189270872683,-0.2770423517250027
-0.21511189270872683,0.034813918219362916
0.2873575326271474,0.40462112952590285
-0.21511189270872683,0.039247769008147956
-0.1754393402340036,-0.2770423517250027
-0.045001022982744124,0.034813918219362916
0.19742264985777008,-0.2770423517250027
-0.06580586057744044,0.7291479194050371
0.04995314245320896,0.54316838012061
-0.1754393402340036,0.034813918219362916
-0.21511189270872683,0.034813918219362916
-0.21511189270872683,0.22426562898560826
0.2935455836039434,-0.0401716056475077
-0.21511189270872683,-0.2770423517250027
0.3476351014839107,0.9201279209846095
-0.21511189270872683,0.35815052014314974
0.2763181463818683,-0.2770423517250027
0.3437864785387831,0.39838409715503376
-0.21511189270872683,-0.0401716056475077
-0.1754393402340036,-0.2770423517250027
-0.21511189270872683,0.43661971088785007
0.378573629852356,1.5657490367874263
0.23700480633935553,-0.2770423517250027
-0.006038047631997344,-0.2770423517250027
0.029321074422791506,-0.2770423517250027
-0.1522323847283982,-0.2770423517250027
-0.1522323847283982,3.2224779772076695
0.5723008173544769,-0.2770423517250027
0.39209420625636743,0.039247769008147956
-0.06580586057744044,0.039247769008147956
-0.09457974476985573,0.5331842230395719
-0.009214150994811,-0.2770423517250027
-0.07893359002727732,-0.2770423517250027
-0.21511189270872683,-0.2770423517250027
-0.21511189270872683,-0.2770423517250027
-0.004400671888003314,-0.2770423517250027
0.28807750886120986,1.0738105460350704
-0.21511189270872683,-0.2770423517250027
-0.034352054361349235,-0.2770423517250027
0.5428364248030212,1.7241925597691967
-0.21511189270872683,-0.2770423517250027
-0.21511189270872683,-0.2770423517250027
0.013304767050497457,0.6543474012299039
0.03527188058671992,0.7847659320461818
-0.1754393402340036,-0.2770423517250027
-0.1357667877592804,-0.0401716056475077
-0.21511189270872683,-0.2770423517250027
-0.045321920698868104,-0.2770423517250027
-0.04712183645851461,0.217238141751591
-0.12287353563095205,-0.2770423517250027
-0.0053284705080209015,-0.2770423517250027
-0.1754393402340036,0.3399731968727712
0.018806283617602098,0.041860399409999055
-0.1754393402340036,-0.2770423517250027
-0.1754393402340036,0.09838889832566983
-0.04398692195665337,0.43661971088785007
0.013304767050497457,0.7847659320461818
0.2577470991221836,0.7555546773579845
0.2933874802649609,0.09838889832566983
-0.21511189270872683,0.039247769008147956
-0.1357667877592804,0.5905874154318597
1.134956147444928,0.10310245079527625
-0.21511189270872683,-0.0401716056475077
-0.08499447317359136,2.3511304224355967
0.0025636657344695686,0.041860399409999055
-0.21511189270872683,-0.2770423517250027
-0.21511189270872683,0.217238141751591
-0.1754393402340036,-0.2770423517250027
-0.0549071922951325,0.42200520193027785
-0.06878205302792458,-0.2770423517250027
0.00712234101336165,-0.2770423517250027
-0.08499447317359136,0.8912181473073989
0.11870322085604586,-0.2770423517250027
0.1706032253487722,-0.2770423517250027
-0.21511189270872683,0.41495872073964185
0.09894500937086063,-0.2770423517250027
0.5228412015995907,0.9839826027717377
-0.1522323847283982,-0.2770423517250027
0.055801773841969673,-0.2770423517250027
-0.21511189270872683,0.2716846642968579
-0.1754393402340036,0.034813918219362916
-0.11369715931079567,0.5335282624847417
0.12208747913710619,0.041860399409999055
-0.21511189270872683,-0.2770423517250027
0.5919322132915671,-0.2770423517250027
-0.21511189270872683,-0.2770423517250027
-0.1754393402340036,0.039247769008147956
-0.21511189270872683,-0.2770423517250027
0.2874511475041073,0.40462112952590285
-0.21511189270872683,-0.2770423517250027
-0.1754393402340036,-0.2770423517250027
0.10881430752408305,1.019806906299363
-0.21511189270872683,-0.2770423517250027
-0.1357667877592804,0.15303942051929295
0.1886414618769755,-0.2770423517250027
-0.1754393402340036,-0.2770423517250027
0.42867136057133515,-0.2770423517250027
0.2697720972247762,1.1182831921387555
-0.21511189270872683,0.034813918219362916
0.1473962698431668,0.38991016659678795
-0.21511189270872683,-0.2770423517250027
-0.1754393402340036,-0.2770423517250027
-0.1754393402340036,-0.2770423517250027
-0.1357667877592804,0.10310245079527625
0.21754103510533962,0.039247769008147956
-0.21511189270872683,-0.2770423517250027
-0.08499447317359136,-0.2770423517250027
0.0032359692389181257,-0.2770423517250027
-0.21511189270872683,0.039247769008147956
-0.21511189270872683,1.1572783687429256
-0.1754393402340036,0.3511040389525136
0.1815827288363745,0.3511040389525136
0.22541683407552723,2.0760893960337263
-0.21511189270872683,-0.2770423517250027
-0.21511189270872683,0.7484759808322157
-0.21511189270872683,-0.2770423517250027
-0.21511189270872683,-0.2770423517250027
-0.21511189270872683,-0.2770423517250027
1.142197092381094,0.6473199139958867
-0.12287353563095205,-0.2770423517250027
-0.1754393402340036,-0.2770423517250027
-0.21511189270872683,0.2716846642968579
0.37232178165806307,-0.2770423517250027
0.12090326854032445,-0.2770423517250027
0.11738965468147596,-0.2770423517250027
-0.026133308102717214,-0.2770423517250027
-0.21511189270872683,-0.2770423517250027
-0.08955314845248344,0.5831211927635885
0.0913523174099385,-0.2770423517250027
0.16536339180170462,-0.2770423517250027
-0.1754393402340036,-0.2770423517250027
-0.045001022982744124,0.6588759480077729
0.1326365200057239,-0.2770423517250027
-0.11369715931079567,-0.2770423517250027
-0.21511189270872683,-0.2770423517250027
-0.08365947443137661,-0.2770423517250027
0.46962715410551753,-0.0401716056475077
0.19383779224870798,0.35553788974129863
0.05937940479762269,-0.2770423517250027
-0.21511189270872683,-0.2770423517250027
-0.09457974476985573,0.536121898929974
-0.045001022982744124,0.7934832417451104
0.1943079476784285,0.7800523795765755
-0.0435284306815056,-0.2770423517250027
0.023566561049780062,0.041860399409999055
-0.1754393402340036,-0.2770423517250027
0.27726745829121957,0.15303942051929295
-0.040491724607203274,0.36076315054500063
1.1693379064291336,0.6700067900875154
-0.1754393402340036,-0.2770423517250027
0.10783795145825663,0.43661971088785007
-0.21511189270872683,-0.2770423517250027
0.19687188924414326,-0.2770423517250027
-0.21511189270872683,-0.2770423517250027
-0.1754393402340036,-0.2770423517250027
0.38676464899617335,-0.2770423517250027
0.3487138119456418,-0.2770423517250027
0.18625978826809408,0.039247769008147956
-0.1754393402340036,0.034813918219362916
0.46307874382984876,0.5331842230395719
0.08148551989351684,0.3399731968727712
-0.1754393402340036,0.039247769008147956
-0.006038047631997344,0.8450404929839376
0.9475868404907111,0.039247769008147956
-0.06580586057744044,0.039247769008147956
0.7205562655589757,-0.0401716056475077
-0.21511189270872683,0.22426562898560826
-0.01272776485365948,-0.2770423517250027
-0.09457974476985573,-0.2770423517250027
0.7596014642056063,1.012760425108727
-0.07977265334213493,1.6226876540409365
0.07147833667205156,-0.2770423517250027
0.3356813235835815,1.2860739127567928
-0.21511189270872683,-0.2770423517250027
0.31618659083419154,1.6059250898202908
-0.07977265334213493,0.5361408928865928
-0.21511189270872683,0.039247769008147956
-0.1522323847283982,0.3399731968727712
-0.045321920698868104,0.15303942051929295
-0.049320952514333695,0.10310245079527625
0.07147833667205156,0.034813918219362916
0.064311558957695,0.15303942051929295
0.329591047563682,0.10310245079527625
-0.1754393402340036,0.034813918219362916
-0.005649368224144911,1.4152452514447278
-0.1522323847283982,0.27611851508564295
-0.1754393402340036,-0.0401716056475077
0.5175467922194446,-0.2770423517250027
-0.003755951690774689,0.7338614718746436
0.08302420608296376,0.034813918219362916
0.5208390234282144,0.09838889832566983
-0.21511189270872683,0.041860399409999055
-0.1754393402340036,-0.2770423517250027
-0.21511189270872683,-0.2770423517250027
0.02694478762106371,-0.0401716056475077
-0.21511189270872683,-0.2770423517250027
0.35894160596066066,2.153352919835811
-0.21511189270872683,-0.2770423517250027
-0.1754393402340036,-0.2770423517250027
-0.1754393402340036,-0.2770423517250027
-0.21511189270872683,0.039247769008147956
-0.07893359002727732,0.3466701881637285
0.012061856649861568,0.034813918219362916
0.25981865307458163,-0.2770423517250027
-0.08320098315622884,0.27611851508564295
-0.010208043503036977,0.3466701881637285
-0.21511189270872683,0.5905874154318597
-0.1522323847283982,0.10310245079527625
-0.1522323847283982,0.22840655020078615
-0.049320952514333695,-0.2770423517250027
0.03002415243511276,0.039247769008147956
0.5130967905475342,-0.0401716056475077
0.09905195727234592,0.041860399409999055
-0.1357667877592804,-0.2770423517250027
-0.1754393402340036,0.3399731968727712
0.2091384507663747,-0.2770423517250027
-0.21511189270872683,-0.0401716056475077
-0.1522323847283982,0.15303942051929295
-0.21511189270872683,-0.2770423517250027
-0.0801642770819265,0.041860399409999055
0.05802376055999583,0.22426562898560826
-0.054373343252372495,0.38991016659678795
-0.21511189270872683,-0.2770423517250027
-0.21511189270872683,-0.2770423517250027
-0.07209365897513963,-0.2770423517250027
0.25475159557771054,0.5879747850300087
0.13335338877405356,-0.2770423517250027
-0.05081765133046704,0.039247769008147956
-0.1754393402340036,0.8524310136197435
-0.09457974476985573,0.034813918219362916
0.47253884303535204,0.40462112952590285
-0.06580586057744044,-0.2770423517250027
-0.21511189270872683,-0.2770423517250027
-0.014700790777649261,-0.2770423517250027
-0.1754393402340036,1.020669187676155
0.5955880071785818,-0.2770423517250027
-0.21511189270872683,-0.2770423517250027
0.011952537105026476,-0.2770423517250027
-0.21511189270872683,0.039247769008147956
-0.016893145361806285,-0.2770423517250027
-0.09609423528455714,0.8912181473073989
0.42734990968981157,-0.2770423517250027
0.14957986611297935,-0.2770423517250027
-0.1754393402340036,-0.2770423517250027
-0.06580586057744044,0.039247769008147956
0.02084417938002021,-0.2770423517250027
-0.07977265334213493,0.041860399409999055
-0.21511189270872683,0.039247769008147956
-0.005649368224144911,0.6417630258468395
0.13419265296822847,-0.2770423517250027
-0.21511189270872683,-0.2770423517250027
-0.08499447317359136,0.7102403670993994
-0.21511189270872683,-0.2770423517250027
0.13575881536463344,-0.2770423517250027
-0.05999402765062343,0.15303942051929295
-0.1522323847283982,-0.2770423517250027
-0.21511189270872683,0.041860399409999055
-0.08365947443137661,0.034813918219362916
-0.07209365897513963,-0.2770423517250027
-0.05081765133046704,0.7703990085622366
0.023566561049780062,-0.0401716056475077
-0.12299507852177384,-0.2770423517250027
-0.21511189270872683,-0.0401716056475077
0.00903737392154591,-0.0401716056475077
-0.11369715931079567,-0.2770423517250027
-0.1522323847283982,0.041860399409999055
-0.21511189270872683,-0.2770423517250027
0.11168936089260545,0.039247769008147956
-0.21511189270872683,-0.2770423517250027
-0.043428504165497914,0.034813918219362916
-0.08320098315622884,4.040221519739103
-0.1754393402340036,1.269638266280914
0.09081859941662045,0.039247769008147956
0.1442105950705504,0.041860399409999055
-0.04407322436272654,-0.2770423517250027
-0.03075672144399905,-0.2770423517250027
-0.1357667877592804,1.1019665390538582
0.6117892901371786,-0.2770423517250027
-0.21511189270872683,-0.2770423517250027
-0.1522323847283982,-0.2770423517250027
-0.0266736404721548,-0.2770423517250027
-0.10373695724822402,0.15303942051929295
0.36891571589185357,-0.2770423517250027
-0.1754393402340036,-0.2770423517250027
0.5643636306501344,0.039247769008147956
-0.1522323847283982,1.583600825586666
0.20421809765639665,0.034813918219362916
0.26333963661182985,1.0909560017811777
-0.21511189270872683,-0.2770423517250027
0.12090326854032445,0.15303942051929295
0.24106068344427947,0.43661971088785007
-0.04398692195665337,-0.2770423517250027
-0.04010010086741168,0.217238141751591
0.13299785167451092,-0.2770423517250027
0.2569976300892873,-0.2770423517250027
0.012465703735639858,-0.2770423517250027
0.12321735656416245,2.0036763628674423
0.2392526247753425,0.454108887829086
-0.024072958094241335,-0.2770423517250027
0.31749593847427704,0.039247769008147956
0.2019565794623788,0.278731145487494
0.22963290780445725,0.6473199139958867
0.1118422827350516,-0.0401716056475077
0.12016207378277946,0.3399731968727712
0.1473962698431668,-0.2770423517250027
0.15697057268347522,0.041860399409999055
0.22541683407552723,1.9392289639316918
1.5101353575603669,-0.2770423517250027
-0.21511189270872683,-0.0401716056475077
-0.0214588022330209,0.454108887829086
-0.1754393402340036,-0.2770423517250027
-0.02910950055320134,-0.2770423517250027
-0.1522323847283982,-0.2770423517250027
0.06610504897505748,0.8454220987985601
0.5019836625707071,0.40462112952590285
0.195386273838227,-0.2770423517250027
0.15109691088840588,0.59738294427187
0.045786090914108464,0.09838889832566983
0.2735018235548074,0.7146742178881844
-0.1754393402340036,-0.2770423517250027
-0.21511189270872683,-0.2770423517250027
-0.21511189270872683,-0.0401716056475077
-0.015234639820409275,-0.2770423517250027
0.669108588758044,-0.2770423517250027
0.06933960686019437,0.10310245079527625
0.050081485586644596,-0.2770423517250027
0.008578882646398151,-0.2770423517250027
-0.1754393402340036,0.15303942051929295
0.5153631780004196,0.039247769008147956
-0.1754393402340036,-0.2770423517250027
-0.1522323847283982,-0.2770423517250027
-0.21511189270872683,0.5085554103743529
0.1657262923556261,-0.0401716056475077
-0.21511189270872683,-0.2770423517250027
0.5064460294165328,0.039247769008147956
0.08536065135098245,-0.2770423517250027
-0.12287353563095205,0.034813918219362916
-0.21511189270872683,0.039247769008147956
-0.09457974476985573,-0.2770423517250027
0.06739624965352493,0.5924086358187937
-0.07402460683607244,0.32547290511368887
-0.005649368224144911,-0.2770423517250027
-0.04398692195665337,0.278731145487494
0.2763995859654679,0.41939257152842685
-0.12287353563095205,-0.2770423517250027
-0.12299507852177384,-0.0401716056475077
0.5153026034052244,0.2716846642968579
-0.1754393402340036,-0.2770423517250027
-0.1522323847283982,-0.2770423517250027
0.03733116478264225,0.8540852557036829
-0.21511189270872683,-0.2770423517250027
-0.21511189270872683,0.039247769008147956
-0.024072958094241335,0.7771335662226467
-0.12287353563095205,-0.2770423517250027
-0.1522323847283982,-0.2770423517250027
-0.07402460683607244,0.217238141751591
0.1835461991609476,0.39838409715503376
-0.04010010086741168,0.39838409715503376
-0.21511189270872683,-0.2770423517250027
-0.1357667877592804,-0.2770423517250027
-0.21511189270872683,-0.2770423517250027
-0.21511189270872683,-0.2770423517250027
0.3127674339617115,0.15303942051929295
-0.1754393402340036,-0.2770423517250027
-0.21511189270872683,0.27611851508564295
-0.1754393402340036,0.4172916494606715
-0.21511189270872683,0.034813918219362916
-0.07209365897513963,-0.2770423517250027
0.22132799922953977,-0.2770423517250027
-0.21511189270872683,-0.2770423517250027
0.27788053238786403,0.15303942051929295
-0.1754393402340036,1.282588487896504
0.18015556491082346,-0.2770423517250027
0.7056389730808298,1.8111379945428125
-0.0435284306815056,-0.0401716056475077
0.24072521707658107,0.034813918219362916
0.007243883904183407,-0.2770423517250027
-0.1754393402340036,0.39838409715503376
-0.08499447317359136,0.3511040389525136
0.10369316647830255,-0.2770423517250027
0.25906258245785246,0.8284658693993294
0.5430748354737479,-0.0401716056475077
-0.049320952514333695,0.27611851508564295
-0.21511189270872683,-0.2770423517250027
-0.21511189270872683,0.10310245079527625
-0.21511189270872683,-0.2770423517250027
0.7133748578363375,1.735569890979971
-0.1522323847283982,0.35815052014314974
-0.11369715931079567,-0.2770423517250027
-0.21511189270872683,-0.2770423517250027
-0.21511189270872683,-0.2770423517250027
-0.04712183645851461,-0.2770423517250027
-0.07402460683607244,-0.2770423517250027
-0.21511189270872683,1.113726572714101
0.28517711002214713,0.039247769008147956
0.006834988628075403,-0.2770423517250027
-0.1754393402340036,0.217238141751591
-0.08499447317359136,-0.2770423517250027
-0.21511189270872683,-0.2770423517250027
-0.21511189270872683,-0.2770423517250027
-0.1522323847283982,0.795103523259921
-0.1754393402340036,-0.2770423517250027
0.24671834112046837,0.034813918219362916
-0.21511189270872683,0.4648956904636586
-0.21511189270872683,-0.2770423517250027
0.35984299299369593,0.15303942051929295
0.16881098305145603,1.823861693349918
-0.1754393402340036,0.15303942051929295
-0.1754393402340036,1.2784415469332577
0.08783768518977149,-0.2770423517250027
0.5979131472522063,1.3429542701866832
-0.0006042734365541018,-0.2770423517250027
-0.1522323847283982,0.10310245079527625
-0.21511189270872683,0.22840655020078615
-0.07977265334213493,-0.2770423517250027
-0.21511189270872683,1.0335769690231862
-0.09457974476985573,-0.2770423517250027
-0.04407322436272654,-0.2770423517250027
0.5050065150435318,-0.2770423517250027
-0.06891755561232596,0.039247769008147956
-0.1522323847283982,-0.2770423517250027
0.0681093139381044,-0.2770423517250027
0.11717240491974514,-0.2770423517250027
0.03002415243511276,-0.2770423517250027
-0.21511189270872683,-0.2770423517250027
-0.11255983225367498,0.5905874154318597
-0.1754393402340036,-0.2770423517250027
-0.1522323847283982,-0.2770423517250027
-0.1522323847283982,-0.2770423517250027
-0.21511189270872683,-0.2770423517250027
0.24671140021188967,0.034813918219362916
0.16123198397528946,0.42200520193027785
-0.21511189270872683,-0.2770423517250027
0.03180578419732833,0.39838409715503376
0.061938447996739567,0.9162667014502529
0.3765706123859347,-0.2770423517250027
-0.04712183645851461,-0.2770423517250027
0.11952069662424605,-0.2770423517250027
0.6131875235839825,0.7934832417451104
0.06119986392280948,1.0186969242464772
0.051750094910946516,0.041860399409999055
0.3196044060223161,0.536121898929974
1.4132859533345257,0.3399731968727712
-0.05999402765062343,0.8565529408783025
-0.02924500313760272,0.8841906600733817
0.3850677855523708,-0.2770423517250027
-0.03926103755255408,-0.2770423517250027
0.2056056275807324,-0.2770423517250027
-0.045001022982744124,-0.2770423517250027
-0.032421106500416394,0.041860399409999055
0.4447202940316781,0.22426562898560826
0.13668143964119175,0.039247769008147956
-0.21511189270872683,2.131251626561445
-0.21511189270872683,-0.2770423517250027
-0.07209365897513963,-0.2770423517250027
-0.07402460683607244,-0.2770423517250027
-0.004400671888003314,-0.2770423517250027
-0.21511189270872683,0.034813918219362916
-0.0435284306815056,0.039247769008147956
-0.04712183645851461,1.2542178123316114
-0.11369715931079567,0.9089595125354143
0.4668026736323875,1.1283410816716732
0.5997438590352097,0.42200520193027785
-0.03170023678952709,-0.2770423517250027
-0.08365947443137661,-0.2770423517250027
-0.07402460683607244,-0.2770423517250027
0.183038271427749,-0.2770423517250027
-0.21511189270872683,0.5402628201451518
-0.04712183645851461,-0.2770423517250027
0.18923836139444355,0.35371666935436463
-0.06891755561232596,-0.2770423517250027
-0.21511189270872683,-0.0401716056475077
0.1392622820428125,-0.2770423517250027
0.05699984012903117,0.039247769008147956
-0.003755951690774689,0.034813918219362916
-0.12287353563095205,-0.2770423517250027
0.28686599760067544,-0.2770423517250027
0.007972315685196104,-0.0401716056475077
-0.09457974476985573,-0.2770423517250027
0.2288166243554017,0.217238141751591
0.0774727470407057,-0.2770423517250027
-0.12299507852177384,-0.2770423517250027
0.0007256104532259361,-0.2770423517250027
0.1943079476784285,0.217238141751591
-0.1754393402340036,-0.0401716056475077
-0.1754393402340036,-0.2770423517250027
-0.21511189270872683,-0.2770423517250027
-0.1357667877592804,0.10310245079527625
0.3216912934154224,-0.2770423517250027
-0.21511189270872683,-0.2770423517250027
1.030617751560629,1.2468462856524245
-0.1754393402340036,-0.2770423517250027
0.18160416140401944,0.8540852557036829
-0.1754393402340036,-0.0401716056475077
-0.21511189270872683,-0.2770423517250027
-0.21511189270872683,0.3352596444031648
-0.1522323847283982,-0.2770423517250027
0.0182137502417023,-0.2770423517250027
-0.11369715931079567,0.041860399409999055
-0.002462930582902732,0.4172916494606715
-0.12287353563095205,-0.2770423517250027
0.14397756162326544,-0.2770423517250027
-0.09457974476985573,0.9115721429372653
0.4543183769358511,0.7555224620228518
-0.1754393402340036,-0.2770423517250027
-0.1754393402340036,-0.2770423517250027
-0.21511189270872683,0.9386371826186485
-0.21511189270872683,-0.2770423517250027
0.4303351005149636,-0.0401716056475077
0.1777434772994196,-0.2770423517250027
0.3588942964305808,0.3399731968727712
0.6262093873576091,-0.2770423517250027
0.10609423622898917,0.278731145487494
0.10772371736844358,0.039247769008147956
-0.21511189270872683,-0.2770423517250027
-0.08365947443137661,0.15303942051929295
-0.1522323847283982,-0.2770423517250027
0.47634239963767866,-0.2770423517250027
0.41134347008392624,0.15303942051929295
-0.1754393402340036,0.039247769008147956
0.47918488772345513,-0.2770423517250027
-0.03643658323580509,-0.0401716056475077
0.30523132131422864,1.0480506705400388
-0.21511189270872683,-0.2770423517250027
-0.08955314845248344,-0.2770423517250027
0.21021708681175263,0.2716846642968579
0.30464556865133424,0.039247769008147956
0.02084417938002021,-0.2770423517250027
0.4418618726407567,-0.2770423517250027
-0.21511189270872683,-0.2770423517250027
0.17436093999099153,0.15303942051929295
-0.21511189270872683,-0.2770423517250027
0.048165132715048235,-0.2770423517250027
0.0592079711567775,-0.2770423517250027
0.118109460272452,0.4611363750631032
-0.07977265334213493,0.034813918219362916
-0.21511189270872683,-0.2770423517250027
0.3304410925619901,-0.2770423517250027
-0.07893359002727732,-0.2770423517250027
-0.1754393402340036,-0.2770423517250027
-0.020779966451047977,0.039247769008147956
0.45606406736211597,0.041860399409999055
-0.21511189270872683,-0.2770423517250027
-0.0023222238502928687,1.4019617378832225
0.11495397776993711,0.041860399409999055
-0.1522323847283982,-0.2770423517250027
-0.21511189270872683,-0.2770423517250027
-0.1357667877592804,3.131245620797701
-0.21511189270872683,0.38991016659678795
0.3955969139511795,1.6596100182687148
-0.04407322436272654,-0.2770423517250027
-0.21511189270872683,-0.2770423517250027
-0.04407322436272654,-0.2770423517250027
0.1457034423588785,0.034813918219362916
0.718992679985113,0.15303942051929295
-0.21511189270872683,-0.2770423517250027
-0.008880662054934624,-0.2770423517250027
0.1742482799499695,-0.2770423517250027
0.059817250577358344,0.15303942051929295
-0.009214150994811,-0.2770423517250027
-0.1357667877592804,0.278731145487494
0.40607458518216677,1.1740391439047153
0.36800523093597687,0.15303942051929295
0.16203498850361842,-0.2770423517250027
-0.12287353563095205,0.041860399409999055
-0.08365947443137661,0.2716846642968579
-0.08365947443137661,-0.2770423517250027
0.4166557736173024,-0.2770423517250027
0.00712234101336165,1.721330604929011
-0.1754393402340036,0.39838409715503376
-0.1522323847283982,-0.2770423517250027
0.1933101283006097,-0.2770423517250027
-0.040491724607203274,0.15303942051929295
0.06564655769990974,-0.2770423517250027
-0.054373343252372495,0.041860399409999055
-0.0266736404721548,-0.2770423517250027
-0.12287353563095205,0.041860399409999055
0.6867355200785082,2.147874776785321
-0.03643658323580509,-0.2770423517250027
-0.0801642770819265,-0.2770423517250027
0.3346787876934396,-0.2770423517250027
-0.06580586057744044,0.48324725331555524
0.024255689756214,0.10310245079527625
0.42652877655547283,-0.2770423517250027
-0.1754393402340036,0.4652772962782811
0.056092812699063035,1.0415708008557627
-0.11369715931079567,0.22840655020078615
-0.1754393402340036,0.10310245079527625
0.27936532844004885,0.8667014831321457
-0.12287353563095205,-0.2770423517250027
-0.05999402765062343,-0.2770423517250027
0.2540535570492458,-0.2770423517250027
0.020144698102635143,0.041860399409999055
0.09936069809113642,0.19669914042998726
-0.21511189270872683,-0.2770423517250027
-0.1754393402340036,1.375526895802779
0.3914418926590686,-0.2770423517250027
0.15890580041637195,0.09838889832566983
-0.08955314845248344,0.5905874154318597
-0.21511189270872683,-0.0401716056475077
0.046457945103758856,0.041860399409999055
-0.21511189270872683,-0.2770423517250027
0.2567997850956202,-0.2770423517250027
-0.1357667877592804,-0.2770423517250027
-0.07402460683607244,0.5361408928865928
0.8625240418728001,-0.0401716056475077
-0.1522323847283982,2.6040460702034216
0.6695787028509301,0.039247769008147956
0.007251445974306824,-0.2770423517250027
0.1679824333605377,1.9323958687222285
-0.21511189270872683,0.38991016659678795
0.10225661531807574,-0.2770423517250027
-0.21511189270872683,0.034813918219362916
0.31169051122142666,-0.2770423517250027
-0.21511189270872683,-0.2770423517250027
-0.21511189270872683,-0.2770423517250027
-0.21511189270872683,-0.2770423517250027
-0.21511189270872683,0.19669914042998726
0.4370839249696908,0.91036120304284
-0.1754393402340036,0.43661971088785007
0.14336571895302577,1.1120461597678866
0.11649404683398878,0.22840655020078615
-0.07893359002727732,0.034813918219362916
-0.034352054361349235,-0.2770423517250027
-0.21511189270872683,-0.2770423517250027
-0.21511189270872683,-0.2770423517250027
0.6827659574663547,-0.2770423517250027
-0.032421106500416394,-0.2770423517250027
0.05297731952522066,-0.2770423517250027
-0.21511189270872683,-0.2770423517250027
0.2751675431425763,0.41495872073964185
-0.21511189270872683,0.039247769008147956
-0.07893359002727732,-0.2770423517250027
0.1737632558795892,-0.2770423517250027
-0.0214588022330209,-0.2770423517250027
-0.0549071922951325,-0.2770423517250027
-0.11369715931079567,-0.2770423517250027
0.012465703735639858,0.39838409715503376
-0.12299507852177384,0.4693295412524436
-0.07977265334213493,0.15303942051929295
-0.1754393402340036,0.22840655020078615
0.2906433079849509,-0.2770423517250027
-0.07209365897513963,-0.2770423517250027
0.9274288415791584,0.5905874154318597
0.09033821638384777,-0.2770423517250027
0.20608272335960512,-0.2770423517250027
0.029076650947461872,0.8494743437727226
-0.09457974476985573,-0.2770423517250027
-0.1357667877592804,-0.2770423517250027
0.24517998952768652,0.32547290511368887
-0.21511189270872683,-0.2770423517250027
-0.1754393402340036,0.43661971088785007
0.2965919573185728,-0.2770423517250027
-0.21511189270872683,-0.2770423517250027
-0.026133308102717214,-0.2770423517250027
-0.0801642770819265,0.2716846642968579
0.2034726598440121,0.8347029017701983
0.20375765112207994,-0.2770423517250027
0.3747238998227763,0.48324725331555524
0.1686758922204151,-0.2770423517250027
-0.21511189270872683,-0.2770423517250027
-0.21511189270872683,-0.2770423517250027
0.24950953037785045,-0.2770423517250027
0.09769631303471908,-0.2770423517250027
-0.1754393402340036,1.1662761728399689
-0.07402460683607244,-0.2770423517250027
0.2347551838977798,0.039247769008147956
-0.07209365897513963,-0.2770423517250027
-0.21511189270872683,-0.2770423517250027
-0.049320952514333695,-0.2770423517250027
0.13888055569701083,-0.2770423517250027
-0.21511189270872683,-0.0401716056475077
-0.21511189270872683,-0.2770423517250027
0.04290852171364134,0.10310245079527625
-0.21511189270872683,-0.2770423517250027
-0.07977265334213493,-0.2770423517250027
-0.12287353563095205,0.7209112502590536
0.4292781014732669,-0.2770423517250027
0.39121723524642,0.034813918219362916
-0.21511189270872683,0.034813918219362916
-0.21511189270872683,-0.2770423517250027
-0.1754393402340036,1.4120679714298774
-0.0023627761255851994,0.034813918219362916
-0.0029263525971118197,-0.2770423517250027
-0.020321475175900203,-0.2770423517250027
-0.07977265334213493,0.039247769008147956
0.1706032253487722,-0.2770423517250027
-0.08365947443137661,0.43661971088785007
-0.21511189270872683,0.278731145487494
0.0032359692389181257,-0.2770423517250027
0.22719802740698972,0.4470654830255971
0.41404229997206443,-0.2770423517250027
-0.08955314845248344,-0.2770423517250027
0.2880510852438958,-0.2770423517250027
0.02643249650033428,0.034813918219362916
0.32011111541000153,-0.2770423517250027
0.0687492034221851,-0.2770423517250027
0.2931694097797954,0.6267809126742829
0.3444776901329666,0.10310245079527625
-0.05999402765062343,1.1992986079292767
-0.21511189270872683,-0.2770423517250027
0.015599594380481878,0.039247769008147956
0.0639282422309372,-0.2770423517250027
-0.1754393402340036,0.15303942051929295
-0.003755951690774689,0.034813918219362916
-0.03926103755255408,-0.2770423517250027
-0.21511189270872683,-0.2770423517250027
-0.09457974476985573,0.5879747850300087
-0.04010010086741168,-0.2770423517250027
0.32353627844221006,0.09838889832566983
0.024255689756214,-0.2770423517250027
-0.08499447317359136,-0.0401716056475077
-0.1754393402340036,-0.2770423517250027
-0.21511189270872683,-0.2770423517250027
0.18690606041662977,-0.0401716056475077
-0.02924500313760272,0.5950212662206447
-0.21511189270872683,-0.2770423517250027
-0.21511189270872683,0.15303942051929295
0.5295828876333629,-0.2770423517250027
-0.1522323847283982,0.7235238806609047
0.12498129444771118,-0.2770423517250027
-0.1754393402340036,0.40462112952590285
0.09905195727234592,-0.2770423517250027
0.5638957675860908,1.200149153461187
-0.1754393402340036,-0.2770423517250027
-0.21511189270872683,-0.2770423517250027
0.35395619025622904,2.1097625003396807
-0.1522323847283982,-0.2770423517250027
-0.07893359002727732,-0.2770423517250027
0.501455715028353,-0.2770423517250027
-0.1754393402340036,0.15303942051929295
-0.049880595977760206,-0.0401716056475077
-0.04407322436272654,0.15303942051929295
0.06285395665166067,0.9923932081003468
0.10523280776855987,0.7062002873299386
-0.21511189270872683,-0.2770423517250027
0.06655718633866733,-0.2770423517250027
0.5641177441658118,0.32547290511368887
-0.21511189270872683,-0.2770423517250027
-0.1754393402340036,-0.2770423517250027
-0.21511189270872683,0.6473199139958867
-0.016054082046948685,1.2471903250975944
-0.1357667877592804,0.034813918219362916
0.0032359692389181257,-0.2770423517250027
-0.1522323847283982,-0.2770423517250027
0.14973685814744442,-0.2770423517250027
-0.12287353563095205,-0.2770423517250027
-0.1754393402340036,0.9156940701958244
0.023456304049850153,0.034813918219362916
0.18422189250567597,0.7785288996753127
-0.21511189270872683,1.0997568633884478
-0.1754393402340036,-0.2770423517250027
0.19309971932023176,0.7009041551643614
0.01318322415967567,-0.2770423517250027
1.2861279184587433,-0.2770423517250027
-0.21511189270872683,-0.2770423517250027
0.0681653989835334,-0.2770423517250027
-0.21511189270872683,-0.2770423517250027
0.21421298423820148,0.034813918219362916
0.017878484997584494,-0.2770423517250027
0.024255689756214,0.32547290511368887
-0.21511189270872683,-0.2770423517250027
-0.21511189270872683,-0.2770423517250027
0.35456375637171705,0.7659651577734515
-0.08365947443137661,-0.2770423517250027
-0.21511189270872683,-0.2770423517250027
0.34270294305191223,-0.2770423517250027
-0.21511189270872683,-0.2770423517250027
0.0792997682046684,-0.2770423517250027
0.3792007340073785,0.217238141751591
0.28272707263786034,-0.2770423517250027
-0.1357667877592804,-0.2770423517250027
0.08478907309398334,1.1703753764368334
-0.21511189270872683,-0.2770423517250027
0.33017932353991,-0.2770423517250027
-0.1754393402340036,0.4172916494606715
-0.21511189270872683,0.7903899707903145
0.15460235137868036,0.034813918219362916
0.024971761697073942,-0.2770423517250027
-0.21511189270872683,-0.2770423517250027
0.259085224045095,0.278731145487494
-0.1754393402340036,-0.2770423517250027
0.3577034072717709,0.10310245079527625
-0.1754393402340036,0.217238141751591
0.09936069809113642,2.8005229611045706
-0.21511189270872683,0.2716846642968579
-0.21511189270872683,-0.2770423517250027
-0.21511189270872683,-0.2770423517250027
-0.0004941340089708645,-0.2770423517250027
0.8336905294972203,0.5879747850300087
0.48117726628777213,-0.2770423517250027
0.14555008044051165,-0.2770423517250027
0.282424551186735,0.7338614718746436
0.05015174312666912,-0.2770423517250027
-0.07893359002727732,-0.2770423517250027
-0.21511189270872683,-0.2770423517250027
-0.21511189270872683,0.039247769008147956
-0.09457974476985573,0.41495872073964185
0.11591034421663292,-0.2770423517250027
0.046457945103758856,-0.2770423517250027
0.07521022724000294,-0.2770423517250027
-0.1754393402340036,1.3534270708001281
0.5691297077422834,0.32547290511368887
0.3232679541661286,0.7555224620228518
0.006834988628075403,0.27611851508564295
0.6276211382431357,-0.2770423517250027
-0.1754393402340036,-0.2770423517250027
0.11115088914677476,-0.2770423517250027
0.24393262776677435,0.27295448844926334
0.08535207507693862,0.38991016659678795
-0.0549071922951325,-0.2770423517250027
0.3576148446876598,1.2713629498276777
-0.03926103755255408,-0.2770423517250027
-0.020925212089874873,-0.2770423517250027
-0.043428504165497914,0.034813918219362916
-0.1754393402340036,-0.2770423517250027
-0.03643658323580509,-0.2770423517250027
-0.21511189270872683,0.19669914042998726
-0.002462930582902732,0.27611851508564295
0.1277546434095503,-0.0401716056475077
0.05153413742017092,-0.2770423517250027
-0.06580586057744044,0.4470654830255971
-0.11369715931079567,0.22426562898560826
0.1706032253487722,-0.2770423517250027
0.08213024009074549,-0.2770423517250027
0.5167931602462673,0.6562633176059219
0.1730423861686999,0.10310245079527625
0.4014590459279242,0.10310245079527625
0.282008718651334,0.039247769008147956
0.5309867341518039,-0.2770423517250027
-0.12287353563095205,0.10310245079527625
0.14192916779279896,0.034813918219362916
-0.010208043503036977,-0.2770423517250027
0.21892072263825954,-0.0401716056475077
0.081271110386317,-0.2770423517250027
-0.08365947443137661,-0.2770423517250027
0.16950659628942857,0.034813918219362916
0.7832312688750073,0.40462112952590285
-0.11369715931079567,-0.2770423517250027
0.4250975880873772,0.40462112952590285
0.06360511843355457,-0.2770423517250027
-0.21511189270872683,-0.2770423517250027
-0.016893145361806285,0.8540852557036829
-0.020925212089874873,-0.2770423517250027
-0.05081765133046704,-0.2770423517250027
0.09631374111864069,-0.2770423517250027
-0.026133308102717214,-0.2770423517250027
-0.21511189270872683,0.8498183832178924
0.4779008620929899,0.40462112952590285
-0.1754393402340036,-0.2770423517250027
0.023334761159028425,-0.2770423517250027
-0.1754393402340036,-0.2770423517250027
-0.04398692195665337,-0.2770423517250027
0.3689568023136984,0.041860399409999055
0.0639282422309372,0.7146742178881844
-0.21511189270872683,-0.2770423517250027
0.27200026283494744,-0.2770423517250027
-0.045321920698868104,0.3511040389525136
-0.045321920698868104,-0.2770423517250027
0.07969492390221196,1.186056191079915
0.3339732828395901,-0.2770423517250027
-0.21511189270872683,-0.2770423517250027
-0.21511189270872683,-0.2770423517250027
-0.1522323847283982,0.041860399409999055
0.10772371736844358,-0.0401716056475077
-0.03926103755255408,-0.2770423517250027
-0.21511189270872683,-0.2770423517250027
0.11283097940258394,-0.2770423517250027
-0.1754393402340036,0.7974364519809505
0.041420705747307704,-0.2770423517250027
0.5798704071602049,3.464605182108133
-0.07209365897513963,-0.2770423517250027
0.19497830059758206,0.5402628201451518
0.0378001945659825,-0.2770423517250027
0.12526912500652596,0.10310245079527625
0.2923449019901615,0.15303942051929295
-0.21511189270872683,-0.2770423517250027
0.07951059222411522,-0.2770423517250027
0.06238537397135772,2.704237431352084
0.7340945525152408,-0.2770423517250027
0.029076650947461872,0.034813918219362916
-0.21511189270872683,-0.2770423517250027
-0.21511189270872683,-0.2770423517250027
-0.21511189270872683,0.10310245079527625
0.1057969125437697,-0.2770423517250027
-0.21511189270872683,-0.2770423517250027
0.10622973881339054,-0.2770423517250027
0.023566561049780062,1.0186969242464772
0.08629770670368928,0.10310245079527625
-0.1754393402340036,-0.2770423517250027
-0.08365947443137661,0.10310245079527625
0.30380650533647663,-0.0401716056475077
-0.1754393402340036,0.5768439429502662
0.6541124187683125,-0.2770423517250027
-0.06878205302792458,0.5905874154318597
0.17841760558733263,-0.2770423517250027
0.43947429522805476,0.278731145487494
0.46049904204614334,0.4693295412524436
0.09210507831872296,-0.2770423517250027
1.3443396209625564,1.675347124615326
-0.08365947443137661,0.09838889832566983
0.183038271427749,-0.2770423517250027
1.3891784173015194,0.4693295412524436
-0.014700790777649261,-0.2770423517250027
-0.21511189270872683,-0.2770423517250027
0.13909798862824937,-0.2770423517250027
0.05734150903520459,-0.2770423517250027
0.14430608464109174,2.4555350260044704
-0.21511189270872683,-0.2770423517250027
-0.1754393402340036,0.039247769008147956
-0.07977265334213493,0.034813918219362916
-0.1522323847283982,1.7781276416136982
-0.03643658323580509,0.039247769008147956
0.17822593483273566,0.10310245079527625
0.024255689756214,0.034813918219362916
0.03222326849093182,0.039247769008147956
-0.0029263525971118197,-0.2770423517250027
-0.21511189270872683,-0.2770423517250027
0.5893780530651481,-0.2770423517250027
0.15065824993734628,1.6503599555501705
0.31469533225314167,0.10310245079527625
0.1034437790629807,1.5175910764957101
0.6118463895410424,1.2120368148184184
-0.21511189270872683,-0.2770423517250027
0.368591569046096,0.217238141751591
-0.21511189270872683,0.039247769008147956
0.20048986163914448,0.41939257152842685
-0.1754393402340036,-0.2770423517250027
1.0106451007698785,0.039247769008147956
-0.03170023678952709,-0.2770423517250027
0.17717333658278853,-0.2770423517250027
-0.21511189270872683,-0.2770423517250027
0.4031031198979355,0.039247769008147956
-0.21511189270872683,1.0946935111082028
-0.21511189270872683,-0.2770423517250027
0.021250456316004626,0.43661971088785007
0.6137543794815554,2.8766552405690335
0.1483381513691603,0.15303942051929295
-0.12299507852177384,-0.2770423517250027
0.42282944887550983,-0.2770423517250027
-0.21511189270872683,-0.2770423517250027
-0.21511189270872683,-0.2770423517250027
0.30769578422990307,-0.2770423517250027
-0.05081765133046704,-0.2770423517250027
0.37019515581804163,-0.0401716056475077
-0.1522323847283982,-0.0401716056475077
0.2348659576536405,-0.2770423517250027
0.10778186641282766,0.034813918219362916
-0.21511189270872683,-0.2770423517250027
-0.06878205302792458,-0.2770423517250027
-0.1754393402340036,-0.2770423517250027
0.5714141596312571,1.1729880068386844
-0.040491724607203274,0.2716846642968579
-0.004400671888003314,0.034813918219362916
-0.21511189270872683,-0.2770423517250027
0.15616659930871196,-0.0401716056475077
-0.0549071922951325,1.457089961142998
-0.21511189270872683,0.39838409715503376
-0.21511189270872683,-0.2770423517250027
0.15065824993734628,0.15303942051929295
-0.0549071922951325,0.217238141751591
0.20758478393018182,0.19669914042998726
-0.1754393402340036,-0.2770423517250027
-0.1754393402340036,-0.2770423517250027
-0.21511189270872683,-0.2770423517250027
-0.043428504165497914,-0.2770423517250027
0.15215135201854352,-0.2770423517250027
-0.004400671888003314,-0.0401716056475077
-0.1754393402340036,-0.0401716056475077
0.22699690209806994,-0.2770423517250027
-0.1754393402340036,-0.2770423517250027
0.12513119586355492,0.217238141751591
0.002685208625291341,-0.2770423517250027
-0.08320098315622884,0.6588759480077729
-0.0023627761255851994,-0.2770423517250027
-0.21511189270872683,-0.2770423517250027
-0.1754393402340036,0.41939257152842685
-0.07402460683607244,-0.2770423517250027
0.26045575802304205,0.09838889832566983
0.5179389940129575,-0.2770423517250027
0.11714529951542896,0.041860399409999055
0.029076650947461872,0.7146742178881844
0.7873724984735768,-0.2770423517250027
-0.07893359002727732,1.8765286027021224
0.1657101978379794,-0.2770423517250027
0.32766911926353676,-0.2770423517250027
-0.1522323847283982,-0.2770423517250027
-0.21511189270872683,-0.2770423517250027
0.1154166287574862,0.454108887829086
0.0681093139381044,-0.2770423517250027
-0.21511189270872683,-0.2770423517250027
-0.045321920698868104,0.15303942051929295
0.13634494507847758,0.10310245079527625
0.11722033912760087,-0.2770423517250027
0.14367597500113038,0.09838889832566983
-0.03643658323580509,-0.2770423517250027
-0.1522323847283982,-0.0401716056475077
-0.11255983225367498,-0.2770423517250027
0.00712234101336165,-0.2770423517250027
0.05297731952522066,-0.2770423517250027
0.1406768460415062,-0.2770423517250027
-0.06878205302792458,-0.2770423517250027
0.43736961041244043,0.10310245079527625
0.015757671521814013,-0.2770423517250027
0.183038271427749,0.35371666935436463
-0.1754393402340036,-0.2770423517250027
0.1145592729155439,0.039247769008147956
0.9759284710154393,0.10310245079527625
0.1222382672825392,0.15303942051929295
0.15011345625612543,-0.2770423517250027
-0.1522323847283982,0.7729926450074688
-0.014700790777649261,-0.2770423517250027
-0.21511189270872683,1.385666815979436
-0.11369715931079567,0.7312488414727926
0.24111562034620154,-0.2770423517250027
-0.21511189270872683,-0.2770423517250027
-0.21511189270872683,-0.2770423517250027
-0.21511189270872683,0.034813918219362916
-0.21511189270872683,-0.2770423517250027
-0.1357667877592804,0.6700067900875154
-0.1522323847283982,-0.2770423517250027
-0.21511189270872683,-0.2770423517250027
-0.042035328600308446,0.454108887829086
-0.21511189270872683,-0.2770423517250027
0.13628981946068508,-0.2770423517250027
0.16342816406880795,0.3466701881637285
-0.21511189270872683,0.22426562898560826
-0.006038047631997344,1.1069597932042863
-0.21511189270872683,-0.2770423517250027
0.20106282078111307,0.7146742178881844
0.24156926035270948,-0.2770423517250027
-0.06878205302792458,0.034813918219362916
0.5323535226054578,0.41024516827003543
0.1762508197523501,0.5879747850300087
-0.040491724607203274,-0.2770423517250027
0.1762433659525529,-0.2770423517250027
0.12705174638934694,0.39838409715503376
-0.21511189270872683,-0.2770423517250027
0.33919765436219695,0.10310245079527625
0.2597698612332881,-0.2770423517250027
-0.21511189270872683,-0.0401716056475077
0.05788630271642554,0.7338614718746436
-0.0801642770819265,-0.2770423517250027
-0.08320098315622884,-0.2770423517250027
-0.01272776485365948,2.4002669406321377
-0.12287353563095205,0.039247769008147956
0.2844722220166913,0.034813918219362916
-0.21511189270872683,-0.2770423517250027
-0.21511189270872683,0.8551016024090504
-0.21511189270872683,1.1829916038652963
0.14510485730228626,0.4172916494606715
-0.12287353563095205,-0.2770423517250027
0.7415765040801304,0.43661971088785007
-0.11369715931079567,0.034813918219362916
-0.0004941340089708645,-0.2770423517250027
1.2281860614360547,0.5331842230395719
-0.21511189270872683,0.217238141751591
-0.12299507852177384,-0.2770423517250027
0.5011886145101815,-0.2770423517250027
-0.21511189270872683,-0.2770423517250027
-0.21511189270872683,0.034813918219362916
0.19185853363259742,0.5361408928865928
-0.21511189270872683,-0.2770423517250027
1.1066530357864761,0.15303942051929295
0.8152291408135995,0.15303942051929295
0.19375913222616342,1.8642058736953682
-0.09457974476985573,0.43661971088785007
0.4093462950186122,0.4172916494606715
0.2787049583196177,1.0501515926077942
0.21242036266750614,1.3690543437427958
0.06933960686019437,-0.2770423517250027
-0.21511189270872683,-0.2770423517250027
-0.1522323847283982,-0.2770423517250027
0.13325195008433768,-0.2770423517250027
0.3569626714847874,-0.2770423517250027
-0.045001022982744124,0.10310245079527625
-0.01728476910159789,-0.2770423517250027
-0.21511189270872683,0.673490456965345
0.7233564918709037,-0.2770423517250027
-0.07893359002727732,0.039247769008147956
0.37604759243313796,-0.2770423517250027
0.10587752796578843,-0.2770423517250027
-0.08320098315622884,-0.2770423517250027
0.39807734061375794,-0.2770423517250027
-0.022114965193262722,-0.2770423517250027
-0.21511189270872683,-0.2770423517250027
-0.21511189270872683,0.4648956904636586
-0.09457974476985573,0.8550246500649755
-0.06891755561232596,-0.2770423517250027
-0.040491724607203274,-0.2770423517250027
0.2757833305664514,-0.2770423517250027
0.13141677554352713,-0.2770423517250027
-0.21511189270872683,-0.2770423517250027
-0.21511189270872683,-0.2770423517250027
0.7098332249309338,-0.2770423517250027
0.7723550435549394,0.41495872073964185
0.6219614828720016,0.15303942051929295
0.01874734038484833,-0.2770423517250027
0.09765878170715643,-0.2770423517250027
-0.21511189270872683,-0.2770423517250027
-0.009214150994811,-0.2770423517250027
-0.21511189270872683,-0.0401716056475077
0.038447570096207216,0.9516410592172092
0.4786790855884997,0.22426562898560826
0.07147833667205156,-0.2770423517250027
-0.1754393402340036,0.034813918219362916
-0.21511189270872683,-0.2770423517250027
-0.1754393402340036,0.09838889832566983
-0.21511189270872683,-0.2770423517250027
0.35527792668157365,0.034813918219362916
0.3479255958879893,0.40462112952590285
-0.21511189270872683,-0.2770423517250027
-0.1754393402340036,0.034813918219362916
-0.21511189270872683,-0.2770423517250027
0.8482702792081149,-0.2770423517250027
0.7366151876931663,0.9662226651308884
-0.21511189270872683,0.35553788974129863
-0.21511189270872683,-0.2770423517250027
-0.02158034512384269,-0.2770423517250027
-0.12287353563095205,-0.0401716056475077
-0.06580586057744044,-0.2770423517250027
0.04195429589045375,-0.2770423517250027
-0.043428504165497914,0.041860399409999055
0.1912903143501207,0.454108887829086
-0.06580586057744044,0.9897805776984957
-0.21511189270872683,-0.2770423517250027
-0.04010010086741168,0.034813918219362916
-0.01728476910159789,0.278731145487494
-0.08499447317359136,-0.2770423517250027
0.08335769502284014,0.034813918219362916
0.24678462341102608,-0.2770423517250027
-0.21511189270872683,-0.2770423517250027
0.11085795347859409,-0.2770423517250027
-0.11369715931079567,0.7102403670993994
0.2679865668264219,-0.2770423517250027
-0.21511189270872683,-0.2770423517250027
0.568832382602455,0.5361408928865928
-0.21511189270872683,-0.2770423517250027
0.11248264019039417,-0.2770423517250027
-0.21511189270872683,-0.0401716056475077
-0.21511189270872683,-0.2770423517250027
-0.09457974476985573,-0.2770423517250027
0.03527188058671992,0.536121898929974
0.27202836692344684,0.15303942051929295
0.5722176642863611,0.10310245079527625
-0.08499447317359136,-0.2770423517250027
-0.21511189270872683,-0.2770423517250027
0.06238537397135772,1.572093477218031
0.24199245671636901,0.15303942051929295
-0.21511189270872683,-0.2770423517250027
0.113082536457795,1.5219961623433849
-0.21511189270872683,0.7703990085622366
-0.12287353563095205,1.373806908902507
0.1430132913095249,-0.2770423517250027
0.20686795996904989,0.41939257152842685
-0.21511189270872683,-0.2770423517250027
0.09414297408114106,-0.2770423517250027
-0.21511189270872683,-0.2770423517250027
-0.21511189270872683,-0.2770423517250027
-0.21511189270872683,0.041860399409999055
-0.1754393402340036,-0.2770423517250027
-0.21511189270872683,-0.2770423517250027
-0.21511189270872683,0.15303942051929295
-0.08499447317359136,1.1554279781368748
-0.1522323847283982,-0.2770423517250027
-0.21511189270872683,-0.2770423517250027
-0.12299507852177384,0.039247769008147956
0.5397995171308634,-0.2770423517250027
-0.12287353563095205,-0.2770423517250027
-0.1357667877592804,0.039247769008147956
0.2670976056367253,0.217238141751591
-0.1754393402340036,-0.2770423517250027
-0.21511189270872683,-0.2770423517250027
0.7134990370372518,0.15303942051929295
0.4976924457226887,0.32547290511368887
-0.21511189270872683,-0.2770423517250027
0.32213118246962763,0.32547290511368887
-0.21511189270872683,0.10310245079527625
-0.045321920698868104,-0.2770423517250027
-0.07977265334213493,-0.2770423517250027
-0.21511189270872683,0.034813918219362916
0.550461276561577,0.10310245079527625
-0.026133308102717214,-0.2770423517250027
0.4947601627030533,-0.2770423517250027
-0.1754393402340036,0.8453845324291072
0.16057582101504764,0.034813918219362916
0.10290133551530431,-0.2770423517250027
-0.21511189270872683,0.39838409715503376
-0.0004941340089708645,1.200149153461187
-0.03170023678952709,-0.2770423517250027
-0.1357667877592804,-0.2770423517250027
0.3900982389876414,0.9632659952838675
-0.1754393402340036,0.7762633168756173
-0.042035328600308446,-0.2770423517250027
0.2162414913713336,-0.2770423517250027
0.829291364972717,0.22426562898560826
-0.21511189270872683,-0.0401716056475077
0.2566998585796125,0.7164773994702686
-0.08320098315622884,-0.2770423517250027
0.33386482082762237,0.4693295412524436
-0.1522323847283982,-0.2770423517250027
0.3125164465182857,-0.0401716056475077
-0.21511189270872683,0.3511040389525136
-0.049880595977760206,-0.2770423517250027
-0.0004941340089708645,-0.2770423517250027
0.5915761514937603,-0.2770423517250027
0.26153351711165235,-0.2770423517250027
-0.04010010086741168,-0.2770423517250027
0.48759561974640686,1.3343023968878094
-0.1754393402340036,-0.2770423517250027
-0.045321920698868104,0.3511040389525136
-0.09457974476985573,-0.2770423517250027
-0.042035328600308446,0.454108887829086
-0.08365947443137661,0.10310245079527625
-0.009214150994811,0.22426562898560826
0.22594876698007235,-0.2770423517250027
0.02694478762106371,0.034813918219362916
0.32673158829122745,0.27611851508564295
-0.03926103755255408,0.039247769008147956
-0.0266736404721548,0.039247769008147956
0.1185235234151988,-0.2770423517250027
0.27541948183256715,1.4904140230208769
-0.0801642770819265,-0.2770423517250027
-0.21511189270872683,-0.2770423517250027
0.0639282422309372,1.3580377188615431
-0.004400671888003314,0.7088129177317897
-0.21511189270872683,-0.2770423517250027
-0.21511189270872683,0.041860399409999055
0.06808177261060162,-0.2770423517250027
0.7135213507521448,1.2208533488492326
0.8513247789444797,0.041860399409999055
0.3885546349945363,-0.2770423517250027
0.20116691488575425,0.7785288996753127
-0.1522323847283982,3.4566576172350976
0.07623779174190969,0.9156940701958244
0.2758423970393213,-0.2770423517250027
-0.009214150994811,-0.2770423517250027
0.03730977634913804,-0.2770423517250027
-0.07209365897513963,0.041860399409999055
0.36385597359371435,-0.2770423517250027
-0.0801642770819265,-0.2770423517250027
-0.07209365897513963,-0.2770423517250027
0.040759494596736175,-0.2770423517250027
0.05755103747230772,0.9536192957912052
-0.21511189270872683,0.041860399409999055
-0.043428504165497914,-0.2770423517250027
0.33406412460837825,-0.2770423517250027
0.8999695355224515,0.7146742178881844
0.7563982894409566,-0.2770423517250027
-0.1754393402340036,0.4611363750631032
0.5496143892491627,0.35815052014314974
-0.03075672144399905,0.217238141751591
0.5766713159287201,4.274406884264353
0.9825970016418462,-0.2770423517250027
0.4850858601156898,-0.2770423517250027
0.7530558658430279,0.27611851508564295
0.17054453433702943,0.8989016230024965
-0.1754393402340036,0.034813918219362916
0.04195429589045375,0.039247769008147956
-0.03926103755255408,0.034813918219362916
-0.21511189270872683,0.27611851508564295
-0.1754393402340036,2.3525577387812064
0.02084417938002021,0.35553788974129863
0.05015174312666912,1.4454814179971032
0.3901974516678512,-0.0401716056475077
-0.0435284306815056,1.761545187984276
0.4067668149135386,0.15303942051929295
0.23514558475565275,-0.2770423517250027
-0.042035328600308446,-0.2770423517250027
0.024255689756214,0.034813918219362916
0.2718569332826016,1.0981182937280523
-0.21511189270872683,-0.2770423517250027
-0.016893145361806285,0.43661971088785007
0.1434372292538279,0.5361408928865928
-0.21511189270872683,-0.2770423517250027
-0.032421106500416394,-0.2770423517250027
0.49192871571399643,-0.2770423517250027
0.15275508893251818,0.039247769008147956
0.12404414127510309,-0.2770423517250027
-0.1754393402340036,-0.2770423517250027
-0.1754393402340036,-0.2770423517250027
-0.1754393402340036,0.217238141751591
0.341336895215113,-0.2770423517250027
-0.1754393402340036,1.2522703918303026
-0.1522323847283982,0.034813918219362916
0.2935674832071895,-0.2770423517250027
-0.1754393402340036,-0.2770423517250027
-0.06580586057744044,-0.2770423517250027
-0.21511189270872683,-0.2770423517250027
0.11714529951542896,0.041860399409999055
0.15022458631020794,0.43661971088785007
0.06804385609271162,0.041860399409999055
0.39472848475762823,-0.2770423517250027
-0.12287353563095205,-0.2770423517250027
-0.21511189270872683,-0.2770423517250027
-0.1754393402340036,-0.2770423517250027
0.30731330433399234,0.10310245079527625
-0.1522323847283982,-0.2770423517250027
-0.07893359002727732,-0.2770423517250027
-0.21511189270872683,-0.2770423517250027
0.03002415243511276,-0.2770423517250027
0.08055772127349926,0.039247769008147956
-0.21511189270872683,-0.2770423517250027
-0.1754393402340036,-0.2770423517250027
-0.21511189270872683,0.22426562898560826
0.050203028477466355,-0.2770423517250027
-0.0053284705080209015,0.034813918219362916
0.2926717510843121,0.039247769008147956
0.40453621467206785,-0.2770423517250027
-0.21511189270872683,-0.2770423517250027
-0.026133308102717214,-0.2770423517250027
-0.016105991424943157,0.217238141751591
-0.08320098315622884,0.5926693918022635
-0.21511189270872683,0.039247769008147956
0.0997521814878231,1.0653366154768245
0.22709005230927826,0.039247769008147956
-0.07209365897513963,-0.2770423517250027
0.07230523284472978,-0.2770423517250027
-0.1754393402340036,-0.2770423517250027
0.22230880025993158,0.8447607913031162
0.0025636657344695686,0.22426562898560826
0.14068047145665735,-0.2770423517250027
0.09888052363150078,-0.2770423517250027
0.0032359692389181257,-0.2770423517250027
-0.049320952514333695,0.041860399409999055
-0.02910950055320134,-0.2770423517250027
-0.0549071922951325,-0.2770423517250027
-0.1357667877592804,1.3941491148204206
-0.1522323847283982,0.09838889832566983
-0.07893359002727732,-0.2770423517250027
-0.21511189270872683,0.041860399409999055
-0.1754393402340036,0.7164773994702686
-0.21511189270872683,-0.2770423517250027
0.03553767476527974,0.034813918219362916
0.3205534996683531,-0.2770423517250027
0.08811104143845469,-0.2770423517250027
0.0681093139381044,-0.2770423517250027
-0.04010010086741168,0.10310245079527625
-0.21511189270872683,-0.2770423517250027
0.20344855330469627,-0.0401716056475077
-0.21511189270872683,0.039247769008147956
-0.21511189270872683,1.2030744172517644
-0.04407322436272654,-0.2770423517250027
0.43342756443236624,-0.2770423517250027
0.7753026859428395,-0.2770423517250027
0.08713519773654264,0.35553788974129863
-0.1357667877592804,-0.2770423517250027
-0.1754393402340036,-0.2770423517250027
-0.1754393402340036,0.4470654830255971
0.1547871794363786,0.5331842230395719
-0.1754393402340036,0.5905874154318597
0.11054003843901887,0.673490456965345
-0.21511189270872683,0.034813918219362916
-0.0006042734365541018,0.039247769008147956
0.5719167846165845,-0.2770423517250027
0.4175067611444694,0.039247769008147956
0.21725261727167813,1.0927180983407079
0.23260284335492645,-0.2770423517250027
-0.1522323847283982,0.22840655020078615
0.030978999486387663,0.09838889832566983
0.05174663247057148,-0.2770423517250027
0.6520891308220194,-0.2770423517250027
0.03730977634913804,2.1284823033978912
-0.1754393402340036,-0.2770423517250027
0.07938904933329345,-0.2770423517250027
0.4069655743735036,0.4648956904636586
-0.08499447317359136,-0.2770423517250027
0.21833482244321267,0.041860399409999055
-0.21511189270872683,-0.2770423517250027
-0.0435284306815056,-0.0401716056475077
-0.21511189270872683,-0.2770423517250027
0.15616659930871196,-0.2770423517250027
-0.21511189270872683,-0.2770423517250027
-0.007449283983791397,0.6588759480077729
0.30771642796389265,-0.0401716056475077
-0.1754393402340036,-0.2770423517250027
-0.21511189270872683,0.034813918219362916
-0.08320098315622884,1.5096801392294013
0.27201795874670337,-0.0401716056475077
-0.21511189270872683,-0.2770423517250027
-0.21511189270872683,-0.2770423517250027
0.176353992115915,-0.0401716056475077
0.7469596913491166,-0.2770423517250027
-0.21511189270872683,0.039247769008147956
0.6424803267422042,0.15303942051929295
-0.21511189270872683,-0.2770423517250027
-0.1754393402340036,0.41024516827003543
-0.21511189270872683,-0.2770423517250027
0.12319596813065821,1.5809611787956008
0.22692674459404316,0.7847659320461818
0.337878370576202,0.8667014831321457
-0.21511189270872683,0.43661971088785007
-0.0023627761255851994,-0.2770423517250027
0.20293099922913574,0.039247769008147956
-0.21511189270872683,0.4693295412524436
0.22882705259959088,0.35815052014314974
-0.04398692195665337,-0.2770423517250027
-0.011145098855743841,1.2251852955042164
-0.21511189270872683,-0.2770423517250027
-0.09457974476985573,-0.2770423517250027
-0.0266736404721548,0.3399731968727712
-0.1754393402340036,0.15303942051929295
0.16093031086682022,-0.2770423517250027
0.0378001945659825,-0.2770423517250027
-0.21511189270872683,0.034813918219362916
-0.21511189270872683,0.3399731968727712
0.38660602036074315,-0.0401716056475077
-0.03643658323580509,0.15303942051929295
0.11929321839551561,0.8667014831321457
-0.21511189270872683,-0.2770423517250027
-0.01272776485365948,0.034813918219362916
0.7060897044540189,0.7633556037587478
0.18295181923683496,-0.2770423517250027
-0.02910950055320134,-0.2770423517250027
0.43235871031404777,-0.2770423517250027
-0.009648400039610474,0.43661971088785007
0.43452497096977594,1.221425980103661
-0.21511189270872683,0.43661971088785007
-0.0549071922951325,0.3511040389525136
-0.21511189270872683,0.2716846642968579
0.017878484997584494,0.278731145487494
-0.21511189270872683,-0.2770423517250027
-0.21511189270872683,-0.2770423517250027
0.010427549337120482,-0.2770423517250027
-0.1522323847283982,0.15303942051929295
0.20090395597221183,-0.0401716056475077
-0.0023413876920809597,0.454108887829086
-0.21511189270872683,0.10310245079527625
0.5136177103223689,0.6085513527210651
0.05161459232654515,-0.2770423517250027
0.22308138706613614,-0.2770423517250027
0.12180401823773977,-0.2770423517250027
0.2094835831092115,-0.2770423517250027
-0.1754393402340036,-0.2770423517250027
0.01318322415967567,2.0544407900695747
-0.21511189270872683,-0.2770423517250027
-0.1522323847283982,1.4866547076203216
-0.1754393402340036,-0.2770423517250027
-0.049880595977760206,0.217238141751591
-0.0801642770819265,0.5768439429502662
0.10778186641282766,1.0903851696196782
-0.21511189270872683,0.22426562898560826
-0.1754393402340036,-0.2770423517250027
0.35428857005107145,-0.2770423517250027
-0.21511189270872683,-0.2770423517250027
0.7518756006896761,-0.2770423517250027
-0.054373343252372495,-0.2770423517250027
0.4934220463921243,1.3840826738501233
-0.06580586057744044,-0.2770423517250027
0.053231107940718156,2.583331901310783
0.5070455782692869,1.9689881536410783
0.2049442252700299,-0.2770423517250027
0.15233793213619942,-0.2770423517250027
-0.11369715931079567,-0.2770423517250027
0.07874083151289232,-0.2770423517250027
-0.21511189270872683,0.039247769008147956
-0.11369715931079567,-0.2770423517250027
0.007251445974306824,-0.2770423517250027
0.11098569746262309,0.10310245079527625
-0.1754393402340036,0.43661971088785007
-0.12299507852177384,1.14475599013248
0.1602261281250574,-0.0401716056475077
0.3732735050139428,1.6424626265078839
-0.21511189270872683,-0.2770423517250027
0.29506534054567196,0.5402628201451518
-0.007449283983791397,0.15303942051929295
0.11738965468147596,0.15303942051929295
0.26616013069380473,0.39838409715503376
0.39294886812004987,0.7484759808322157
0.05742781144127776,0.10310245079527625
0.3876067607703023,0.278731145487494
-0.21511189270872683,0.7068406543021116
-0.21511189270872683,0.43661971088785007
-0.016054082046948685,0.9577819963365485
-0.032421106500416394,-0.2770423517250027
-0.054373343252372495,0.816764513408129
0.04290852171364134,-0.2770423517250027
0.5339943292399755,-0.2770423517250027
-0.03926103755255408,0.35815052014314974
0.5536356963729089,0.8996920778656448
0.03180578419732833,-0.2770423517250027
0.05450745677201759,-0.2770423517250027
0.09210507831872296,0.034813918219362916
-0.21511189270872683,0.4648956904636586
-0.11369715931079567,0.41024516827003543
0.3267006653983542,0.3466701881637285
-0.09457974476985573,0.039247769008147956
0.20002022349060242,-0.2770423517250027
0.1966950345361929,0.3511040389525136
-0.07209365897513963,0.039247769008147956
-0.21511189270872683,0.15303942051929295
-0.1754393402340036,0.43661971088785007
0.22986960102295853,1.4781324427843345
-0.21511189270872683,2.340633475458569
-0.1357667877592804,0.7767519604080242
-0.21511189270872683,-0.2770423517250027
-0.0801642770819265,0.9162856954068715
-0.04398692195665337,0.8609867916670876
0.5716056943112888,0.22840655020078615
-0.0023627761255851994,0.041860399409999055
-0.21511189270872683,-0.2770423517250027
0.07753756630012547,0.041860399409999055
-0.12287353563095205,0.22840655020078615
-0.21511189270872683,0.8550436440215944
-0.21511189270872683,-0.2770423517250027
-0.04398692195665337,-0.2770423517250027
1.1417465607293589,-0.2770423517250027
-0.21511189270872683,-0.2770423517250027
0.0804320470714594,0.22426562898560826
-0.1754393402340036,-0.0401716056475077
-0.03170023678952709,1.0844291734741993
-0.21511189270872683,-0.0401716056475077
-0.007449283983791397,0.43661971088785007
0.03180578419732833,-0.2770423517250027
-0.21511189270872683,2.510567154012716
0.04235776110001457,-0.2770423517250027
0.5468838403534996,0.039247769008147956
-0.020925212089874873,-0.2770423517250027
0.7510060296766969,0.15303942051929295
0.36100527890795503,0.10310245079527625
-0.1754393402340036,-0.2770423517250027
-0.1754393402340036,-0.2770423517250027
0.5657596016770889,1.5367618637677607
0.06120512182555337,1.4154284991540065
-0.014700790777649261,-0.2770423517250027
0.21027577782349552,0.42200520193027785
-0.08320098315622884,-0.2770423517250027
-0.21511189270872683,0.034813918219362916
-0.016054082046948685,-0.2770423517250027
-0.21511189270872683,0.09838889832566983
-0.08955314845248344,-0.2770423517250027
-0.21511189270872683,-0.2770423517250027
-0.000427548392688476,0.15303942051929295
0.04008406739689236,0.034813918219362916
-0.21511189270872683,-0.2770423517250027
-0.21511189270872683,-0.2770423517250027
0.018806283617602098,-0.2770423517250027
-0.1754393402340036,-0.2770423517250027
0.013304767050497457,-0.2770423517250027
-0.1754393402340036,-0.0401716056475077
0.14745441888755087,0.9059291102365138
0.181390534574875,0.2716846642968579
-0.21511189270872683,0.41939257152842685
-0.03926103755255408,0.10310245079527625
-0.21511189270872683,0.4652772962782811
-0.1522323847283982,0.36076315054500063
0.013304767050497457,0.041860399409999055
0.3801300126936484,1.2235650139894059
-0.21511189270872683,-0.2770423517250027
-0.21511189270872683,2.6594545429802547
0.1602261281250574,0.35815052014314974
-0.21511189270872683,0.034813918219362916
-0.21511189270872683,-0.2770423517250027
-0.21511189270872683,-0.2770423517250027
-0.1754393402340036,0.034813918219362916
-0.11369715931079567,-0.2770423517250027
-0.21511189270872683,0.041860399409999055
0.40276115241738447,0.15303942051929295
0.09888052363150078,0.10310245079527625
-0.21511189270872683,0.7146742178881844
0.44911309288555423,-0.2770423517250027
-0.12287353563095205,-0.2770423517250027
-0.1754393402340036,0.22840655020078615
0.33250508287920805,0.22426562898560826
-0.07977265334213493,0.15303942051929295
-0.1754393402340036,-0.2770423517250027
-0.054373343252372495,0.43661971088785007
0.10866617937223795,0.041860399409999055
0.6067095185076884,0.10310245079527625
0.43267299425322736,-0.2770423517250027
-0.1357667877592804,1.0501515926077942
-0.21511189270872683,0.034813918219362916
-0.1754393402340036,-0.2770423517250027
-0.21511189270872683,-0.2770423517250027
-0.21511189270872683,-0.2770423517250027
0.7920919403107048,-0.2770423517250027
0.19748159309052385,0.3399731968727712
0.18706882231789,0.5331842230395719
-0.1754393402340036,0.039247769008147956
-0.1357667877592804,-0.2770423517250027
0.11286944889548126,0.43661971088785007
0.22147117114554102,-0.2770423517250027
-0.21511189270872683,-0.2770423517250027
0.4201923042079211,-0.2770423517250027
-0.08499447317359136,0.5918572395842651
-0.015234639820409275,0.278731145487494
0.49468613781590953,-0.2770423517250027
-0.08499447317359136,-0.2770423517250027
0.32805097186298793,0.3466701881637285
0.6328846308095157,0.40462112952590285
-0.21511189270872683,0.7729926450074688
0.048165132715048235,-0.0401716056475077
-0.1522323847283982,0.8998310549743742
-0.08320098315622884,-0.2770423517250027
0.5778128296564945,-0.2770423517250027
0.07147833667205156,-0.2770423517250027
1.5972936123592376,1.1729880068386844
0.4071246187897189,0.6588759480077729
0.5159954654457515,4.499975545135926
0.4627600708191293,0.6588759480077729
-0.016893145361806285,0.034813918219362916
0.7223117161490148,-0.2770423517250027
-0.21511189270872683,0.039247769008147956
-0.21511189270872683,-0.2770423517250027
0.20352773101549193,0.039247769008147956
0.24851141538670588,0.4652772962782811
-0.03170023678952709,0.5835409342412236
0.3414995237143039,3.3987240632956075
-0.0266736404721548,0.5835409342412236
-0.21511189270872683,-0.2770423517250027
-0.045321920698868104,-0.2770423517250027
-0.08320098315622884,0.35815052014314974
0.2492608391392445,0.22426562898560826
0.9370123925857512,-0.2770423517250027
0.03002415243511276,0.041860399409999055
0.11534642685240709,-0.2770423517250027
-0.020925212089874873,-0.2770423517250027
-0.21511189270872683,0.9660186654825321
0.5799086743733244,0.3399731968727712
-0.1754393402340036,-0.2770423517250027
-0.1754393402340036,-0.2770423517250027
-0.21511189270872683,0.034813918219362916
-0.043428504165497914,1.6840066550023
-0.010208043503036977,0.09838889832566983
-0.12287353563095205,1.156998667062104
0.018806283617602098,-0.2770423517250027
-0.026133308102717214,-0.2770423517250027
-0.04010010086741168,-0.0401716056475077
-0.1754393402340036,-0.2770423517250027
-0.054373343252372495,-0.2770423517250027
-0.21511189270872683,-0.2770423517250027
-0.21511189270872683,-0.2770423517250027
0.0378001945659825,-0.0401716056475077
-0.21511189270872683,-0.2770423517250027
-0.21511189270872683,0.515601891564989
0.4940554723283099,4.00671245553882
-0.1754393402340036,-0.2770423517250027
0.11872465342369079,0.38991016659678795
-0.21511189270872683,-0.2770423517250027
-0.0023413876920809597,-0.2770423517250027
-0.09457974476985573,-0.2770423517250027
-0.21511189270872683,0.4611363750631032
-0.01728476910159789,0.034813918219362916
0.5499243011105114,0.15303942051929295
-0.11369715931079567,0.7338614718746436
-0.21511189270872683,-0.2770423517250027
-0.1754393402340036,-0.2770423517250027
0.3517161828870973,0.15303942051929295
0.006834988628075403,-0.2770423517250027
0.11918314469883848,0.42200520193027785
0.22647934364520367,0.22840655020078615
-0.1522323847283982,0.47853370084594876
-0.21511189270872683,-0.2770423517250027
-0.21511189270872683,-0.2770423517250027
-0.0023627761255851994,-0.2770423517250027
-0.21511189270872683,-0.2770423517250027
0.5109367404006236,-0.2770423517250027
0.1473962698431668,-0.2770423517250027
0.47961548865482373,0.7934832417451104
-0.21511189270872683,-0.2770423517250027
-0.1754393402340036,0.09838889832566983
-0.21511189270872683,-0.2770423517250027
-0.21511189270872683,0.5905874154318597
0.7928801804930922,-0.2770423517250027
-0.1357667877592804,-0.2770423517250027
0.2858519691880767,0.10310245079527625
0.1473962698431668,-0.2770423517250027
-0.21511189270872683,-0.2770423517250027
-0.21511189270872683,-0.2770423517250027
-0.21511189270872683,0.9839826027717377
-0.1522323847283982,-0.2770423517250027
0.11210534458720817,-0.2770423517250027
-0.1754393402340036,-0.2770423517250027
-0.21511189270872683,0.034813918219362916
-0.05999402765062343,-0.2770423517250027
0.14342218658563288,-0.0401716056475077
0.14336571895302577,0.041860399409999055
-0.07977265334213493,-0.2770423517250027
0.5129211988458819,0.22426562898560826
-0.009214150994811,-0.0401716056475077
0.20485851246091183,-0.0401716056475077
0.048165132715048235,0.09838889832566983
-0.09457974476985573,-0.0401716056475077
0.6834316652570078,-0.2770423517250027
-0.21511189270872683,-0.0401716056475077
0.18857034730731,-0.2770423517250027
0.18979175028897266,-0.2770423517250027
-0.1522323847283982,-0.0401716056475077
-0.21511189270872683,0.41495872073964185
-0.06878205302792458,-0.2770423517250027
-0.21511189270872683,-0.2770423517250027
-0.21511189270872683,-0.2770423517250027
0.22228069856021376,0.041860399409999055
0.32165876983183145,-0.2770423517250027
-0.04398692195665337,-0.2770423517250027
0.13468838751626835,-0.0401716056475077
0.1309385674785886,0.09838889832566983
0.1202302737482225,-0.2770423517250027
0.029076650947461872,-0.2770423517250027
0.19250279350649319,0.09838889832566983
-0.21511189270872683,1.6244220533321192
-0.045321920698868104,0.4693295412524436
0.66560378956352,0.536121898929974
-0.045321920698868104,-0.2770423517250027
0.9512027272460803,0.22426562898560826
-0.07402460683607244,0.7948238215790995
0.01318322415967567,0.9139240173556463
-0.1754393402340036,0.034813918219362916
-0.21511189270872683,0.7297145309113972
0.3108415928757405,0.2716846642968579
-0.21511189270872683,-0.2770423517250027
0.16266158574219128,0.4172916494606715
-0.020925212089874873,1.1975365230593362
0.1657101978379794,0.039247769008147956
-0.21511189270872683,-0.2770423517250027
0.9300506755698879,0.15303942051929295
-0.032421106500416394,1.526505715164635
0.5186847391874455,0.7847659320461818
-0.1754393402340036,2.1869183751419565
-0.049320952514333695,-0.2770423517250027
-0.1754393402340036,0.5623436511911838
0.38879799500536383,-0.2770423517250027
-0.020779966451047977,1.1856042342671476
0.28168221231739454,0.4719421716542947
-0.21511189270872683,0.7382953226634287
0.23708795947795736,0.039247769008147956
-0.21511189270872683,-0.2770423517250027
0.2002343856773635,-0.2770423517250027
-0.21511189270872683,-0.2770423517250027
-0.21511189270872683,-0.2770423517250027
0.374416008549064,0.041860399409999055
-0.1754393402340036,-0.2770423517250027
-0.07977265334213493,-0.2770423517250027
0.17331055436358614,0.15303942051929295
-0.12287353563095205,-0.0401716056475077
0.10369316647830255,-0.2770423517250027
-0.21511189270872683,-0.2770423517250027
-0.21511189270872683,-0.2770423517250027
0.0032359692389181257,-0.2770423517250027
-0.1754393402340036,-0.2770423517250027
-0.21511189270872683,-0.2770423517250027
0.04804358982422648,0.041860399409999055
-0.008880662054934624,1.9944191051889963
-0.12299507852177384,0.6443756562486905
0.31769723175080894,0.9162856954068715
0.15161776187539747,-0.2770423517250027
0.14342218658563288,0.10310245079527625
-0.049880595977760206,0.5879747850300087
0.15490872232720038,-0.2770423517250027
0.6232564830459923,-0.2770423517250027
0.3994373029672212,1.1531374475277476
0.32516691818792853,0.6038378002514587
-0.1754393402340036,-0.2770423517250027
-0.21511189270872683,-0.2770423517250027
-0.1357667877592804,-0.0401716056475077
0.2627590543932941,-0.2770423517250027
0.053231107940718156,0.8345046426999906
0.09492356570306607,0.09838889832566983
-0.12287353563095205,-0.2770423517250027
0.314669423932991,1.1884157100431743
0.32278159442681825,-0.2770423517250027
0.11637250394316703,-0.2770423517250027
0.1726490157157299,0.4719421716542947
0.013558555465994937,1.8160107044861622
-0.21511189270872683,-0.2770423517250027
0.2198621057459082,0.217238141751591
-0.21511189270872683,-0.2770423517250027
-0.21511189270872683,-0.2770423517250027
-0.12299507852177384,0.039247769008147956
-0.1522323847283982,-0.2770423517250027
0.14396706355521705,0.041860399409999055
-0.049320952514333695,-0.0401716056475077
-0.09457974476985573,-0.2770423517250027
-0.21511189270872683,0.10310245079527625
0.055566586024457035,-0.2770423517250027
0.03249717778560519,-0.2770423517250027
0.035608872820490696,-0.2770423517250027
0.1998405315553966,-0.2770423517250027
-0.21511189270872683,-0.0401716056475077
0.10778186641282766,-0.2770423517250027
-0.1754393402340036,0.039247769008147956
0.47627493153804384,-0.2770423517250027
-0.1522323847283982,-0.0401716056475077
-0.09457974476985573,-0.2770423517250027
-0.07893359002727732,0.7062002873299386
-0.049880595977760206,0.041860399409999055
0.37987419410173706,-0.0401716056475077
-0.043428504165497914,-0.2770423517250027
-0.21511189270872683,-0.2770423517250027
-0.06878205302792458,0.039247769008147956
-0.12299507852177384,0.4719421716542947
-0.1357667877592804,-0.0401716056475077
0.016420260224339785,0.5924086358187937
-0.08955314845248344,0.034813918219362916
-0.1754393402340036,0.27611851508564295
-0.21511189270872683,-0.2770423517250027
-0.0053284705080209015,-0.2770423517250027
0.21347472703636755,0.39838409715503376
0.12266813555134407,-0.2770423517250027
-0.1522323847283982,1.1356672645431307
-0.21511189270872683,-0.2770423517250027
0.43955908421518225,-0.0401716056475077
0.3452479839315528,-0.2770423517250027
1.0564501791365537,4.331234078817465
0.0774727470407057,0.039247769008147956
-0.045321920698868104,-0.2770423517250027
0.190471199620866,0.7555224620228518
0.2984909347537712,0.22426562898560826
-0.21511189270872683,0.6267809126742829
-0.21511189270872683,0.041860399409999055
0.32677850069435294,-0.2770423517250027
-0.026133308102717214,-0.2770423517250027
0.04880985291227683,-0.2770423517250027
-0.08955314845248344,0.8274581615093547
0.41508513984635054,-0.2770423517250027
-0.1754393402340036,1.3022073615543193
-0.1522323847283982,-0.2770423517250027
-0.1522323847283982,-0.2770423517250027
0.2668115488263197,0.9204076226654306
-0.005649368224144911,0.22426562898560826
-0.21511189270872683,-0.2770423517250027
0.26450970956213654,-0.2770423517250027
0.22579110067713065,-0.2770423517250027
0.16952404733603552,-0.2770423517250027
0.00903737392154591,-0.2770423517250027
0.06933960686019437,4.649320054256582
0.10067970254631112,-0.2770423517250027
-0.1754393402340036,-0.2770423517250027
0.16536339180170462,0.7555546773579845
0.6196006082096567,0.35553788974129863
0.3972149638734741,-0.2770423517250027
-0.12287353563095205,0.034813918219362916
-0.21511189270872683,0.15303942051929295
-0.03643658323580509,0.217238141751591
0.29703512682941646,0.27611851508564295
0.1257167476471322,0.43661971088785007
0.3942069041094543,0.5950212662206447
-0.21511189270872683,-0.2770423517250027
-0.21511189270872683,-0.2770423517250027
0.11580491812755483,0.034813918219362916
-0.1754393402340036,-0.0401716056475077
-0.21511189270872683,-0.2770423517250027
-0.1754393402340036,0.3511040389525136
0.22062960536337548,-0.2770423517250027
0.6325286082233638,1.0909560017811777
-0.21511189270872683,-0.2770423517250027
0.22915953896190383,0.9515449639656794
-0.21511189270872683,-0.2770423517250027
0.14674135460297136,-0.2770423517250027
0.38507102482381933,0.10310245079527625
0.16871566670343813,-0.2770423517250027
0.17841452089064233,0.3511040389525136
-0.21511189270872683,-0.2770423517250027
-0.06580586057744044,-0.2770423517250027
-0.034352054361349235,0.034813918219362916
-0.1522323847283982,-0.2770423517250027
-0.21511189270872683,-0.2770423517250027
-0.06891755561232596,-0.2770423517250027
0.32325953185875433,0.039247769008147956
0.31116610515831383,-0.2770423517250027
-0.03075672144399905,1.106680091523465
-0.1522323847283982,0.4693295412524436
-0.02924500313760272,-0.2770423517250027
-0.08499447317359136,0.2716846642968579
-0.1754393402340036,-0.2770423517250027
0.08783768518977149,0.7785288996753127
-0.01272776485365948,0.27611851508564295
0.47598588323045277,-0.0401716056475077
0.12968987114244696,0.673490456965345
-0.049880595977760206,0.09838889832566983
0.02694478762106371,-0.2770423517250027
0.4641465322688776,-0.0401716056475077
-0.045321920698868104,-0.2770423517250027
0.7770881773655459,0.39838409715503376
-0.21511189270872683,-0.2770423517250027
0.4913539204454418,0.034813918219362916
0.1852419440092238,0.034813918219362916
-0.1754393402340036,-0.2770423517250027
-0.21511189270872683,-0.2770423517250027
0.29198233120704054,0.35371666935436463
0.5035124783087482,0.15303942051929295
0.015757671521814013,-0.2770423517250027
0.09547432631669286,0.039247769008147956
-0.07209365897513963,0.039247769008147956
-0.06891755561232596,0.4693295412524436
-0.21511189270872683,-0.2770423517250027
0.154056787679034,0.4652772962782811
-0.1754393402340036,-0.2770423517250027
-0.1754393402340036,-0.2770423517250027
-0.21511189270872683,-0.2770423517250027
-0.12299507852177384,0.35815052014314974
-0.1754393402340036,-0.2770423517250027
0.6416920331484408,0.7382953226634287
0.06637391247775866,0.41495872073964185
-0.21511189270872683,0.041860399409999055
0.038447570096207216,-0.2770423517250027
-0.21511189270872683,0.7785288996753127
0.25306532879596316,1.448438087844124
0.11011684207535925,0.5768439429502662
-0.1357667877592804,-0.2770423517250027
-0.21511189270872683,0.034813918219362916
0.3077905621141864,0.5976338966224957
-0.07209365897513963,0.4719421716542947
0.26917615435596043,-0.2770423517250027
0.22644793722363676,0.43661971088785007
-0.08499447317359136,0.536121898929974
0.6355352927260178,-0.2770423517250027
-0.21511189270872683,0.034813918219362916
0.34226136323687945,2.118683552852094
-0.12287353563095205,1.5455540749109922
-0.21511189270872683,-0.2770423517250027
1.1027465562445478,1.1469407775291867
0.09151254075039887,0.15303942051929295
-0.1754393402340036,-0.2770423517250027
-0.21511189270872683,-0.2770423517250027
0.09120668989489415,0.8450404929839376
0.37883826575792023,-0.2770423517250027
-0.12287353563095205,3.0172378874615284
0.2502469057712629,-0.2770423517250027
-0.07977265334213493,-0.2770423517250027
0.7273468271841798,-0.2770423517250027
0.4003731763772959,0.034813918219362916
-0.1754393402340036,-0.2770423517250027
-0.21511189270872683,-0.2770423517250027
0.01874734038484833,-0.2770423517250027
0.298896326488455,1.1283410816716732
0.33241526193337667,0.217238141751591
-0.11369715931079567,0.816764513408129
0.7243219513653101,-0.2770423517250027
-0.21511189270872683,-0.2770423517250027
-0.21511189270872683,-0.2770423517250027
-0.1754393402340036,-0.2770423517250027
0.0805742723744278,-0.2770423517250027
-0.1522323847283982,-0.2770423517250027
-0.1754393402340036,-0.2770423517250027
0.1546237310491325,-0.2770423517250027
0.7616067800920672,-0.2770423517250027
-0.1522323847283982,-0.2770423517250027
-0.21511189270872683,-0.0401716056475077
0.8929292507298986,0.7529098316210007
0.1573645284535717,-0.2770423517250027
-0.020925212089874873,-0.2770423517250027
-0.1522323847283982,-0.0401716056475077
0.09220058240312011,-0.2770423517250027
0.28670880863476683,-0.2770423517250027
0.4832807464251029,0.673490456965345
-0.21511189270872683,-0.2770423517250027
-0.032421106500416394,0.9662036711742695
-0.21511189270872683,-0.2770423517250027
-0.21511189270872683,0.35553788974129863
0.08536065135098245,1.053635259485624
-0.21511189270872683,-0.2770423517250027
-0.21511189270872683,0.09838889832566983
0.21339277632124004,0.041860399409999055
0.21420983583066527,-0.2770423517250027
-0.21511189270872683,-0.2770423517250027
0.27234670787303894,-0.2770423517250027
-0.07977265334213493,-0.2770423517250027
-0.1754393402340036,-0.2770423517250027
0.199425445037119,-0.2770423517250027
0.02084417938002021,0.7409079530652796
0.35642068559710977,0.42200520193027785
-0.1522323847283982,0.22426562898560826
-0.11369715931079567,-0.2770423517250027
0.2639329460909998,-0.2770423517250027
0.017878484997584494,-0.2770423517250027
-0.21511189270872683,0.19669914042998726
-0.1522323847283982,0.6543474012299039
0.10368345886533532,0.10310245079527625
-0.008880662054934624,-0.0401716056475077
-0.21511189270872683,-0.0401716056475077
-0.12299507852177384,-0.2770423517250027
0.1277546434095503,1.1365628239431396
-0.1754393402340036,-0.2770423517250027
-0.21511189270872683,-0.2770423517250027
-0.09457974476985573,0.034813918219362916
0.2533133876657936,0.034813918219362916
-0.1754393402340036,-0.2770423517250027
0.249441715933674,0.10310245079527625
-0.1522323847283982,0.15303942051929295
-0.08499447317359136,-0.2770423517250027
0.37388182859269364,-0.2770423517250027
0.2487865232710139,0.6352548432325288
0.2611062414535685,-0.2770423517250027
-0.21511189270872683,0.034813918219362916
-0.21511189270872683,-0.0401716056475077
-0.12299507852177384,0.39838409715503376
0.4562205770416268,0.7312488414727926
-0.1357667877592804,-0.0401716056475077
0.536007751703988,-0.0401716056475077
-0.21511189270872683,0.4648956904636586
0.056014025599522996,0.278731145487494
-0.21511189270872683,-0.2770423517250027
0.13325195008433768,-0.2770423517250027
-0.1754393402340036,-0.2770423517250027
-0.21511189270872683,-0.2770423517250027
-0.21511189270872683,-0.2770423517250027
-0.08499447317359136,-0.2770423517250027
-0.21511189270872683,-0.2770423517250027
-0.21511189270872683,-0.2770423517250027
0.5481029951665127,1.5873601409872213
-0.12287353563095205,0.15303942051929295
0.3702057493490648,-0.2770423517250027
-0.032421106500416394,-0.2770423517250027
0.26610371312849934,0.718546122462202
0.20412473397645434,-0.2770423517250027
0.1211580723682401,0.039247769008147956
0.002685208625291341,-0.2770423517250027
-0.21511189270872683,-0.0401716056475077
0.6800684779904625,-0.0401716056475077
0.19580998066525554,-0.2770423517250027
0.010427549337120482,-0.2770423517250027
0.449885372847279,-0.2770423517250027
0.05399884592539402,-0.2770423517250027
0.012344160844818071,0.4172916494606715
0.00903737392154591,-0.2770423517250027
-0.1522323847283982,-0.2770423517250027
-0.21511189270872683,0.6655729392987303
-0.21511189270872683,-0.0401716056475077
0.32021023176137026,0.7555546773579845
-0.21511189270872683,-0.2770423517250027
0.14747693555993477,-0.0401716056475077
0.28349868509951487,0.5361408928865928
-0.03643658323580509,-0.2770423517250027
0.379710253223665,-0.2770423517250027
-0.21511189270872683,0.10310245079527625
0.3544128087439093,0.10310245079527625
0.25748864143957706,-0.2770423517250027
-0.21511189270872683,-0.2770423517250027
-0.1754393402340036,0.3511040389525136
-0.07893359002727732,-0.2770423517250027
0.19869875355910196,-0.2770423517250027
-0.0023627761255851994,1.400813990196434
-0.21511189270872683,-0.2770423517250027
-0.21511189270872683,-0.2770423517250027
-0.1754393402340036,0.22426562898560826
0.43676752240478023,0.4611363750631032
0.2923617214280616,0.15303942051929295
0.29670230197445324,-0.2770423517250027
-0.12287353563095205,-0.2770423517250027
0.10979594435923525,-0.2770423517250027
0.10369316647830255,-0.2770423517250027
0.49862799052776136,-0.2770423517250027
-0.21511189270872683,-0.2770423517250027
0.2486871058005943,0.32547290511368887
0.3628022692525043,-0.2770423517250027
-0.21511189270872683,-0.2770423517250027
0.45507883623921214,0.039247769008147956
-0.07893359002727732,-0.2770423517250027
-0.045321920698868104,0.10310245079527625
0.4856951581905952,-0.2770423517250027
-0.009648400039610474,1.1286207833524946
-0.1754393402340036,1.8998639299306026
0.46741572265239656,0.041860399409999055
0.18861392054947274,-0.2770423517250027
-0.07893359002727732,-0.2770423517250027
0.19808712600168552,-0.2770423517250027
0.3220277565329185,0.35371666935436463
0.4200624030034165,-0.2770423517250027
-0.21511189270872683,0.43661971088785007
0.31352041483054277,-0.2770423517250027
-0.1754393402340036,0.034813918219362916
-0.21511189270872683,-0.2770423517250027
0.6609307739304823,0.039247769008147956
0.11714529951542896,0.041860399409999055
0.021532569350830158,-0.2770423517250027
-0.21511189270872683,-0.2770423517250027
-0.21511189270872683,1.0454380401381878
0.4822967090955015,1.4773410327694174
-0.1522323847283982,0.039247769008147956
0.14231984266441933,-0.2770423517250027
-0.1754393402340036,0.22426562898560826
0.22825586530731468,-0.2770423517250027
0.015599594380481878,-0.2770423517250027
0.10881430752408305,-0.2770423517250027
-0.042035328600308446,-0.0401716056475077
-0.21511189270872683,-0.2770423517250027
-0.1754393402340036,0.039247769008147956
0.08299558307662079,-0.2770423517250027
-0.08365947443137661,-0.2770423517250027
0.3115186193056111,0.10310245079527625
0.0770790750249777,0.09838889832566983
-0.21511189270872683,-0.2770423517250027
0.10360079470566046,0.039247769008147956
-0.009214150994811,0.039247769008147956
-0.21511189270872683,-0.2770423517250027
0.4788250084041911,0.3511040389525136
-0.04407322436272654,1.0219390118285605
0.1864852863084891,-0.2770423517250027
-0.1754393402340036,0.034813918219362916
-0.016893145361806285,0.22426562898560826
0.18981520040381616,-0.2770423517250027
-0.009648400039610474,0.034813918219362916
-0.21511189270872683,-0.2770423517250027
0.28907512932950186,-0.2770423517250027
0.20686795996904989,-0.2770423517250027
0.3830690993531995,-0.0401716056475077
-0.04712183645851461,-0.2770423517250027
0.8622405666038314,-0.2770423517250027
0.3760249314284346,-0.2770423517250027
-0.04712183645851461,0.4470654830255971
0.3905162042692325,-0.2770423517250027
0.17021949621352025,0.5831211927635885
-0.1754393402340036,0.10310245079527625
-0.1754393402340036,0.9042649057631592
-0.0435284306815056,-0.2770423517250027
0.5773552412632083,0.039247769008147956
0.8849784962357712,0.5831211927635885
-0.21511189270872683,-0.2770423517250027
0.5066279168993788,0.4693295412524436
0.09565053526768952,0.039247769008147956
-0.1754393402340036,0.039247769008147956
-0.020925212089874873,1.2784415469332577
-0.21511189270872683,-0.2770423517250027
0.1706032253487722,-0.2770423517250027
0.4576807154347915,0.034813918219362916
-0.21511189270872683,-0.0401716056475077
-0.03643658323580509,-0.2770423517250027
-0.06878205302792458,0.32547290511368887
0.4785706573912877,-0.2770423517250027
-0.21511189270872683,-0.2770423517250027
-0.1754393402340036,-0.2770423517250027
0.05847883609232532,0.5331842230395719
-0.0801642770819265,0.039247769008147956
0.04880985291227683,0.041860399409999055
-0.1522323847283982,0.4172916494606715
-0.21511189270872683,-0.2770423517250027
0.22276729153507938,1.4770176663716006
-0.0435284306815056,0.039247769008147956
0.7502318880493117,-0.2770423517250027
0.35994967185719023,0.10310245079527625
0.2772108867018156,-0.2770423517250027
0.10919220744526056,0.7903899707903145
0.35878650121379546,0.15303942051929295
0.6823369832828837,-0.2770423517250027
-0.21511189270872683,-0.2770423517250027
0.05975288367880295,-0.2770423517250027
-0.1754393402340036,-0.2770423517250027
-0.21511189270872683,-0.2770423517250027
0.048165132715048235,-0.2770423517250027
0.16192320373246377,0.039247769008147956
0.24455490078046996,0.10310245079527625
-0.042035328600308446,-0.2770423517250027
0.6812429243348088,0.034813918219362916
-0.07209365897513963,0.041860399409999055
-0.21511189270872683,-0.0401716056475077
0.18978600873084864,-0.2770423517250027
-0.1522323847283982,0.22426562898560826
-0.08320098315622884,-0.2770423517250027
-0.1754393402340036,0.5926693918022635
-0.0004941340089708645,0.38991016659678795
0.05174663247057148,-0.2770423517250027
-0.21511189270872683,-0.2770423517250027
-0.007449283983791397,0.9185996301712825
-0.0266736404721548,0.22840655020078615
0.6905668565973652,0.5905874154318597
-0.12299507852177384,0.454108887829086
-0.12287353563095205,-0.2770423517250027
-0.03926103755255408,-0.2770423517250027
0.20588774061555798,-0.2770423517250027
0.0792997682046684,-0.2770423517250027
-0.1754393402340036,2.3185422725331044
0.10866559889443711,-0.2770423517250027
-0.12287353563095205,-0.2770423517250027
-0.07402460683607244,-0.2770423517250027
0.6537565351311453,-0.2770423517250027
-0.21511189270872683,1.140322139343695
0.2022083626959238,-0.2770423517250027
0.43300786166716204,0.43661971088785007
0.10583811507359893,-0.0401716056475077
-0.003755951690774689,0.034813918219362916
-0.07402460683607244,0.7291479194050371
0.046916436378906655,0.7934832417451104
0.03002415243511276,0.43661971088785007
0.3017245955199822,-0.2770423517250027
-0.016893145361806285,0.039247769008147956
-0.1522323847283982,-0.2770423517250027
-0.21511189270872683,1.9097120690177474
-0.020779966451047977,-0.2770423517250027
0.0687492034221851,1.196046930017747
-0.21511189270872683,0.039247769008147956
0.00712234101336165,0.039247769008147956
-0.21511189270872683,-0.2770423517250027
-0.11369715931079567,-0.2770423517250027
-0.042035328600308446,0.6629603088968792
0.40346843305071134,0.15303942051929295
-0.21511189270872683,-0.2770423517250027
-0.1754393402340036,-0.2770423517250027
-0.026133308102717214,0.41024516827003543
0.19703708092829494,0.3511040389525136
-0.21511189270872683,-0.2770423517250027
0.09841718274560836,-0.2770423517250027
0.03591660078394853,0.7529098316210007
-0.21511189270872683,-0.2770423517250027
-0.1754393402340036,-0.2770423517250027
0.018806283617602098,0.039247769008147956
0.8837844849944047,-0.2770423517250027
-0.020925212089874873,-0.2770423517250027
-0.040491724607203274,0.217238141751591
-0.12287353563095205,0.4470654830255971
1.0945354762054218,-0.2770423517250027
-0.04407322436272654,0.22426562898560826
0.23531649811683908,-0.2770423517250027
0.1914320520656549,0.039247769008147956
-0.1522323847283982,-0.2770423517250027
-0.1522323847283982,0.4652772962782811
-0.21511189270872683,0.22426562898560826
-0.1754393402340036,0.039247769008147956
0.08792398759584462,0.3511040389525136
-0.21511189270872683,-0.2770423517250027
-0.21511189270872683,-0.2770423517250027
-0.21511189270872683,-0.2770423517250027
-0.1357667877592804,0.48324725331555524
-0.21511189270872683,0.47853370084594876
-0.21511189270872683,-0.2770423517250027
-0.21511189270872683,0.09838889832566983
0.07645892357614457,0.4611363750631032
0.05297731952522066,0.15303942051929295
0.08690988656975386,0.39838409715503376
0.08802391411185227,0.3511040389525136
-0.1754393402340036,-0.2770423517250027
0.37958040081697864,-0.2770423517250027
-0.06878205302792458,0.15303942051929295
-0.21511189270872683,-0.2770423517250027
-0.21511189270872683,-0.2770423517250027
-0.21511189270872683,0.10310245079527625
-0.21511189270872683,-0.2770423517250027
-0.06580586057744044,0.034813918219362916
0.5146584744948127,0.6543474012299039
0.33541725213448553,-0.2770423517250027
0.28015586430471495,-0.2770423517250027
-0.02924500313760272,-0.2770423517250027
0.37435134016816285,-0.2770423517250027
0.12086573721276182,1.8582772453046132
0.2685911894509295,0.041860399409999055
-0.07402460683607244,-0.2770423517250027
-0.21511189270872683,-0.2770423517250027
0.3806050469433675,-0.2770423517250027
-0.009648400039610474,-0.2770423517250027
0.24781562584280423,0.27611851508564295
-0.014700790777649261,0.15303942051929295
-0.21511189270872683,0.5335282624847417
0.024255689756214,0.43661971088785007
0.2507049146987269,0.10310245079527625
-0.21511189270872683,-0.2770423517250027
-0.06891755561232596,0.22426562898560826
0.8967258243075358,0.039247769008147956
0.3094529299833155,0.32547290511368887
-0.045321920698868104,0.041860399409999055
-0.03926103755255408,0.09838889832566983
-0.1754393402340036,0.673490456965345
-0.1754393402340036,-0.2770423517250027
0.00903737392154591,1.6010055655221245
0.17949600810157668,0.10310245079527625
-0.1754393402340036,-0.2770423517250027
0.28254932916575615,0.034813918219362916
-0.21511189270872683,0.5402628201451518
0.596581246282825,0.034813918219362916
-0.0053284705080209015,0.6038378002514587
0.25512525398675473,1.3322297877500886
-0.08499447317359136,0.10310245079527625
-0.21511189270872683,-0.2770423517250027
-0.12287353563095205,-0.2770423517250027
0.17412603409255265,-0.0401716056475077
0.4889569946567479,1.0974316508103144
0.021532569350830158,0.039247769008147956
0.26578002754026187,-0.2770423517250027
0.07863717950214259,0.15303942051929295
0.09576536517378621,0.278731145487494
-0.21511189270872683,0.041860399409999055
-0.032421106500416394,0.35815052014314974
0.25704378865581295,0.8318920122981396
0.17839706222179239,-0.2770423517250027
0.08452158803612483,0.034813918219362916
-0.1754393402340036,-0.0401716056475077
-0.1754393402340036,-0.2770423517250027
-0.1754393402340036,-0.2770423517250027
1.0693585881462542,0.7312488414727926
0.7283569946449229,-0.2770423517250027
0.0894170896770418,-0.2770423517250027
0.09117727969870537,0.5879747850300087
-0.1754393402340036,-0.2770423517250027
0.09942543615352621,0.217238141751591
0.15460235137868036,1.1572783687429256
-0.1522323847283982,-0.2770423517250027
-0.1754393402340036,-0.2770423517250027
-0.21511189270872683,0.10310245079527625
0.31184937009842933,0.041860399409999055
-0.032421106500416394,0.39838409715503376
-0.21511189270872683,-0.2770423517250027
-0.040491724607203274,-0.2770423517250027
0.1365782672776269,0.40462112952590285
0.775094794734258,-0.0401716056475077
0.06616556259887567,0.039247769008147956
0.14738053126426282,0.15303942051929295
-0.21511189270872683,-0.2770423517250027
-0.21511189270872683,-0.2770423517250027
0.4588831106208529,0.041860399409999055
-0.016893145361806285,0.034813918219362916
-0.21511189270872683,-0.2770423517250027
-0.010208043503036977,0.7774264957962539
-0.07209365897513963,0.8524310136197435
0.16243141776373787,0.09838889832566983
-0.05999402765062343,0.034813918219362916
-0.1754393402340036,-0.2770423517250027
0.6980129756517923,-0.2770423517250027
-0.04407322436272654,-0.2770423517250027
0.11495397776993711,-0.2770423517250027
0.6529430932927461,-0.2770423517250027
-0.016054082046948685,0.35371666935436463
0.47283261988228564,0.10310245079527625
0.2333950904434132,0.039247769008147956
-0.21511189270872683,-0.2770423517250027
0.29663266884642936,-0.2770423517250027
0.22533733178221246,-0.2770423517250027
-0.08499447317359136,1.8644890413811268
-0.21511189270872683,0.15303942051929295
0.04880985291227683,0.7088129177317897
-0.12299507852177384,0.2716846642968579
-0.08365947443137661,1.105339511689476
0.19469799866880247,-0.2770423517250027
0.9633583956637968,0.9162856954068715
-0.040491724607203274,-0.2770423517250027
0.944351212025983,0.43661971088785007
0.23180347740155136,0.27611851508564295
-0.21511189270872683,-0.2770423517250027
-0.21511189270872683,0.034813918219362916
-0.03926103755255408,0.35815052014314974
-0.21511189270872683,-0.2770423517250027
-0.21511189270872683,-0.2770423517250027
-0.1754393402340036,-0.2770423517250027
-0.21511189270872683,-0.2770423517250027
-0.06878205302792458,-0.2770423517250027
-0.09457974476985573,-0.2770423517250027
0.038447570096207216,-0.2770423517250027
-0.032421106500416394,-0.2770423517250027
-0.04712183645851461,-0.2770423517250027
-0.21511189270872683,1.5129584237664517
0.30513018426743155,1.0391349677265416
0.6233306721698905,0.034813918219362916
-0.05999402765062343,0.034813918219362916
0.2917273713747874,0.039247769008147956
-0.06878205302792458,-0.2770423517250027
-0.21511189270872683,0.034813918219362916
0.9882957472390436,-0.2770423517250027
-0.21511189270872683,-0.2770423517250027
-0.21511189270872683,0.673490456965345
-0.21511189270872683,-0.2770423517250027
-0.07977265334213493,-0.2770423517250027
-0.21511189270872683,-0.2770423517250027
0.17313943393257436,0.10310245079527625
0.14801078460269482,-0.0401716056475077
0.27892935383728507,0.15303942051929295
0.12929824740265541,-0.2770423517250027
-0.21511189270872683,-0.0401716056475077
-0.21511189270872683,-0.2770423517250027
-0.1754393402340036,-0.2770423517250027
-0.1522323847283982,0.43661971088785007
-0.21511189270872683,-0.2770423517250027
-0.21511189270872683,-0.2770423517250027
-0.1754393402340036,0.5129892611631379
0.40726002866726946,2.0153182675020673
0.03249717778560519,0.039247769008147956
-0.007449283983791397,0.039247769008147956
0.7015264016813056,-0.2770423517250027
-0.0801642770819265,-0.2770423517250027
0.500440286463522,0.217238141751591
-0.12299507852177384,0.27295448844926334
0.03222326849093182,-0.2770423517250027
-0.022114965193262722,-0.2770423517250027
0.013539244372005991,0.041860399409999055
-0.12287353563095205,-0.2770423517250027
-0.1357667877592804,0.6588759480077729
0.055680230951147915,-0.2770423517250027
0.2553750166616315,-0.2770423517250027
-0.09457974476985573,2.717532553920131
-0.1754393402340036,-0.2770423517250027
0.6268041496117092,0.27611851508564295
-0.1754393402340036,1.4549462704584348
-0.1522323847283982,-0.2770423517250027
0.15775009738304682,-0.2770423517250027
-0.040491724607203274,-0.2770423517250027
-0.21511189270872683,0.6352548432325288
-0.21511189270872683,-0.2770423517250027
-0.11369715931079567,0.034813918219362916
-0.0214588022330209,-0.2770423517250027
0.01874734038484833,-0.2770423517250027
-0.07209365897513963,-0.0401716056475077
-0.05999402765062343,-0.2770423517250027
0.2710937748592615,1.1713337647547448
0.5504809303274827,0.15303942051929295
-0.21511189270872683,-0.2770423517250027
0.8962864905719281,1.8521967281354936
0.3556777326945238,-0.2770423517250027
-0.12287353563095205,0.4693295412524436
-0.21511189270872683,-0.2770423517250027
-0.21511189270872683,0.22426562898560826
-0.21511189270872683,-0.2770423517250027
0.25624136730446473,0.7738153472057063
-0.07893359002727732,-0.2770423517250027
0.6042440430596493,-0.2770423517250027
0.11115088914677476,-0.2770423517250027
-0.1754393402340036,-0.2770423517250027
0.2976476301523133,1.268845015414911
-0.03643658323580509,0.35371666935436463
-0.11369715931079567,-0.2770423517250027
0.7613433477338446,0.039247769008147956
-0.1754393402340036,0.10310245079527625
-0.21511189270872683,-0.2770423517250027
-0.21511189270872683,-0.2770423517250027
-0.016893145361806285,-0.2770423517250027
0.16034767101587916,-0.2770423517250027
-0.1754393402340036,-0.2770423517250027
0.6201359435300897,0.7291479194050371
-0.034352054361349235,0.41024516827003543
0.05015174312666912,0.5361408928865928
-0.1754393402340036,-0.0401716056475077
-0.0004941340089708645,-0.2770423517250027
-0.1754393402340036,-0.2770423517250027
0.571094979458836,-0.2770423517250027
0.17818117546395085,-0.2770423517250027
-0.21511189270872683,-0.2770423517250027
-0.08499447317359136,-0.2770423517250027
0.3385932815989844,1.0948190204084631
-0.042035328600308446,0.454108887829086
-0.21511189270872683,-0.2770423517250027
0.12446162556870657,-0.2770423517250027
-0.1754393402340036,0.041860399409999055
0.14367597500113038,-0.2770423517250027
0.850284439909953,2.1840586414647034
0.2760783701308689,0.039247769008147956
-0.11369715931079567,-0.2770423517250027
0.6843438119155878,2.0230179737536558
-0.1754393402340036,-0.2770423517250027
-0.21511189270872683,0.041860399409999055
0.15536239457840523,-0.2770423517250027
-0.004400671888003314,-0.2770423517250027
0.2658306237119849,-0.2770423517250027
-0.12287353563095205,-0.0401716056475077
-0.06580586057744044,-0.2770423517250027
-0.21511189270872683,-0.2770423517250027
0.0378001945659825,-0.2770423517250027
0.0919561589277905,0.923313182640889
-0.21511189270872683,0.041860399409999055
0.10225661531807574,-0.0401716056475077
-0.21511189270872683,0.039247769008147956
0.08148551989351684,-0.2770423517250027
-0.0435284306815056,0.4611363750631032
-0.05081765133046704,-0.2770423517250027
-0.21511189270872683,-0.2770423517250027
0.2988903595560491,3.615004775803376
0.17122602548913032,0.10310245079527625
-0.1522323847283982,0.10310245079527625
-0.21511189270872683,-0.2770423517250027
-0.1754393402340036,0.4172916494606715
-0.1754393402340036,-0.2770423517250027
-0.005902545047595962,0.6726194204893663
-0.0549071922951325,-0.2770423517250027
0.2086108610209418,1.3343466780074549
0.2511322804513866,0.721576598347975
-0.045001022982744124,-0.2770423517250027
0.04511652061926016,-0.2770423517250027
-0.1754393402340036,0.034813918219362916
-0.034352054361349235,1.7687914296786604
0.2651816424271413,-0.2770423517250027
0.737167849779365,0.40462112952590285
0.07131314498789983,0.15303942051929295
-0.21511189270872683,0.36076315054500063
0.17674257376410155,1.1829916038652963
0.1617655741184355,-0.2770423517250027
0.188858210110831,-0.2770423517250027
0.45238697390456484,0.7017664365411537
-0.1754393402340036,-0.2770423517250027
0.3016439642674858,1.5873601409872213
0.24962179009063598,0.4693295412524436
-0.1522323847283982,-0.2770423517250027
-0.1754393402340036,0.41495872073964185
0.38285587580175573,0.8412811775833822
-0.1522323847283982,0.034813918219362916
0.08782577916828568,0.22426562898560826
1.102447513057744,0.35815052014314974
0.23390025413249751,1.2784415469332577
0.5141540871432947,-0.2770423517250027
0.03553767476527974,-0.2770423517250027
-0.01728476910159789,-0.2770423517250027
-0.1754393402340036,-0.2770423517250027
-0.21511189270872683,0.217238141751591
-0.21511189270872683,-0.2770423517250027
0.20390900680349935,0.041860399409999055
0.08506701964904011,0.5335282624847417
-0.21511189270872683,0.5361408928865928
-0.21511189270872683,0.41939257152842685
-0.21511189270872683,0.041860399409999055
0.048165132715048235,0.034813918219362916
-0.21511189270872683,-0.0401716056475077
0.16536339180170462,1.2798368803859237
-0.1754393402340036,-0.2770423517250027
-0.06580586057744044,-0.2770423517250027
0.5895857688058161,0.15303942051929295
-0.21511189270872683,-0.2770423517250027
0.03730977634913804,-0.2770423517250027
-0.21511189270872683,-0.2770423517250027
-0.045321920698868104,0.10310245079527625
-0.21511189270872683,0.034813918219362916
-0.21511189270872683,-0.2770423517250027
-0.03643658323580509,0.039247769008147956
-0.1754393402340036,0.7062002873299386
-0.02910950055320134,-0.2770423517250027
-0.21511189270872683,-0.2770423517250027
0.1309612805909303,-0.2770423517250027
0.30977163355771586,-0.2770423517250027
0.12090326854032445,0.8021500044505571
0.2418017629564029,0.41495872073964185
0.35604650802301097,0.41495872073964185
-0.07209365897513963,-0.2770423517250027
-0.21511189270872683,-0.2770423517250027
-0.1522323847283982,-0.2770423517250027
-0.1754393402340036,0.034813918219362916
-0.21511189270872683,-0.2770423517250027
0.1429199313119964,0.5446966709339368
-0.1754393402340036,-0.2770423517250027
-0.07893359002727732,0.22426562898560826
0.2051078998762337,-0.2770423517250027
0.09330391076628346,-0.2770423517250027
-0.21511189270872683,-0.2770423517250027
-0.045001022982744124,-0.0401716056475077
0.5188330245218024,-0.2770423517250027
-0.015234639820409275,-0.2770423517250027
0.2248027117127924,-0.2770423517250027
-0.11255983225367498,-0.2770423517250027
-0.040491724607203274,-0.2770423517250027
0.6074433317392359,0.7847659320461818
0.24803877474351657,-0.2770423517250027
0.29611523270353435,-0.2770423517250027
0.21540995476926425,0.7297145309113972
0.10780438308521159,-0.2770423517250027
0.03591660078394853,-0.2770423517250027
0.1936680581943478,-0.2770423517250027
0.2083990799150445,0.7062002873299386
-0.21511189270872683,-0.2770423517250027
0.06312885652457335,0.41467901905882054
0.11861881936468624,-0.2770423517250027
0.0032359692389181257,-0.2770423517250027
-0.043428504165497914,0.039247769008147956
-0.1754393402340036,-0.2770423517250027
0.07401663444142549,0.4648956904636586
-0.21511189270872683,-0.2770423517250027
0.1548360044087583,0.041860399409999055
-0.21511189270872683,0.041860399409999055
-0.21511189270872683,-0.2770423517250027
0.16952404733603552,-0.0401716056475077
-0.21511189270872683,-0.2770423517250027
0.19942388307290174,0.7529098316210007
-0.0053284705080209015,0.034813918219362916
-0.1754393402340036,0.10310245079527625
0.23133634570602413,0.034813918219362916
-0.1754393402340036,-0.0401716056475077
0.2091384507663747,1.9616617051698888
-0.04407322436272654,0.3511040389525136
0.011566644678382355,-0.0401716056475077
-0.040491724607203274,0.41495872073964185
-0.1522323847283982,1.5603461015759723
-0.09457974476985573,-0.2770423517250027
0.12124437477431325,-0.2770423517250027
0.03180578419732833,0.041860399409999055
-0.1754393402340036,-0.2770423517250027
0.12825488437773094,0.10310245079527625
-0.1357667877592804,-0.2770423517250027
-0.08320098315622884,-0.2770423517250027
-0.03075672144399905,0.7785288996753127
-0.03643658323580509,-0.2770423517250027
-0.1754393402340036,-0.0401716056475077
-0.1522323847283982,0.32547290511368887
-0.21511189270872683,-0.2770423517250027
-0.12287353563095205,-0.2770423517250027
-0.1754393402340036,0.5905874154318597
0.03591660078394853,-0.2770423517250027
-0.21511189270872683,-0.2770423517250027
0.1259547276499038,1.9569894852415568
-0.08499447317359136,-0.2770423517250027
0.07423618070566262,0.10310245079527625
-0.21511189270872683,-0.2770423517250027
-0.02158034512384269,0.041860399409999055
-0.0023413876920809597,0.39838409715503376
-0.21511189270872683,-0.2770423517250027
-0.21511189270872683,-0.2770423517250027
-0.21511189270872683,-0.2770423517250027
0.017878484997584494,0.4693295412524436
0.050203028477466355,0.217238141751591
-0.05081765133046704,0.27611851508564295
-0.1522323847283982,-0.2770423517250027
0.5859981856433257,0.27611851508564295
0.6744469175929503,0.10310245079527625
0.26483823257996275,0.10310245079527625
0.1098720731535075,-0.2770423517250027
0.048165132715048235,0.217238141751591
-0.01728476910159789,0.10310245079527625
0.029076650947461872,0.15303942051929295
-0.21511189270872683,-0.2770423517250027
-0.21511189270872683,-0.2770423517250027
0.6094264839753569,-0.2770423517250027
-0.09457974476985573,-0.2770423517250027
-0.21511189270872683,-0.2770423517250027
0.5858706317195294,-0.2770423517250027
0.2117674559401212,-0.2770423517250027
0.06611547721924672,-0.2770423517250027
0.08302420608296376,-0.2770423517250027
-0.022114965193262722,-0.2770423517250027
-0.21511189270872683,0.41024516827003543
-0.12287353563095205,0.838858155722903
-0.21511189270872683,-0.2770423517250027
0.5653263531725404,-0.0401716056475077
-0.005902545047595962,-0.2770423517250027
0.1433140032227979,0.10310245079527625
0.26536432946088645,0.7209112502590536
-0.1754393402340036,-0.2770423517250027
-0.21511189270872683,-0.2770423517250027
0.06408464370630987,0.034813918219362916
0.9610024438496861,0.039247769008147956
0.48200154521294863,-0.0401716056475077
0.0882174029080773,-0.2770423517250027
-0.02910950055320134,-0.2770423517250027
-0.21511189270872683,-0.2770423517250027
0.5620976393546357,1.3016368476428615
0.4690637610819816,-0.2770423517250027
-0.12299507852177384,-0.2770423517250027
-0.21511189270872683,-0.2770423517250027
0.1889464615521943,0.3511040389525136
0.31779260919516,2.9949696772430254
0.4682756074830119,-0.0401716056475077
-0.1754393402340036,0.43661971088785007
-0.1357667877592804,-0.2770423517250027
0.4391310636752819,-0.2770423517250027
-0.08365947443137661,-0.2770423517250027
0.16620245511656226,0.4652772962782811
0.00845733975557638,1.6620659631732706
0.22808255223124554,-0.2770423517250027
-0.040491724607203274,-0.2770423517250027
0.0860182868522582,-0.2770423517250027
0.3614826919555673,-0.2770423517250027
-0.04010010086741168,-0.2770423517250027
0.018806283617602098,-0.2770423517250027
0.2534059741545088,0.039247769008147956
0.5188425257174216,0.43661971088785007
-0.06580586057744044,0.41495872073964185
0.08506701964904011,-0.2770423517250027
0.9329877154166613,0.041860399409999055
-0.09457974476985573,0.2716846642968579
0.019451003814830708,-0.2770423517250027
-0.1754393402340036,-0.2770423517250027
0.12392259838428131,0.041860399409999055
0.6792413018188909,-0.2770423517250027
0.14742687756004808,-0.2770423517250027
0.26186914200843087,0.2716846642968579
-0.0029263525971118197,-0.2770423517250027
-0.21511189270872683,-0.2770423517250027
-0.009648400039610474,0.5950212662206447
-0.1754393402340036,-0.2770423517250027
0.07885097094047552,-0.2770423517250027
0.046916436378906655,0.15303942051929295
0.1472100897991642,0.7312488414727926
0.13435784465238015,0.38991016659678795
0.2536233250081728,-0.2770423517250027
-0.045001022982744124,0.35553788974129863
0.03917841846575236,0.039247769008147956
-0.08955314845248344,-0.2770423517250027
-0.21511189270872683,-0.2770423517250027
-0.005649368224144911,-0.2770423517250027
-0.21511189270872683,-0.2770423517250027
0.21424571280051508,0.673490456965345
-0.1522323847283982,-0.2770423517250027
-0.09609423528455714,0.41024516827003543
-0.0029263525971118197,-0.2770423517250027
-0.07209365897513963,-0.2770423517250027
0.040367870856944564,0.3466701881637285
-0.1357667877592804,0.5950212662206447
-0.10373695724822402,-0.2770423517250027
-0.03170023678952709,0.43661971088785007
-0.1357667877592804,-0.2770423517250027
-0.12287353563095205,-0.0401716056475077
-0.21511189270872683,0.034813918219362916
-0.21511189270872683,-0.2770423517250027
0.051625089579749754,0.15303942051929295
-0.1522323847283982,0.034813918219362916
-0.21511189270872683,0.15303942051929295
0.14870175869473223,0.039247769008147956
0.14751050393297985,0.8520869741745736
-0.11369715931079567,0.3511040389525136
0.21597400631347505,0.5926693918022635
0.05742781144127776,0.8926645906316275
-0.1754393402340036,0.7659682341605989
-0.12287353563095205,0.7934832417451104
0.1657262923556261,1.8470838231507307
0.2088388629119828,-0.2770423517250027
-0.21511189270872683,0.3466701881637285
-0.1522323847283982,-0.2770423517250027
-0.1754393402340036,0.2716846642968579
-0.0801642770819265,0.43661971088785007
-0.21511189270872683,0.8450404929839376
0.7610381129947146,0.4648956904636586
0.03045840147991222,-0.2770423517250027
0.16500062071400295,-0.2770423517250027
-0.1522323847283982,-0.2770423517250027
-0.1754393402340036,-0.2770423517250027
-0.034352054361349235,0.034813918219362916
-0.1522323847283982,0.15303942051929295
-0.21511189270872683,-0.2770423517250027
1.566790058454727,0.15303942051929295
0.05128814119542371,0.15303942051929295
-0.09457974476985573,-0.2770423517250027
0.2902218130448387,0.15303942051929295
0.7287234073723838,-0.0401716056475077
0.047115791204208876,0.039247769008147956
0.5174003578243332,0.034813918219362916
0.46533214452718064,0.034813918219362916
0.117014327778413,0.041860399409999055
0.2442681662054964,1.486875555108102
-0.21511189270872683,1.457539906903667
-0.11255983225367498,0.41024516827003543
-0.05999402765062343,-0.2770423517250027
0.11388043713357097,-0.2770423517250027
-0.020779966451047977,0.10310245079527625
-0.049880595977760206,-0.2770423517250027
-0.043428504165497914,-0.2770423517250027
0.6062792821198131,2.271594187991241
0.05297731952522066,-0.2770423517250027
0.3330837604616097,-0.2770423517250027
0.18574428160080395,-0.2770423517250027
-0.009648400039610474,0.39838409715503376
-0.21511189270872683,0.10310245079527625
0.05429289693941653,-0.2770423517250027
-0.1522323847283982,-0.2770423517250027
0.06808177261060162,0.5284706705699656
0.2701943866932693,0.039247769008147956
-0.21511189270872683,-0.2770423517250027
0.12788995538280049,0.034813918219362916
-0.04010010086741168,-0.2770423517250027
-0.21511189270872683,-0.0401716056475077
-0.1754393402340036,-0.2770423517250027
0.14367597500113038,0.039247769008147956
0.21523322972539863,-0.2770423517250027
-0.04407322436272654,-0.2770423517250027
-0.12287353563095205,-0.2770423517250027
0.07119160209707806,0.039247769008147956
-0.045321920698868104,-0.2770423517250027
-0.21511189270872683,-0.2770423517250027
-0.21511189270872683,-0.2770423517250027
-0.1754393402340036,0.2716846642968579
0.3424378570035784,-0.2770423517250027
-0.21511189270872683,0.4652772962782811
0.0804320470714594,-0.2770423517250027
-0.21511189270872683,0.22426562898560826
-0.06878205302792458,0.034813918219362916
-0.21511189270872683,0.09838889832566983
-0.12287353563095205,0.5950212662206447
0.49470225617582775,0.9541575943675306
0.19642182333549524,-0.2770423517250027
0.36917309088920536,-0.2770423517250027
-0.11369715931079567,-0.0401716056475077
-0.21511189270872683,0.10310245079527625
-0.09457974476985573,-0.2770423517250027
0.10693329954384677,0.10310245079527625
0.3590861642860576,0.22426562898560826
0.3359799319739231,0.59738294427187
-0.1522323847283982,-0.2770423517250027
-0.1522323847283982,-0.2770423517250027
1.0358107098358513,0.034813918219362916
0.3631482833018959,-0.2770423517250027
-0.1754393402340036,-0.2770423517250027
-0.07893359002727732,0.039247769008147956
0.9359222337234876,0.6056265453722413
0.2827355092097587,0.034813918219362916
-0.1754393402340036,0.7291479194050371
0.09801721075084306,-0.2770423517250027
-0.0004941340089708645,-0.0401716056475077
0.7912118132878248,-0.2770423517250027
0.38459969778844094,0.39838409715503376
0.22382164475359193,0.034813918219362916
0.3440771411325897,0.3511040389525136
0.21942942401579846,0.034813918219362916
-0.07893359002727732,0.39838409715503376
-0.07893359002727732,-0.2770423517250027
0.6795156164131375,-0.0401716056475077
-0.21511189270872683,-0.2770423517250027
0.1602261281250574,-0.2770423517250027
-0.09457974476985573,-0.0401716056475077
-0.1754393402340036,0.7484759808322157
-0.21511189270872683,0.041860399409999055
0.44247485379273777,-0.0401716056475077
-0.002462930582902732,0.10310245079527625
0.7452678565463677,-0.2770423517250027
-0.21511189270872683,-0.2770423517250027
-0.045321920698868104,0.5905874154318597
-0.21511189270872683,-0.2770423517250027
0.3645583006543924,0.5996968790362808
-0.1754393402340036,-0.2770423517250027
-0.049880595977760206,-0.2770423517250027
-0.0801642770819265,0.041860399409999055
0.0639282422309372,0.041860399409999055
-0.21511189270872683,0.22426562898560826
-0.1754393402340036,-0.2770423517250027
-0.21511189270872683,-0.2770423517250027
0.06227523454377452,0.4648956904636586
-0.1754393402340036,0.9660186654825321
-0.1754393402340036,1.7221783286905425
-0.21511189270872683,-0.2770423517250027
-0.21511189270872683,1.1239072308828881
0.3541060579427262,0.5331842230395719
-0.1754393402340036,0.9068775361650102
0.0681093139381044,0.43661971088785007
-0.004400671888003314,0.3399731968727712
0.055801773841969673,0.6744406408763003
0.353627500496959,0.43661971088785007
0.24546280329091788,-0.2770423517250027
0.04195429589045375,0.8540852557036829
-0.07893359002727732,-0.2770423517250027
0.20066011297468309,-0.2770423517250027
-0.06891755561232596,0.43661971088785007
0.9810721345075251,0.4648956904636586
-0.21511189270872683,-0.2770423517250027
-0.1754393402340036,0.3399731968727712
-0.21511189270872683,-0.2770423517250027
0.138703864251657,-0.2770423517250027
0.14637967953417458,-0.2770423517250027
1.020848753898892,0.43661971088785007
0.03290781336470885,-0.2770423517250027
-0.21511189270872683,-0.2770423517250027
-0.21511189270872683,0.041860399409999055
-0.03926103755255408,-0.2770423517250027
-0.07209365897513963,-0.2770423517250027
0.34668419873554546,2.964295730881645
0.05937940479762269,0.8786337719243346
-0.21511189270872683,-0.2770423517250027
0.13360207482714273,-0.2770423517250027
-0.06580586057744044,-0.0401716056475077
0.04291740456344106,-0.2770423517250027
0.1034437790629807,0.4611363750631032
0.2970089275244128,0.15303942051929295
0.7538938167130672,-0.2770423517250027
0.19486759114185498,-0.2770423517250027
0.39926807273000037,0.6414918756033979
-0.1522323847283982,-0.2770423517250027
0.5050703756548449,-0.2770423517250027
-0.07402460683607244,-0.2770423517250027
-0.1522323847283982,-0.0401716056475077
-0.21511189270872683,0.041860399409999055
-0.21511189270872683,-0.2770423517250027
-0.1754393402340036,-0.2770423517250027
0.3232455584322053,-0.0401716056475077
0.3099243971320947,1.1000885623318108
0.4108621431481459,0.4470654830255971
-0.1357667877592804,0.034813918219362916
0.0592079711567775,-0.2770423517250027
-0.009648400039610474,0.034813918219362916
-0.015234639820409275,0.8667014831321457
0.03290781336470885,0.041860399409999055
-0.12299507852177384,-0.2770423517250027
0.2579810952469182,0.41939257152842685
0.17016393682011624,0.041860399409999055
0.2926200353540843,-0.2770423517250027
-0.1754393402340036,1.973922233117636
-0.003755951690774689,-0.2770423517250027
-0.21511189270872683,1.4126326210428766
-0.1357667877592804,-0.2770423517250027
-0.1754393402340036,1.164287283564109
-0.05999402765062343,0.10310245079527625
0.03687267350749448,-0.2770423517250027
0.6834779185843332,-0.2770423517250027
0.3644353685053397,0.15303942051929295
-0.08955314845248344,-0.2770423517250027
-0.12287353563095205,-0.2770423517250027
0.32197006952369017,0.10310245079527625
-0.21511189270872683,-0.2770423517250027
-0.0053284705080209015,0.43661971088785007
-0.1754393402340036,-0.2770423517250027
-0.007449283983791397,0.15303942051929295
0.08713519773654264,0.217238141751591
0.4456947871811838,0.5402628201451518
0.2156888949055647,-0.2770423517250027
0.26044093448230987,-0.2770423517250027
-0.1357667877592804,0.041860399409999055
-0.0549071922951325,-0.2770423517250027
0.363283875406362,0.43661971088785007
0.013304767050497457,0.039247769008147956
-0.21511189270872683,-0.2770423517250027
0.029076650947461872,-0.2770423517250027
-0.03075672144399905,0.32547290511368887
0.2147121571856119,0.15303942051929295
0.29577872965848967,0.5129892611631379
-0.0012249823785160133,-0.2770423517250027
-0.1754393402340036,-0.2770423517250027
-0.12287353563095205,-0.0401716056475077
0.35432010205833087,-0.0401716056475077
0.4714259740639521,0.41467901905882054
0.2483793778371365,-0.2770423517250027
0.22402620791086353,-0.2770423517250027
-0.0006042734365541018,-0.2770423517250027
-0.21511189270872683,-0.2770423517250027
-0.08365947443137661,0.039247769008147956
0.04195429589045375,1.2799001554621878
-0.1754393402340036,-0.2770423517250027
-0.0549071922951325,0.7934832417451104
-0.006038047631997344,0.6839362291030922
0.1918828477260205,-0.2770423517250027
0.2749890505915623,-0.2770423517250027
0.17745032709440567,-0.2770423517250027
-0.21511189270872683,-0.2770423517250027
-0.1522323847283982,0.35371666935436463
-0.21511189270872683,-0.2770423517250027
0.1635893843622089,-0.2770423517250027
0.3068773646490351,-0.2770423517250027
-0.12287353563095205,-0.2770423517250027
-0.06580586057744044,0.8318920122981396
0.3056798194757785,0.2716846642968579
0.2088388629119828,0.22426562898560826
-0.08320098315622884,-0.2770423517250027
-0.0053284705080209015,0.034813918219362916
-0.21511189270872683,0.034813918219362916
-0.03643658323580509,-0.2770423517250027
-0.21511189270872683,-0.2770423517250027
0.22899794316663627,0.35371666935436463
0.270486118158008,-0.2770423517250027
-0.0801642770819265,-0.2770423517250027
-0.21511189270872683,-0.2770423517250027
-0.21511189270872683,1.771081160423062
-0.1522323847283982,0.39838409715503376
0.1875452309764132,0.2716846642968579
0.282936239709822,0.039247769008147956
0.19048967216083101,0.7146742178881844
-0.21511189270872683,0.6518294668171368
-0.0435284306815056,0.41939257152842685
0.06556471660561995,0.40462112952590285
0.4375489985095697,0.034813918219362916
-0.0549071922951325,0.41939257152842685
-0.21511189270872683,-0.2770423517250027
-0.009214150994811,-0.2770423517250027
-0.1754393402340036,1.2660138643118959
0.37356023543316924,-0.2770423517250027
-0.21511189270872683,-0.2770423517250027
0.3445940438954495,0.15303942051929295
0.0032359692389181257,-0.2770423517250027
0.04650754110279863,-0.2770423517250027
-0.1522323847283982,-0.2770423517250027
-0.04398692195665337,0.039247769008147956
-0.21511189270872683,-0.2770423517250027
0.46408144479963054,0.5623436511911838
-0.21511189270872683,-0.2770423517250027
0.4454908709197703,1.2468462856524245
0.0681093139381044,0.217238141751591
0.8520858422868994,0.034813918219362916
0.0004115149221691233,-0.2770423517250027
-0.1522323847283982,0.10310245079527625
-0.0801642770819265,-0.2770423517250027
-0.08320098315622884,-0.0401716056475077
0.2499306343864626,0.10310245079527625
-0.1754393402340036,-0.2770423517250027
-0.007449283983791397,-0.2770423517250027
-0.0214588022330209,0.041860399409999055
-0.21511189270872683,-0.2770423517250027
-0.21511189270872683,-0.2770423517250027
0.37683468565899064,1.5803508279968712
-0.21511189270872683,-0.2770423517250027
-0.04398692195665337,0.5835409342412236
-0.08320098315622884,2.638683955828717
-0.12287353563095205,0.9591761839402522
-0.045001022982744124,-0.2770423517250027
0.11649404683398878,-0.2770423517250027
-0.009214150994811,-0.2770423517250027
0.37484388682481334,-0.2770423517250027
-0.1754393402340036,-0.0401716056475077
-0.009214150994811,0.10310245079527625
-0.1522323847283982,-0.2770423517250027
-0.03926103755255408,0.536121898929974
0.38961405984461056,0.4648956904636586
0.6241805431074088,1.1309859274086569
-0.21511189270872683,-0.2770423517250027
0.015757671521814013,0.22426562898560826
-0.1754393402340036,0.4719421716542947
-0.12287353563095205,-0.2770423517250027
-0.21511189270872683,-0.2770423517250027
0.14239010020444384,0.7146742178881844
0.050081485586644596,0.3511040389525136
-0.1522323847283982,0.39838409715503376
-0.07209365897513963,0.10310245079527625
0.022481143370653826,0.09838889832566983
-0.07209365897513963,-0.0401716056475077
-0.21511189270872683,-0.2770423517250027
0.3292555633052288,0.7555546773579845
0.7874920069243819,-0.2770423517250027
0.15215135201854352,-0.0401716056475077
0.459277100785065,0.4693295412524436
-0.012282425912864535,-0.2770423517250027
-0.045001022982744124,-0.2770423517250027
-0.12287353563095205,-0.2770423517250027
0.34068642028510493,0.15303942051929295
-0.06878205302792458,-0.2770423517250027
-0.01272776485365948,-0.2770423517250027
-0.21511189270872683,-0.2770423517250027
-0.06891755561232596,2.1965413358900103
-0.04407322436272654,-0.2770423517250027
-0.12287353563095205,-0.0401716056475077
-0.1357667877592804,0.22426562898560826
0.526549759942261,-0.2770423517250027
0.11872465342369079,-0.2770423517250027
-0.21511189270872683,-0.2770423517250027
0.16727392348980116,-0.2770423517250027
0.18687337678676283,-0.2770423517250027
-0.21511189270872683,-0.0401716056475077
-0.21511189270872683,-0.2770423517250027
-0.21511189270872683,-0.2770423517250027
-0.1754393402340036,0.5335282624847417
0.07131314498789983,-0.2770423517250027
0.38696204057307365,-0.2770423517250027
0.0894170896770418,-0.2770423517250027
0.0996069358489962,0.15303942051929295
-0.21511189270872683,-0.2770423517250027
-0.08365947443137661,0.454108887829086
0.03730977634913804,0.8453845324291072
0.0792997682046684,-0.2770423517250027
-0.21511189270872683,-0.2770423517250027
-0.0801642770819265,0.35815052014314974
-0.1754393402340036,-0.2770423517250027
-0.045321920698868104,-0.0401716056475077
0.1936680581943478,0.41939257152842685
-0.21511189270872683,-0.2770423517250027
0.30267844376648056,0.7201179993930503
0.4087748983571153,0.4719421716542947
-0.1754393402340036,0.041860399409999055
-0.21511189270872683,-0.2770423517250027
0.5685824814364737,-0.2770423517250027
-0.016105991424943157,0.7555546773579845
0.16386241311360739,0.454108887829086
0.02084417938002021,0.039247769008147956
0.18794038667395682,0.7785288996753127
-0.03643658323580509,0.039247769008147956
-0.016054082046948685,0.39838409715503376
-0.06891755561232596,-0.2770423517250027
0.1287290186976581,-0.2770423517250027
-0.10373695724822402,0.9536192957912052
0.4253729415043255,0.39838409715503376
-0.1357667877592804,-0.2770423517250027
-0.21511189270872683,-0.2770423517250027
0.05640564933931458,-0.2770423517250027
-0.1522323847283982,0.039247769008147956
0.24205279109023212,0.10310245079527625
0.03527188058671992,-0.2770423517250027
-0.21511189270872683,0.034813918219362916
0.1742746375849184,-0.2770423517250027
0.12003801392990021,0.43661971088785007
0.18398258014657862,2.4444187737043923
-0.11255983225367498,0.22426562898560826
-0.1522323847283982,0.039247769008147956
-0.042035328600308446,0.9309002043644438
0.22034647412222785,0.034813918219362916
0.105319110174633,-0.2770423517250027
-0.1754393402340036,0.039247769008147956
-0.12287353563095205,-0.2770423517250027
0.05174663247057148,-0.2770423517250027
-0.042035328600308446,-0.0401716056475077
-0.1754393402340036,0.7771335662226467
-0.08365947443137661,0.217238141751591
-0.21511189270872683,-0.2770423517250027
0.42336211412732416,-0.2770423517250027
-0.21511189270872683,0.034813918219362916
0.010563051921521864,-0.0401716056475077
-0.1754393402340036,-0.2770423517250027
-0.21511189270872683,-0.2770423517250027
0.2887914200607558,1.8722102555081839
0.24833734390822018,-0.0401716056475077
-0.06878205302792458,0.27611851508564295
0.14571701391561734,-0.2770423517250027
0.40735719811329524,1.2115483478100102
-0.21511189270872683,-0.2770423517250027
-0.1754393402340036,0.09838889832566983
0.04677351655538547,1.0848679089084532
0.16727392348980116,0.041860399409999055
0.3402473146656119,0.10310245079527625
-0.1522323847283982,0.15303942051929295
-0.21511189270872683,0.32547290511368887
0.07037244210400906,-0.2770423517250027
0.36424447741961713,0.034813918219362916
0.3048039796224807,-0.2770423517250027
-0.015234639820409275,1.2097987986496768
-0.21511189270872683,-0.2770423517250027
-0.06580586057744044,0.10310245079527625
-0.21511189270872683,-0.2770423517250027
0.23378309923549823,-0.2770423517250027
-0.03926103755255408,-0.2770423517250027
0.10276583293090294,0.15303942051929295
0.1550708887051247,-0.2770423517250027
-0.08365947443137661,-0.2770423517250027
-0.1357667877592804,-0.2770423517250027
-0.043428504165497914,-0.2770423517250027
-0.21511189270872683,0.278731145487494
0.3635414618524934,1.3725380106206257
-0.12287353563095205,0.2716846642968579
-0.11369715931079567,1.829845614282196
0.43493615599089913,0.35553788974129863
-0.21511189270872683,-0.2770423517250027
0.26299482727379075,0.43661971088785007
0.3016163550974665,-0.2770423517250027
-0.21511189270872683,-0.2770423517250027
-0.21511189270872683,-0.2770423517250027
-0.1754393402340036,-0.2770423517250027
-0.11369715931079567,-0.2770423517250027
-0.06878205302792458,0.15303942051929295
-0.040491724607203274,0.034813918219362916
-0.21511189270872683,-0.0401716056475077
0.28852096009520006,-0.2770423517250027
-0.11369715931079567,0.034813918219362916
-0.005902545047595962,0.041860399409999055
-0.1522323847283982,0.22426562898560826
-0.21511189270872683,-0.2770423517250027
0.433327121645494,-0.2770423517250027
-0.009648400039610474,1.5479157529622176
-0.1754393402340036,-0.0401716056475077
-0.05999402765062343,0.8667014831321457
-0.21511189270872683,-0.2770423517250027
0.6234304913878815,-0.2770423517250027
0.013558555465994937,-0.2770423517250027
-0.12299507852177384,-0.2770423517250027
-0.21511189270872683,-0.2770423517250027
0.0687492034221851,0.217238141751591
0.0985110323909952,-0.2770423517250027
-0.21511189270872683,0.034813918219362916
0.09418000924674079,3.390806048624164
0.3547216599709778,1.2841670279479784
-0.21511189270872683,-0.2770423517250027
-0.049880595977760206,-0.2770423517250027
-0.21511189270872683,-0.2770423517250027
0.03917841846575236,0.10310245079527625
-0.04712183645851461,0.039247769008147956
0.9063697841308621,-0.0401716056475077
-0.1754393402340036,0.7146742178881844
0.06238537397135772,1.038671260628373
-0.1522323847283982,-0.2770423517250027
0.8181163599143125,0.8786337719243346
0.12541437064535288,-0.2770423517250027
-0.12299507852177384,0.6700067900875154
0.42857690286965916,0.38991016659678795
-0.02924500313760272,0.9471111131768944
-0.06580586057744044,0.039247769008147956
0.1706032253487722,-0.2770423517250027
-0.21511189270872683,0.4719421716542947
0.02694478762106371,2.2047197290301646
0.0774727470407057,0.10310245079527625
0.6489659443550784,0.041860399409999055
-0.1522323847283982,-0.2770423517250027
0.2781127377057272,0.673490456965345
0.2703739809559053,0.041860399409999055
-0.049320952514333695,0.3466701881637285
-0.12287353563095205,0.5905874154318597
0.34503658773386103,-0.2770423517250027
-0.054373343252372495,0.034813918219362916
0.4466477639983102,-0.2770423517250027
0.348244754982591,-0.2770423517250027
-0.042035328600308446,-0.2770423517250027
-0.21511189270872683,0.3399731968727712
-0.1522323847283982,-0.2770423517250027
0.3017529564362985,0.039247769008147956
-0.21511189270872683,-0.2770423517250027
0.9096287501434414,-0.2770423517250027
0.011861584945447704,-0.2770423517250027
0.0025636657344695686,0.39838409715503376
0.30194100570417687,0.41495872073964185
0.251079091677668,-0.2770423517250027
-0.0023413876920809597,-0.2770423517250027
0.9024500220156378,-0.2770423517250027
-0.11255983225367498,0.034813918219362916
-0.043428504165497914,0.034813918219362916
0.8264489951938744,1.2468462856524245
-0.21511189270872683,-0.2770423517250027
0.6624882467566274,-0.2770423517250027
-0.0549071922951325,-0.2770423517250027
0.2512628970414897,4.667810875776033
-0.08499447317359136,0.041860399409999055
0.33498682940632385,0.27295448844926334
-0.1522323847283982,-0.0401716056475077
-0.1522323847283982,0.22426562898560826
0.13654593705679038,-0.2770423517250027
0.392641300097467,0.3399731968727712
0.24932686143403252,0.6673941596856643
0.24886915228548198,-0.2770423517250027
-0.05999402765062343,-0.2770423517250027
0.19126966885470856,-0.2770423517250027
-0.11369715931079567,-0.2770423517250027
-0.1754393402340036,-0.2770423517250027
-0.12287353563095205,-0.2770423517250027
0.10398411143241826,0.15303942051929295
-0.21511189270872683,-0.2770423517250027
0.31793417132432145,-0.2770423517250027
0.8449112696641431,-0.2770423517250027
0.5356401165133153,2.216114782721966
0.00712234101336165,-0.0401716056475077
0.6450256473363678,0.10310245079527625
0.8587393928011913,2.0019395633014176
-0.21511189270872683,-0.2770423517250027
0.15971056640462342,0.43661971088785007
0.03917841846575236,0.217238141751591
-0.21511189270872683,0.22426562898560826
-0.04010010086741168,-0.2770423517250027
0.11621777845694091,0.15303942051929295
-0.21511189270872683,0.217238141751591
0.09551218835033516,0.7088129177317897
-0.21511189270872683,0.6530992909695422
0.03906827903816913,0.039247769008147956
-0.1754393402340036,0.034813918219362916
0.6671667784514844,1.4546561262583744
0.10067970254631112,-0.2770423517250027
-0.12287353563095205,-0.2770423517250027
-0.21511189270872683,0.217238141751591
-0.07977265334213493,0.454108887829086
0.16473716272199573,0.034813918219362916
-0.12287353563095205,0.15303942051929295
0.07558915325867169,-0.2770423517250027
0.3739800214716948,0.034813918219362916
-0.010208043503036977,0.41495872073964185
-0.21511189270872683,-0.2770423517250027
-0.21511189270872683,0.034813918219362916
0.24393883312254744,1.4413734125615945
-0.1754393402340036,0.034813918219362916
0.13532308774241278,0.039247769008147956
1.0147920820143963,-0.2770423517250027
0.24118587804652278,0.4172916494606715
-0.0435284306815056,-0.2770423517250027
-0.026133308102717214,-0.2770423517250027
0.4051282585526725,0.034813918219362916
-0.21511189270872683,-0.2770423517250027
0.16791761410111797,-0.0401716056475077
0.34784044053920743,-0.2770423517250027
-0.032421106500416394,-0.2770423517250027
0.2302652907939867,1.278059941118635
-0.04398692195665337,-0.2770423517250027
0.41581902679397953,-0.2770423517250027
0.006834988628075403,-0.2770423517250027
0.01775525896655453,0.6417630258468395
0.2288166243554017,-0.2770423517250027
0.313051214412127,0.15303942051929295
-0.03926103755255408,0.041860399409999055
0.11004499457873228,2.5529965594659374
-0.05999402765062343,-0.2770423517250027
-0.1754393402340036,-0.2770423517250027
0.620617933530982,-0.2770423517250027
-0.12287353563095205,-0.2770423517250027
-0.1754393402340036,-0.2770423517250027
0.5937303816787555,1.4224749803446424
-0.21511189270872683,-0.2770423517250027
0.5635709833330068,1.4216296324226265
-0.05081765133046704,0.034813918219362916
0.896523288955837,0.034813918219362916
-0.21511189270872683,0.034813918219362916
-0.21511189270872683,-0.2770423517250027
-0.21511189270872683,-0.2770423517250027
0.19783282828326207,3.4186620839458155
0.1488647599199838,-0.2770423517250027
-0.21511189270872683,-0.2770423517250027
-0.1522323847283982,-0.2770423517250027
0.5175682405605134,0.7974364519809505
-0.21511189270872683,0.5335282624847417
-0.03926103755255408,-0.2770423517250027
0.15259856290578927,0.8996920778656448
-0.0549071922951325,0.43661971088785007
-0.12287353563095205,-0.2770423517250027
0.114414027276717,1.5724324171374708
0.1546237310491325,0.7484759808322157
0.11885749077329497,0.22426562898560826
-0.07893359002727732,0.41495872073964185
-0.21511189270872683,0.217238141751591
-0.0023413876920809597,0.034813918219362916
0.3839009091931424,0.034813918219362916
0.2826730182557061,0.7235238806609047
-0.1754393402340036,0.4573605657406155
-0.21511189270872683,-0.2770423517250027
0.1742746375849184,-0.2770423517250027
-0.21511189270872683,-0.2770423517250027
0.032244329427151316,0.19669914042998726
0.10092059938896027,0.39838409715503376
-0.21511189270872683,-0.2770423517250027
0.43807733074997185,1.5105242265143
-0.1522323847283982,-0.2770423517250027
-0.05999402765062343,0.5331842230395719
0.1280755411256743,0.039247769008147956
0.6538624133490107,0.034813918219362916
-0.09457974476985573,0.10310245079527625
-0.1754393402340036,-0.2770423517250027
0.06238537397135772,-0.2770423517250027
0.2828052679728062,-0.2770423517250027
-0.1522323847283982,-0.2770423517250027
-0.09457974476985573,-0.2770423517250027
0.27508677425302036,-0.2770423517250027
-0.1522323847283982,-0.2770423517250027
-0.07209365897513963,-0.2770423517250027
-0.21511189270872683,-0.2770423517250027
-0.21511189270872683,0.5361408928865928
0.022481143370653826,0.22840655020078615
-0.21511189270872683,-0.2770423517250027
-0.06891755561232596,0.041860399409999055
0.09174422306880387,-0.0401716056475077
-0.21511189270872683,-0.2770423517250027
-0.21511189270872683,-0.2770423517250027
-0.1754393402340036,-0.0401716056475077
0.2257649557074309,-0.2770423517250027
0.6311801992091585,1.4664898923704963
0.14430608464109174,-0.2770423517250027
0.7756468803384446,0.10310245079527625
-0.21511189270872683,-0.2770423517250027
0.3844706406268236,1.1356672645431307
-0.04398692195665337,0.7555546773579845
-0.1754393402340036,-0.2770423517250027
0.5991283349703603,-0.2770423517250027
-0.21511189270872683,-0.2770423517250027
-0.21511189270872683,-0.2770423517250027
-0.07977265334213493,0.039247769008147956
0.7579073131479157,0.034813918219362916
0.03786501382540228,0.22426562898560826
-0.21511189270872683,-0.2770423517250027
-0.21511189270872683,0.41495872073964185
0.1259547276499038,1.524900792652759
0.29963429839998074,1.7795210189954882
0.05174663247057148,0.7800391261981049
-0.21511189270872683,-0.2770423517250027
-0.21511189270872683,0.15303942051929295
-0.004400671888003314,0.35371666935436463
-0.21511189270872683,-0.2770423517250027
0.07230523284472978,-0.2770423517250027
-0.21511189270872683,0.3511040389525136
0.056014025599522996,-0.2770423517250027
0.0891221610204383,-0.2770423517250027
-0.21511189270872683,-0.2770423517250027
0.026442924744523522,-0.2770423517250027
-0.10373695724822402,-0.2770423517250027
0.05213825621036306,1.4710859615936982
-0.21511189270872683,-0.2770423517250027
-0.06580586057744044,-0.2770423517250027
-0.11255983225367498,0.3466701881637285
0.09274979851595158,0.7146742178881844
-0.0023413876920809597,-0.2770423517250027
0.3777773551065653,0.034813918219362916
-0.12287353563095205,-0.2770423517250027
-0.21511189270872683,-0.2770423517250027
-0.21511189270872683,-0.2770423517250027
-0.03170023678952709,-0.2770423517250027
-0.21511189270872683,-0.2770423517250027
-0.06580586057744044,0.3399731968727712
-0.1754393402340036,0.35815052014314974
-0.21511189270872683,-0.2770423517250027
-0.21511189270872683,0.43661971088785007
-0.21511189270872683,-0.0401716056475077
0.04195429589045375,-0.2770423517250027
0.1894550723988179,-0.2770423517250027
-0.1754393402340036,1.2672836884643015
0.10778186641282766,0.9541575943675306
-0.1754393402340036,-0.2770423517250027
-0.1754393402340036,-0.2770423517250027
0.3378636855462564,0.39838409715503376
0.08535207507693862,0.43661971088785007
-0.1357667877592804,0.09838889832566983
-0.07402460683607244,0.8565529408783025
0.5600602033766504,0.6373291750580545
0.37048482412224465,0.2716846642968579
0.4078642304244706,-0.0401716056475077
0.2878148645940966,0.39838409715503376
0.1595130638404779,0.15303942051929295
-0.043428504165497914,-0.2770423517250027
0.25836948686415523,0.217238141751591
-0.045321920698868104,-0.0401716056475077
-0.06580586057744044,-0.2770423517250027
0.12504920681920806,-0.2770423517250027
-0.21511189270872683,-0.2770423517250027
-0.09457974476985573,-0.2770423517250027
-0.1754393402340036,-0.2770423517250027
0.3013077011320532,-0.2770423517250027
-0.21511189270872683,0.034813918219362916
-0.06580586057744044,0.15303942051929295
-0.1754393402340036,0.3511040389525136
-0.05081765133046704,-0.2770423517250027
0.6680861429236568,0.5835409342412236
-0.06580586057744044,1.39633769913909
-0.21511189270872683,-0.2770423517250027
-0.1754393402340036,-0.2770423517250027
0.9703805808333432,1.0800475784059391
-0.08320098315622884,-0.2770423517250027
0.43021746400152416,-0.2770423517250027
0.12935435695858805,0.4693295412524436
-0.21511189270872683,-0.2770423517250027
-0.03643658323580509,-0.2770423517250027
-0.07977265334213493,0.9897805776984957
-0.0801642770819265,0.41939257152842685
-0.21511189270872683,0.039247769008147956
-0.03075672144399905,-0.2770423517250027
-0.005902545047595962,-0.2770423517250027
0.28356089843846366,1.601104400597764
-0.08365947443137661,-0.2770423517250027
0.013558555465994937,0.09838889832566983
-0.21511189270872683,-0.2770423517250027
-0.21511189270872683,-0.2770423517250027
0.08792398759584462,-0.2770423517250027
0.10290133551530431,-0.2770423517250027
0.33370174500192673,2.8818332017056236
-0.07402460683607244,-0.2770423517250027
0.28900440330583427,0.15303942051929295
-0.21511189270872683,-0.2770423517250027
-0.21511189270872683,0.5335282624847417
-0.1754393402340036,-0.0401716056475077
-0.1522323847283982,1.5915676410300286
0.03553767476527974,-0.2770423517250027
-0.06580586057744044,-0.2770423517250027
0.8312658577753008,0.034813918219362916
0.0032359692389181257,-0.2770423517250027
-0.21511189270872683,0.2716846642968579
-0.1754393402340036,-0.2770423517250027
0.6192552345585811,0.9471111131768944
-0.21511189270872683,-0.2770423517250027
0.386180031646087,0.034813918219362916
0.3559371174633615,0.041860399409999055
0.20766734567541378,0.2716846642968579
-0.1754393402340036,-0.2770423517250027
-0.020321475175900203,0.041860399409999055
0.11987934810935977,-0.2770423517250027
0.05167976493521529,0.15303942051929295
0.4079829759798341,0.4648956904636586
0.18848445059703872,-0.2770423517250027
-0.05081765133046704,0.15303942051929295
0.3507084437528471,0.43661971088785007
-0.08955314845248344,-0.2770423517250027
-0.006764739110014356,1.2688045056845365
0.07528142529521391,1.039020750528052
0.5082421500299883,-0.2770423517250027
-0.21511189270872683,0.2716846642968579
0.07618427503082607,0.41495872073964185
0.3853151338647762,-0.2770423517250027
0.1240031342935588,0.10310245079527625
-0.07893359002727732,-0.2770423517250027
-0.21511189270872683,-0.2770423517250027
-0.21511189270872683,-0.2770423517250027
0.13054694373879702,-0.2770423517250027
-0.21511189270872683,-0.2770423517250027
-0.045321920698868104,-0.2770423517250027
-0.07209365897513963,0.039247769008147956
-0.043428504165497914,-0.2770423517250027
0.11613147605086781,0.034813918219362916
-0.022114965193262722,-0.2770423517250027
-0.21511189270872683,-0.2770423517250027
-0.1754393402340036,-0.2770423517250027
-0.1754393402340036,-0.2770423517250027
-0.1522323847283982,0.7102403670993994
-0.1754393402340036,1.1931026722705511
0.481326582215457,-0.2770423517250027
0.8772834057828472,-0.0401716056475077
-0.1754393402340036,0.7529098316210007
0.2563829737804613,0.22426562898560826
0.018806283617602098,0.7017664365411537
-0.08320098315622884,-0.2770423517250027
0.09568657807424621,0.47853370084594876
0.17949600810157668,0.034813918219362916
0.019451003814830708,-0.2770423517250027
-0.21511189270872683,-0.2770423517250027
-0.1357667877592804,-0.2770423517250027
0.04511652061926016,0.589244609182414
-0.0004941340089708645,0.039247769008147956
-0.07402460683607244,0.041860399409999055
0.4772483280772296,1.022096637043765
-0.004400671888003314,-0.0401716056475077
-0.21511189270872683,-0.2770423517250027
0.48500711653787393,-0.2770423517250027
-0.21511189270872683,-0.2770423517250027
-0.1754393402340036,-0.2770423517250027
0.2340687625145867,-0.2770423517250027
-0.06891755561232596,-0.2770423517250027
-0.1754393402340036,-0.2770423517250027
-0.21511189270872683,1.2841670279479784
0.013304767050497457,-0.2770423517250027
-0.049320952514333695,0.034813918219362916
-0.21511189270872683,-0.2770423517250027
-0.0801642770819265,0.3511040389525136
-0.21511189270872683,-0.2770423517250027
-0.1754393402340036,0.4693295412524436
-0.020925212089874873,0.217238141751591
0.026442924744523522,0.3466701881637285
-0.21511189270872683,-0.2770423517250027
-0.03170023678952709,1.3553108712612025
-0.21511189270872683,-0.2770423517250027
-0.21511189270872683,-0.2770423517250027
-0.1754393402340036,-0.2770423517250027
0.4061207752691275,0.039247769008147956
0.051183829507858145,-0.2770423517250027
-0.21511189270872683,-0.2770423517250027
0.3455973212783315,0.7529098316210007
0.21021708681175263,-0.2770423517250027
-0.1522323847283982,0.041860399409999055
0.28195315246103436,0.4648956904636586
0.015599594380481878,0.217238141751591
0.032441345433225494,0.27611851508564295
-0.1522323847283982,-0.2770423517250027
0.04662515422896606,0.10310245079527625
0.0182137502417023,0.041860399409999055
-0.07209365897513963,-0.2770423517250027
0.13504923824065698,1.1182831921387555
0.2990428902787308,0.48324725331555524
-0.21511189270872683,-0.2770423517250027
-0.21511189270872683,-0.2770423517250027
0.35507993950432176,-0.2770423517250027
-0.1522323847283982,-0.2770423517250027
0.4068835387804175,0.15303942051929295
0.10727070353097798,2.0254538068828762
-0.11369715931079567,-0.2770423517250027
0.07012339188451201,0.039247769008147956
0.9020292083849181,-0.0401716056475077
0.6601290845155532,-0.2770423517250027
-0.1754393402340036,0.7265352890031862
0.07474109292577633,-0.2770423517250027
0.2949312024245828,-0.2770423517250027
-0.21511189270872683,-0.2770423517250027
-0.08499447317359136,-0.0401716056475077
0.3627631519261424,0.32547290511368887
0.7409680505081716,0.47853370084594876
-0.1754393402340036,0.039247769008147956
-0.040491724607203274,-0.2770423517250027
0.04499497772843837,-0.0401716056475077
0.30124200633454984,0.217238141751591
0.1535529896082942,0.5331842230395719
0.0378001945659825,-0.2770423517250027
1.0974587230774853,-0.2770423517250027
0.1444513302799186,0.034813918219362916
-0.12287353563095205,0.217238141751591
0.15011345625612543,-0.2770423517250027
-0.21511189270872683,-0.2770423517250027
-0.05999402765062343,1.431395106986532
-0.03643658323580509,-0.2770423517250027
0.01874734038484833,-0.2770423517250027
0.4184355979338871,-0.2770423517250027
0.2517238118748966,0.217238141751591
-0.12287353563095205,0.217238141751591
0.3833747946458731,-0.2770423517250027
-0.03075672144399905,0.09838889832566983
0.09888052363150078,0.039247769008147956
-0.21511189270872683,0.9471111131768944
-0.12287353563095205,0.22840655020078615
0.16182451735118927,-0.2770423517250027
0.2738908036829764,0.041860399409999055
0.0687492034221851,1.161330613717088
-0.21511189270872683,-0.0401716056475077
-0.042035328600308446,-0.2770423517250027
-0.21511189270872683,-0.2770423517250027
0.250549311149124,-0.2770423517250027
0.02084417938002021,-0.2770423517250027
-0.21511189270872683,-0.2770423517250027
-0.1754393402340036,-0.2770423517250027
0.08848240538700006,0.7335817701938222
-0.21511189270872683,1.0060875817624761
0.4522504411216406,0.6352548432325288
0.10360079470566046,0.041860399409999055
-0.09457974476985573,-0.2770423517250027
-0.21511189270872683,-0.2770423517250027
-0.020321475175900203,0.039247769008147956
0.4030442408297503,0.7062002873299386
0.2901821711429034,-0.0401716056475077
-0.21511189270872683,-0.2770423517250027
0.026442924744523522,-0.2770423517250027
0.024255689756214,-0.2770423517250027
-0.07977265334213493,0.35371666935436463
0.1633589388222259,0.10310245079527625
0.3645548382140174,-0.2770423517250027
-0.21511189270872683,-0.0401716056475077
-0.0801642770819265,-0.2770423517250027
0.06610504897505748,-0.2770423517250027
0.06564655769990974,-0.2770423517250027
-0.0549071922951325,-0.2770423517250027
-0.1522323847283982,-0.0401716056475077
-0.05999402765062343,-0.2770423517250027
-0.21511189270872683,-0.2770423517250027
-0.12287353563095205,-0.2770423517250027
-0.1754393402340036,-0.2770423517250027
-0.21511189270872683,-0.2770423517250027
0.13828740690542557,0.217238141751591
0.269825983944853,0.5335282624847417
0.23191371464849247,-0.2770423517250027
-0.022114965193262722,-0.2770423517250027
-0.21511189270872683,0.041860399409999055
-0.21511189270872683,-0.2770423517250027
-0.11369715931079567,0.10310245079527625
-0.1754393402340036,0.034813918219362916
-0.0023627761255851994,-0.2770423517250027
0.041598557911593774,0.8197533985902826
-0.04407322436272654,-0.0401716056475077
-0.040491724607203274,-0.2770423517250027
0.4951402513487867,0.4693295412524436
0.05174663247057148,0.217238141751591
-0.02910950055320134,-0.2770423517250027
-0.21511189270872683,0.7102403670993994
-0.21511189270872683,-0.2770423517250027
0.5991616662070878,-0.2770423517250027
-0.1357667877592804,-0.2770423517250027
0.4978786116890912,-0.2770423517250027
0.8372119367815963,0.5290944116959565
-0.21511189270872683,-0.2770423517250027
-0.08499447317359136,-0.2770423517250027
0.30459185220992463,-0.0401716056475077
0.28476592500102377,0.7382953226634287
0.3386497383890223,-0.2770423517250027
-0.04407322436272654,0.041860399409999055
0.33119695730110565,-0.0401716056475077
0.6190888726762254,0.15303942051929295
-0.21511189270872683,0.6518294668171368
-0.21511189270872683,-0.2770423517250027
-0.1522323847283982,-0.2770423517250027
0.24750438428748162,-0.2770423517250027
0.3620667628774385,-0.2770423517250027
-0.03643658323580509,-0.2770423517250027
0.10067970254631112,-0.2770423517250027
-0.0214588022330209,1.1456836369593013
0.06215369584537706,-0.2770423517250027
0.07645892357614457,-0.0401716056475077
0.19223386493891664,-0.2770423517250027
-0.04010010086741168,-0.2770423517250027
-0.21511189270872683,-0.2770423517250027
0.45024344464189403,0.43661971088785007
0.332928649034771,-0.2770423517250027
-0.1754393402340036,0.2716846642968579
-0.0023413876920809597,-0.2770423517250027
0.015757671521814013,0.42200520193027785
-0.034352054361349235,0.4573605657406155
0.21143683127394944,-0.2770423517250027
0.2053212210328544,-0.2770423517250027
-0.21511189270872683,-0.2770423517250027
-0.1522323847283982,0.15303942051929295
0.11497328886392606,-0.2770423517250027
0.4225288229917211,-0.2770423517250027
0.06899362689751472,0.43661971088785007
-0.1522323847283982,-0.2770423517250027
-0.21511189270872683,-0.2770423517250027
-0.024072958094241335,-0.0401716056475077
0.050081485586644596,-0.2770423517250027
0.18219993290016084,0.39838409715503376
-0.08955314845248344,-0.2770423517250027
-0.21511189270872683,0.41024516827003543
-0.21511189270872683,0.41024516827003543
-0.07209365897513963,-0.2770423517250027
0.12818287651678592,-0.2770423517250027
-0.08955314845248344,-0.2770423517250027
0.010563051921521864,-0.2770423517250027
-0.21511189270872683,-0.0401716056475077
-0.21511189270872683,0.041860399409999055
-0.21511189270872683,0.034813918219362916
-0.1522323847283982,-0.2770423517250027
0.019451003814830708,-0.2770423517250027
0.1870994300347713,-0.2770423517250027
0.3418088256377796,-0.2770423517250027
0.7613536868921599,0.7146742178881844
-0.1357667877592804,-0.0401716056475077
0.188003722251561,0.41939257152842685
0.30152982023734387,-0.2770423517250027
-0.03926103755255408,-0.2770423517250027
-0.1754393402340036,-0.2770423517250027
-0.21511189270872683,0.22426562898560826
-0.08365947443137661,-0.2770423517250027
-0.12287353563095205,-0.0401716056475077
0.26159267332680236,-0.0401716056475077
-0.1754393402340036,-0.2770423517250027
-0.08499447317359136,-0.2770423517250027
0.4219083215254504,0.5335282624847417
-0.21511189270872683,0.22426562898560826
-0.042035328600308446,-0.2770423517250027
-0.21511189270872683,-0.2770423517250027
-0.09457974476985573,-0.2770423517250027
0.08213024009074549,-0.2770423517250027
-0.21511189270872683,-0.2770423517250027
-0.03926103755255408,-0.2770423517250027
0.02277940711291692,0.15303942051929295
0.0599531553832168,-0.2770423517250027
0.21347472703636755,-0.2770423517250027
0.2398741741742585,0.15303942051929295
-0.0549071922951325,0.039247769008147956
-0.1357667877592804,-0.2770423517250027
0.6231110332751092,-0.2770423517250027
0.05734150903520459,0.041860399409999055
-0.21511189270872683,0.770054969117067
-0.21511189270872683,-0.2770423517250027
-0.09457974476985573,0.3511040389525136
-0.04398692195665337,-0.2770423517250027
0.14243838540562612,0.034813918219362916
0.08629770670368928,0.278731145487494
0.3376415424644271,0.039247769008147956
-0.21511189270872683,0.42200520193027785
0.0961605208713298,0.4693295412524436
-0.1357667877592804,0.039247769008147956
-0.21511189270872683,-0.2770423517250027
0.04868831002145508,0.5405557497187589
0.3235700992286415,0.039247769008147956
0.5011854385906429,-0.2770423517250027
0.3708192165930188,0.15303942051929295
0.44275222030899586,0.15303942051929295
-0.009214150994811,1.4662635416245187
0.7337421783192687,-0.2770423517250027
0.22753062009138797,-0.2770423517250027
-0.01728476910159789,-0.2770423517250027
-0.21511189270872683,-0.0401716056475077
0.2151058474544211,-0.2770423517250027
-0.02924500313760272,1.227518224225246
-0.1754393402340036,0.034813918219362916
0.22049763422836452,-0.2770423517250027
-0.1522323847283982,-0.2770423517250027
0.05734150903520459,-0.2770423517250027
-0.042035328600308446,-0.2770423517250027
0.05937940479762269,0.039247769008147956
-0.1754393402340036,0.4648956904636586
0.21048109367025003,-0.2770423517250027
-0.21511189270872683,-0.2770423517250027
0.10727070353097798,-0.2770423517250027
-0.1522323847283982,0.15303942051929295
0.18224644046475078,0.43661971088785007
0.18888022971862795,-0.2770423517250027
-0.21511189270872683,-0.2770423517250027
-0.21511189270872683,-0.2770423517250027
0.15990282622294572,-0.2770423517250027
0.04195429589045375,-0.2770423517250027
-0.01272776485365948,0.4648956904636586
0.3074341428319899,0.27611851508564295
-0.1754393402340036,-0.2770423517250027
-0.04407322436272654,0.4172916494606715
0.8177635648777567,0.9897805776984957
0.7515347053270206,0.4719421716542947
-0.21511189270872683,-0.2770423517250027
-0.1357667877592804,-0.2770423517250027
-0.1754393402340036,-0.2770423517250027
-0.21511189270872683,-0.2770423517250027
-0.08320098315622884,-0.2770423517250027
-0.21511189270872683,-0.2770423517250027
-0.04398692195665337,0.4648956904636586
-0.1357667877592804,0.22840655020078615
0.09266671421166918,-0.2770423517250027
-0.026133308102717214,1.1286207833524946
0.12788995538280049,-0.2770423517250027
0.12668236556048476,-0.2770423517250027
0.3724826117812946,0.4693295412524436
-0.21511189270872683,0.5950212662206447
0.04511652061926016,0.3511040389525136
0.10465070263684925,-0.2770423517250027
0.6085314175405273,-0.2770423517250027
-0.21511189270872683,0.8754697452879548
0.6923933682118327,0.39838409715503376
0.3007967968999647,-0.2770423517250027
0.36484805501200823,1.0002263498362427
0.23912287393288154,-0.2770423517250027
0.3869202537834802,0.2716846642968579
0.047237334095030635,-0.2770423517250027
-0.0023627761255851994,-0.2770423517250027
0.1706308367431026,-0.2770423517250027
-0.21511189270872683,-0.2770423517250027
0.16791761410111797,1.029143118234401
0.07521022724000294,-0.2770423517250027
0.13634494507847758,-0.2770423517250027
-0.04398692195665337,-0.2770423517250027
-0.1522323847283982,-0.2770423517250027
-0.1754393402340036,-0.2770423517250027
0.34522856544167085,-0.2770423517250027
-0.07402460683607244,0.217238141751591
-0.1754393402340036,0.034813918219362916
0.5236715600229994,1.1531564414843665
-0.04398692195665337,-0.2770423517250027
0.40141486481673855,0.15303942051929295
0.26310257348852356,-0.2770423517250027
0.41387693328425124,-0.2770423517250027
0.14377249449794566,0.09838889832566983
0.3921915755984287,-0.0401716056475077
-0.004400671888003314,-0.2770423517250027
-0.03926103755255408,-0.2770423517250027
0.41643096336719676,0.39838409715503376
0.5310862196257375,0.5361408928865928
-0.04712183645851461,-0.2770423517250027
-0.04407322436272654,0.42200520193027785
-0.016054082046948685,-0.2770423517250027
0.22512381667746748,-0.2770423517250027
-0.02924500313760272,0.6543474012299039
0.23037543022156995,0.7774264957962539
0.09141918494529468,0.10310245079527625
-0.016893145361806285,-0.2770423517250027
-0.21511189270872683,0.41939257152842685
-0.1754393402340036,0.536121898929974
-0.009648400039610474,-0.2770423517250027
0.1977246133379496,0.2716846642968579
-0.040491724607203274,0.9139240173556463
0.051183829507858145,-0.2770423517250027
-0.21511189270872683,0.034813918219362916
-0.07977265334213493,0.034813918219362916
0.2827355092097587,0.7088129177317897
0.17665273857631306,0.536121898929974
0.016420260224339785,-0.2770423517250027
-0.010208043503036977,0.2716846642968579
0.8108980877615913,0.22426562898560826
-0.1522323847283982,1.0335769690231862
-0.06891755561232596,-0.2770423517250027
0.5311720601230374,0.10310245079527625
0.1296191451187794,-0.2770423517250027
-0.1754393402340036,-0.2770423517250027
0.3974865459846335,0.039247769008147956
-0.21511189270872683,0.039247769008147956
-0.05081765133046704,0.43661971088785007
-0.21511189270872683,-0.2770423517250027
-0.003755951690774689,0.7146742178881844
-0.21511189270872683,0.034813918219362916
0.047115791204208876,-0.2770423517250027
-0.21511189270872683,0.6588759480077729
-0.21511189270872683,-0.2770423517250027
0.08713519773654264,-0.2770423517250027
-0.1522323847283982,0.217238141751591
-0.21511189270872683,-0.2770423517250027
-0.06878205302792458,-0.2770423517250027
-0.1754393402340036,-0.2770423517250027
0.3448930906555028,0.039247769008147956
0.0792997682046684,-0.2770423517250027
0.081271110386317,0.039247769008147956
0.4465666096668749,0.22426562898560826
-0.21511189270872683,-0.2770423517250027
0.03553767476527974,1.3063314544151163
-0.045001022982744124,-0.2770423517250027
-0.0053284705080209015,1.2841670279479784
-0.21511189270872683,-0.2770423517250027
0.17305097618894394,-0.2770423517250027
-0.21511189270872683,0.034813918219362916
-0.1522323847283982,-0.2770423517250027
-0.0435284306815056,-0.2770423517250027
0.07495358797617684,0.5446966709339368
0.06238537397135772,0.5331842230395719
0.3592019798452195,0.10310245079527625
-0.21511189270872683,-0.2770423517250027
0.0182137502417023,-0.2770423517250027
0.10212111273367437,1.1617122195317107
0.9463244117216287,-0.2770423517250027
-0.1754393402340036,-0.0401716056475077
0.024255689756214,-0.2770423517250027
-0.21511189270872683,-0.2770423517250027
0.017878484997584494,-0.2770423517250027
-0.0023627761255851994,-0.2770423517250027
-0.11369715931079567,0.034813918219362916
-0.11369715931079567,-0.2770423517250027
0.0378001945659825,-0.2770423517250027
0.2964044308065069,-0.0401716056475077
-0.21511189270872683,-0.0401716056475077
0.03906827903816913,0.7102403670993994
-0.21511189270872683,0.43661971088785007
-0.043428504165497914,-0.2770423517250027
0.40794537862152824,-0.2770423517250027
0.2630938827761422,0.5335282624847417
0.12529921558718984,0.034813918219362916
0.041420705747307704,0.7837984415986604
-0.12287353563095205,0.039247769008147956
0.3608752423730825,1.0364081201262008
-0.21511189270872683,-0.2770423517250027
0.20671224151639292,-0.2770423517250027
0.369401300224353,0.38991016659678795
-0.21511189270872683,-0.2770423517250027
0.03733116478264225,1.10224624073468
0.19806971423899655,-0.2770423517250027
-0.004400671888003314,-0.0401716056475077
-0.0053284705080209015,-0.2770423517250027
-0.1754393402340036,0.4719421716542947
0.35604040842735774,0.5331842230395719
-0.21511189270872683,0.09838889832566983
-0.21511189270872683,0.217238141751591
0.08063476694688315,1.3959984985838019
-0.21511189270872683,0.034813918219362916
-0.042035328600308446,0.034813918219362916
-0.21511189270872683,1.346730079509171
-0.1522323847283982,-0.2770423517250027
0.1145592729155439,-0.2770423517250027
0.0809658961142194,-0.2770423517250027
0.2407608206040423,-0.0401716056475077
-0.1522323847283982,0.7017664365411537
0.7545947406907184,0.3511040389525136
-0.010208043503036977,0.39838409715503376
0.20111317822567606,0.278731145487494
-0.1754393402340036,-0.2770423517250027
-0.03170023678952709,0.3399731968727712
-0.009214150994811,-0.2770423517250027
-0.0549071922951325,0.034813918219362916
0.3958788245288076,-0.2770423517250027
-0.21511189270872683,0.39838409715503376
-0.21511189270872683,-0.2770423517250027
-0.21511189270872683,-0.2770423517250027
0.07077955484475383,0.35553788974129863
-0.03075672144399905,0.4172916494606715
0.026442924744523522,0.2716846642968579
-0.1522323847283982,0.8274581615093547
0.45948553064368663,-0.2770423517250027
0.4236571451310384,0.48324725331555524
-0.21511189270872683,-0.2770423517250027
-0.005902545047595962,0.7361944005956732
-0.09457974476985573,-0.0401716056475077
0.32046856082799285,-0.2770423517250027
-0.08499447317359136,0.816764513408129
0.4901019907459095,-0.2770423517250027
-0.1522323847283982,0.7338614718746436
-0.1754393402340036,-0.2770423517250027
-0.0053284705080209015,-0.0401716056475077
-0.1522323847283982,0.41495872073964185
-0.1357667877592804,0.034813918219362916
0.021821787008019393,-0.2770423517250027
-0.11369715931079567,0.673490456965345
-0.21511189270872683,0.039247769008147956
0.016815415921883358,0.5879747850300087
0.2872561692414116,0.15303942051929295
-0.21511189270872683,0.35815052014314974
-0.1754393402340036,-0.2770423517250027
0.2614909699211075,0.039247769008147956
-0.1754393402340036,-0.2770423517250027
0.3131821705537034,-0.2770423517250027
-0.1357667877592804,-0.2770423517250027
-0.1754393402340036,-0.0401716056475077
0.33825606300186,0.034813918219362916
-0.024072958094241335,1.14475599013248
-0.06878205302792458,0.4693295412524436
0.04195429589045375,-0.2770423517250027
-0.21511189270872683,-0.2770423517250027
-0.04407322436272654,-0.2770423517250027
0.09565053526768952,1.6269910881727037
0.2921314187148745,0.9853467269097107
-0.12287353563095205,-0.2770423517250027
-0.1754393402340036,0.3511040389525136
-0.21511189270872683,-0.2770423517250027
-0.21511189270872683,-0.2770423517250027
-0.016054082046948685,0.5284706705699656
-0.21511189270872683,-0.2770423517250027
0.08545864338883168,0.7901102691094928
0.7679220233482804,0.27611851508564295
0.614530092781065,0.7102403670993994
0.02643249650033428,-0.2770423517250027
-0.1522323847283982,-0.0401716056475077
0.3183926625994692,-0.0401716056475077
0.06564655769990974,-0.2770423517250027
0.2798686235865784,-0.2770423517250027
-0.020779966451047977,0.039247769008147956
-0.21511189270872683,-0.2770423517250027
-0.12299507852177384,-0.2770423517250027
0.05517496228466539,0.515601891564989
0.10018975101941512,-0.2770423517250027
0.3983932503952187,0.6108962755134016
-0.1754393402340036,-0.2770423517250027
-0.1754393402340036,0.034813918219362916
-0.21511189270872683,0.041860399409999055
0.0482514351211214,-0.2770423517250027
-0.1754393402340036,1.4020838143488397
0.05517496228466539,-0.2770423517250027
-0.21511189270872683,0.39838409715503376
0.21424571280051508,-0.2770423517250027
-0.032421106500416394,0.041860399409999055
-0.04010010086741168,-0.2770423517250027
-0.21511189270872683,0.217238141751591
-0.1754393402340036,0.10310245079527625
0.05935875930221057,-0.2770423517250027
0.40725458704704043,-0.2770423517250027
-0.1357667877592804,-0.2770423517250027
-0.1754393402340036,0.35815052014314974
0.23085591892335866,0.039247769008147956
0.23035507440813696,-0.2770423517250027
0.4641441947590161,-0.2770423517250027
-0.21511189270872683,-0.2770423517250027
0.7373431296507759,-0.2770423517250027
0.4431096017936284,0.039247769008147956
-0.07402460683607244,-0.0401716056475077
-0.1754393402340036,0.4172916494606715
0.030978999486387663,-0.2770423517250027
0.13280262816042682,-0.2770423517250027
-0.21511189270872683,-0.2770423517250027
-0.1754393402340036,0.041860399409999055
0.021532569350830158,-0.2770423517250027
-0.21511189270872683,0.39838409715503376
0.4140419816965401,-0.2770423517250027
-0.1522323847283982,-0.2770423517250027
0.46718213836413597,0.034813918219362916
1.010798088503115,0.43661971088785007
0.34921387687754524,0.7146742178881844
-0.006038047631997344,-0.2770423517250027
-0.1522323847283982,0.041860399409999055
-0.06891755561232596,-0.2770423517250027
0.531313841666586,0.15303942051929295
-0.1522323847283982,0.3511040389525136
0.25817386608254284,0.7529098316210007
-0.1754393402340036,-0.2770423517250027
-0.015234639820409275,-0.2770423517250027
-0.1357667877592804,-0.0401716056475077
0.34456378254218745,-0.2770423517250027
0.1470648441603373,-0.2770423517250027
-0.005902545047595962,2.7011068836426886
-0.21511189270872683,-0.2770423517250027
-0.21511189270872683,-0.2770423517250027
-0.1754393402340036,0.7934832417451104
-0.07893359002727732,-0.2770423517250027
0.400588240266765,-0.2770423517250027
-0.04712183645851461,-0.2770423517250027
-0.040491724607203274,-0.2770423517250027
-0.016054082046948685,-0.2770423517250027
-0.02158034512384269,0.7102403670993994
0.7410015375768743,0.034813918219362916
-0.21511189270872683,-0.2770423517250027
-0.049320952514333695,0.54316838012061
0.2900397411909489,0.7555546773579845
-0.21511189270872683,-0.2770423517250027
-0.006038047631997344,0.041860399409999055
0.9908887577033986,0.039247769008147956
-0.042035328600308446,0.41939257152842685
0.11918314469883848,-0.2770423517250027
0.6048617030460868,2.28440508792584
-0.014700790777649261,0.039247769008147956
-0.06580586057744044,-0.2770423517250027
0.10706880212824817,-0.2770423517250027
-0.11255983225367498,0.7934832417451104
0.22657029580478247,0.32547290511368887
0.7974908303907805,0.15303942051929295
-0.21511189270872683,-0.2770423517250027
-0.12287353563095205,0.27611851508564295
0.1637166937498263,1.0098823850415826
0.4250786862654171,0.39838409715503376
-0.21511189270872683,3.334099285177693
-0.1754393402340036,0.35371666935436463
0.4149995984773256,-0.2770423517250027
-0.1357667877592804,0.6373291750580545
-0.0801642770819265,-0.2770423517250027
-0.06878205302792458,0.10310245079527625
-0.12287353563095205,0.039247769008147956
-0.043428504165497914,-0.2770423517250027
-0.11369715931079567,-0.2770423517250027
0.6346984892478886,0.7088129177317897
0.15846655762095224,-0.2770423517250027
-0.21511189270872683,-0.2770423517250027
-0.1522323847283982,0.718546122462202
0.08848240538700006,0.7226870436773799
-0.1754393402340036,-0.2770423517250027
0.09948980305208158,1.5631364063855753
0.9155594962263229,1.012760425108727
-0.08320098315622884,0.039247769008147956
0.09414297408114106,-0.2770423517250027
-0.04407322436272654,0.54316838012061
1.0008397260480495,1.938567656436248
-0.21511189270872683,1.0677925531169725
0.23453734519488953,-0.2770423517250027
0.23535179865219288,0.7164773994702686
-0.21511189270872683,-0.2770423517250027
0.00903737392154591,0.039247769008147956
0.09085638198258139,0.15303942051929295
-0.21511189270872683,-0.2770423517250027
1.0617330355142967,-0.2770423517250027
0.32802126611157995,-0.2770423517250027
0.22503751427139426,1.3985829656092055
0.0774727470407057,-0.2770423517250027
-0.12287353563095205,-0.2770423517250027
0.14336571895302577,-0.2770423517250027
0.03222326849093182,-0.2770423517250027
0.513518761294884,4.72067064359932
0.3001487848467733,0.039247769008147956
-0.21511189270872683,0.09838889832566983
0.22780098285943157,0.7774264957962539
-0.21511189270872683,-0.2770423517250027
0.3911675672384381,0.217238141751591
0.40711641179886393,-0.2770423517250027
0.7699522208771729,-0.2770423517250027
-0.09457974476985573,-0.2770423517250027
-0.1754393402340036,-0.2770423517250027
-0.21511189270872683,0.10310245079527625
0.23514558475565275,0.6700067900875154
-0.1522323847283982,-0.2770423517250027
-0.1754393402340036,0.039247769008147956
-0.1754393402340036,0.041860399409999055
-0.1357667877592804,1.1829916038652963
-0.21511189270872683,-0.2770423517250027
0.0378001945659825,-0.2770423517250027
-0.21511189270872683,-0.2770423517250027
0.1762433659525529,2.062841006040047
-0.07977265334213493,0.034813918219362916
-0.21511189270872683,0.034813918219362916
-0.09457974476985573,-0.2770423517250027
-0.12299507852177384,0.041860399409999055
-0.07402460683607244,0.034813918219362916
-0.21511189270872683,-0.2770423517250027
0.3285709907647433,-0.2770423517250027
-0.21511189270872683,0.039247769008147956
-0.009648400039610474,0.15303942051929295
0.01775525896655453,0.15303942051929295
-0.1754393402340036,-0.2770423517250027
-0.07209365897513963,-0.2770423517250027
0.5424667031776987,-0.2770423517250027
0.38511871109242907,0.039247769008147956
-0.21511189270872683,-0.2770423517250027
-0.1754393402340036,0.034813918219362916
-0.21511189270872683,-0.2770423517250027
-0.06891755561232596,-0.2770423517250027
-0.21511189270872683,-0.2770423517250027
0.16261079918178376,0.40462112952590285
-0.21511189270872683,-0.2770423517250027
-0.21511189270872683,0.22426562898560826
-0.21511189270872683,-0.2770423517250027
-0.05999402765062343,0.4648956904636586
0.024255689756214,-0.2770423517250027
0.03591660078394853,0.217238141751591
-0.21511189270872683,-0.2770423517250027
-0.1754393402340036,1.7954832235280853
0.3747898324426592,-0.2770423517250027
-0.1754393402340036,0.22840655020078615
-0.1754393402340036,-0.2770423517250027
-0.21511189270872683,-0.2770423517250027
-0.1522323847283982,-0.2770423517250027
0.48305865341536086,0.32547290511368887
-0.21511189270872683,-0.0401716056475077
0.3173826487495101,0.6044104315058872
-0.1522323847283982,0.54316838012061
-0.12287353563095205,0.217238141751591
-0.21511189270872683,0.034813918219362916
-0.1522323847283982,-0.2770423517250027
0.030791890419788612,1.7678012143117643
-0.1754393402340036,0.034813918219362916
-0.21511189270872683,-0.2770423517250027
-0.1754393402340036,-0.2770423517250027
0.5877146727893094,0.278731145487494
0.2274443176853148,0.38991016659678795
-0.04712183645851461,-0.2770423517250027
0.19283738078360088,-0.2770423517250027
0.5534992782297531,0.039247769008147956
-0.21511189270872683,-0.2770423517250027
0.05015174312666912,-0.2770423517250027
0.11738696475234624,0.3511040389525136
0.10778186641282766,-0.2770423517250027
0.1256908393269814,0.9923932081003468
-0.09457974476985573,-0.2770423517250027
0.46918893887975976,-0.2770423517250027
0.04779294384597363,0.15303942051929295
0.09464999428791677,-0.2770423517250027
0.1462542029725053,0.034813918219362916
0.007243883904183407,-0.2770423517250027
-0.1754393402340036,-0.2770423517250027
-0.12287353563095205,-0.2770423517250027
-0.21511189270872683,0.039247769008147956
-0.10373695724822402,-0.2770423517250027
0.015599594380481878,-0.2770423517250027
0.2108703643227188,0.41495872073964185
-0.08365947443137661,0.10310245079527625
-0.21511189270872683,-0.2770423517250027
-0.21511189270872683,0.9515449639656794
-0.21511189270872683,0.039247769008147956
-0.21511189270872683,-0.2770423517250027
-0.006038047631997344,-0.2770423517250027
-0.21511189270872683,-0.2770423517250027
0.0681093139381044,-0.2770423517250027
-0.07209365897513963,-0.2770423517250027
-0.040491724607203274,-0.2770423517250027
0.2526947083841448,0.09838889832566983
-0.034352054361349235,-0.2770423517250027
-0.21511189270872683,-0.2770423517250027
0.09220058240312011,0.034813918219362916
0.06808177261060162,0.041860399409999055
0.7431154225667839,2.885997999379949
-0.1754393402340036,-0.2770423517250027
-0.1754393402340036,-0.2770423517250027
-0.1357667877592804,0.039247769008147956
-0.21511189270872683,-0.2770423517250027
-0.1754393402340036,0.6038378002514587
0.2386407821051028,0.034813918219362916
-0.21511189270872683,-0.2770423517250027
-0.1522323847283982,-0.2770423517250027
-0.21511189270872683,-0.2770423517250027
0.03917841846575236,0.2716846642968579
-0.1522323847283982,0.9853467269097107
-0.21511189270872683,0.10310245079527625
0.335360591096074,-0.2770423517250027
-0.05081765133046704,0.041860399409999055
0.2793071793956648,0.217238141751591
-0.07977265334213493,-0.2770423517250027
0.22925191073454596,0.039247769008147956
0.526391482081207,1.5610676996529524
-0.032421106500416394,-0.2770423517250027
-0.04712183645851461,-0.2770423517250027
-0.04712183645851461,-0.2770423517250027
0.05847883609232532,0.10310245079527625
-0.0023627761255851994,-0.2770423517250027
-0.1754393402340036,-0.2770423517250027
0.23328246162468694,-0.2770423517250027
0.1394295979863865,0.039247769008147956
0.20562009709398552,-0.2770423517250027
-0.08365947443137661,-0.2770423517250027
-0.21511189270872683,0.27295448844926334
0.6339723209077752,-0.2770423517250027
0.09264987199994389,0.039247769008147956
0.14338440401967198,2.039915005172806
-0.1754393402340036,-0.2770423517250027
-0.03926103755255408,0.034813918219362916
-0.1754393402340036,-0.2770423517250027
-0.1357667877592804,-0.2770423517250027
-0.12299507852177384,-0.2770423517250027
0.5228396619188108,-0.2770423517250027
0.1371156886859912,-0.0401716056475077
-0.21511189270872683,-0.2770423517250027
-0.21511189270872683,-0.2770423517250027
0.19126032802174012,-0.2770423517250027
-0.02910950055320134,0.2716846642968579
0.9567314008123685,0.7555546773579845
-0.12287353563095205,0.15303942051929295
-0.0266736404721548,0.39838409715503376
-0.026133308102717214,-0.2770423517250027
-0.03926103755255408,0.7009041551643614
-0.014700790777649261,0.15303942051929295
0.43398649922394517,-0.2770423517250027
-0.05999402765062343,1.1437482822425051
0.3774449578451197,0.6417630258468395
0.05841989285957156,-0.2770423517250027
0.2895105593386334,-0.2770423517250027
-0.08320098315622884,-0.2770423517250027
-0.1754393402340036,-0.2770423517250027
-0.06878205302792458,-0.2770423517250027
0.16380010736928882,0.15303942051929295
0.013558555465994937,0.39838409715503376
0.02694478762106371,-0.2770423517250027
-0.004400671888003314,-0.2770423517250027
0.24402615271552133,1.0140043123001417
-0.21511189270872683,0.7484759808322157
0.06642168375426594,-0.0401716056475077
-0.1754393402340036,0.034813918219362916
0.5002191157041186,0.4719421716542947
-0.21511189270872683,0.10310245079527625
0.6993934312009265,-0.2770423517250027
0.35185109350596905,-0.0401716056475077
0.20555309639861138,1.6490847304874774
0.03917841846575236,0.4693295412524436
0.4479668059407252,0.034813918219362916
0.15070528714861425,-0.2770423517250027
0.38739637779430247,0.6473199139958867
-0.1754393402340036,0.5950212662206447
0.11449410030687374,0.10310245079527625
0.08802391411185227,0.41495872073964185
-0.12299507852177384,1.287022338685289
0.29897220065033897,0.15303942051929295
0.2803289210480951,0.034813918219362916
0.4567031327834201,1.14475599013248
0.12461399197255815,0.38991016659678795
-0.12287353563095205,-0.2770423517250027
0.30057489575142715,0.034813918219362916
-0.08955314845248344,0.40462112952590285
-0.06891755561232596,0.6518294668171368
0.44655845913610553,0.3399731968727712
-0.21511189270872683,-0.2770423517250027
0.21216623158009174,0.6471159143475305
0.45003708519193747,-0.0401716056475077
-0.032421106500416394,0.41939257152842685
-0.1522323847283982,-0.2770423517250027
-0.21511189270872683,-0.0401716056475077
0.20501552810359155,0.034813918219362916
0.07521022724000294,-0.2770423517250027
0.021532569350830158,-0.2770423517250027
0.10360079470566046,-0.2770423517250027
-0.21511189270872683,-0.2770423517250027
-0.1754393402340036,-0.2770423517250027
0.9160038187283206,0.034813918219362916
0.0774727470407057,0.6588759480077729
-0.1754393402340036,-0.2770423517250027
0.2491561355839346,0.40462112952590285
-0.1754393402340036,-0.2770423517250027
-0.21511189270872683,0.2716846642968579
0.4590891047007433,0.041860399409999055
0.280638075913458,0.034813918219362916
-0.07209365897513963,1.0335769690231862
-0.1754393402340036,0.041860399409999055
0.20765663935350104,-0.2770423517250027
-0.21511189270872683,1.8063801609535606
0.011952537105026476,-0.2770423517250027
0.40836507108520187,-0.2770423517250027
-0.21511189270872683,1.077401686240182
-0.21511189270872683,-0.2770423517250027
0.03002415243511276,0.15303942051929295
0.5114697901004953,-0.2770423517250027
-0.21511189270872683,-0.2770423517250027
0.0868573501671158,-0.0401716056475077
0.007972315685196104,-0.2770423517250027
-0.1754393402340036,0.35371666935436463
0.18186751444608198,-0.2770423517250027
0.20602747050993125,0.039247769008147956
0.24674664655536532,0.2716846642968579
0.15788491477768454,0.041860399409999055
0.013539244372005991,-0.2770423517250027
0.28039474866500175,-0.0401716056475077
0.21600647425556396,0.2716846642968579
-0.045321920698868104,0.43661971088785007
0.00903737392154591,1.3343023968878094
0.6659845095937319,-0.2770423517250027
-0.020925212089874873,-0.2770423517250027
-0.21511189270872683,0.041860399409999055
-0.03643658323580509,-0.2770423517250027
-0.21511189270872683,-0.0401716056475077
-0.032421106500416394,0.034813918219362916
-0.1357667877592804,-0.0401716056475077
0.14068047145665735,-0.2770423517250027
-0.1754393402340036,0.039247769008147956
-0.04010010086741168,-0.2770423517250027
-0.004400671888003314,-0.2770423517250027
-0.03926103755255408,-0.2770423517250027
-0.12299507852177384,-0.2770423517250027
0.021250456316004626,0.15303942051929295
-0.21511189270872683,-0.2770423517250027
0.33843520445765224,-0.2770423517250027
-0.049880595977760206,0.6518294668171368
-0.0801642770819265,-0.2770423517250027
0.20673384357256414,0.034813918219362916
-0.03926103755255408,0.039247769008147956
-0.05081765133046704,-0.2770423517250027
-0.21511189270872683,-0.2770423517250027
0.08055772127349926,-0.2770423517250027
-0.07977265334213493,-0.0401716056475077
-0.08320098315622884,1.6668489445105266
-0.21511189270872683,0.039247769008147956
0.07065155196111088,0.041860399409999055
-0.1522323847283982,1.106680091523465
-0.1522323847283982,-0.2770423517250027
-0.21511189270872683,-0.2770423517250027
-0.04712183645851461,-0.2770423517250027
-0.12287353563095205,-0.2770423517250027
0.11965619920864744,0.7529098316210007
-0.12287353563095205,-0.0401716056475077
-0.21511189270872683,-0.2770423517250027
-0.1754393402340036,0.034813918219362916
-0.07977265334213493,0.039247769008147956
-0.1754393402340036,0.041860399409999055
-0.07893359002727732,0.38991016659678795
0.0639282422309372,0.039247769008147956
0.20426007529205112,-0.0401716056475077
-0.1754393402340036,0.22426562898560826
-0.006764739110014356,-0.2770423517250027
-0.03643658323580509,-0.2770423517250027
-0.21511189270872683,-0.2770423517250027
-0.21511189270872683,-0.2770423517250027
-0.1754393402340036,0.217238141751591
0.1788874804386368,-0.0401716056475077
-0.12287353563095205,-0.2770423517250027
-0.03643658323580509,-0.2770423517250027
-0.049320952514333695,0.3511040389525136
-0.21511189270872683,2.537929192007331
0.12024682484915103,0.7312488414727926
-0.21511189270872683,-0.2770423517250027
0.23849256005028002,0.10310245079527625
0.13143888583304386,-0.2770423517250027
0.08536065135098245,1.527939309988878
-0.12287353563095205,0.10310245079527625
-0.21511189270872683,-0.2770423517250027
-0.21511189270872683,0.42200520193027785
0.06092300879072786,-0.2770423517250027
-0.21511189270872683,-0.2770423517250027
-0.21511189270872683,-0.2770423517250027
-0.21511189270872683,-0.2770423517250027
-0.1522323847283982,-0.2770423517250027
-0.04010010086741168,-0.2770423517250027
0.2264005550834746,0.7934832417451104
0.3175652886135335,0.7164773994702686
-0.21511189270872683,-0.2770423517250027
0.34118998483265744,-0.2770423517250027
0.20183055876578893,-0.2770423517250027
-0.11369715931079567,-0.2770423517250027
0.401164469952007,0.32547290511368887
-0.009214150994811,-0.0401716056475077
-0.12287353563095205,0.10310245079527625
-0.21511189270872683,0.7992143972686788
-0.21511189270872683,0.15303942051929295
-0.09457974476985573,-0.2770423517250027
-0.21511189270872683,0.041860399409999055
0.07119160209707806,0.3511040389525136
-0.21511189270872683,-0.2770423517250027
0.1296191451187794,-0.2770423517250027
0.09589639727507258,-0.2770423517250027
-0.21511189270872683,-0.2770423517250027
0.14179366520839756,-0.2770423517250027
0.4475995474353194,0.034813918219362916
-0.21511189270872683,-0.2770423517250027
0.024255689756214,-0.2770423517250027
-0.042035328600308446,-0.2770423517250027
0.15250353187730709,0.27611851508564295
0.2724713544820259,-0.2770423517250027
-0.10373695724822402,0.39838409715503376
0.06267036524942558,-0.2770423517250027
0.5030679523549103,-0.2770423517250027
0.14799590453271996,-0.2770423517250027
0.33409643865177857,1.0251030384649402
-0.21511189270872683,-0.2770423517250027
-0.21511189270872683,-0.2770423517250027
-0.06878205302792458,-0.2770423517250027
0.3101934618026816,0.8565529408783025
-0.21511189270872683,-0.2770423517250027
0.10920593126387466,-0.2770423517250027
-0.0029263525971118197,-0.2770423517250027
-0.12287353563095205,-0.2770423517250027
0.21015784286680328,0.32547290511368887
0.06642168375426594,0.9636100347290374
0.16462702329441248,6.015829830575699
0.11449410030687374,1.3680094638427565
0.11077066202394868,0.15303942051929295
0.8180168786219738,-0.2770423517250027
-0.015234639820409275,0.15303942051929295
-0.06891755561232596,-0.2770423517250027
0.3928035424758737,0.9020239438985903
-0.21511189270872683,1.2497839615428266
-0.0549071922951325,-0.2770423517250027
-0.21511189270872683,0.515601891564989
0.1633461306159683,0.27611851508564295
-0.21511189270872683,-0.2770423517250027
-0.11369715931079567,-0.2770423517250027
-0.21511189270872683,-0.2770423517250027
-0.1522323847283982,-0.0401716056475077
0.4557251345497647,0.5331842230395719
0.12261147451293239,-0.0401716056475077
-0.049880595977760206,-0.2770423517250027
-0.21511189270872683,-0.2770423517250027
-0.21511189270872683,0.034813918219362916
1.4218631528247259,0.5331842230395719
0.21929010346712166,-0.2770423517250027
0.10778186641282766,2.366364466186216
-0.08499447317359136,-0.2770423517250027
-0.1357667877592804,0.034813918219362916
-0.21511189270872683,0.217238141751591
-0.12299507852177384,-0.2770423517250027
-0.21511189270872683,-0.2770423517250027
-0.1754393402340036,-0.2770423517250027
-0.21511189270872683,0.041860399409999055
-0.09457974476985573,-0.2770423517250027
-0.1754393402340036,0.039247769008147956
-0.042035328600308446,-0.2770423517250027
0.44049205651215667,0.09838889832566983
-0.12299507852177384,3.201537525962231
-0.1357667877592804,0.43661971088785007
0.015757671521814013,0.7800391261981049
0.026442924744523522,-0.2770423517250027
0.8439944918198071,0.40462112952590285
0.08412996429633322,0.10310245079527625
-0.21511189270872683,0.3466701881637285
0.7057430051930764,0.15303942051929295
-0.1754393402340036,0.15303942051929295
-0.12287353563095205,0.034813918219362916
-0.12287353563095205,-0.2770423517250027
0.04195429589045375,-0.2770423517250027
-0.043428504165497914,-0.2770423517250027
0.10604446144089412,-0.2770423517250027
-0.1754393402340036,-0.0401716056475077
-0.06580586057744044,-0.2770423517250027
-0.1357667877592804,0.5623436511911838
-0.1522323847283982,0.7062002873299386
-0.21511189270872683,0.034813918219362916
0.38936689520147955,-0.2770423517250027
-0.21511189270872683,0.09838889832566983
0.017878484997584494,0.43661971088785007
0.15199124075657766,-0.2770423517250027
-0.08365947443137661,-0.2770423517250027
0.4672158156073936,-0.2770423517250027
0.11987934810935977,-0.2770423517250027
-0.1522323847283982,0.8345046426999906
0.31056320988840075,0.15303942051929295
-0.21511189270872683,-0.2770423517250027
0.07131314498789983,-0.2770423517250027
0.34120019774423305,0.41939257152842685
-0.1754393402340036,-0.2770423517250027
-0.21511189270872683,-0.2770423517250027
-0.21511189270872683,-0.2770423517250027
-0.1754393402340036,-0.2770423517250027
-0.1522323847283982,0.034813918219362916
-0.21511189270872683,-0.2770423517250027
0.5874049631240849,-0.2770423517250027
0.5058738815049194,0.034813918219362916
-0.1522323847283982,-0.2770423517250027
0.05788630271642554,-0.2770423517250027
0.4669773069131355,0.35815052014314974
0.3560431339781577,-0.2770423517250027
-0.21511189270872683,0.8931340636834167
0.4522096864064602,-0.2770423517250027
0.41693509768853976,-0.2770423517250027
0.0378001945659825,-0.2770423517250027
0.05611476887031428,0.5768439429502662
-0.1357667877592804,-0.2770423517250027
-0.1357667877592804,-0.2770423517250027
-0.12287353563095205,1.4097138076889482
-0.21511189270872683,0.22426562898560826
-0.21511189270872683,-0.2770423517250027
0.13063324614487015,0.10310245079527625
-0.1522323847283982,0.22426562898560826
0.2606399282501561,0.22426562898560826
0.34912185375717897,-0.2770423517250027
0.05841989285957156,0.22426562898560826
0.4463857305332636,0.039247769008147956
0.3240048077828833,0.43661971088785007
-0.06878205302792458,0.22840655020078615
-0.21511189270872683,0.041860399409999055
0.2172045405426255,0.27611851508564295
0.26164086152298854,-0.2770423517250027
0.377298941636779,0.5950212662206447
-0.21511189270872683,-0.2770423517250027
-0.1522323847283982,-0.2770423517250027
-0.07209365897513963,-0.2770423517250027
-0.12299507852177384,-0.2770423517250027
-0.1357667877592804,-0.2770423517250027
0.18956187354081339,-0.2770423517250027
-0.21511189270872683,-0.2770423517250027
-0.1754393402340036,0.15303942051929295
-0.21511189270872683,-0.2770423517250027
0.012074079995848233,0.42200520193027785
0.12900333974569186,-0.2770423517250027
0.6317296050044214,-0.2770423517250027
-0.21511189270872683,-0.2770423517250027
0.2025371400720045,0.6044104315058872
-0.1754393402340036,0.039247769008147956
-0.21511189270872683,0.15303942051929295
0.4005362741098509,-0.2770423517250027
0.023566561049780062,0.278731145487494
0.05699984012903117,-0.2770423517250027
0.41471475296558274,-0.2770423517250027
0.0378001945659825,-0.2770423517250027
0.14791858802892266,0.7555224620228518
-0.21511189270872683,-0.2770423517250027
-0.21511189270872683,-0.2770423517250027
-0.05999402765062343,0.10310245079527625
-0.21511189270872683,-0.2770423517250027
0.2177593266593635,0.10310245079527625
0.58512574761748,0.034813918219362916
0.008578882646398151,-0.2770423517250027
-0.21511189270872683,0.039247769008147956
0.03180578419732833,-0.2770423517250027
-0.21511189270872683,3.169693373364437
0.4575531338631381,-0.2770423517250027
0.5726560624654123,-0.2770423517250027
-0.03926103755255408,0.034813918219362916
-0.21511189270872683,-0.2770423517250027
-0.049880595977760206,-0.2770423517250027
-0.21511189270872683,-0.2770423517250027
-0.21511189270872683,0.7800391261981049
-0.1754393402340036,0.09838889832566983
0.23305168726351663,-0.2770423517250027
0.8850760071025768,-0.2770423517250027
-0.12287353563095205,0.7102403670993994
0.37533045971322465,0.041860399409999055
0.03180578419732833,-0.2770423517250027
-0.04407322436272654,-0.2770423517250027
-0.08320098315622884,0.7934832417451104
0.3140289917389728,0.10310245079527625
-0.1754393402340036,-0.2770423517250027
0.07065155196111088,-0.2770423517250027
0.09942543615352621,-0.2770423517250027
0.0687492034221851,2.10394020252534
-0.1754393402340036,0.034813918219362916
-0.21511189270872683,0.7146742178881844
0.03180578419732833,0.15303942051929295
-0.1754393402340036,-0.2770423517250027
0.050203028477466355,1.23641804171776
0.6330577158691493,-0.2770423517250027
-0.21511189270872683,0.15303942051929295
-0.06580586057744044,-0.0401716056475077
-0.1754393402340036,0.15303942051929295
-0.07402460683607244,0.15303942051929295
0.2267413747926133,0.22426562898560826
0.2305771425176033,2.2945385982902895
-0.21511189270872683,-0.2770423517250027
0.33518804979163325,2.1557758837276118
-0.03926103755255408,0.7164773994702686
-0.1754393402340036,-0.2770423517250027
0.16426869004959183,0.034813918219362916
-0.21511189270872683,0.22426562898560826
0.21010694738416938,-0.2770423517250027
-0.0801642770819265,-0.2770423517250027
0.6844228226245291,-0.2770423517250027
-0.1754393402340036,0.2716846642968579
0.32135644853445905,0.8667014831321457
-0.07209365897513963,0.039247769008147956
0.5519857425686805,0.4693295412524436
-0.045321920698868104,-0.2770423517250027
-0.09457974476985573,0.7265352890031862
0.25122916741038853,-0.2770423517250027
-0.21511189270872683,-0.2770423517250027
0.3245327260548089,0.7529098316210007
-0.1754393402340036,0.034813918219362916
-0.21511189270872683,-0.2770423517250027
0.7125710302167084,-0.2770423517250027
-0.21511189270872683,1.029143118234401
0.18978600873084864,0.7146742178881844
0.13162904890315297,-0.0401716056475077
0.12898948769444746,-0.0401716056475077
0.08733308293341348,-0.2770423517250027
0.2408796292740578,-0.2770423517250027
-0.05081765133046704,0.217238141751591
-0.21511189270872683,-0.2770423517250027
-0.1754393402340036,-0.2770423517250027
0.040367870856944564,-0.2770423517250027
-0.08365947443137661,0.039247769008147956
0.30009137666751645,-0.2770423517250027
0.1730259412487768,-0.2770423517250027
-0.21511189270872683,-0.0401716056475077
-0.21511189270872683,-0.2770423517250027
-0.21511189270872683,0.6352548432325288
-0.08320098315622884,0.43661971088785007
-0.21511189270872683,-0.2770423517250027
0.21152313368002257,0.15303942051929295
0.04195429589045375,0.27611851508564295
-0.21511189270872683,0.034813918219362916
0.7223535493704499,-0.0401716056475077
-0.21511189270872683,0.10310245079527625
0.10369316647830255,0.034813918219362916
-0.04398692195665337,0.22426562898560826
-0.21511189270872683,-0.0401716056475077
0.06227523454377452,0.217238141751591
0.27703431774540693,-0.2770423517250027
0.197983455967064,0.7529098316210007
-0.21511189270872683,-0.2770423517250027
-0.06878205302792458,-0.2770423517250027
0.6619051345573795,0.7088129177317897
0.24082514359258872,0.034813918219362916
0.4501913997480693,-0.2770423517250027
-0.1754393402340036,-0.2770423517250027
-0.21511189270872683,0.034813918219362916
0.4298572546257718,0.9636100347290374
-0.21511189270872683,-0.2770423517250027
0.14499166264935623,0.034813918219362916
-0.08955314845248344,-0.2770423517250027
0.13054694373879702,-0.2770423517250027
0.43173943320611397,1.661857021321685
-0.21511189270872683,-0.2770423517250027
0.0025636657344695686,1.4711008043014568
-0.049880595977760206,-0.2770423517250027
0.00712234101336165,0.041860399409999055
-0.21511189270872683,-0.2770423517250027
0.056092812699063035,-0.2770423517250027
-0.007449283983791397,-0.0401716056475077
0.1867234753709191,-0.2770423517250027
0.25292613793093566,0.7800391261981049
0.03434408196670232,-0.2770423517250027
-0.21511189270872683,0.034813918219362916
0.4966503600934851,-0.2770423517250027
0.0774727470407057,-0.2770423517250027
-0.08499447317359136,0.034813918219362916
-0.0801642770819265,0.039247769008147956
0.22597628548264537,-0.2770423517250027
-0.21511189270872683,-0.2770423517250027
-0.005649368224144911,-0.2770423517250027
-0.1522323847283982,0.278731145487494
0.7171881072089071,-0.0401716056475077
-0.21511189270872683,-0.2770423517250027
0.3110515989747336,0.039247769008147956
0.6610822580408153,0.15303942051929295
0.5632292222238083,-0.2770423517250027
-0.06878205302792458,2.6096551820730367
-0.21511189270872683,-0.2770423517250027
0.10583811507359893,-0.2770423517250027
-0.1754393402340036,0.22840655020078615
-0.0549071922951325,0.986296910820666
-0.21511189270872683,-0.2770423517250027
0.3990915414506316,0.27611851508564295
0.03774347093458049,-0.2770423517250027
0.04195429589045375,0.15303942051929295
-0.015234639820409275,0.40462112952590285
-0.21511189270872683,0.6352548432325288
0.1666367041613617,1.3405394292586785
-0.21511189270872683,1.2115483478100102
-0.1357667877592804,0.39838409715503376
-0.21511189270872683,-0.2770423517250027
-0.21511189270872683,-0.2770423517250027
-0.1754393402340036,-0.2770423517250027
-0.21511189270872683,-0.2770423517250027
-0.08955314845248344,-0.2770423517250027
-0.21511189270872683,-0.2770423517250027
-0.1522323847283982,-0.2770423517250027
-0.008880662054934624,-0.2770423517250027
0.4659339330500971,0.15303942051929295
-0.07977265334213493,0.039247769008147956
-0.21511189270872683,-0.2770423517250027
-0.1754393402340036,-0.2770423517250027
0.18679633986781433,-0.2770423517250027
0.0687492034221851,-0.2770423517250027
-0.21511189270872683,-0.2770423517250027
-0.049320952514333695,0.10310245079527625
0.3671124682989521,-0.0401716056475077
-0.21511189270872683,-0.2770423517250027
0.6444628955109012,0.9471111131768944
-0.21511189270872683,-0.2770423517250027
-0.03075672144399905,0.034813918219362916
0.1681123157488885,-0.2770423517250027
-0.01728476910159789,-0.0401716056475077
0.029076650947461872,-0.2770423517250027
0.8504912663119547,0.034813918219362916
0.6936215129054825,0.39838409715503376
0.1373136750414662,-0.2770423517250027
0.39803415536129233,-0.2770423517250027
0.3293681111085512,-0.2770423517250027
-0.026133308102717214,0.278731145487494
0.03553767476527974,-0.2770423517250027
0.15789534302187375,0.041860399409999055
-0.21511189270872683,-0.2770423517250027
-0.21511189270872683,0.584810758393629
-0.1754393402340036,0.7088129177317897
0.2907493183149253,-0.2770423517250027
0.08848240538700006,-0.2770423517250027
0.2043437016649829,-0.0401716056475077
-0.21511189270872683,0.034813918219362916
-0.0549071922951325,0.15303942051929295
0.1617821641111154,0.10310245079527625
0.013558555465994937,0.034813918219362916
0.1239168318874857,-0.2770423517250027
-0.049880595977760206,0.39838409715503376
-0.1754393402340036,0.034813918219362916
-0.21511189270872683,-0.2770423517250027
0.21909865282894642,-0.2770423517250027
0.14948306973194692,-0.2770423517250027
-0.0023627761255851994,-0.2770423517250027
0.20542080100160073,-0.2770423517250027
0.2505923299581665,-0.2770423517250027
-0.1754393402340036,1.206345089119913
-0.02910950055320134,-0.2770423517250027
-0.1522323847283982,-0.2770423517250027
-0.08320098315622884,0.8318920122981396
-0.003755951690774689,0.9471111131768944
-0.21511189270872683,0.039247769008147956
-0.09457974476985573,-0.2770423517250027
-0.006764739110014356,-0.2770423517250027
0.7374541383096874,0.9100700314516917
-0.21511189270872683,-0.2770423517250027
0.2351301054964779,0.3399731968727712
0.02084417938002021,-0.2770423517250027
-0.21511189270872683,0.589244609182414
-0.11255983225367498,0.22426562898560826
0.545112114300339,-0.2770423517250027
-0.11369715931079567,0.041860399409999055
-0.1522323847283982,0.2716846642968579
0.18928135136105617,-0.2770423517250027
-0.1754393402340036,-0.2770423517250027
0.33810480263184206,0.034813918219362916
0.22599246481618027,0.217238141751591
-0.21511189270872683,0.039247769008147956
0.22059787809676962,0.039247769008147956
0.041420705747307704,0.10310245079527625
-0.11369715931079567,-0.2770423517250027
0.25512525398675473,-0.2770423517250027
0.08063476694688315,0.217238141751591
-0.21511189270872683,-0.2770423517250027
0.07983438827408844,-0.2770423517250027
0.1315832876758172,-0.0401716056475077
-0.1522323847283982,0.039247769008147956
-0.07402460683607244,-0.2770423517250027
-0.1754393402340036,0.09838889832566983
0.14246158037995352,0.6839362291030922
-0.049320952514333695,-0.2770423517250027
-0.045001022982744124,0.5623436511911838
0.0482514351211214,0.278731145487494
0.3116467201573537,0.278731145487494
0.029076650947461872,1.0140043123001417
-0.21511189270872683,-0.2770423517250027
-0.21511189270872683,-0.2770423517250027
-0.21511189270872683,0.039247769008147956
-0.21511189270872683,0.35371666935436463
-0.1754393402340036,-0.2770423517250027
-0.21511189270872683,0.42200520193027785
-0.08955314845248344,-0.2770423517250027
0.4364799465226035,-0.2770423517250027
-0.03170023678952709,-0.0401716056475077
-0.1754393402340036,-0.2770423517250027
0.6889249432329903,0.43661971088785007
0.08802391411185227,0.42200520193027785
0.3300397386721951,-0.2770423517250027
0.11098569746262309,1.039020750528052
-0.1754393402340036,-0.2770423517250027
0.024255689756214,-0.2770423517250027
0.3188934783423931,-0.2770423517250027
-0.12287353563095205,-0.0401716056475077
-0.21511189270872683,0.034813918219362916
-0.1754393402340036,-0.2770423517250027
0.026442924744523522,0.4172916494606715
-0.042035328600308446,-0.2770423517250027
-0.21511189270872683,1.7306985351943536
0.3121970069827255,-0.2770423517250027
0.011566644678382355,0.6543474012299039
0.017878484997584494,-0.2770423517250027
0.05015174312666912,-0.2770423517250027
-0.1754393402340036,-0.2770423517250027
-0.1357667877592804,-0.2770423517250027
0.1583538342970215,-0.2770423517250027
-0.10373695724822402,-0.2770423517250027
-0.042035328600308446,-0.2770423517250027
-0.0549071922951325,0.3511040389525136
0.03774347093458049,-0.2770423517250027
-0.21511189270872683,-0.2770423517250027
-0.21511189270872683,-0.2770423517250027
0.2843513532247226,0.937927691598461
0.38690082865975695,0.217238141751591
-0.21511189270872683,0.22840655020078615
-0.21511189270872683,0.10310245079527625
0.0860182868522582,0.39838409715503376
-0.049880595977760206,0.39838409715503376
-0.08955314845248344,-0.0401716056475077
-0.014700790777649261,0.7009041551643614
-0.1754393402340036,-0.2770423517250027
-0.21511189270872683,0.10310245079527625
0.05699984012903117,0.536121898929974
-0.08320098315622884,0.039247769008147956
-0.21511189270872683,2.2620908055075084
-0.21511189270872683,0.3466701881637285
0.700288290138623,1.032767520203419
0.25220489867224155,-0.2770423517250027
0.8061486080970066,3.0466723520023695
0.2777687255138462,0.8994113134967392
-0.1754393402340036,-0.2770423517250027
-0.21511189270872683,0.41024516827003543
-0.21511189270872683,0.039247769008147956
-0.08365947443137661,0.41024516827003543
-0.08365947443137661,-0.2770423517250027
0.021532569350830158,-0.2770423517250027
-0.03926103755255408,-0.0401716056475077
0.10363900257706479,0.4172916494606715
-0.21511189270872683,0.22426562898560826
-0.21511189270872683,0.034813918219362916
0.24731274481408094,-0.2770423517250027
0.10098290513327872,3.8547536794737676
0.0007256104532259361,-0.2770423517250027
-0.12287353563095205,0.039247769008147956
-0.1754393402340036,0.7767519604080242
0.16508692312007606,0.39838409715503376
0.37108704519829183,-0.2770423517250027
0.13014025504945217,0.15303942051929295
0.19979584044754053,0.27611851508564295
-0.07402460683607244,0.36076315054500063
0.15375389924440241,0.36076315054500063
0.11286944889548126,0.039247769008147956
-0.21511189270872683,-0.2770423517250027
0.3220002672611559,1.4584154416589294
0.23718622166338363,0.39838409715503376
-0.08955314845248344,-0.2770423517250027
0.09700888716646856,-0.2770423517250027
0.07444615265871098,0.9863275255640741
0.05174663247057148,-0.2770423517250027
0.6282361417281052,-0.0401716056475077
-0.043428504165497914,0.039247769008147956
0.041420705747307704,-0.2770423517250027
0.34812603970684325,0.034813918219362916
-0.21511189270872683,-0.2770423517250027
0.40634654994725433,0.039247769008147956
-0.21511189270872683,0.9853467269097107
-0.1754393402340036,-0.2770423517250027
-0.21511189270872683,0.27611851508564295
0.047660530458690224,-0.2770423517250027
0.40410672046348733,0.039247769008147956
-0.21511189270872683,0.034813918219362916
0.19250279350649319,0.217238141751591
-0.21511189270872683,-0.2770423517250027
0.22663981761128138,-0.2770423517250027
-0.04010010086741168,0.041860399409999055
0.3404249128405618,0.7062002873299386
0.019451003814830708,0.41939257152842685
-0.21511189270872683,0.15303942051929295
0.34495574040086135,0.8454220987985601
0.558771169080677,-0.2770423517250027
-0.21511189270872683,-0.0401716056475077
-0.21511189270872683,-0.2770423517250027
0.0007256104532259361,1.7203722166110995
-0.08365947443137661,-0.2770423517250027
-0.21511189270872683,0.039247769008147956
-0.1754393402340036,-0.2770423517250027
-0.21511189270872683,-0.2770423517250027
0.44812218150221894,-0.2770423517250027
-0.008880662054934624,1.6080070661906947
-0.21511189270872683,0.3399731968727712
-0.03643658323580509,2.575938910423561
-0.1754393402340036,-0.2770423517250027
0.5746491464282151,0.6414918756033979
-0.032421106500416394,0.278731145487494
0.6986540760384412,0.041860399409999055
0.14336571895302577,-0.2770423517250027
0.10205792644608098,-0.2770423517250027
0.6812009659960823,-0.2770423517250027
-0.21511189270872683,-0.2770423517250027
0.13861756184558385,-0.0401716056475077
-0.1522323847283982,-0.2770423517250027
0.05174663247057148,0.034813918219362916
-0.043428504165497914,-0.2770423517250027
-0.043428504165497914,0.5361408928865928
0.059817250577358344,0.039247769008147956
-0.21511189270872683,0.039247769008147956
0.134090703404866,-0.2770423517250027
0.29525861669046616,0.39838409715503376
-0.21511189270872683,-0.0401716056475077
-0.07209365897513963,-0.2770423517250027
0.439482901758403,0.7484759808322157
0.22780285146984902,-0.2770423517250027
0.008506164727956133,0.7767519604080242
-0.05081765133046704,-0.2770423517250027
0.4276143878823659,0.039247769008147956
-0.020779966451047977,0.10310245079527625
-0.12287353563095205,-0.2770423517250027
-0.08320098315622884,0.35815052014314974
0.26489717581271655,-0.2770423517250027
-0.07209365897513963,-0.2770423517250027
0.2672232096453115,0.039247769008147956
0.09974171944564442,0.034813918219362916
-0.020925212089874873,0.35553788974129863
0.09087439126407379,-0.2770423517250027
-0.11369715931079567,-0.2770423517250027
0.06661734009578692,-0.2770423517250027
0.32845252593658436,0.15303942051929295
0.04195429589045375,-0.2770423517250027
-0.21511189270872683,-0.2770423517250027
0.13335338877405356,0.32547290511368887
0.032632680370006564,0.10310245079527625
0.644071892122851,0.5623436511911838
-0.21511189270872683,-0.2770423517250027
0.10067970254631112,1.5755804035118595
-0.21511189270872683,-0.2770423517250027
-0.21511189270872683,1.5915866349866474
0.10363900257706479,-0.2770423517250027
-0.1754393402340036,-0.2770423517250027
0.05734150903520459,-0.2770423517250027
-0.21511189270872683,-0.2770423517250027
-0.21511189270872683,-0.2770423517250027
-0.032421106500416394,1.0981182937280523
-0.21511189270872683,-0.2770423517250027
0.20791106429196526,-0.2770423517250027
0.27587797310771495,0.48324725331555524
-0.06878205302792458,0.8667014831321457
0.5280899365621338,0.42200520193027785
0.7852294640088558,-0.2770423517250027
0.024255689756214,0.15303942051929295
-0.12287353563095205,-0.2770423517250027
-0.01272776485365948,-0.2770423517250027
0.018806283617602098,0.6352548432325288
0.26230339105323036,0.15303942051929295
0.6444528410476464,0.217238141751591
-0.21511189270872683,-0.2770423517250027
0.5537906548306133,-0.2770423517250027
0.5220924967398975,1.0738105460350704
0.05640564933931458,-0.2770423517250027
0.25015364614497326,-0.2770423517250027
0.43813472018994426,-0.2770423517250027
-0.009648400039610474,0.35815052014314974
-0.21511189270872683,0.041860399409999055
0.11052720618747529,-0.2770423517250027
0.14745441888755087,0.8274581615093547
-0.1754393402340036,0.2716846642968579
-0.1754393402340036,-0.2770423517250027
-0.054373343252372495,-0.2770423517250027
-0.21511189270872683,-0.2770423517250027
-0.07893359002727732,0.034813918219362916
-0.08365947443137661,-0.2770423517250027
0.2439913243089433,0.4652772962782811
-0.1754393402340036,-0.2770423517250027
0.12225891277795135,0.034813918219362916
0.6379729874118218,-0.2770423517250027
0.8781472693961789,-0.0401716056475077
-0.21511189270872683,0.6352548432325288
0.390238212122951,-0.2770423517250027
0.35212098600251174,-0.2770423517250027
-0.21511189270872683,-0.0401716056475077
-0.21511189270872683,-0.2770423517250027
-0.026133308102717214,-0.2770423517250027
-0.1522323847283982,0.034813918219362916
-0.08365947443137661,-0.2770423517250027
-0.21511189270872683,-0.2770423517250027
0.27806165020711654,-0.2770423517250027
0.34713301104868016,0.5331842230395719
-0.07402460683607244,-0.2770423517250027
-0.21511189270872683,-0.2770423517250027
-0.0435284306815056,0.039247769008147956
0.018806283617602098,-0.2770423517250027
0.05841989285957156,1.0948190204084631
-0.05999402765062343,-0.0401716056475077
0.2248231931626642,0.22426562898560826
-0.02910950055320134,-0.2770423517250027
-0.1754393402340036,-0.2770423517250027
-0.0008191721324800561,-0.2770423517250027
-0.12287353563095205,1.98877889281305
0.45263526692853934,0.10310245079527625
0.33373956807281413,-0.2770423517250027
-0.1754393402340036,1.2270501114524173
0.6457360927232988,-0.2770423517250027
-0.21511189270872683,-0.2770423517250027
0.44833064643929144,0.15303942051929295
0.07601082276200984,-0.2770423517250027
-0.21511189270872683,-0.0401716056475077
-0.11369715931079567,-0.2770423517250027
0.07147833667205156,0.7730116389640878
0.7520858933546122,0.217238141751591
0.06655718633866733,-0.2770423517250027
-0.07893359002727732,0.10310245079527625
-0.21511189270872683,0.041860399409999055
0.5868602419485108,-0.2770423517250027
-0.21511189270872683,0.4648956904636586
-0.003755951690774689,-0.2770423517250027
-0.1754393402340036,0.35553788974129863
0.22541683407552723,0.039247769008147956
-0.21511189270872683,-0.2770423517250027
-0.21511189270872683,0.15303942051929295
-0.07402460683607244,-0.2770423517250027
-0.1522323847283982,-0.2770423517250027
-0.07893359002727732,0.039247769008147956
0.010427549337120482,0.35371666935436463
-0.21511189270872683,-0.2770423517250027
-0.06878205302792458,-0.2770423517250027
0.32192258428225345,-0.2770423517250027
0.3292473615910311,-0.2770423517250027
-0.21511189270872683,-0.2770423517250027
-0.043428504165497914,-0.2770423517250027
-0.1754393402340036,-0.2770423517250027
0.15070528714861425,0.10310245079527625
1.0820869185977895,-0.0401716056475077
-0.21511189270872683,0.034813918219362916
-0.004314369481930167,0.4648956904636586
-0.21511189270872683,0.041860399409999055
-0.21511189270872683,0.5335282624847417
0.326109557051125,0.039247769008147956
0.026310953609512553,0.039247769008147956
0.013539244372005991,1.0903851696196782
-0.1522323847283982,-0.2770423517250027
-0.1754393402340036,-0.2770423517250027
-0.21511189270872683,-0.2770423517250027
-0.12287353563095205,0.6543474012299039
0.07753756630012547,0.15303942051929295
0.1635893843622089,-0.2770423517250027
-0.02910950055320134,-0.2770423517250027
0.26861660462514997,0.2716846642968579
0.018806283617602098,-0.2770423517250027
0.2492608391392445,-0.0401716056475077
0.008578882646398151,-0.2770423517250027
0.13406490898419948,-0.2770423517250027
0.03180578419732833,-0.2770423517250027
-0.0053284705080209015,-0.2770423517250027
0.013539244372005991,0.10310245079527625
-0.0549071922951325,-0.2770423517250027
0.019451003814830708,-0.2770423517250027
0.05611476887031428,0.3511040389525136
-0.1522323847283982,-0.2770423517250027
-0.1754393402340036,-0.2770423517250027
0.5231487608520121,0.041860399409999055
-0.040491724607203274,-0.2770423517250027
0.07623779174190969,-0.2770423517250027
-0.21511189270872683,0.15303942051929295
-0.21511189270872683,0.27295448844926334
0.05841989285957156,0.6352548432325288
0.43130826745594286,0.41939257152842685
0.008506164727956133,0.041860399409999055
0.03045840147991222,-0.2770423517250027
0.33286096963112477,0.27611851508564295
-0.21511189270872683,-0.2770423517250027
-0.07402460683607244,-0.2770423517250027
-0.21511189270872683,-0.2770423517250027
-0.09457974476985573,-0.2770423517250027
0.12935435695858805,-0.2770423517250027
-0.1754393402340036,-0.2770423517250027
0.16566783239991928,-0.2770423517250027
-0.06878205302792458,-0.2770423517250027
0.0774727470407057,0.10310245079527625
0.1706838910655402,0.6562633176059219
0.0774727470407057,-0.2770423517250027
0.1399585830053063,1.8239943600562407
-0.1522323847283982,0.35815052014314974
0.08335769502284014,-0.2770423517250027
0.47355148583191753,-0.2770423517250027
-0.21511189270872683,-0.2770423517250027
0.0378001945659825,0.041860399409999055
-0.21511189270872683,-0.2770423517250027
-0.21511189270872683,-0.2770423517250027
-0.009648400039610474,-0.2770423517250027
-0.21511189270872683,-0.2770423517250027
-0.21511189270872683,-0.2770423517250027
0.29897220065033897,0.7934832417451104
-0.042035328600308446,-0.2770423517250027
-0.1754393402340036,0.9923932081003468
0.26816440417607085,-0.2770423517250027
0.20408844278877697,3.0081882970710847
0.46355542374186154,0.15303942051929295
-0.21511189270872683,0.039247769008147956
0.20330487805668038,1.0738105460350704
0.2589917569019034,-0.2770423517250027
0.09687338458206717,-0.2770423517250027
0.16014157197024823,0.15303942051929295
0.1666367041613617,0.6655729392987303
0.08931200448066291,0.217238141751591
-0.21511189270872683,0.041860399409999055
0.21494354051858594,0.034813918219362916
-0.21511189270872683,-0.2770423517250027
-0.1357667877592804,-0.2770423517250027
-0.040491724607203274,-0.2770423517250027
-0.1754393402340036,0.034813918219362916
0.14065973747996585,0.09838889832566983
-0.21511189270872683,-0.2770423517250027
-0.054373343252372495,-0.2770423517250027
0.4342216879445155,0.15303942051929295
0.718288990373152,0.034813918219362916
0.33955733348435596,0.5926693918022635
-0.08320098315622884,0.034813918219362916
-0.11369715931079567,1.8673220080243587
-0.049320952514333695,0.039247769008147956
-0.21511189270872683,-0.2770423517250027
-0.08365947443137661,-0.2770423517250027
0.17769700046660644,-0.2770423517250027
-0.21511189270872683,-0.2770423517250027
0.7016641978886305,0.5085554103743529
-0.02910950055320134,0.041860399409999055
-0.07977265334213493,0.039247769008147956
0.4153925122218133,-0.2770423517250027
0.19254433365368265,0.22840655020078615
0.046916436378906655,0.5835409342412236
0.06661734009578692,0.7088129177317897
0.23903240584489444,-0.2770423517250027
0.30509782713810674,0.9248414734542157
0.5306443055978783,-0.2770423517250027
0.11708483654319951,-0.2770423517250027
0.0804320470714594,0.15303942051929295
-0.21511189270872683,0.5879747850300087
-0.21511189270872683,-0.2770423517250027
0.14398845198872123,1.1597963031556926
0.1602261281250574,-0.2770423517250027
0.48193145982490176,-0.2770423517250027
0.2863990268413653,-0.2770423517250027
0.13098882191843303,-0.2770423517250027
-0.21511189270872683,0.10310245079527625
0.017557587281460486,0.2716846642968579
-0.1754393402340036,0.039247769008147956
-0.05999402765062343,-0.2770423517250027
-0.1754393402340036,0.039247769008147956
0.08868696854427165,-0.2770423517250027
-0.21511189270872683,-0.2770423517250027
-0.08320098315622884,-0.2770423517250027
0.030791890419788612,-0.2770423517250027
-0.21511189270872683,-0.2770423517250027
-0.0006042734365541018,-0.2770423517250027
-0.21511189270872683,-0.2770423517250027
-0.1754393402340036,-0.0401716056475077
-0.21511189270872683,-0.2770423517250027
-0.21511189270872683,0.041860399409999055
0.47456714307028136,0.10310245079527625
-0.21511189270872683,0.034813918219362916
0.024255689756214,0.2716846642968579
-0.21511189270872683,0.4648956904636586
0.1140224035369254,-0.2770423517250027
-0.21511189270872683,-0.2770423517250027
0.25356608541647463,0.6629603088968792
0.09081859941662045,-0.2770423517250027
-0.08320098315622884,0.039247769008147956
-0.1754393402340036,-0.2770423517250027
-0.21511189270872683,0.22840655020078615
0.2185876160138929,-0.2770423517250027
0.038447570096207216,1.0002263498362427
-0.009214150994811,-0.2770423517250027
-0.21511189270872683,-0.2770423517250027
-0.21511189270872683,-0.2770423517250027
-0.1522323847283982,0.10310245079527625
0.12022101701553321,1.02653048783255
0.06899362689751472,-0.2770423517250027
0.399507604627417,-0.2770423517250027
0.045786090914108464,0.5331842230395719
0.011952537105026476,0.4652772962782811
-0.21511189270872683,-0.2770423517250027
0.46146996280592634,0.041860399409999055
-0.21511189270872683,1.0339195724957544
-0.04398692195665337,-0.2770423517250027
-0.043428504165497914,-0.2770423517250027
-0.21511189270872683,-0.2770423517250027
0.48071024468825263,-0.2770423517250027
0.03591660078394853,0.4172916494606715
-0.21511189270872683,-0.2770423517250027
0.29089091223527724,-0.2770423517250027
0.22208281336334293,-0.2770423517250027
0.37755837735016534,0.15303942051929295
0.3493012287976063,-0.2770423517250027
-0.1754393402340036,-0.2770423517250027
-0.1754393402340036,-0.2770423517250027
-0.1522323847283982,0.034813918219362916
0.6077157691680074,0.6473199139958867
0.06215369584537706,0.041860399409999055
-0.21511189270872683,-0.2770423517250027
0.10369316647830255,-0.2770423517250027
-0.05081765133046704,0.15303942051929295
-0.21511189270872683,-0.2770423517250027
-0.045001022982744124,-0.2770423517250027
0.14397756162326544,0.039247769008147956
-0.04398692195665337,-0.2770423517250027
-0.09457974476985573,-0.2770423517250027
-0.08499447317359136,-0.2770423517250027
0.06564655769990974,0.10310245079527625
0.31902756449395603,0.40462112952590285
0.29740932546154275,-0.2770423517250027
-0.21511189270872683,-0.2770423517250027
0.09085638198258139,-0.2770423517250027
-0.21511189270872683,-0.2770423517250027
0.3686065638425972,0.034813918219362916
-0.1754393402340036,0.27611851508564295
-0.02924500313760272,-0.2770423517250027
0.19706670719767408,-0.2770423517250027
-0.1754393402340036,0.4648956904636586
0.016815415921883358,-0.2770423517250027
-0.21511189270872683,-0.2770423517250027
0.1274983316430089,0.034813918219362916
0.05935875930221057,-0.2770423517250027
-0.005902545047595962,-0.2770423517250027
-0.21511189270872683,0.034813918219362916
-0.03643658323580509,-0.2770423517250027
-0.21511189270872683,0.034813918219362916
0.20683631463538157,0.7164773994702686
-0.21511189270872683,0.10310245079527625
-0.1522323847283982,0.15303942051929295
-0.21511189270872683,-0.2770423517250027
-0.1522323847283982,-0.2770423517250027
0.10523280776855987,-0.0401716056475077
-0.1522323847283982,-0.2770423517250027
-0.21511189270872683,0.039247769008147956
0.1748240179309155,-0.2770423517250027
0.65143195094297,-0.2770423517250027
-0.21511189270872683,0.034813918219362916
-0.1357667877592804,0.10310245079527625
-0.21511189270872683,-0.2770423517250027
0.16594754461926223,-0.0401716056475077
0.155483937469227,0.2716846642968579
-0.07893359002727732,-0.2770423517250027
-0.0549071922951325,0.9185996301712825
0.007243883904183407,-0.2770423517250027
-0.21511189270872683,0.15303942051929295
0.646818203464201,1.6960956365561914
-0.21511189270872683,0.217238141751591
-0.21511189270872683,-0.2770423517250027
-0.07977265334213493,0.041860399409999055
0.12119346513441488,0.6588759480077729
-0.08320098315622884,0.4611363750631032
-0.21511189270872683,-0.2770423517250027
-0.004400671888003314,-0.2770423517250027
-0.1754393402340036,-0.2770423517250027
0.0774727470407057,0.6700067900875154
0.21432583621488094,0.7934832417451104
-0.1754393402340036,-0.2770423517250027
0.21643313552031718,-0.2770423517250027
0.10369316647830255,-0.2770423517250027
0.08213024009074549,-0.2770423517250027
-0.21511189270872683,-0.2770423517250027
0.14799590453271996,0.7555224620228518
-0.007449283983791397,-0.0401716056475077
-0.21511189270872683,-0.2770423517250027
0.04870992639626914,-0.2770423517250027
-0.03926103755255408,-0.2770423517250027
-0.06580586057744044,-0.2770423517250027
0.2604762323720501,0.43661971088785007
-0.1754393402340036,0.9162667014502529
-0.06580586057744044,0.15303942051929295
0.07521022724000294,0.034813918219362916
-0.12299507852177384,0.8667014831321457
-0.1754393402340036,0.15303942051929295
-0.21511189270872683,0.217238141751591
-0.21511189270872683,0.034813918219362916
0.3285092162268482,-0.2770423517250027
0.11928515731964322,1.34577584244012
0.24316172521528046,-0.2770423517250027
0.5976229258932333,-0.2770423517250027
-0.21511189270872683,-0.2770423517250027
-0.11369715931079567,-0.2770423517250027
-0.12299507852177384,-0.2770423517250027
-0.21511189270872683,-0.2770423517250027
-0.21511189270872683,0.041860399409999055
0.3278525241569396,-0.2770423517250027
-0.03643658323580509,0.15303942051929295
-0.21511189270872683,0.039247769008147956
-0.000427548392688476,1.0140043123001417
0.03180578419732833,0.10310245079527625
0.0378001945659825,-0.2770423517250027
-0.21511189270872683,-0.2770423517250027
-0.1754393402340036,0.32547290511368887
0.19315895646673498,0.039247769008147956
-0.0023222238502928687,0.2716846642968579
0.16456595781587707,-0.2770423517250027
-0.04010010086741168,-0.2770423517250027
-0.1754393402340036,-0.2770423517250027
-0.1522323847283982,-0.2770423517250027
-0.12299507852177384,0.7934832417451104
-0.1357667877592804,-0.2770423517250027
0.15156647652460023,2.92337223342424
0.37969493876540655,0.15303942051929295
0.2664687715613772,-0.2770423517250027
0.28505065904618654,-0.2770423517250027
0.4021250598130904,-0.2770423517250027
-0.03170023678952709,-0.2770423517250027
0.5388414500751644,0.3511040389525136
-0.11369715931079567,-0.2770423517250027
-0.21511189270872683,-0.2770423517250027
-0.1754393402340036,0.8412811775833822
0.8163560546943303,0.7172868482900355
-0.016054082046948685,0.39838409715503376
-0.1522323847283982,-0.2770423517250027
0.10933745308408746,0.7529098316210007
-0.1754393402340036,-0.2770423517250027
0.4483807038444427,0.8494743437727226
-0.1754393402340036,-0.2770423517250027
-0.1754393402340036,-0.0401716056475077
0.15689289160232409,0.27611851508564295
-0.049320952514333695,0.039247769008147956
-0.07402460683607244,-0.2770423517250027
-0.0012249823785160133,-0.2770423517250027
0.39640643066490117,-0.2770423517250027
-0.1754393402340036,0.32547290511368887
-0.1357667877592804,0.034813918219362916
-0.21511189270872683,-0.2770423517250027
0.06655718633866733,0.7309691397919712
0.6022068651433933,-0.2770423517250027
-0.21511189270872683,-0.2770423517250027
-0.045001022982744124,-0.2770423517250027
-0.06891755561232596,0.041860399409999055
-0.21511189270872683,-0.2770423517250027
0.10369316647830255,0.3399731968727712
-0.009648400039610474,0.041860399409999055
-0.022114965193262722,-0.0401716056475077
-0.0006042734365541018,-0.2770423517250027
-0.21511189270872683,-0.2770423517250027
-0.21511189270872683,-0.2770423517250027
-0.21511189270872683,-0.2770423517250027
0.2179087802319199,-0.2770423517250027
0.04662515422896606,-0.2770423517250027
0.15975289256239578,0.039247769008147956
0.3131556909628844,-0.2770423517250027
0.6194562565441719,-0.2770423517250027
0.12147751190380024,-0.2770423517250027
-0.21511189270872683,-0.2770423517250027
-0.21511189270872683,-0.2770423517250027
0.37470127081923305,1.0098823850415826
-0.12287353563095205,-0.2770423517250027
-0.0053284705080209015,0.041860399409999055
-0.0053284705080209015,0.27611851508564295
0.5379860613839689,-0.2770423517250027
0.2720986244634714,1.6770680976935335
-0.1522323847283982,-0.2770423517250027
-0.21511189270872683,0.39838409715503376
-0.21511189270872683,-0.2770423517250027
0.22322717899620786,-0.2770423517250027
0.7085219357527116,-0.0401716056475077
0.007243883904183407,-0.2770423517250027
-0.21511189270872683,0.3511040389525136
-0.1754393402340036,-0.2770423517250027
-0.07402460683607244,1.1437482822425051
0.07423618070566262,-0.2770423517250027
-0.1522323847283982,-0.2770423517250027
0.5656460863777173,-0.2770423517250027
0.035608872820490696,-0.2770423517250027
-0.1754393402340036,-0.2770423517250027
0.187149488034658,-0.2770423517250027
-0.21511189270872683,-0.2770423517250027
-0.21511189270872683,-0.2770423517250027
0.16057582101504764,-0.0401716056475077
0.6843907521219835,-0.2770423517250027
-0.1754393402340036,-0.2770423517250027
0.2070583352883813,-0.2770423517250027
0.06564655769990974,-0.2770423517250027
-0.042035328600308446,-0.2770423517250027
-0.12287353563095205,-0.2770423517250027
-0.02924500313760272,0.43661971088785007
0.2396220817444302,0.40462112952590285
-0.1522323847283982,-0.2770423517250027
-0.21511189270872683,0.041860399409999055
0.14821633987074107,-0.2770423517250027
0.1762508197523501,0.4611363750631032
0.03730977634913804,-0.2770423517250027
0.5794355366805758,-0.2770423517250027
-0.016105991424943157,0.034813918219362916
-0.1754393402340036,-0.2770423517250027
-0.0801642770819265,-0.2770423517250027
-0.1357667877592804,-0.2770423517250027
0.14571701391561734,-0.2770423517250027
-0.1754393402340036,-0.2770423517250027
-0.032421106500416394,0.039247769008147956
-0.21511189270872683,-0.0401716056475077
-0.08320098315622884,0.4573605657406155
0.2801632922297957,0.38991016659678795
-0.21511189270872683,-0.2770423517250027
0.02084417938002021,0.039247769008147956
0.10087241639753274,1.8468181720222376
-0.07977265334213493,0.217238141751591
0.5820057465402748,0.5331842230395719
-0.0029263525971118197,0.10310245079527625
-0.21511189270872683,-0.2770423517250027
-0.0266736404721548,-0.2770423517250027
-0.07977265334213493,0.35815052014314974
0.43209146015191524,0.15303942051929295
-0.21511189270872683,-0.2770423517250027
0.026442924744523522,-0.0401716056475077
-0.21511189270872683,-0.2770423517250027
0.08848240538700006,0.278731145487494
0.10778186641282766,-0.2770423517250027
-0.1754393402340036,0.9580531465799901
-0.1754393402340036,-0.2770423517250027
0.05297731952522066,0.034813918219362916
0.11520367743085018,-0.2770423517250027
-0.21511189270872683,-0.2770423517250027
0.10074452180573086,0.42200520193027785
-0.1754393402340036,0.039247769008147956
0.09888052363150078,0.034813918219362916
-0.032421106500416394,-0.2770423517250027
-0.1754393402340036,-0.2770423517250027
0.09667239260375436,3.4610815140105404
-0.21511189270872683,-0.2770423517250027
0.16727392348980116,-0.2770423517250027
-0.1522323847283982,0.15303942051929295
0.43752000499775295,-0.2770423517250027
0.22503751427139426,0.278731145487494
-0.21511189270872683,-0.2770423517250027
-0.1357667877592804,0.041860399409999055
-0.21511189270872683,-0.0401716056475077
0.15877590525540117,-0.0401716056475077
-0.026133308102717214,-0.2770423517250027
-0.21511189270872683,-0.2770423517250027
0.015757671521814013,0.43661971088785007
-0.004400671888003314,0.15303942051929295
-0.11255983225367498,-0.2770423517250027
-0.1522323847283982,1.2812456816470585
-0.1754393402340036,-0.2770423517250027
-0.1754393402340036,-0.2770423517250027
0.06425309900198814,1.9490523626858876
-0.21511189270872683,-0.2770423517250027
-0.21511189270872683,-0.2770423517250027
-0.21511189270872683,-0.2770423517250027
-0.1522323847283982,1.5223587742013887
-0.1522323847283982,0.39838409715503376
0.31979962953640023,0.7529098316210007
0.17436093999099153,0.38991016659678795
0.3672829072218276,0.034813918219362916
-0.1754393402340036,0.41024516827003543
-0.1522323847283982,-0.2770423517250027
-0.21511189270872683,-0.2770423517250027
0.28061789756571415,-0.2770423517250027
0.677542818745059,0.10310245079527625
-0.1754393402340036,0.35371666935436463
-0.049880595977760206,-0.2770423517250027
0.023456304049850153,0.41495872073964185
0.1918828477260205,-0.0401716056475077
-0.12299507852177384,0.9185996301712825
0.4091606527780259,0.15303942051929295
0.37259036494204323,-0.2770423517250027
-0.1754393402340036,0.5361408928865928
-0.1357667877592804,-0.2770423517250027
0.041899269824866796,-0.2770423517250027
0.1734067141678039,0.15303942051929295
-0.12299507852177384,-0.2770423517250027
0.4465394789171219,0.5331842230395719
-0.08499447317359136,-0.2770423517250027
0.07131314498789983,-0.2770423517250027
0.05059708206746409,-0.2770423517250027
-0.21511189270872683,0.32547290511368887
0.1473962698431668,-0.2770423517250027
0.18298655569752115,0.09838889832566983
-0.21511189270872683,0.034813918219362916
-0.21511189270872683,-0.2770423517250027
-0.21511189270872683,-0.2770423517250027
-0.21511189270872683,1.1181171484036805
-0.1357667877592804,0.27611851508564295
1.0959526195435223,-0.0401716056475077
-0.032421106500416394,0.15303942051929295
0.27079057227229375,0.6562633176059219
0.007243883904183407,0.39838409715503376
0.13977734464564323,0.22426562898560826
0.30634223950156575,0.15303942051929295
-0.21511189270872683,0.039247769008147956
-0.21511189270872683,-0.2770423517250027
-0.21511189270872683,-0.2770423517250027
-0.1522323847283982,0.15303942051929295
0.18211393802996428,0.039247769008147956
0.1970556573470464,-0.2770423517250027
0.06408464370630987,2.3175450359427505
-0.1522323847283982,-0.2770423517250027
-0.21511189270872683,-0.2770423517250027
-0.21511189270872683,0.4719421716542947
0.06564655769990974,-0.0401716056475077
0.28126175887275745,0.5950212662206447
-0.21511189270872683,-0.2770423517250027
-0.06891755561232596,-0.2770423517250027
0.2993609188178877,0.034813918219362916
-0.1754393402340036,0.034813918219362916
0.7453942698191545,-0.0401716056475077
-0.12287353563095205,0.041860399409999055
0.2758359347731254,-0.2770423517250027
-0.049320952514333695,0.15303942051929295
-0.1357667877592804,-0.2770423517250027
0.19812631328775246,0.15303942051929295
0.026310953609512553,-0.2770423517250027
-0.020925212089874873,-0.2770423517250027
0.3433469745637724,0.15303942051929295
0.21592337222707342,-0.0401716056475077
-0.049880595977760206,0.35815052014314974
-0.21511189270872683,-0.2770423517250027
0.08258995703816428,-0.2770423517250027
-0.21511189270872683,-0.2770423517250027
-0.21511189270872683,0.6700067900875154
-0.1754393402340036,-0.2770423517250027
-0.21511189270872683,-0.2770423517250027
0.09081859941662045,0.39838409715503376
0.22122116419093033,-0.2770423517250027
0.13698018610158982,3.397367629662223
-0.21511189270872683,-0.2770423517250027
0.18868760078081676,-0.2770423517250027
0.07885097094047552,0.7882322923874454
-0.08955314845248344,-0.2770423517250027
-0.04407322436272654,1.3900271875618615
0.02694478762106371,-0.2770423517250027
0.13141677554352713,2.039767240153226
0.3216865608280041,0.10310245079527625
-0.1522323847283982,-0.2770423517250027
-0.049320952514333695,-0.2770423517250027
-0.21511189270872683,-0.2770423517250027
0.2779826386785787,-0.2770423517250027
0.0891221610204383,-0.2770423517250027
-0.0801642770819265,-0.2770423517250027
0.04779294384597363,-0.2770423517250027
0.18687337678676283,-0.2770423517250027
-0.21511189270872683,0.5284706705699656
0.31356276807061667,-0.0401716056475077
0.21281198640729757,1.1140180013473877
-0.11369715931079567,-0.2770423517250027
0.17621237889001898,2.8234970624773816
-0.21511189270872683,-0.2770423517250027
0.20938365659320382,-0.2770423517250027
-0.21511189270872683,-0.2770423517250027
0.33370855429551105,-0.2770423517250027
0.055801773841969673,0.7703990085622366
0.46856495200163945,0.10310245079527625
-0.12299507852177384,0.8494743437727226
-0.11369715931079567,-0.2770423517250027
0.08433058181883557,-0.2770423517250027
0.08079646702080176,0.7529098316210007
-0.21511189270872683,-0.2770423517250027
0.4912844398074337,2.1585996787754334
-0.1754393402340036,-0.2770423517250027
0.08536065135098245,0.217238141751591
0.12131500802523663,-0.2770423517250027
0.29322415414427644,-0.2770423517250027
0.27566301334790067,0.034813918219362916
-0.11369715931079567,1.2208533488492326
0.48915490190891286,-0.2770423517250027
-0.049880595977760206,-0.2770423517250027
-0.21511189270872683,0.15303942051929295
-0.21511189270872683,0.10310245079527625
-0.0029263525971118197,0.10310245079527625
-0.21511189270872683,0.27611851508564295
-0.1754393402340036,-0.2770423517250027
-0.1522323847283982,0.039247769008147956
0.0687492034221851,-0.2770423517250027
-0.11369715931079567,-0.2770423517250027
0.3375688838070928,-0.2770423517250027
-0.21511189270872683,-0.2770423517250027
0.134845105357621,-0.2770423517250027
-0.0801642770819265,0.536121898929974
0.14340348708369038,-0.2770423517250027
-0.12287353563095205,-0.2770423517250027
0.303483967175706,-0.2770423517250027
-0.1754393402340036,-0.2770423517250027
-0.08499447317359136,-0.2770423517250027
0.4345911175426574,-0.2770423517250027
0.04650754110279863,-0.2770423517250027
-0.04407322436272654,0.8473734217049672
-0.1754393402340036,0.039247769008147956
0.15738310487232318,-0.0401716056475077
0.016815415921883358,-0.2770423517250027
0.056092812699063035,-0.2770423517250027
-0.1754393402340036,-0.2770423517250027
0.13532308774241278,0.41939257152842685
0.6617007792341386,-0.2770423517250027
0.029076650947461872,-0.2770423517250027
-0.022114965193262722,0.5085554103743529
-0.1522323847283982,0.034813918219362916
0.1692958380008878,-0.2770423517250027
0.0032359692389181257,2.4643813121270557
-0.21511189270872683,-0.2770423517250027
0.4670976142637866,-0.2770423517250027
0.13668661398465104,0.278731145487494
0.4553789662605917,0.721576598347975
0.07700371725736545,1.2142894057735751
-0.016054082046948685,-0.2770423517250027
0.24529264956870866,-0.0401716056475077
0.3612155983332296,-0.2770423517250027
0.02694478762106371,-0.2770423517250027
0.055801773841969673,0.7811858111968092
-0.21511189270872683,-0.2770423517250027
0.03222326849093182,0.034813918219362916
-0.06878205302792458,0.041860399409999055
-0.21511189270872683,-0.2770423517250027
0.11675162749970093,-0.2770423517250027
-0.040491724607203274,0.15303942051929295
0.013558555465994937,0.039247769008147956
-0.1754393402340036,-0.2770423517250027
-0.21511189270872683,-0.2770423517250027
-0.1754393402340036,-0.2770423517250027
0.3694118630598006,-0.2770423517250027
-0.1754393402340036,0.09838889832566983
-0.08320098315622884,0.8786337719243346
-0.042035328600308446,-0.2770423517250027
-0.04407322436272654,-0.2770423517250027
-0.04010010086741168,2.0911297090569385
-0.1754393402340036,-0.2770423517250027
-0.06580586057744044,0.7356826922615776
-0.006038047631997344,0.7730116389640878
-0.1357667877592804,-0.2770423517250027
-0.21511189270872683,0.039247769008147956
0.1173100452908564,-0.0401716056475077
0.10369316647830255,-0.2770423517250027
0.17016393682011624,-0.2770423517250027
-0.21511189270872683,-0.2770423517250027
-0.21511189270872683,-0.2770423517250027
0.10778186641282766,-0.2770423517250027
-0.12299507852177384,0.54316838012061
0.0687492034221851,-0.2770423517250027
-0.11369715931079567,0.034813918219362916
-0.004314369481930167,0.10310245079527625
0.3485560445711669,-0.2770423517250027
0.10737946018310886,-0.2770423517250027
0.5871647683959217,-0.2770423517250027
0.3574128178295179,1.2468462856524245
0.31423490274514365,-0.2770423517250027
-0.1754393402340036,-0.2770423517250027
0.5575656814209269,0.4470654830255971
-0.21511189270872683,-0.0401716056475077
-0.003755951690774689,-0.2770423517250027
0.2863990268413653,-0.2770423517250027
-0.21511189270872683,-0.0401716056475077
-0.21511189270872683,-0.2770423517250027
0.3723440457059474,-0.2770423517250027
-0.0801642770819265,0.15303942051929295
0.22024403643390034,-0.0401716056475077
0.41423862433893066,-0.2770423517250027
-0.1754393402340036,-0.2770423517250027
-0.21511189270872683,-0.2770423517250027
-0.12287353563095205,0.4648956904636586
0.04868831002145508,-0.2770423517250027
-0.0801642770819265,1.4019617378832225
-0.12299507852177384,-0.2770423517250027
0.09174422306880387,-0.2770423517250027
0.5915510838477961,-0.2770423517250027
0.9672928510921001,0.8540852557036829
-0.1754393402340036,0.034813918219362916
-0.1754393402340036,0.41467901905882054
0.18706882231789,-0.2770423517250027
0.31852671803292226,0.10310245079527625
-0.1754393402340036,0.8274581615093547
0.2571674663999411,-0.0401716056475077
0.1057969125437697,-0.2770423517250027
0.21929010346712166,0.041860399409999055
-0.1754393402340036,0.041860399409999055
0.24548765406581904,0.43661971088785007
-0.21511189270872683,0.32547290511368887
0.3102585971487389,0.7736506864737664
-0.21511189270872683,-0.2770423517250027
0.4316843923190761,0.8783626216808929
-0.020925212089874873,-0.2770423517250027
-0.21511189270872683,-0.2770423517250027
-0.21511189270872683,-0.2770423517250027
-0.08320098315622884,0.5918572395842651
0.5419676073637902,0.7017664365411537
0.01775525896655453,0.034813918219362916
0.0925340713429965,-0.2770423517250027
0.6225024488326901,0.15303942051929295
-0.07893359002727732,-0.2770423517250027
-0.21511189270872683,-0.2770423517250027
0.01874734038484833,-0.2770423517250027
0.06267036524942558,-0.2770423517250027
-0.0023627761255851994,0.35815052014314974
-0.05999402765062343,-0.2770423517250027
0.4006871375347239,0.15303942051929295
-0.21511189270872683,-0.2770423517250027
-0.020925212089874873,-0.2770423517250027
0.2800237067759975,-0.2770423517250027
-0.21511189270872683,-0.2770423517250027
-0.06580586057744044,-0.2770423517250027
-0.12287353563095205,0.9662036711742695
0.04195429589045375,-0.2770423517250027
0.12131500802523663,-0.2770423517250027
-0.11369715931079567,0.278731145487494
-0.21511189270872683,-0.2770423517250027
0.5308702248034659,-0.2770423517250027
0.09439883983615384,-0.2770423517250027
-0.07893359002727732,-0.2770423517250027
-0.12287353563095205,0.5335282624847417
0.5398056495166442,0.43661971088785007
0.19170654375504223,-0.2770423517250027
-0.016893145361806285,-0.0401716056475077
-0.049880595977760206,-0.2770423517250027
0.4934728073908438,-0.0401716056475077
-0.21511189270872683,-0.2770423517250027
-0.21511189270872683,-0.2770423517250027
0.0919561589277905,0.48324725331555524
0.026310953609512553,0.8989016230024965
-0.21511189270872683,-0.2770423517250027
-0.21511189270872683,-0.2770423517250027
-0.1754393402340036,-0.2770423517250027
-0.1522323847283982,0.35553788974129863
0.12785765814245464,-0.2770423517250027
0.17571048738291248,-0.2770423517250027
0.44268923369866847,0.9636857367615025
0.3687219394235288,-0.2770423517250027
-0.21511189270872683,0.4172916494606715
-0.1754393402340036,-0.2770423517250027
-0.1754393402340036,-0.2770423517250027
0.0427958616726193,-0.2770423517250027
-0.21511189270872683,-0.2770423517250027
-0.1754393402340036,-0.0401716056475077
-0.04010010086741168,0.59738294427187
-0.21511189270872683,0.35815052014314974
0.088831911149344,0.039247769008147956
-0.1754393402340036,0.034813918219362916
0.34241542877881576,0.39838409715503376
0.4662126901386916,0.4573605657406155
-0.21511189270872683,-0.2770423517250027
0.04843848896373147,-0.2770423517250027
0.04677351655538547,-0.2770423517250027
0.4004268126492779,0.039247769008147956
0.3082118325476584,-0.2770423517250027
-0.21511189270872683,0.4611363750631032
-0.03643658323580509,0.034813918219362916
0.18809360692126761,-0.0401716056475077
-0.21511189270872683,-0.2770423517250027
0.27432801460568595,0.15303942051929295
0.28883667490676873,-0.2770423517250027
-0.1754393402340036,2.6786301866149014
0.12779519568484257,0.3466701881637285
-0.016893145361806285,-0.0401716056475077
0.654373042986893,0.4693295412524436
0.08989696938569378,0.15303942051929295
-0.21511189270872683,0.43661971088785007
-0.21511189270872683,-0.2770423517250027
-0.08320098315622884,-0.2770423517250027
-0.21511189270872683,-0.2770423517250027
0.23609937018831664,0.217238141751591
0.5086004277107448,0.42200520193027785
-0.049880595977760206,-0.2770423517250027
0.5031097343449589,0.039247769008147956
-0.1754393402340036,0.27611851508564295
0.3081227987316085,0.041860399409999055
-0.024072958094241335,-0.2770423517250027
0.011861584945447704,-0.2770423517250027
-0.21511189270872683,-0.2770423517250027
-0.020925212089874873,-0.2770423517250027
-0.043428504165497914,-0.2770423517250027
1.1895709030903905,1.018056557274304
0.48169496822591495,-0.2770423517250027
0.06238537397135772,0.3511040389525136
0.05015174312666912,-0.2770423517250027
0.45151872767810747,1.0216366781236768
0.16892396942122273,0.27611851508564295
-0.21511189270872683,-0.2770423517250027
0.09948980305208158,-0.2770423517250027
0.2947712664575699,-0.2770423517250027
0.42588019695686385,-0.2770423517250027
0.4137684435836038,-0.2770423517250027
0.328544525271232,-0.2770423517250027
0.3013720680306087,0.10310245079527625
0.14433213796137215,0.2716846642968579
-0.1522323847283982,0.47853370084594876
0.42914073557993493,-0.2770423517250027
-0.043428504165497914,-0.2770423517250027
-0.21511189270872683,0.041860399409999055
-0.1754393402340036,0.034813918219362916
0.05161459232654515,0.034813918219362916
0.05611476887031428,-0.2770423517250027
-0.21511189270872683,0.8812464023261856
0.017878484997584494,0.454108887829086
0.05802376055999583,0.10310245079527625
0.2787359247911293,-0.2770423517250027
-0.04712183645851461,0.22426562898560826
0.9752951337383169,-0.2770423517250027
0.5406983351335346,3.0859952432719515
0.11621777845694091,-0.2770423517250027
-0.06878205302792458,-0.2770423517250027
0.11885749077329497,-0.2770423517250027
-0.21511189270872683,-0.2770423517250027
0.029076650947461872,-0.2770423517250027
0.08302420608296376,-0.2770423517250027
-0.21511189270872683,-0.2770423517250027
0.49203719019086767,1.3086833288334974
-0.1754393402340036,-0.2770423517250027
-0.07977265334213493,-0.2770423517250027
-0.016054082046948685,1.0460046516445476
0.40195861616713685,0.41939257152842685
-0.042035328600308446,0.4652772962782811
0.3487859232524512,-0.2770423517250027
-0.21511189270872683,-0.2770423517250027
0.11806921735596834,-0.2770423517250027
0.1381835848657184,0.19669914042998726
0.5050416421154736,-0.2770423517250027
-0.08955314845248344,-0.2770423517250027
-0.21511189270872683,-0.2770423517250027
-0.07209365897513963,-0.0401716056475077
-0.040491724607203274,-0.2770423517250027
-0.1522323847283982,0.38991016659678795
-0.016054082046948685,0.15303942051929295
0.0774727470407057,-0.2770423517250027
-0.07893359002727732,-0.2770423517250027
0.36749696177731384,-0.2770423517250027
0.016420260224339785,-0.2770423517250027
-0.1754393402340036,-0.0401716056475077
0.026442924744523522,-0.2770423517250027
0.36695008567094445,-0.0401716056475077
-0.0029263525971118197,0.39838409715503376
-0.0801642770819265,-0.2770423517250027
0.1296191451187794,0.10310245079527625
-0.21511189270872683,-0.2770423517250027
-0.06580586057744044,-0.0401716056475077
-0.1754393402340036,-0.2770423517250027
-0.08955314845248344,-0.2770423517250027
-0.006764739110014356,-0.2770423517250027
-0.21511189270872683,0.034813918219362916
0.023566561049780062,0.6443756562486905
0.25152096985730404,1.4592248904786969
-0.21511189270872683,-0.2770423517250027
0.12478894902711457,-0.2770423517250027
0.05015174312666912,4.268081722426432
-0.0023627761255851994,-0.2770423517250027
0.04539446717431688,-0.2770423517250027
0.0639282422309372,-0.2770423517250027
-0.12299507852177384,0.039247769008147956
0.14336571895302577,-0.2770423517250027
-0.07893359002727732,-0.2770423517250027
-0.07977265334213493,0.4693295412524436
-0.12287353563095205,-0.2770423517250027
0.3651328612250089,0.10310245079527625
-0.11369715931079567,1.3567694702161273
0.11390873318038583,-0.2770423517250027
-0.043428504165497914,0.278731145487494
0.4173119100516971,-0.2770423517250027
-0.1522323847283982,-0.0401716056475077
-0.21511189270872683,-0.2770423517250027
0.8975247370256909,0.454108887829086
-0.21511189270872683,0.217238141751591
0.33237341686987076,1.1097733624782609
0.18582681072908988,0.7529098316210007
-0.21511189270872683,0.4470654830255971
-0.0549071922951325,-0.2770423517250027
-0.07209365897513963,-0.2770423517250027
0.09181080868508627,1.2325758161400222
-0.020925212089874873,-0.2770423517250027
0.26526794483321453,0.9732501523649056
-0.21511189270872683,-0.2770423517250027
0.5963219547312756,0.22426562898560826
0.22560819077175148,-0.2770423517250027
0.4460330195237288,-0.2770423517250027
-0.026133308102717214,0.5361408928865928
0.44107491944255894,-0.2770423517250027
0.04512294636154417,0.039247769008147956
0.3255208187024617,1.4790866798533855
0.046916436378906655,-0.2770423517250027
0.7126446209995355,2.9362200405614085
-0.049320952514333695,1.3505973187915958
-0.21511189270872683,-0.2770423517250027
-0.08320098315622884,0.32547290511368887
-0.1754393402340036,-0.2770423517250027
-0.1754393402340036,-0.2770423517250027
-0.015234639820409275,0.36076315054500063
-0.1754393402340036,-0.2770423517250027
-0.21511189270872683,0.278731145487494
-0.07893359002727732,-0.2770423517250027
-0.06580586057744044,-0.2770423517250027
0.24982768621923265,-0.2770423517250027
-0.1754393402340036,-0.2770423517250027
0.10622973881339054,-0.2770423517250027
0.7889455823769708,-0.2770423517250027
-0.21511189270872683,-0.2770423517250027
0.1559221901699487,-0.2770423517250027
-0.21511189270872683,-0.2770423517250027
-0.1754393402340036,0.7382953226634287
-0.07209365897513963,-0.2770423517250027
-0.0549071922951325,0.43661971088785007
0.2575351632631969,-0.2770423517250027
0.4157846735855102,0.3511040389525136
0.051146046941897234,0.15303942051929295
-0.21511189270872683,-0.2770423517250027
-0.009648400039610474,0.10310245079527625
-0.05999402765062343,0.2716846642968579
-0.21511189270872683,-0.2770423517250027
0.1037571961810331,-0.0401716056475077
0.3233915725395055,-0.2770423517250027
-0.21511189270872683,-0.2770423517250027
-0.03075672144399905,0.4611363750631032
0.6882341300230038,1.3198021051287268
-0.016054082046948685,0.7172868482900355
0.2725020002619445,0.54316838012061
-0.1754393402340036,-0.2770423517250027
0.20626076061470028,-0.2770423517250027
0.10276583293090294,-0.2770423517250027
0.22076442275801328,0.38991016659678795
-0.21511189270872683,-0.2770423517250027
-0.07977265334213493,0.5331842230395719
0.24522903548844105,-0.2770423517250027
-0.21511189270872683,-0.2770423517250027
-0.049320952514333695,0.039247769008147956
-0.21511189270872683,0.039247769008147956
-0.04712183645851461,0.15303942051929295
0.4615301976894919,1.782572656314288
-0.1754393402340036,-0.2770423517250027
-0.08320098315622884,-0.2770423517250027
-0.21511189270872683,-0.2770423517250027
0.2356040760308005,0.041860399409999055
-0.21511189270872683,-0.2770423517250027
0.21587242578103769,0.42200520193027785
0.253709299863911,-0.2770423517250027
0.45722131040361497,0.955416868539697
-0.21511189270872683,0.10310245079527625
-0.03170023678952709,0.041860399409999055
-0.1357667877592804,-0.2770423517250027
-0.1754393402340036,-0.2770423517250027
-0.21511189270872683,-0.2770423517250027
-0.21511189270872683,-0.2770423517250027
-0.12299507852177384,-0.2770423517250027
0.1392622820428125,0.034813918219362916
-0.11369715931079567,-0.2770423517250027
-0.21511189270872683,-0.2770423517250027
-0.045001022982744124,0.2716846642968579
0.31756837018858786,0.4693295412524436
0.358907811650568,-0.0401716056475077
0.03917841846575236,-0.2770423517250027
-0.06580586057744044,-0.2770423517250027
-0.1357667877592804,-0.2770423517250027
-0.06580586057744044,-0.2770423517250027
0.14865206749296175,-0.2770423517250027
-0.1754393402340036,0.42200520193027785
0.4198611875194445,-0.2770423517250027
0.07147833667205156,0.10310245079527625
0.0761323656528316,0.039247769008147956
-0.21511189270872683,-0.2770423517250027
-0.1754393402340036,0.9839826027717377
0.3780130303438068,-0.2770423517250027
0.2787049583196177,0.22426562898560826
-0.21511189270872683,0.39838409715503376
0.2288166243554017,0.27611851508564295
0.07495358797617684,0.673490456965345
-0.21511189270872683,-0.2770423517250027
0.05664118864391743,-0.2770423517250027
-0.21511189270872683,0.3511040389525136
0.024255689756214,-0.2770423517250027
0.8575852781622008,0.10310245079527625
0.08987558095218957,0.584810758393629
-0.07893359002727732,0.4693295412524436
-0.1754393402340036,0.5361408928865928
-0.11369715931079567,-0.2770423517250027
0.00845733975557638,-0.2770423517250027
-0.1522323847283982,-0.2770423517250027
-0.1522323847283982,0.7903899707903145
0.27927087073837276,-0.2770423517250027
-0.0053284705080209015,0.41939257152842685
-0.21511189270872683,-0.2770423517250027
-0.12287353563095205,0.8520869741745736
-0.21511189270872683,-0.2770423517250027
0.12540462759092735,-0.2770423517250027
-0.022114965193262722,0.034813918219362916
-0.11369715931079567,-0.2770423517250027
0.9458214993991292,0.4719421716542947
-0.08955314845248344,-0.2770423517250027
-0.21511189270872683,0.515601891564989
-0.21511189270872683,-0.2770423517250027
-0.07402460683607244,-0.2770423517250027
-0.21511189270872683,-0.2770423517250027
-0.21511189270872683,0.034813918219362916
-0.0435284306815056,0.39838409715503376
0.18949682433275822,-0.0401716056475077
-0.042035328600308446,0.39838409715503376
0.008506164727956133,0.41024516827003543
0.030978999486387663,1.012760425108727
0.185490982493261,0.3399731968727712
0.3011883837852198,0.039247769008147956
0.7479653690008958,1.914805744220284
0.197983455967064,-0.2770423517250027
0.0032359692389181257,-0.2770423517250027
0.47344010452323565,0.034813918219362916
0.12131500802523663,2.216546673002244
-0.07209365897513963,0.3511040389525136
-0.21511189270872683,-0.2770423517250027
0.024255689756214,0.43661971088785007
0.16344066965251244,0.6629603088968792
0.4343796926531466,0.09838889832566983
-0.21511189270872683,-0.2770423517250027
0.06661734009578692,0.35553788974129863
-0.21511189270872683,-0.2770423517250027
0.17664691680918534,-0.2770423517250027
-0.21511189270872683,0.034813918219362916
-0.07893359002727732,0.10310245079527625
0.21463900757126028,0.034813918219362916
-0.1522323847283982,0.5623436511911838
0.2152946243706995,0.15303942051929295
0.3053589217596544,-0.2770423517250027
-0.01272776485365948,-0.2770423517250027
0.18706882231789,-0.2770423517250027
-0.1522323847283982,2.170655928504321
0.24231037175594433,-0.2770423517250027
0.3259148982515736,-0.2770423517250027
0.7606287071130963,-0.2770423517250027
0.0681093139381044,-0.2770423517250027
-0.016054082046948685,0.9662036711742695
0.4232774798141875,-0.2770423517250027
0.20635706221120895,0.9201279209846095
0.10999361604432928,-0.2770423517250027
-0.21511189270872683,-0.2770423517250027
0.08713519773654264,0.5950212662206447
-0.01272776485365948,-0.2770423517250027
0.32036316795887937,-0.2770423517250027
0.16945073023392146,0.041860399409999055
-0.054373343252372495,-0.0401716056475077
0.07885097094047552,1.2151917437356472
0.21395607290944132,0.5905874154318597
-0.21511189270872683,0.22426562898560826
0.046457945103758856,-0.2770423517250027
0.18620380649191448,0.22426562898560826
-0.21511189270872683,0.10310245079527625
-0.043428504165497914,-0.2770423517250027
0.3761059523458204,-0.0401716056475077
-0.11369715931079567,-0.2770423517250027
-0.21511189270872683,0.4172916494606715
-0.05999402765062343,-0.2770423517250027
0.03180578419732833,-0.2770423517250027
-0.21511189270872683,-0.2770423517250027
0.05597798279296629,-0.2770423517250027
-0.0214588022330209,0.034813918219362916
0.2824516358585675,0.039247769008147956
0.8381174815558025,1.8251315175023237
-0.21511189270872683,0.27611851508564295
0.07147833667205156,-0.2770423517250027
0.11714529951542896,0.10310245079527625
0.13177763079344618,0.15303942051929295
-0.11369715931079567,-0.2770423517250027
-0.043428504165497914,0.43661971088785007
-0.21511189270872683,-0.2770423517250027
-0.21511189270872683,-0.0401716056475077
-0.21511189270872683,-0.2770423517250027
-0.0549071922951325,0.034813918219362916
0.7638592762533439,0.40462112952590285
-0.21511189270872683,0.034813918219362916
0.15233793213619942,-0.2770423517250027
0.16098756049995985,0.22426562898560826
-0.1754393402340036,-0.2770423517250027
0.6299504372729832,-0.2770423517250027
-0.1522323847283982,-0.2770423517250027
-0.21511189270872683,0.9853467269097107
-0.21511189270872683,-0.2770423517250027
-0.09457974476985573,-0.2770423517250027
-0.21511189270872683,0.041860399409999055
0.1577820127471752,1.2882921628376944
-0.043428504165497914,-0.2770423517250027
0.5811239289540601,0.15303942051929295
-0.11255983225367498,0.39838409715503376
0.07623779174190969,0.09838889832566983
-0.1522323847283982,0.09838889832566983
0.011861584945447704,-0.2770423517250027
0.38522098404852817,0.15303942051929295
-0.21511189270872683,-0.2770423517250027
-0.21511189270872683,-0.2770423517250027
0.2828342776900037,-0.2770423517250027
0.3409593364605774,0.7088129177317897
0.4864804941939159,4.687011903781272
-0.21511189270872683,0.039247769008147956
-0.1754393402340036,-0.2770423517250027
-0.21511189270872683,-0.2770423517250027
0.0985110323909952,-0.2770423517250027
0.44650483610896397,0.034813918219362916
0.5449349439214479,-0.2770423517250027
0.5810875592388314,0.034813918219362916
-0.049880595977760206,0.536121898929974
-0.21511189270872683,-0.2770423517250027
-0.21511189270872683,-0.2770423517250027
-0.21511189270872683,-0.2770423517250027
-0.08320098315622884,-0.2770423517250027
0.40130781741135285,-0.0401716056475077
-0.11369715931079567,0.041860399409999055
-0.1754393402340036,0.8540852557036829
-0.21511189270872683,-0.2770423517250027
-0.21511189270872683,-0.2770423517250027
-0.1357667877592804,-0.2770423517250027
0.0182137502417023,1.1051457809620695
-0.21511189270872683,-0.2770423517250027
-0.12299507852177384,0.27611851508564295
0.15254200137020446,0.6352548432325288
0.0004115149221691233,2.3640794387795867
-0.21511189270872683,-0.2770423517250027
0.03002415243511276,0.039247769008147956
0.4148181857428525,-0.2770423517250027
0.277010785498546,-0.2770423517250027
0.6599852795683321,-0.0401716056475077
0.2933946838411395,-0.2770423517250027
-0.1357667877592804,-0.2770423517250027
0.43691548117603607,-0.2770423517250027
-0.21511189270872683,-0.2770423517250027
0.08433058181883557,-0.2770423517250027
0.10772371736844358,-0.2770423517250027
-0.11369715931079567,0.278731145487494
-0.1754393402340036,0.10310245079527625
-0.21511189270872683,0.40462112952590285
-0.1754393402340036,0.041860399409999055
0.4889304326112705,0.2716846642968579
-0.21511189270872683,-0.2770423517250027
-0.21511189270872683,-0.2770423517250027
0.26723310822112667,-0.2770423517250027
0.24963811615938142,-0.2770423517250027
-0.21511189270872683,-0.2770423517250027
-0.008880662054934624,-0.0401716056475077
-0.1522323847283982,0.034813918219362916
-0.045001022982744124,-0.2770423517250027
0.34665939635169957,-0.2770423517250027
0.13575075428876102,0.041860399409999055
-0.21511189270872683,-0.2770423517250027
-0.08365947443137661,-0.2770423517250027
-0.21511189270872683,-0.2770423517250027
-0.1357667877592804,-0.2770423517250027
-0.08320098315622884,-0.2770423517250027
-0.1754393402340036,-0.2770423517250027
0.038447570096207216,0.42200520193027785
0.20673384357256414,1.6730595909492778
0.039245004082034754,-0.0401716056475077
-0.21511189270872683,-0.2770423517250027
-0.02924500313760272,0.039247769008147956
-0.21511189270872683,-0.2770423517250027
-0.1522323847283982,-0.2770423517250027
-0.21511189270872683,-0.2770423517250027
0.46760280544780836,0.7837984415986604
-0.042035328600308446,-0.2770423517250027
0.35574176239725436,0.38991016659678795
-0.1754393402340036,0.217238141751591
-0.21511189270872683,0.034813918219362916
-0.045321920698868104,0.10310245079527625
0.1685388686630396,-0.2770423517250027
-0.0004941340089708645,0.27611851508564295
-0.07402460683607244,0.034813918219362916
0.11929321839551561,-0.0401716056475077
0.21642854521394367,-0.2770423517250027
-0.03170023678952709,-0.2770423517250027
0.15562930649628018,-0.2770423517250027
-0.0549071922951325,0.034813918219362916
-0.1754393402340036,0.43661971088785007
0.3322107467345177,0.48324725331555524
-0.21511189270872683,0.15303942051929295
-0.015234639820409275,-0.2770423517250027
-0.04398692195665337,-0.2770423517250027
-0.1357667877592804,-0.2770423517250027
-0.1754393402340036,0.35371666935436463
0.18537275556215327,-0.2770423517250027
0.7021718833619885,0.9038329990808226
0.16426869004959183,-0.2770423517250027
0.3492117449367137,-0.2770423517250027
-0.05081765133046704,0.7811858111968092
0.007972315685196104,0.15303942051929295
-0.07402460683607244,-0.2770423517250027
-0.21511189270872683,0.6629603088968792
0.3022123042161845,-0.2770423517250027
0.3109212022663602,2.445546408868276
0.19822673347323994,0.034813918219362916
-0.1754393402340036,0.5446966709339368
0.10772371736844358,0.039247769008147956
-0.1754393402340036,1.287022338685289
0.1734067141678039,-0.2770423517250027
-0.21511189270872683,0.54316838012061
0.5871975564904074,-0.2770423517250027
-0.21511189270872683,-0.2770423517250027
0.08506701964904011,0.6038378002514587
-0.21511189270872683,-0.2770423517250027
0.4149710494221898,0.034813918219362916
-0.21511189270872683,0.10310245079527625
-0.1754393402340036,0.034813918219362916
-0.03926103755255408,0.7062002873299386
-0.01728476910159789,0.034813918219362916
-0.1754393402340036,-0.2770423517250027
-0.0023413876920809597,-0.2770423517250027
-0.08365947443137661,-0.2770423517250027
0.28336696212194107,-0.2770423517250027
-0.08499447317359136,0.039247769008147956
-0.007449283983791397,1.0677925531169725
-0.042035328600308446,-0.2770423517250027
0.0032359692389181257,-0.2770423517250027
-0.21511189270872683,-0.2770423517250027
0.4298269231689431,1.064081031623371
0.11929321839551561,0.5879747850300087
-0.21511189270872683,-0.2770423517250027
0.8414909756719673,0.217238141751591
0.2235574965960732,0.039247769008147956
-0.040491724607203274,-0.2770423517250027
-0.006038047631997344,1.4078604713870702
0.113082536457795,-0.2770423517250027
-0.1754393402340036,0.7146742178881844
-0.21511189270872683,-0.2770423517250027
-0.12287353563095205,-0.2770423517250027
-0.09457974476985573,0.10310245079527625
-0.21511189270872683,-0.2770423517250027
-0.1754393402340036,0.278731145487494
0.2338370843886059,-0.2770423517250027
-0.1522323847283982,0.039247769008147956
-0.04398692195665337,-0.2770423517250027
-0.21511189270872683,0.8450404929839376
0.28628134610083567,0.2716846642968579
-0.1754393402340036,-0.2770423517250027
0.7449147836823781,-0.2770423517250027
-0.04010010086741168,0.35371666935436463
-0.21511189270872683,-0.2770423517250027
0.2248027117127924,0.039247769008147956
-0.1357667877592804,-0.2770423517250027
-0.21511189270872683,-0.2770423517250027
0.0919561589277905,-0.2770423517250027
-0.21511189270872683,0.034813918219362916
-0.08365947443137661,-0.2770423517250027
0.23917613564579387,-0.2770423517250027
0.18497252962404093,0.8454220987985601
-0.1754393402340036,-0.2770423517250027
-0.03926103755255408,0.039247769008147956
-0.016893145361806285,0.034813918219362916
-0.21511189270872683,0.034813918219362916
0.2711903978762173,1.275123327916317
-0.21511189270872683,-0.2770423517250027
-0.21511189270872683,0.034813918219362916
-0.21511189270872683,0.15303942051929295
0.03377000742712724,-0.0401716056475077
0.18659250002435002,0.041860399409999055
-0.21511189270872683,-0.2770423517250027
-0.21511189270872683,-0.2770423517250027
-0.06580586057744044,-0.2770423517250027
-0.21511189270872683,-0.2770423517250027
0.4392107484578189,-0.2770423517250027
-0.21511189270872683,-0.2770423517250027
-0.0549071922951325,-0.2770423517250027
-0.1522323847283982,-0.2770423517250027
-0.0549071922951325,-0.2770423517250027
-0.21511189270872683,0.034813918219362916
-0.05999402765062343,-0.0401716056475077
0.2707914652495088,-0.2770423517250027
0.0427958616726193,-0.2770423517250027
0.029076650947461872,-0.2770423517250027
0.32818878729237216,0.454108887829086
0.18110965730014306,0.27611851508564295
-0.21511189270872683,0.6655729392987303
-0.11255983225367498,0.43661971088785007
-0.21511189270872683,-0.2770423517250027
0.25482696373616004,0.7146742178881844
-0.21511189270872683,-0.2770423517250027
0.09001731866772379,0.10310245079527625
0.024255689756214,-0.2770423517250027
0.3652355175128484,-0.2770423517250027
0.10067970254631112,-0.2770423517250027
0.06739624965352493,-0.2770423517250027
0.5264325582443504,-0.2770423517250027
-0.11369715931079567,0.10310245079527625
-0.08365947443137661,-0.2770423517250027
-0.21511189270872683,0.10310245079527625
0.4427859267313073,-0.2770423517250027
0.44974689034905047,0.10310245079527625
-0.1754393402340036,0.039247769008147956
-0.07893359002727732,-0.2770423517250027
0.03733116478264225,-0.2770423517250027
0.19273572781545684,-0.2770423517250027
0.5300748674132015,0.8412811775833822
0.31155710239662676,-0.0401716056475077
0.2735471681908918,-0.2770423517250027
-0.1754393402340036,-0.2770423517250027
-0.1754393402340036,-0.2770423517250027
-0.06891755561232596,-0.2770423517250027
-0.04407322436272654,-0.2770423517250027
-0.21511189270872683,-0.2770423517250027
-0.21511189270872683,-0.2770423517250027
-0.21511189270872683,-0.2770423517250027
0.22413294264453157,0.15303942051929295
-0.1522323847283982,0.7529098316210007
0.22287506566301996,-0.2770423517250027
0.13336983369397667,0.43661971088785007
-0.21511189270872683,0.35815052014314974
0.5200057269356749,-0.2770423517250027
-0.1522323847283982,-0.2770423517250027
0.32528116149149167,1.6098075443745472
0.20496935866014548,0.2716846642968579
1.070952567763927,0.10310245079527625
-0.016054082046948685,-0.2770423517250027
-0.1522323847283982,-0.2770423517250027
0.29829898766136964,-0.2770423517250027
-0.08955314845248344,0.39838409715503376
-0.11369715931079567,-0.2770423517250027
0.1302904688799277,-0.2770423517250027
-0.21511189270872683,0.35371666935436463
0.7154417621255259,-0.2770423517250027
-0.1754393402340036,-0.2770423517250027
0.03774347093458049,-0.2770423517250027
-0.21511189270872683,-0.2770423517250027
-0.1754393402340036,-0.2770423517250027
0.0004115149221691233,0.41467901905882054
-0.0053284705080209015,0.041860399409999055
0.26660140015577016,0.034813918219362916
-0.08955314845248344,0.2716846642968579
0.14243838540562612,0.041860399409999055
-0.21511189270872683,0.041860399409999055
0.08733308293341348,-0.0401716056475077
0.3046766702348633,0.27611851508564295
0.10778186641282766,0.3399731968727712
0.20435360024079804,-0.2770423517250027
-0.12287353563095205,-0.2770423517250027
-0.016054082046948685,0.4693295412524436
0.09284242464017892,-0.2770423517250027
0.8721174555721427,0.034813918219362916
-0.21511189270872683,-0.2770423517250027
0.8893521236372549,0.15303942051929295
-0.21511189270872683,-0.2770423517250027
-0.07977265334213493,-0.2770423517250027
-0.21511189270872683,-0.2770423517250027
0.23977909738710992,-0.0401716056475077
-0.1357667877592804,-0.2770423517250027
0.3412769685194575,-0.2770423517250027
-0.12299507852177384,0.7771335662226467
-0.1754393402340036,-0.2770423517250027
-0.21511189270872683,1.2707903185732492
-0.21511189270872683,-0.2770423517250027
-0.04398692195665337,0.35371666935436463
-0.049880595977760206,-0.2770423517250027
0.07885097094047552,0.15303942051929295
-0.020779966451047977,0.4172916494606715
0.08258995703816428,-0.0401716056475077
0.021250456316004626,-0.2770423517250027
0.07528142529521391,0.039247769008147956
-0.21511189270872683,0.039247769008147956
-0.21511189270872683,0.15303942051929295
0.8870255317659593,-0.0401716056475077
0.4049137562754762,0.7934832417451104
-0.21511189270872683,-0.2770423517250027
-0.1522323847283982,1.2219263013960573
0.11637250394316703,-0.2770423517250027
0.08987558095218957,0.913329025559851
-0.21511189270872683,-0.2770423517250027
0.41772481924788096,0.15303942051929295
-0.21511189270872683,-0.2770423517250027
-0.21511189270872683,-0.2770423517250027
-0.21511189270872683,-0.2770423517250027
-0.03643658323580509,0.041860399409999055
0.04677351655538547,0.4648956904636586
-0.21511189270872683,0.35371666935436463
-0.21511189270872683,0.217238141751591
-0.0549071922951325,-0.2770423517250027
-0.21511189270872683,0.22426562898560826
-0.1754393402340036,0.35371666935436463
-0.0435284306815056,1.1683770949077243
0.11052720618747529,-0.2770423517250027
0.051146046941897234,0.15303942051929295
-0.07893359002727732,-0.2770423517250027
0.14065545760800197,0.041860399409999055
-0.1754393402340036,1.0501515926077942
0.0950158350415451,-0.2770423517250027
-0.015234639820409275,0.8274581615093547
-0.21511189270872683,-0.2770423517250027
0.21822566064645735,0.41495872073964185
-0.1522323847283982,-0.2770423517250027
0.8463810613597029,0.15303942051929295
-0.12299507852177384,0.10310245079527625
0.022481143370653826,-0.2770423517250027
-0.07893359002727732,1.523893084762784
0.3043454883473329,-0.2770423517250027
-0.04010010086741168,-0.2770423517250027
0.5850269402204724,-0.2770423517250027
0.465921101547592,0.7882322923874454
-0.1522323847283982,0.278731145487494
-0.0004941340089708645,-0.2770423517250027
-0.1754393402340036,0.041860399409999055
-0.1754393402340036,0.32547290511368887
-0.07977265334213493,-0.0401716056475077
0.4683850628338452,-0.2770423517250027
-0.12287353563095205,-0.2770423517250027
-0.21511189270872683,-0.2770423517250027
0.04039816292794917,-0.2770423517250027
-0.08320098315622884,0.9201279209846095
0.7896219022661755,0.10310245079527625
-0.08955314845248344,-0.2770423517250027
-0.21511189270872683,-0.2770423517250027
-0.1754393402340036,-0.2770423517250027
0.06706267903658189,-0.2770423517250027
-0.08320098315622884,-0.2770423517250027
0.43590210917827954,0.673490456965345
-0.21511189270872683,0.041860399409999055
-0.042035328600308446,-0.2770423517250027
0.09468529217765695,0.10310245079527625
0.36375532830069585,-0.2770423517250027
0.3642495726498723,0.7146742178881844
0.03045840147991222,0.039247769008147956
-0.1754393402340036,0.7974364519809505
-0.045001022982744124,-0.2770423517250027
0.4452875143427874,-0.2770423517250027
0.018806283617602098,2.685286392675269
0.14059315186368346,0.4611363750631032
-0.21511189270872683,0.41939257152842685
-0.21511189270872683,0.034813918219362916
0.4594819052285356,-0.2770423517250027
-0.1754393402340036,0.041860399409999055
-0.21511189270872683,-0.2770423517250027
0.7220175587566118,0.9156940701958244
-0.21511189270872683,-0.2770423517250027
-0.08955314845248344,-0.2770423517250027
0.23348273332910083,0.35815052014314974
0.05841989285957156,0.217238141751591
0.32291569931651,-0.2770423517250027
-0.21511189270872683,-0.2770423517250027
0.0890564662229349,-0.2770423517250027
-0.04407322436272654,0.22840655020078615
0.20562009709398552,0.15303942051929295
0.8921853253789949,0.034813918219362916
-0.12287353563095205,-0.2770423517250027
0.4202142212476741,1.2784415469332577
0.3943508368506637,-0.2770423517250027
-0.1522323847283982,-0.2770423517250027
-0.1754393402340036,-0.2770423517250027
-0.08365947443137661,0.034813918219362916
-0.015234639820409275,0.039247769008147956
0.025952403169015363,0.15303942051929295
0.4273173981307342,-0.2770423517250027
-0.1754393402340036,-0.2770423517250027
0.23838571782119697,-0.2770423517250027
-0.21511189270872683,-0.2770423517250027
-0.21511189270872683,0.09838889832566983
0.09264987199994389,0.10310245079527625
-0.21511189270872683,-0.2770423517250027
-0.21511189270872683,-0.0401716056475077
0.3695581469158897,0.15303942051929295
-0.05081765133046704,-0.2770423517250027
0.3022028587793388,-0.0401716056475077
-0.1357667877592804,0.041860399409999055
-0.21511189270872683,-0.2770423517250027
0.21927819744563593,0.43661971088785007
-0.21511189270872683,0.09838889832566983
0.08506701964904011,-0.2770423517250027
-0.21511189270872683,0.034813918219362916
-0.049320952514333695,0.15303942051929295
0.5783483249199847,0.034813918219362916
0.24840495638648669,-0.2770423517250027
-0.1754393402340036,0.10310245079527625
-0.21511189270872683,-0.2770423517250027
0.7426610891846553,0.9159869997694313
-0.1754393402340036,0.35553788974129863
-0.1357667877592804,0.43661971088785007
-0.0029263525971118197,-0.0401716056475077
-0.21511189270872683,-0.2770423517250027
-0.1522323847283982,0.034813918219362916
-0.0029263525971118197,-0.2770423517250027
0.1633589388222259,0.6839362291030922
0.2699307569016149,-0.2770423517250027
0.23285069528520388,0.039247769008147956
-0.12299507852177384,1.7343312502890078
-0.016054082046948685,1.242958327839971
0.06238537397135772,0.15303942051929295
0.4343765577100563,-0.0401716056475077
0.25342430858584314,1.1413994842112711
-0.21511189270872683,-0.2770423517250027
-0.1357667877592804,0.5446966709339368
0.0860182868522582,-0.2770423517250027
-0.1522323847283982,0.10310245079527625
-0.016054082046948685,-0.2770423517250027
-0.21511189270872683,0.7484759808322157
-0.12299507852177384,-0.0401716056475077
0.6415268091232634,-0.2770423517250027
0.09091174962782879,-0.2770423517250027
0.38047758212426885,1.8289234990110517
-0.21511189270872683,-0.2770423517250027
-0.1357667877592804,-0.2770423517250027
0.9961172158250379,0.43661971088785007
-0.0012249823785160133,-0.2770423517250027
0.6400827652533824,-0.0401716056475077
0.07951059222411522,-0.2770423517250027
-0.21511189270872683,-0.2770423517250027
-0.049880595977760206,-0.2770423517250027
0.2415625463208197,-0.2770423517250027
0.28394681710005715,-0.2770423517250027
-0.21511189270872683,0.09838889832566983
0.3587007216913879,-0.2770423517250027
-0.21511189270872683,0.034813918219362916
0.5601689152185941,0.15303942051929295
-0.06891755561232596,-0.2770423517250027
-0.21511189270872683,-0.2770423517250027
-0.06878205302792458,-0.2770423517250027
0.150823441621498,-0.2770423517250027
-0.03643658323580509,-0.2770423517250027
-0.21511189270872683,-0.2770423517250027
0.18152930062221817,2.1109692889852454
-0.1522323847283982,0.22840655020078615
-0.007449283983791397,1.3551539382162505
0.09547432631669286,0.034813918219362916
0.33134177480512655,1.2909047932395454
0.13084814484079607,-0.2770423517250027
0.3029026015455196,0.35815052014314974
-0.21511189270872683,-0.2770423517250027
-0.21511189270872683,0.034813918219362916
0.23913032773267873,0.09838889832566983
0.4200486258761592,-0.2770423517250027
0.2491561355839346,0.039247769008147956
-0.21511189270872683,-0.2770423517250027
-0.21511189270872683,-0.2770423517250027
-0.1754393402340036,0.22840655020078615
-0.21511189270872683,-0.2770423517250027
0.32674629868334804,-0.2770423517250027
-0.21511189270872683,0.039247769008147956
0.059817250577358344,0.673490456965345
0.12078991721164901,-0.2770423517250027
0.006834988628075403,0.041860399409999055
-0.21511189270872683,-0.2770423517250027
-0.06878205302792458,0.7146742178881844
-0.06878205302792458,-0.2770423517250027
-0.21511189270872683,0.041860399409999055
-0.21511189270872683,-0.2770423517250027
0.10658165049778208,-0.2770423517250027
-0.21511189270872683,-0.2770423517250027
0.7276996027413085,0.8403269405143311
-0.21511189270872683,-0.2770423517250027
-0.003755951690774689,-0.2770423517250027
-0.08955314845248344,-0.0401716056475077
-0.21511189270872683,-0.2770423517250027
0.09296396753100071,0.32547290511368887
-0.21511189270872683,-0.2770423517250027
0.18446039016980828,1.7290617083656605
-0.1754393402340036,-0.2770423517250027
-0.21511189270872683,-0.2770423517250027
0.008578882646398151,0.43661971088785007
-0.21511189270872683,-0.2770423517250027
0.2686697587965233,0.39838409715503376
0.2512262083822305,0.15303942051929295
0.32538586931719904,1.4098587529161795
0.42331308778330656,-0.2770423517250027
0.04559473887873074,-0.2770423517250027
0.08157182229959002,-0.2770423517250027
-0.21511189270872683,-0.2770423517250027
0.08629770670368928,0.5331842230395719
-0.06878205302792458,0.041860399409999055
-0.06878205302792458,0.039247769008147956
-0.07209365897513963,-0.2770423517250027
-0.21511189270872683,-0.2770423517250027
0.07494443306144312,-0.2770423517250027
-0.1522323847283982,0.15303942051929295
0.5570960557221759,-0.2770423517250027
0.029076650947461872,-0.2770423517250027
0.0681093139381044,0.8412811775833822
-0.1754393402340036,0.6588759480077729
0.1309612805909303,0.54316838012061
0.019451003814830708,-0.2770423517250027
-0.1754393402340036,-0.2770423517250027
-0.1754393402340036,-0.2770423517250027
-0.21511189270872683,0.4172916494606715
0.1395651005707879,-0.2770423517250027
-0.1522323847283982,-0.2770423517250027
0.02643249650033428,-0.2770423517250027
0.47315612370860965,0.3399731968727712
0.0639282422309372,0.6655729392987303
0.2565184415322349,-0.2770423517250027
-0.02910950055320134,-0.2770423517250027
0.07843690779772877,-0.2770423517250027
0.37953640813297057,0.15303942051929295
0.2976381161931326,2.371274471182219
0.26469924428640046,0.27611851508564295
-0.08320098315622884,-0.2770423517250027
-0.1754393402340036,0.10310245079527625
0.050203028477466355,-0.2770423517250027
-0.022114965193262722,0.10310245079527625
-0.21511189270872683,-0.2770423517250027
-0.12287353563095205,-0.2770423517250027
-0.09457974476985573,-0.2770423517250027
0.14745441888755087,0.039247769008147956
-0.0266736404721548,-0.2770423517250027
-0.1522323847283982,-0.2770423517250027
-0.1754393402340036,-0.2770423517250027
0.017878484997584494,-0.0401716056475077
-0.21511189270872683,-0.2770423517250027
0.23416752487057363,0.10310245079527625
-0.1754393402340036,0.6085513527210651
-0.21511189270872683,-0.2770423517250027
0.15022458631020794,0.4693295412524436
-0.21511189270872683,-0.2770423517250027
0.11971297580639102,-0.2770423517250027
-0.032421106500416394,0.7338614718746436
-0.032421106500416394,0.673490456965345
0.04290852171364134,0.41467901905882054
-0.21511189270872683,-0.2770423517250027
-0.03170023678952709,-0.0401716056475077
0.46699052082381365,-0.2770423517250027
0.03527188058671992,0.5905874154318597
-0.08320098315622884,0.15303942051929295
0.10018975101941512,-0.0401716056475077
0.07645892357614457,-0.2770423517250027
0.45749026626120076,0.8120509609385226
0.6831237231100996,0.5835409342412236
0.0804320470714594,-0.0401716056475077
0.13612179617776524,-0.2770423517250027
-0.21511189270872683,0.034813918219362916
-0.21511189270872683,1.053635259485624
-0.020925212089874873,0.041860399409999055
0.055801773841969673,0.041860399409999055
-0.08499447317359136,-0.0401716056475077
-0.04712183645851461,-0.2770423517250027
0.13098882191843303,0.22840655020078615
0.22504854730832496,0.8540852557036829
0.23378309923549823,-0.2770423517250027
-0.05999402765062343,0.7742624691598743
-0.004400671888003314,0.041860399409999055
-0.0004941340089708645,-0.2770423517250027
0.04779294384597363,-0.2770423517250027
-0.06878205302792458,0.15303942051929295
-0.21511189270872683,-0.2770423517250027
0.056413710415187016,1.3434800819193762
-0.21511189270872683,0.9094901665668612
-0.08365947443137661,0.6267809126742829
-0.21511189270872683,-0.0401716056475077
-0.026133308102717214,0.039247769008147956
-0.0801642770819265,-0.2770423517250027
0.0378001945659825,-0.2770423517250027
0.23283150894145827,0.15303942051929295
-0.09457974476985573,-0.2770423517250027
-0.21511189270872683,-0.2770423517250027
-0.1754393402340036,-0.2770423517250027
-0.1754393402340036,-0.2770423517250027
0.25042771767929367,-0.2770423517250027
-0.21511189270872683,-0.2770423517250027
0.17118925453425798,0.41024516827003543
-0.1754393402340036,0.034813918219362916
-0.1754393402340036,0.2716846642968579
-0.21511189270872683,-0.2770423517250027
-0.07893359002727732,-0.2770423517250027
-0.21511189270872683,-0.2770423517250027
-0.022114965193262722,-0.2770423517250027
0.25595505082760106,-0.0401716056475077
0.2091965998107588,-0.2770423517250027
0.17851837717130428,0.8912181473073989
-0.0023627761255851994,-0.2770423517250027
-0.21511189270872683,0.10310245079527625
0.11308286395507969,0.38991016659678795
-0.21511189270872683,-0.2770423517250027
0.39164296254373954,2.451235294684618
-0.009648400039610474,0.7382953226634287
-0.1754393402340036,-0.0401716056475077
-0.07209365897513963,-0.2770423517250027
0.2274443176853148,0.034813918219362916
-0.04010010086741168,-0.2770423517250027
-0.21511189270872683,-0.2770423517250027
0.6575974405368683,0.39838409715503376
-0.1754393402340036,0.22426562898560826
0.3888791294455964,-0.2770423517250027
-0.008880662054934624,-0.2770423517250027
-0.21511189270872683,-0.2770423517250027
0.07528142529521391,0.35371666935436463
1.0079304279554786,0.41939257152842685
0.2182760024410309,0.039247769008147956
0.23501680822507387,-0.2770423517250027
0.10074452180573086,0.6726194204893663
-0.1754393402340036,-0.2770423517250027
-0.09457974476985573,-0.2770423517250027
-0.1754393402340036,0.041860399409999055
0.06238537397135772,-0.2770423517250027
0.09667239260375436,0.15303942051929295
0.5507752066330841,0.039247769008147956
0.36423132034326117,0.42200520193027785
-0.005649368224144911,-0.2770423517250027
0.18480547217209556,0.034813918219362916
0.2925557466064927,0.22426562898560826
0.08038847651896038,0.27611851508564295
0.19606472768584787,-0.2770423517250027
0.0919561589277905,-0.2770423517250027
-0.12287353563095205,1.5155887286624277
-0.09457974476985573,-0.2770423517250027
-0.1754393402340036,-0.2770423517250027
0.013304767050497457,-0.2770423517250027
-0.026133308102717214,0.039247769008147956
0.05399884592539402,-0.2770423517250027
0.12007231125650634,0.32547290511368887
0.5003536709032365,1.952972436413285
-0.0214588022330209,0.41495872073964185
0.4524588956033349,-0.2770423517250027
0.16248644382932484,-0.2770423517250027
0.09385850746671627,1.6667795156428769
-0.043428504165497914,-0.2770423517250027
-0.03926103755255408,2.1806666090132723
-0.045321920698868104,-0.2770423517250027
0.5138527484811898,0.3511040389525136
0.05297731952522066,-0.2770423517250027
-0.043428504165497914,0.43661971088785007
-0.21511189270872683,-0.2770423517250027
-0.1754393402340036,-0.0401716056475077
-0.03926103755255408,0.35371666935436463
-0.09457974476985573,-0.2770423517250027
0.23435375379265458,0.039247769008147956
-0.1522323847283982,-0.2770423517250027
0.2625512090963992,1.1010560527793323
0.20311301461033374,0.034813918219362916
0.2956563526186546,0.15303942051929295
-0.08365947443137661,-0.2770423517250027
-0.21511189270872683,-0.2770423517250027
-0.07209365897513963,-0.2770423517250027
-0.04712183645851461,0.09838889832566983
0.21363768443368272,1.1286207833524946
0.3333534480519169,-0.2770423517250027
-0.1522323847283982,-0.2770423517250027
-0.03926103755255408,-0.2770423517250027
-0.04407322436272654,-0.2770423517250027
-0.1754393402340036,-0.2770423517250027
0.0025636657344695686,1.5327096187935982
0.0681093139381044,-0.2770423517250027
-0.21511189270872683,-0.2770423517250027
0.7935547106245585,0.41939257152842685
0.10074452180573086,0.217238141751591
0.7507367423612069,-0.2770423517250027
0.1604339924376635,-0.2770423517250027
-0.21511189270872683,0.536121898929974
0.15536239457840523,0.5831211927635885
-0.045321920698868104,-0.2770423517250027
0.5492152970179252,0.15303942051929295
0.08811104143845469,1.0153996457528076
0.20588422301580972,0.034813918219362916
-0.21511189270872683,-0.2770423517250027
0.8123026883558571,0.034813918219362916
0.19701707965898116,0.6352548432325288
-0.21511189270872683,-0.2770423517250027
0.029076650947461872,-0.2770423517250027
-0.07893359002727732,0.15303942051929295
0.4553464382167121,0.15303942051929295
-0.21511189270872683,0.034813918219362916
0.17207171542558922,0.4648956904636586
-0.21511189270872683,-0.2770423517250027
-0.1522323847283982,-0.2770423517250027
0.2679983553341405,-0.2770423517250027
0.14259068534089872,-0.2770423517250027
-0.21511189270872683,-0.2770423517250027
-0.21511189270872683,0.5835409342412236
-0.04712183645851461,-0.2770423517250027
-0.03926103755255408,-0.2770423517250027
0.010427549337120482,1.448438087844124
-0.07977265334213493,-0.2770423517250027
0.11011684207535925,0.35815052014314974
-0.02924500313760272,0.7856196619855943
-0.1754393402340036,0.278731145487494
0.32221512016881726,0.4648956904636586
-0.004400671888003314,0.15303942051929295
-0.1522323847283982,-0.2770423517250027
-0.004314369481930167,1.2534585185603708
-0.21511189270872683,-0.2770423517250027
-0.21511189270872683,-0.2770423517250027
-0.049320952514333695,-0.2770423517250027
0.4616273009268694,-0.2770423517250027
0.21147160501942347,-0.2770423517250027
-0.21511189270872683,-0.2770423517250027
-0.07893359002727732,0.034813918219362916
-0.03063517855317729,0.039247769008147956
-0.21511189270872683,-0.2770423517250027
0.10893223010883638,0.22426562898560826
-0.1522323847283982,0.034813918219362916
-0.21511189270872683,-0.0401716056475077
0.4673279337456739,0.2716846642968579
0.13102486988466172,-0.2770423517250027
0.018806283617602098,0.039247769008147956
-0.1754393402340036,-0.0401716056475077
-0.06580586057744044,-0.2770423517250027
-0.21511189270872683,-0.2770423517250027
0.6569246017491039,-0.2770423517250027
0.4416701367467125,-0.0401716056475077
0.14336571895302577,-0.2770423517250027
0.06611547721924672,0.10310245079527625
-0.21511189270872683,0.15303942051929295
-0.045001022982744124,-0.2770423517250027
-0.054373343252372495,3.801144096142308
0.24915764441045268,0.10310245079527625
0.49366408331520745,0.15303942051929295
0.030791890419788612,-0.2770423517250027
-0.07402460683607244,0.034813918219362916
-0.08499447317359136,1.106680091523465
-0.1357667877592804,-0.2770423517250027
0.18225567574549853,-0.0401716056475077
0.1259547276499038,-0.2770423517250027
0.27029798965090385,-0.2770423517250027
0.23937377214072816,0.43661971088785007
-0.21511189270872683,-0.2770423517250027
0.4246987680315832,0.041860399409999055
-0.03926103755255408,-0.2770423517250027
-0.07402460683607244,0.039247769008147956
-0.004314369481930167,0.3466701881637285
0.0007256104532259361,1.1839818592543891
0.08713519773654264,-0.0401716056475077
0.05597798279296629,-0.2770423517250027
-0.21511189270872683,-0.2770423517250027
0.0032359692389181257,0.38991016659678795
0.03180578419732833,0.3466701881637285
0.2664866370277442,0.039247769008147956
-0.1754393402340036,1.0981182937280523
0.04195429589045375,0.8473734217049672
0.17948588984120262,1.4702502704591358
0.2546697748415126,-0.2770423517250027
-0.21511189270872683,0.10310245079527625
0.21613570638739363,0.41024516827003543
-0.21511189270872683,-0.2770423517250027
0.12345053782779002,0.39838409715503376
-0.1754393402340036,0.9728141943225425
0.09905195727234592,-0.2770423517250027
0.3821498717051352,-0.2770423517250027
0.34505980828633187,0.039247769008147956
-0.21511189270872683,-0.2770423517250027
0.3931195820194837,-0.2770423517250027
0.0774727470407057,-0.2770423517250027
0.1290450705792043,-0.2770423517250027
0.10074452180573086,0.7484759808322157
-0.045321920698868104,-0.2770423517250027
-0.1754393402340036,-0.0401716056475077
-0.032421106500416394,-0.2770423517250027
0.18399453166238336,-0.2770423517250027
0.5671180976722204,1.1636635424381176
-0.1754393402340036,0.034813918219362916
0.1603487992547589,0.43661971088785007
-0.01728476910159789,-0.0401716056475077
0.946591795396747,1.032767520203419
-0.21511189270872683,-0.2770423517250027
-0.21511189270872683,-0.2770423517250027
0.1037571961810331,1.0966222019905474
0.6315960097418011,-0.2770423517250027
-0.21511189270872683,-0.2770423517250027
-0.08320098315622884,-0.2770423517250027
-0.1754393402340036,-0.2770423517250027
-0.1522323847283982,-0.0401716056475077
0.5914652821665257,0.10310245079527625
-0.1754393402340036,0.039247769008147956
-0.040491724607203274,0.5905874154318597
-0.21511189270872683,-0.2770423517250027
-0.21511189270872683,-0.2770423517250027
0.4290197635929184,0.7659682341605989
-0.1754393402340036,0.2716846642968579
-0.1754393402340036,-0.2770423517250027
0.06215369584537706,0.278731145487494
0.18673739663506048,-0.2770423517250027
-0.21511189270872683,0.3399731968727712
0.26244124019578324,-0.2770423517250027
-0.0214588022330209,-0.2770423517250027
0.4112229907670501,-0.2770423517250027
-0.21511189270872683,-0.2770423517250027
-0.21511189270872683,0.034813918219362916
-0.1522323847283982,0.41467901905882054
0.1469750726833946,0.041860399409999055
-0.21511189270872683,-0.2770423517250027
-0.1357667877592804,0.3511040389525136
-0.12287353563095205,0.217238141751591
0.1277835939131779,-0.2770423517250027
-0.02924500313760272,-0.2770423517250027
0.2579722115035243,0.4693295412524436
0.4898743373639851,0.22426562898560826
-0.1522323847283982,0.9665852769888922
0.41786219874118513,1.174798437675956
-0.1522323847283982,-0.2770423517250027
-0.21511189270872683,-0.2770423517250027
0.15971056640462342,-0.2770423517250027
-0.1754393402340036,-0.2770423517250027
0.1172101187748487,0.9747784431782326
0.1917281601298563,0.6543474012299039
0.7080777893803294,0.039247769008147956
-0.1522323847283982,-0.2770423517250027
-0.1754393402340036,-0.2770423517250027
0.059817250577358344,0.15303942051929295
0.7927181835399596,0.4693295412524436
-0.1357667877592804,1.680247339601745
-0.03170023678952709,0.10310245079527625
0.0681093139381044,-0.2770423517250027
0.1730348240985765,1.7789411541106577
0.2201218775069603,0.041860399409999055
0.31987751994583336,-0.0401716056475077
-0.08499447317359136,1.3060706984316464
0.10280140899929661,-0.2770423517250027
0.10587752796578843,0.43661971088785007
0.29133958775187624,0.15303942051929295
-0.04010010086741168,-0.2770423517250027
0.07147833667205156,-0.2770423517250027
0.4111751741397172,1.0098823850415826
-0.12287353563095205,0.278731145487494
-0.1357667877592804,-0.2770423517250027
0.4993684111738293,0.38991016659678795
-0.07893359002727732,0.041860399409999055
-0.21511189270872683,-0.2770423517250027
0.15233793213619942,-0.2770423517250027
0.17289307006998272,-0.2770423517250027
-0.21511189270872683,-0.2770423517250027
0.03591660078394853,0.041860399409999055
-0.12287353563095205,-0.2770423517250027
0.39938345501851125,0.7934832417451104
0.21323427436222367,-0.2770423517250027
-0.21511189270872683,-0.2770423517250027
-0.1754393402340036,-0.2770423517250027
0.620558015623328,0.43661971088785007
-0.07209365897513963,0.5335282624847417
0.19530185897100338,2.56667165202285
-0.09457974476985573,1.42292693715741
0.37398052008063026,-0.2770423517250027
0.0890564662229349,-0.2770423517250027
0.47402251348519864,-0.2770423517250027
-0.07209365897513963,0.41467901905882054
0.3123793984265232,0.7738153472057063
0.28480083798846295,0.2716846642968579
-0.21511189270872683,-0.2770423517250027
0.023456304049850153,-0.2770423517250027
0.11918314469883848,0.034813918219362916
-0.21511189270872683,-0.2770423517250027
0.2641118203624674,-0.2770423517250027
-0.1754393402340036,0.041860399409999055
0.5226214498975983,0.22426562898560826
0.262899731470931,-0.2770423517250027
0.08506701964904011,-0.0401716056475077
-0.04398692195665337,-0.2770423517250027
0.03222326849093182,-0.2770423517250027
0.46005485444274835,0.034813918219362916
-0.21511189270872683,-0.2770423517250027
0.237817017274383,1.0227511640465592
0.6710656921060709,-0.2770423517250027
0.25018020788179146,0.039247769008147956
-0.06580586057744044,-0.2770423517250027
-0.21511189270872683,-0.0401716056475077
1.2272565999259428,0.43661971088785007
-0.21511189270872683,-0.0401716056475077
-0.1522323847283982,0.034813918219362916
-0.12299507852177384,0.15303942051929295
-0.21511189270872683,0.034813918219362916
0.08982429560139234,1.3950373331582036
-0.21511189270872683,-0.2770423517250027
0.545831805045234,1.0956547115430257
-0.06580586057744044,0.10310245079527625
0.20217231988936718,-0.2770423517250027
0.19996207444621836,1.7014703875502688
-0.21511189270872683,0.034813918219362916
-0.21511189270872683,0.10310245079527625
-0.03643658323580509,-0.2770423517250027
-0.004314369481930167,-0.2770423517250027
-0.21511189270872683,0.034813918219362916
0.44906055648291604,1.161330613717088
0.06053812028824765,-0.0401716056475077
0.130584302102552,0.7062002873299386
0.42458266063681005,0.09838889832566983
0.23969277596532562,-0.2770423517250027
-0.08365947443137661,-0.0401716056475077
0.35272561806748143,0.039247769008147956
-0.049880595977760206,-0.2770423517250027
0.11714529951542896,-0.0401716056475077
0.01775525896655453,-0.2770423517250027
-0.21511189270872683,0.39838409715503376
-0.1754393402340036,2.1495657705176123
0.3247367757429493,4.624324553718415
-0.1754393402340036,0.217238141751591
0.8162630914276996,0.7409079530652796
-0.21511189270872683,-0.2770423517250027
-0.12287353563095205,-0.2770423517250027
-0.03170023678952709,-0.2770423517250027
-0.21511189270872683,-0.2770423517250027
0.25057069958262834,-0.2770423517250027
-0.1754393402340036,-0.2770423517250027
1.094615821682583,0.39838409715503376
0.02084417938002021,0.15303942051929295
-0.21511189270872683,-0.2770423517250027
-0.1754393402340036,0.6518294668171368
0.09608626288991022,0.5331842230395719
-0.09457974476985573,0.041860399409999055
-0.05081765133046704,0.4719421716542947
0.39414875506507024,1.1327870146206518
0.23520961445838331,3.2737185656345886
0.03527188058671992,0.039247769008147956
-0.21511189270872683,0.034813918219362916
0.051146046941897234,0.041860399409999055
0.09264987199994389,1.7428051808472538
-0.020779966451047977,-0.2770423517250027
-0.21511189270872683,0.039247769008147956
-0.03926103755255408,2.4396745587316415
0.6434358278306508,-0.2770423517250027
0.4265902359352161,0.15303942051929295
0.20869946190803448,0.39838409715503376
0.516871939009726,-0.2770423517250027
-0.21511189270872683,-0.2770423517250027
-0.1754393402340036,0.039247769008147956
0.13927948832371942,-0.2770423517250027
-0.008880662054934624,-0.2770423517250027
1.0111026828560143,-0.2770423517250027
-0.06580586057744044,-0.2770423517250027
-0.1754393402340036,0.278731145487494
-0.015234639820409275,-0.2770423517250027
-0.0801642770819265,1.4444737101071286
-0.1522323847283982,0.039247769008147956
-0.21511189270872683,-0.2770423517250027
-0.1357667877592804,-0.2770423517250027
-0.1522323847283982,0.039247769008147956
-0.11369715931079567,-0.2770423517250027
0.11011684207535925,0.32547290511368887
0.5354400498636595,0.7172868482900355
0.5158310751232872,-0.2770423517250027
0.3458580996121395,-0.2770423517250027
-0.1754393402340036,0.41495872073964185
-0.1754393402340036,-0.2770423517250027
-0.21511189270872683,0.27611851508564295
-0.049320952514333695,-0.2770423517250027
0.6649167690606855,-0.2770423517250027
-0.21511189270872683,0.9162667014502529
-0.0023627761255851994,0.041860399409999055
-0.21511189270872683,-0.2770423517250027
-0.04010010086741168,-0.2770423517250027
0.8246540417035799,0.10310245079527625
-0.21511189270872683,-0.2770423517250027
-0.1754393402340036,1.153960149725985
-0.045321920698868104,-0.2770423517250027
-0.0008191721324800561,0.3399731968727712
0.10409994202322247,-0.2770423517250027
0.16325820247467854,0.22426562898560826
-0.07209365897513963,-0.2770423517250027
-0.08365947443137661,0.034813918219362916
0.03180578419732833,-0.2770423517250027
0.40569358216145635,0.5331842230395719
-0.21511189270872683,0.8403269405143311
-0.1754393402340036,-0.2770423517250027
-0.21511189270872683,-0.2770423517250027
-0.21511189270872683,0.7692168356849812
-0.12287353563095205,-0.2770423517250027
0.07474109292577633,0.039247769008147956
-0.08499447317359136,-0.2770423517250027
0.28969555863382795,0.4648956904636586
-0.12299507852177384,-0.2770423517250027
0.48160761475875535,-0.2770423517250027
0.12998182801235525,0.27611851508564295
0.09120668989489415,1.2583587335467894
-0.21511189270872683,-0.2770423517250027
-0.1754393402340036,0.15303942051929295
0.007251445974306824,-0.2770423517250027
0.08023682355737528,-0.2770423517250027
-0.21511189270872683,0.35371666935436463
0.4217875520849459,0.4652772962782811
-0.09457974476985573,0.034813918219362916
0.035608872820490696,-0.2770423517250027
0.45849219469069397,-0.2770423517250027
-0.21511189270872683,-0.2770423517250027
0.30452667960125446,0.10310245079527625
-0.005649368224144911,0.8454220987985601
0.5346338198616775,-0.2770423517250027
0.05975288367880295,0.039247769008147956
0.23854012233255686,-0.2770423517250027
0.2725588050903765,-0.2770423517250027
-0.016105991424943157,0.42200520193027785
-0.08955314845248344,0.35815052014314974
-0.1522323847283982,-0.2770423517250027
-0.1754393402340036,0.7102403670993994
-0.21511189270872683,0.7062002873299386
-0.04398692195665337,-0.2770423517250027
-0.1754393402340036,0.034813918219362916
-0.1357667877592804,-0.2770423517250027
0.4053148828044692,0.10310245079527625
-0.21511189270872683,-0.2770423517250027
-0.020925212089874873,0.09838889832566983
-0.12287353563095205,0.10310245079527625
0.013558555465994937,0.40462112952590285
-0.21511189270872683,1.5393744941696117
-0.1754393402340036,0.5335282624847417
0.047237334095030635,-0.2770423517250027
-0.049880595977760206,0.039247769008147956
0.041420705747307704,2.1902747503410693
0.4913904018870758,1.5049589422149168
-0.032421106500416394,0.10310245079527625
-0.1522323847283982,0.4573605657406155
-0.21511189270872683,-0.2770423517250027
0.11168936089260545,1.2278622636704157
-0.06878205302792458,-0.2770423517250027
-0.21511189270872683,-0.2770423517250027
-0.21511189270872683,-0.2770423517250027
0.18225567574549853,0.9577819963365485
-0.03926103755255408,-0.2770423517250027
-0.21511189270872683,1.0274647165161654
-0.06891755561232596,0.42200520193027785
-0.21511189270872683,-0.2770423517250027
-0.03643658323580509,0.034813918219362916
-0.21511189270872683,0.15303942051929295
0.23719747303249888,-0.2770423517250027
0.24235181333390005,-0.2770423517250027
-0.21511189270872683,-0.2770423517250027
0.056092812699063035,-0.2770423517250027
0.0639282422309372,-0.2770423517250027
0.09176633335832066,-0.2770423517250027
-0.21511189270872683,-0.2770423517250027
0.0721697302603284,-0.2770423517250027
0.09120668989489415,0.8453845324291072
0.5760668165754962,-0.0401716056475077
-0.000427548392688476,-0.2770423517250027
-0.21511189270872683,0.22426562898560826
0.10429451108049383,0.4648956904636586
-0.11369715931079567,-0.2770423517250027
0.1964113252674468,-0.2770423517250027
0.010427549337120482,-0.2770423517250027
0.18422189250567597,-0.2770423517250027
0.449442211814644,-0.2770423517250027
-0.1754393402340036,-0.2770423517250027
-0.21511189270872683,-0.2770423517250027
0.11088374789926063,-0.2770423517250027
-0.1754393402340036,0.7934832417451104
0.059817250577358344,0.10310245079527625
0.4036902261423563,-0.2770423517250027
-0.1754393402340036,0.7312488414727926
-0.21511189270872683,0.15303942051929295
-0.003755951690774689,-0.2770423517250027
0.35967193894244287,0.034813918219362916
-0.01728476910159789,1.1407037451583175
0.22996345066834545,-0.2770423517250027
0.24678462341102608,-0.2770423517250027
0.016420260224339785,0.039247769008147956
0.08733308293341348,-0.2770423517250027
-0.07402460683607244,0.7837984415986604
-0.1522323847283982,-0.2770423517250027
-0.08320098315622884,0.43661971088785007
-0.0053284705080209015,1.0915732963497466
0.6722021314771215,0.217238141751591
-0.1754393402340036,0.27611851508564295
-0.07977265334213493,-0.2770423517250027
0.09468529217765695,-0.2770423517250027
-0.032421106500416394,-0.2770423517250027
-0.1754393402340036,-0.2770423517250027
0.2302652907939867,-0.2770423517250027
-0.1754393402340036,0.5335282624847417
-0.1522323847283982,0.041860399409999055
0.7919185739056439,-0.2770423517250027
-0.06878205302792458,-0.2770423517250027
0.8899699632701914,-0.2770423517250027
-0.0023627761255851994,0.039247769008147956
0.32374154293935514,-0.2770423517250027
-0.1357667877592804,-0.2770423517250027
-0.01728476910159789,0.6352548432325288
0.05841989285957156,0.7017664365411537
0.3547503991471242,-0.2770423517250027
0.11098569746262309,5.07344910369963
0.23422492362848132,-0.2770423517250027
-0.08320098315622884,-0.2770423517250027
-0.21511189270872683,-0.2770423517250027
0.03733116478264225,-0.2770423517250027
0.2970694200327243,-0.2770423517250027
-0.21511189270872683,-0.2770423517250027
-0.21511189270872683,-0.2770423517250027
0.08452158803612483,1.2882921628376944
0.238184319749536,0.3511040389525136
0.3527765277073798,1.9534040042635743
0.7559325437384746,1.6143748607442407
-0.12287353563095205,0.039247769008147956
0.08052397910336175,0.39838409715503376
0.2851656312261048,1.786251225122106
0.3724829566876496,0.039247769008147956
0.4552378960068335,-0.2770423517250027
-0.1754393402340036,-0.0401716056475077
0.3016163550974665,-0.2770423517250027
-0.049880595977760206,-0.2770423517250027
-0.1754393402340036,0.7934832417451104
0.24348604137802715,0.5905874154318597
-0.21511189270872683,-0.2770423517250027
-0.043428504165497914,-0.2770423517250027
-0.21511189270872683,0.041860399409999055
-0.11369715931079567,-0.2770423517250027
0.21681306962833263,0.6473199139958867
0.18673739663506048,-0.2770423517250027
0.2069464759645244,1.928311507833122
-0.21511189270872683,-0.2770423517250027
-0.21511189270872683,0.39838409715503376
0.37517459678759685,0.9662036711742695
0.28417420721416947,0.9024436853762253
0.3768288197470252,0.35371666935436463
-0.1522323847283982,-0.2770423517250027
0.24295006996867302,2.1321984240806833
-0.11369715931079567,0.10310245079527625
-0.21511189270872683,0.15303942051929295
-0.21511189270872683,-0.2770423517250027
0.4514757639275165,-0.2770423517250027
0.44829836111293625,-0.2770423517250027
0.15526229139655268,-0.2770423517250027
-0.21511189270872683,-0.2770423517250027
-0.06878205302792458,0.536121898929974
0.09176633335832066,1.0345433136217452
-0.1522323847283982,0.034813918219362916
0.4795559296124593,-0.2770423517250027
0.002685208625291341,-0.2770423517250027
-0.1754393402340036,0.41495872073964185
0.5834755383273266,0.15303942051929295
0.15437310929134945,-0.2770423517250027
0.1959390782994429,-0.2770423517250027
0.1547902431814226,-0.2770423517250027
-0.21511189270872683,-0.2770423517250027
0.5775591027211785,0.039247769008147956
-0.1522323847283982,-0.2770423517250027
0.1681926783975613,-0.2770423517250027
0.6943820203492177,-0.2770423517250027
-0.1754393402340036,0.039247769008147956
0.10458251792259282,0.39838409715503376
0.11928515731964322,0.039247769008147956
-0.21511189270872683,0.041860399409999055
-0.11369715931079567,-0.2770423517250027
-0.21511189270872683,-0.2770423517250027
0.20763669330817625,1.0153996457528076
0.7682285574661528,-0.2770423517250027
-0.04407322436272654,0.09838889832566983
-0.21511189270872683,0.041860399409999055
-0.12299507852177384,0.770054969117067
-0.21511189270872683,0.4719421716542947
-0.1522323847283982,-0.2770423517250027
0.3510569433575463,-0.0401716056475077
1.0413096785853826,0.8284658693993294
-0.0435284306815056,-0.2770423517250027
-0.21511189270872683,-0.2770423517250027
-0.1754393402340036,0.09838889832566983
-0.1357667877592804,-0.2770423517250027
-0.12287353563095205,-0.2770423517250027
-0.1754393402340036,0.10310245079527625
-0.21511189270872683,-0.2770423517250027
-0.21511189270872683,-0.2770423517250027
0.28272707263786034,-0.2770423517250027
0.3617090723068295,0.4611363750631032
-0.12287353563095205,-0.2770423517250027
-0.21511189270872683,-0.2770423517250027
0.22113146823991575,0.034813918219362916
0.11416764917575233,0.8667014831321457
0.16635491803520797,-0.2770423517250027
-0.21511189270872683,-0.2770423517250027
-0.08499447317359136,-0.2770423517250027
0.08433058181883557,-0.2770423517250027
-0.04407322436272654,0.034813918219362916
-0.1357667877592804,-0.2770423517250027
-0.08365947443137661,-0.2770423517250027
-0.022114965193262722,0.034813918219362916
-0.21511189270872683,-0.2770423517250027
0.42864893382599695,0.278731145487494
-0.21511189270872683,-0.2770423517250027
-0.0435284306815056,1.2156892690251881
-0.21511189270872683,0.43661971088785007
0.007972315685196104,0.039247769008147956
0.52698800971975,-0.2770423517250027
0.11987934810935977,0.034813918219362916
0.41317770661831665,-0.0401716056475077
0.10542158123745045,0.10310245079527625
-0.21511189270872683,-0.2770423517250027
-0.09457974476985573,-0.2770423517250027
-0.21511189270872683,-0.2770423517250027
-0.07402460683607244,-0.2770423517250027
-0.21511189270872683,0.09838889832566983
0.33202291680008267,0.8667014831321457
0.16224430869713882,-0.2770423517250027
0.5522412218291236,0.40462112952590285
-0.21511189270872683,1.4840610711750895
-0.008880662054934624,-0.2770423517250027
0.12404414127510309,0.3511040389525136
0.10465070263684925,0.6543474012299039
0.43633546136308166,-0.2770423517250027
-0.07893359002727732,-0.2770423517250027
-0.21511189270872683,0.034813918219362916
0.15919407048259734,-0.2770423517250027
-0.21511189270872683,-0.2770423517250027
0.41226152572564045,-0.2770423517250027
0.04868831002145508,-0.2770423517250027
0.07494443306144312,-0.0401716056475077
0.09174422306880387,-0.2770423517250027
0.05161459232654515,-0.2770423517250027
-0.1522323847283982,0.43661971088785007
-0.1357667877592804,0.15303942051929295
-0.21511189270872683,-0.2770423517250027
-0.1754393402340036,-0.2770423517250027
0.2717959472594121,-0.2770423517250027
-0.005902545047595962,-0.2770423517250027
-0.1357667877592804,-0.0401716056475077
-0.11369715931079567,-0.2770423517250027
-0.21511189270872683,-0.2770423517250027
-0.21511189270872683,0.4693295412524436
0.015599594380481878,-0.2770423517250027
0.07147833667205156,-0.2770423517250027
-0.12287353563095205,0.034813918219362916
-0.1754393402340036,0.27295448844926334
0.07131314498789983,-0.2770423517250027
-0.05081765133046704,-0.2770423517250027
-0.1754393402340036,0.5905874154318597
0.05167976493521529,-0.2770423517250027
-0.21511189270872683,0.10310245079527625
-0.21511189270872683,-0.2770423517250027
0.19538066050828742,-0.2770423517250027
-0.08365947443137661,-0.2770423517250027
-0.21511189270872683,0.10310245079527625
-0.03926103755255408,-0.0401716056475077
-0.21511189270872683,-0.2770423517250027
0.02164208005579622,0.039247769008147956
0.04039816292794917,0.22426562898560826
0.6219310367585396,0.034813918219362916
-0.21511189270872683,-0.2770423517250027
0.09396544941413973,-0.2770423517250027
0.2151879639939156,2.473926527953691
-0.1754393402340036,0.217238141751591
0.06899362689751472,-0.2770423517250027
0.17937355481431735,1.2304748940722667
0.22019235531262726,-0.2770423517250027
-0.1754393402340036,-0.2770423517250027
-0.21511189270872683,-0.2770423517250027
-0.21511189270872683,-0.2770423517250027
-0.02924500313760272,0.10310245079527625
0.7911020403886995,1.0335769690231862
-0.21511189270872683,0.7021480423557761
-0.1754393402340036,-0.0401716056475077
0.30126465148656795,0.041860399409999055
0.059123556289553916,1.2115673417666293
0.3619937174520031,0.6562633176059219
-0.21511189270872683,0.041860399409999055
0.10772371736844358,-0.2770423517250027
0.173978497247432,-0.2770423517250027
0.0681093139381044,0.35371666935436463
-0.032421106500416394,-0.2770423517250027
0.21666782398950574,0.217238141751591
-0.08365947443137661,-0.2770423517250027
0.23946839292226374,0.217238141751591
0.2458313635260608,-0.2770423517250027
0.09176633335832066,0.9201279209846095
0.253672269050491,-0.2770423517250027
